{"type":"FeatureCollection","features":[{"type":"Feature","geometry":{"type":"Polygon","coordinates":[[[112.5299275946609,-3.1949822390005087],[112.52992730354191,-3.1947857211341533],[112.52819071566098,-3.194788317882668],[112.5299275946609,-3.1949822390005087]]]},"properties":{"ndvi":0.8366248309556474,"ndmi":0.3910868804545421,"stress":"LOW","NDVI":0.8366248309556474,"NDMI":0.3910868804545421,"STRESS":"LOW","ndvi_ytd":0.8366248309556474,"ndmi_ytd":0.3910868804545421,"stress_condition":"LOW","analysis_year":2026,"analysis_start":"2026-01-01","analysis_end":"2026-09-21","scene_count":21,"mean_cloud_cover_pct":28.84,"observed_pct":100.0,"temporal_fallback_pct":0.0,"spatial_interpolation_pct":0.0,"total_coverage_pct":100.0,"web_display_coverage_pct":100.0,"no_data_pct":0.0,"confidence":"HIGH","analysis_scale_m":10,"display_grid_m":250,"web_display_scale_m":100,"interpolation_radius_m":150,"composite_method":"2026 year-to-date median + complete spatial gap fill","analysis_crs":"EPSG:32749","output_crs":"EPSG:4326","boundary":"SERPRO Project Area","source":"COPERNICUS/S2_SR_HARMONIZED","updated_utc":"2026-09-21T09:22:57.923695+00:00"}},{"type":"Feature","geometry":{"type":"Polygon","coordinates":[[[112.5321773246468,-3.1952334150465758],[112.53217665546741,-3.1947823532543653],[112.52992730354191,-3.1947857211341533],[112.5299275946609,-3.1949822390005087],[112.5321773246468,-3.1952334150465758]]]},"properties":{"ndvi":0.8116165763572747,"ndmi":0.3501895932680979,"stress":"LOW","NDVI":0.8116165763572747,"NDMI":0.3501895932680979,"STRESS":"LOW","ndvi_ytd":0.8116165763572747,"ndmi_ytd":0.3501895932680979,"stress_condition":"LOW","analysis_year":2026,"analysis_start":"2026-01-01","analysis_end":"2026-09-21","scene_count":21,"mean_cloud_cover_pct":28.84,"observed_pct":100.0,"temporal_fallback_pct":0.0,"spatial_interpolation_pct":0.0,"total_coverage_pct":100.0,"web_display_coverage_pct":100.0,"no_data_pct":0.0,"confidence":"HIGH","analysis_scale_m":10,"display_grid_m":250,"web_display_scale_m":100,"interpolation_radius_m":150,"composite_method":"2026 year-to-date median + complete spatial gap fill","analysis_crs":"EPSG:32749","output_crs":"EPSG:4326","boundary":"SERPRO Project Area","source":"COPERNICUS/S2_SR_HARMONIZED","updated_utc":"2026-09-21T09:22:57.923717+00:00"}},{"type":"Feature","geometry":{"type":"Polygon","coordinates":[[[112.53442705335586,-3.195484585911094],[112.53442600500773,-3.194778980431355],[112.53217665546741,-3.1947823532543653],[112.5321773246468,-3.1952334150465758],[112.53442705335586,-3.195484585911094]]]},"properties":{"ndvi":0.7643809301826798,"ndmi":0.2953004496890997,"stress":"LOW","NDVI":0.7643809301826798,"NDMI":0.2953004496890997,"STRESS":"LOW","ndvi_ytd":0.7643809301826798,"ndmi_ytd":0.2953004496890997,"stress_condition":"LOW","analysis_year":2026,"analysis_start":"2026-01-01","analysis_end":"2026-09-21","scene_count":21,"mean_cloud_cover_pct":28.84,"observed_pct":100.0,"temporal_fallback_pct":0.0,"spatial_interpolation_pct":0.0,"total_coverage_pct":100.0,"web_display_coverage_pct":100.0,"no_data_pct":0.0,"confidence":"HIGH","analysis_scale_m":10,"display_grid_m":250,"web_display_scale_m":100,"interpolation_radius_m":150,"composite_method":"2026 year-to-date median + complete spatial gap fill","analysis_crs":"EPSG:32749","output_crs":"EPSG:4326","boundary":"SERPRO Project Area","source":"COPERNICUS/S2_SR_HARMONIZED","updated_utc":"2026-09-21T09:22:57.923725+00:00"}},{"type":"Feature","geometry":{"type":"Polygon","coordinates":[[[112.53667678078332,-3.1957357507477897],[112.53667535215935,-3.1947756026651484],[112.53442600500773,-3.194778980431355],[112.53442705335586,-3.195484585911094],[112.5347179546,-3.1955170632],[112.53667678078332,-3.1957357507477897]]]},"properties":{"ndvi":0.8116144576983937,"ndmi":0.3570734000453014,"stress":"LOW","NDVI":0.8116144576983937,"NDMI":0.3570734000453014,"STRESS":"LOW","ndvi_ytd":0.8116144576983937,"ndmi_ytd":0.3570734000453014,"stress_condition":"LOW","analysis_year":2026,"analysis_start":"2026-01-01","analysis_end":"2026-09-21","scene_count":21,"mean_cloud_cover_pct":28.84,"observed_pct":100.0,"temporal_fallback_pct":0.0,"spatial_interpolation_pct":0.0,"total_coverage_pct":100.0,"web_display_coverage_pct":100.0,"no_data_pct":0.0,"confidence":"HIGH","analysis_scale_m":10,"display_grid_m":250,"web_display_scale_m":100,"interpolation_radius_m":150,"composite_method":"2026 year-to-date median + complete spatial gap fill","analysis_crs":"EPSG:32749","output_crs":"EPSG:4326","boundary":"SERPRO Project Area","source":"COPERNICUS/S2_SR_HARMONIZED","updated_utc":"2026-09-21T09:22:57.923732+00:00"}},{"type":"Feature","geometry":{"type":"Polygon","coordinates":[[[112.53892594879021,-3.1956123469816182],[112.53892469691883,-3.1947722199557713],[112.53667535215935,-3.1947756026651484],[112.53667678078332,-3.1957357507477897],[112.5370807405,-3.1957808492],[112.5389141581,-3.1956134237],[112.53892594879021,-3.1956123469816182]]]},"properties":{"ndvi":0.7983386505269182,"ndmi":0.31963194205099577,"stress":"LOW","NDVI":0.7983386505269182,"NDMI":0.31963194205099577,"STRESS":"LOW","ndvi_ytd":0.7983386505269182,"ndmi_ytd":0.31963194205099577,"stress_condition":"LOW","analysis_year":2026,"analysis_start":"2026-01-01","analysis_end":"2026-09-21","scene_count":21,"mean_cloud_cover_pct":28.84,"observed_pct":100.0,"temporal_fallback_pct":0.0,"spatial_interpolation_pct":0.0,"total_coverage_pct":100.0,"web_display_coverage_pct":100.0,"no_data_pct":0.0,"confidence":"HIGH","analysis_scale_m":10,"display_grid_m":250,"web_display_scale_m":100,"interpolation_radius_m":150,"composite_method":"2026 year-to-date median + complete spatial gap fill","analysis_crs":"EPSG:32749","output_crs":"EPSG:4326","boundary":"SERPRO Project Area","source":"COPERNICUS/S2_SR_HARMONIZED","updated_utc":"2026-09-21T09:22:57.923738+00:00"}},{"type":"Feature","geometry":{"type":"Polygon","coordinates":[[[112.5411749915495,-3.1954069633064055],[112.54117403928262,-3.19476883230325],[112.53892469691883,-3.1947722199557713],[112.53892594879021,-3.1956123469816182],[112.5411749915495,-3.1954069633064055]]]},"properties":{"ndvi":0.7796821389828179,"ndmi":0.2981786531503627,"stress":"LOW","NDVI":0.7796821389828179,"NDMI":0.2981786531503627,"STRESS":"LOW","ndvi_ytd":0.7796821389828179,"ndmi_ytd":0.2981786531503627,"stress_condition":"LOW","analysis_year":2026,"analysis_start":"2026-01-01","analysis_end":"2026-09-21","scene_count":21,"mean_cloud_cover_pct":28.84,"observed_pct":100.0,"temporal_fallback_pct":0.0,"spatial_interpolation_pct":0.0,"total_coverage_pct":100.0,"web_display_coverage_pct":100.0,"no_data_pct":0.0,"confidence":"HIGH","analysis_scale_m":10,"display_grid_m":250,"web_display_scale_m":100,"interpolation_radius_m":150,"composite_method":"2026 year-to-date median + complete spatial gap fill","analysis_crs":"EPSG:32749","output_crs":"EPSG:4326","boundary":"SERPRO Project Area","source":"COPERNICUS/S2_SR_HARMONIZED","updated_utc":"2026-09-21T09:22:57.923744+00:00"}},{"type":"Feature","geometry":{"type":"Polygon","coordinates":[[[112.54342403484465,-3.1952041271815905],[112.54342337924723,-3.1947654397076106],[112.54117403928262,-3.19476883230325],[112.5411749915495,-3.1954069633064055],[112.54141228130001,-3.1953852936000002],[112.54340130210001,-3.1952036507],[112.54342403484465,-3.1952041271815905]]]},"properties":{"ndvi":0.8054007707595146,"ndmi":0.3443228382109765,"stress":"LOW","NDVI":0.8054007707595146,"NDMI":0.3443228382109765,"STRESS":"LOW","ndvi_ytd":0.8054007707595146,"ndmi_ytd":0.3443228382109765,"stress_condition":"LOW","analysis_year":2026,"analysis_start":"2026-01-01","analysis_end":"2026-09-21","scene_count":21,"mean_cloud_cover_pct":28.84,"observed_pct":100.0,"temporal_fallback_pct":0.0,"spatial_interpolation_pct":0.0,"total_coverage_pct":100.0,"web_display_coverage_pct":100.0,"no_data_pct":0.0,"confidence":"HIGH","analysis_scale_m":10,"display_grid_m":250,"web_display_scale_m":100,"interpolation_radius_m":150,"composite_method":"2026 year-to-date median + complete spatial gap fill","analysis_crs":"EPSG:32749","output_crs":"EPSG:4326","boundary":"SERPRO Project Area","source":"COPERNICUS/S2_SR_HARMONIZED","updated_utc":"2026-09-21T09:22:57.923750+00:00"}},{"type":"Feature","geometry":{"type":"Polygon","coordinates":[[[112.54567285339688,-3.1948533057204456],[112.5456727168092,-3.1947620421688785],[112.54342337924723,-3.1947654397076106],[112.54342403484465,-3.1952041271815905],[112.5449875415,-3.1952368973],[112.5451679226,-3.1951484672],[112.54567285339688,-3.1948533057204456]]]},"properties":{"ndvi":0.7872878872718888,"ndmi":0.3155605291793567,"stress":"LOW","NDVI":0.7872878872718888,"NDMI":0.3155605291793567,"STRESS":"LOW","ndvi_ytd":0.7872878872718888,"ndmi_ytd":0.3155605291793567,"stress_condition":"LOW","analysis_year":2026,"analysis_start":"2026-01-01","analysis_end":"2026-09-21","scene_count":21,"mean_cloud_cover_pct":28.84,"observed_pct":100.0,"temporal_fallback_pct":0.0,"spatial_interpolation_pct":0.0,"total_coverage_pct":100.0,"web_display_coverage_pct":100.0,"no_data_pct":0.0,"confidence":"HIGH","analysis_scale_m":10,"display_grid_m":250,"web_display_scale_m":100,"interpolation_radius_m":150,"composite_method":"2026 year-to-date median + complete spatial gap fill","analysis_crs":"EPSG:32749","output_crs":"EPSG:4326","boundary":"SERPRO Project Area","source":"COPERNICUS/S2_SR_HARMONIZED","updated_utc":"2026-09-21T09:22:57.923764+00:00"}},{"type":"Feature","geometry":{"type":"Polygon","coordinates":[[[112.54582992040253,-3.1947618045328214],[112.5456727168092,-3.1947620421688785],[112.54567285339688,-3.1948533057204456],[112.54568672150002,-3.194845199],[112.54582992040253,-3.1947618045328214]]]},"properties":{"ndvi":0.7968308414731707,"ndmi":0.32218326096023836,"stress":"LOW","NDVI":0.7968308414731707,"NDMI":0.32218326096023836,"STRESS":"LOW","ndvi_ytd":0.7968308414731707,"ndmi_ytd":0.32218326096023836,"stress_condition":"LOW","analysis_year":2026,"analysis_start":"2026-01-01","analysis_end":"2026-09-21","scene_count":21,"mean_cloud_cover_pct":28.84,"observed_pct":100.0,"temporal_fallback_pct":0.0,"spatial_interpolation_pct":0.0,"total_coverage_pct":100.0,"web_display_coverage_pct":100.0,"no_data_pct":0.0,"confidence":"HIGH","analysis_scale_m":10,"display_grid_m":250,"web_display_scale_m":100,"interpolation_radius_m":150,"composite_method":"2026 year-to-date median + complete spatial gap fill","analysis_crs":"EPSG:32749","output_crs":"EPSG:4326","boundary":"SERPRO Project Area","source":"COPERNICUS/S2_SR_HARMONIZED","updated_utc":"2026-09-21T09:22:57.923772+00:00"}},{"type":"Feature","geometry":{"type":"Polygon","coordinates":[[[112.61540229226962,-3.195499368449187],[112.61540097042185,-3.1946542668388576],[112.61436795775884,-3.19465589819829],[112.6138861174,-3.1953925688],[112.6139209961,-3.195394752],[112.6139216143,-3.1953947899],[112.6145420074,-3.1954326626999996],[112.61522865440001,-3.1954841612000005],[112.61540229226962,-3.195499368449187]]]},"properties":{"ndvi":0.8422278916988303,"ndmi":0.39564318010172295,"stress":"LOW","NDVI":0.8422278916988303,"NDMI":0.39564318010172295,"STRESS":"LOW","ndvi_ytd":0.8422278916988303,"ndmi_ytd":0.39564318010172295,"stress_condition":"LOW","analysis_year":2026,"analysis_start":"2026-01-01","analysis_end":"2026-09-21","scene_count":21,"mean_cloud_cover_pct":28.84,"observed_pct":100.0,"temporal_fallback_pct":0.0,"spatial_interpolation_pct":0.0,"total_coverage_pct":100.0,"web_display_coverage_pct":100.0,"no_data_pct":0.0,"confidence":"HIGH","analysis_scale_m":10,"display_grid_m":250,"web_display_scale_m":100,"interpolation_radius_m":150,"composite_method":"2026 year-to-date median + complete spatial gap fill","analysis_crs":"EPSG:32749","output_crs":"EPSG:4326","boundary":"SERPRO Project Area","source":"COPERNICUS/S2_SR_HARMONIZED","updated_utc":"2026-09-21T09:22:57.923779+00:00"}},{"type":"Feature","geometry":{"type":"Polygon","coordinates":[[[112.61765182687007,-3.1956707022239677],[112.61765022925155,-3.194650711135206],[112.61540097042185,-3.1946542668388576],[112.61540229226962,-3.195499368449187],[112.6164264678,-3.1955890654],[112.6171741487,-3.1956405636],[112.6175195234,-3.1956623544],[112.61765182687007,-3.1956707022239677]]]},"properties":{"ndvi":0.8711039732683783,"ndmi":0.4743652426553243,"stress":"STABLE","NDVI":0.8711039732683783,"NDMI":0.4743652426553243,"STRESS":"STABLE","ndvi_ytd":0.8711039732683783,"ndmi_ytd":0.4743652426553243,"stress_condition":"STABLE","analysis_year":2026,"analysis_start":"2026-01-01","analysis_end":"2026-09-21","scene_count":21,"mean_cloud_cover_pct":28.84,"observed_pct":100.0,"temporal_fallback_pct":0.0,"spatial_interpolation_pct":0.0,"total_coverage_pct":100.0,"web_display_coverage_pct":100.0,"no_data_pct":0.0,"confidence":"HIGH","analysis_scale_m":10,"display_grid_m":250,"web_display_scale_m":100,"interpolation_radius_m":150,"composite_method":"2026 year-to-date median + complete spatial gap fill","analysis_crs":"EPSG:32749","output_crs":"EPSG:4326","boundary":"SERPRO Project Area","source":"COPERNICUS/S2_SR_HARMONIZED","updated_utc":"2026-09-21T09:22:57.923786+00:00"}},{"type":"Feature","geometry":{"type":"Polygon","coordinates":[[[112.61990118822659,-3.1957326978717058],[112.61989948556315,-3.194647150489347],[112.61765022925155,-3.194650711135206],[112.61765182687007,-3.1956707022239677],[112.6187763218,-3.1957416527000007],[112.61990118822659,-3.1957326978717058]]]},"properties":{"ndvi":0.8732363072004221,"ndmi":0.4666141492219301,"stress":"STABLE","NDVI":0.8732363072004221,"NDMI":0.4666141492219301,"STRESS":"STABLE","ndvi_ytd":0.8732363072004221,"ndmi_ytd":0.4666141492219301,"stress_condition":"STABLE","analysis_year":2026,"analysis_start":"2026-01-01","analysis_end":"2026-09-21","scene_count":21,"mean_cloud_cover_pct":28.84,"observed_pct":100.0,"temporal_fallback_pct":0.0,"spatial_interpolation_pct":0.0,"total_coverage_pct":100.0,"web_display_coverage_pct":100.0,"no_data_pct":0.0,"confidence":"HIGH","analysis_scale_m":10,"display_grid_m":250,"web_display_scale_m":100,"interpolation_radius_m":150,"composite_method":"2026 year-to-date median + complete spatial gap fill","analysis_crs":"EPSG:32749","output_crs":"EPSG:4326","boundary":"SERPRO Project Area","source":"COPERNICUS/S2_SR_HARMONIZED","updated_utc":"2026-09-21T09:22:57.923792+00:00"}},{"type":"Feature","geometry":{"type":"Polygon","coordinates":[[[112.6221492244832,-3.1949524551167934],[112.62214873935314,-3.1946435849013053],[112.61989948556315,-3.194647150489347],[112.61990118822659,-3.1957326978717058],[112.6199741369,-3.1957321171000004],[112.62077522270002,-3.1954936974],[112.62191200260001,-3.1951389313],[112.6221492244832,-3.1949524551167934]]]},"properties":{"ndvi":0.8510431333270624,"ndmi":0.4117941322644156,"stress":"STABLE","NDVI":0.8510431333270624,"NDMI":0.4117941322644156,"STRESS":"STABLE","ndvi_ytd":0.8510431333270624,"ndmi_ytd":0.4117941322644156,"stress_condition":"STABLE","analysis_year":2026,"analysis_start":"2026-01-01","analysis_end":"2026-09-21","scene_count":21,"mean_cloud_cover_pct":28.84,"observed_pct":100.0,"temporal_fallback_pct":0.0,"spatial_interpolation_pct":0.0,"total_coverage_pct":100.0,"web_display_coverage_pct":100.0,"no_data_pct":0.0,"confidence":"HIGH","analysis_scale_m":10,"display_grid_m":250,"web_display_scale_m":100,"interpolation_radius_m":150,"composite_method":"2026 year-to-date median + complete spatial gap fill","analysis_crs":"EPSG:32749","output_crs":"EPSG:4326","boundary":"SERPRO Project Area","source":"COPERNICUS/S2_SR_HARMONIZED","updated_utc":"2026-09-21T09:22:57.923798+00:00"}},{"type":"Feature","geometry":{"type":"Polygon","coordinates":[[[112.62254294271058,-3.194642959485927],[112.62214873935314,-3.1946435849013053],[112.6221492244832,-3.1949524551167934],[112.62254294271058,-3.194642959485927]]]},"properties":{"ndvi":0.8379981576927065,"ndmi":0.40895722387969646,"stress":"STABLE","NDVI":0.8379981576927065,"NDMI":0.40895722387969646,"STRESS":"STABLE","ndvi_ytd":0.8379981576927065,"ndmi_ytd":0.40895722387969646,"stress_condition":"STABLE","analysis_year":2026,"analysis_start":"2026-01-01","analysis_end":"2026-09-21","scene_count":21,"mean_cloud_cover_pct":28.84,"observed_pct":100.0,"temporal_fallback_pct":0.0,"spatial_interpolation_pct":0.0,"total_coverage_pct":100.0,"web_display_coverage_pct":100.0,"no_data_pct":0.0,"confidence":"HIGH","analysis_scale_m":10,"display_grid_m":250,"web_display_scale_m":100,"interpolation_radius_m":150,"composite_method":"2026 year-to-date median + complete spatial gap fill","analysis_crs":"EPSG:32749","output_crs":"EPSG:4326","boundary":"SERPRO Project Area","source":"COPERNICUS/S2_SR_HARMONIZED","updated_utc":"2026-09-21T09:22:57.923804+00:00"}},{"type":"Feature","geometry":{"type":"Polygon","coordinates":[[[112.51867888000925,-3.1936944249994306],[112.51867718587921,-3.1925415282443694],[112.51737786682271,-3.192543455762421],[112.51768516350002,-3.1935790245000004],[112.51867888000925,-3.1936944249994306]]]},"properties":{"ndvi":0.8252227065275217,"ndmi":0.367333427288017,"stress":"LOW","NDVI":0.8252227065275217,"NDMI":0.367333427288017,"STRESS":"LOW","ndvi_ytd":0.8252227065275217,"ndmi_ytd":0.367333427288017,"stress_condition":"LOW","analysis_year":2026,"analysis_start":"2026-01-01","analysis_end":"2026-09-21","scene_count":21,"mean_cloud_cover_pct":28.84,"observed_pct":100.0,"temporal_fallback_pct":0.0,"spatial_interpolation_pct":0.0,"total_coverage_pct":100.0,"web_display_coverage_pct":100.0,"no_data_pct":0.0,"confidence":"HIGH","analysis_scale_m":10,"display_grid_m":250,"web_display_scale_m":100,"interpolation_radius_m":150,"composite_method":"2026 year-to-date median + complete spatial gap fill","analysis_crs":"EPSG:32749","output_crs":"EPSG:4326","boundary":"SERPRO Project Area","source":"COPERNICUS/S2_SR_HARMONIZED","updated_utc":"2026-09-21T09:22:57.923809+00:00"}},{"type":"Feature","geometry":{"type":"Polygon","coordinates":[[[112.52092863079636,-3.193955685375878],[112.52092654476185,-3.192538187451745],[112.51867718587921,-3.1925415282443694],[112.51867888000925,-3.1936944249994306],[112.52092863079636,-3.193955685375878]]]},"properties":{"ndvi":0.8333357266425706,"ndmi":0.37853402506017564,"stress":"LOW","NDVI":0.8333357266425706,"NDMI":0.37853402506017564,"STRESS":"LOW","ndvi_ytd":0.8333357266425706,"ndmi_ytd":0.37853402506017564,"stress_condition":"LOW","analysis_year":2026,"analysis_start":"2026-01-01","analysis_end":"2026-09-21","scene_count":21,"mean_cloud_cover_pct":28.84,"observed_pct":100.0,"temporal_fallback_pct":0.0,"spatial_interpolation_pct":0.0,"total_coverage_pct":100.0,"web_display_coverage_pct":100.0,"no_data_pct":0.0,"confidence":"HIGH","analysis_scale_m":10,"display_grid_m":250,"web_display_scale_m":100,"interpolation_radius_m":150,"composite_method":"2026 year-to-date median + complete spatial gap fill","analysis_crs":"EPSG:32749","output_crs":"EPSG:4326","boundary":"SERPRO Project Area","source":"COPERNICUS/S2_SR_HARMONIZED","updated_utc":"2026-09-21T09:22:57.923815+00:00"}},{"type":"Feature","geometry":{"type":"Polygon","coordinates":[[[112.52317838036717,-3.1942169405639347],[112.52317590127686,-3.192534841719275],[112.52092654476185,-3.192538187451745],[112.52092863079636,-3.193955685375878],[112.52317838036717,-3.1942169405639347]]]},"properties":{"ndvi":0.859169236706879,"ndmi":0.42166354926230565,"stress":"STABLE","NDVI":0.859169236706879,"NDMI":0.42166354926230565,"STRESS":"STABLE","ndvi_ytd":0.859169236706879,"ndmi_ytd":0.42166354926230565,"stress_condition":"STABLE","analysis_year":2026,"analysis_start":"2026-01-01","analysis_end":"2026-09-21","scene_count":21,"mean_cloud_cover_pct":28.84,"observed_pct":100.0,"temporal_fallback_pct":0.0,"spatial_interpolation_pct":0.0,"total_coverage_pct":100.0,"web_display_coverage_pct":100.0,"no_data_pct":0.0,"confidence":"HIGH","analysis_scale_m":10,"display_grid_m":250,"web_display_scale_m":100,"interpolation_radius_m":150,"composite_method":"2026 year-to-date median + complete spatial gap fill","analysis_crs":"EPSG:32749","output_crs":"EPSG:4326","boundary":"SERPRO Project Area","source":"COPERNICUS/S2_SR_HARMONIZED","updated_utc":"2026-09-21T09:22:57.923820+00:00"}},{"type":"Feature","geometry":{"type":"Polygon","coordinates":[[[112.52542812871818,-3.194478190562792],[112.52542525542066,-3.192531491046983],[112.52317590127686,-3.192534841719275],[112.52317838036717,-3.1942169405639347],[112.52542812871818,-3.194478190562792]]]},"properties":{"ndvi":0.8544113112031749,"ndmi":0.4275130014999999,"stress":"STABLE","NDVI":0.8544113112031749,"NDMI":0.4275130014999999,"STRESS":"STABLE","ndvi_ytd":0.8544113112031749,"ndmi_ytd":0.4275130014999999,"stress_condition":"STABLE","analysis_year":2026,"analysis_start":"2026-01-01","analysis_end":"2026-09-21","scene_count":21,"mean_cloud_cover_pct":28.84,"observed_pct":100.0,"temporal_fallback_pct":0.0,"spatial_interpolation_pct":0.0,"total_coverage_pct":100.0,"web_display_coverage_pct":100.0,"no_data_pct":0.0,"confidence":"HIGH","analysis_scale_m":10,"display_grid_m":250,"web_display_scale_m":100,"interpolation_radius_m":150,"composite_method":"2026 year-to-date median + complete spatial gap fill","analysis_crs":"EPSG:32749","output_crs":"EPSG:4326","boundary":"SERPRO Project Area","source":"COPERNICUS/S2_SR_HARMONIZED","updated_utc":"2026-09-21T09:22:57.923826+00:00"}},{"type":"Feature","geometry":{"type":"Polygon","coordinates":[[[112.5276778634624,-3.194731057780441],[112.52767460718982,-3.192528135434897],[112.52542525542066,-3.192531491046983],[112.52542812871818,-3.194478190562792],[112.5258040785,-3.1945218469000003],[112.5276778634624,-3.194731057780441]]]},"properties":{"ndvi":0.8487653703034468,"ndmi":0.4209159734667198,"stress":"STABLE","NDVI":0.8487653703034468,"NDMI":0.4209159734667198,"STRESS":"STABLE","ndvi_ytd":0.8487653703034468,"ndmi_ytd":0.4209159734667198,"stress_condition":"STABLE","analysis_year":2026,"analysis_start":"2026-01-01","analysis_end":"2026-09-21","scene_count":21,"mean_cloud_cover_pct":28.84,"observed_pct":100.0,"temporal_fallback_pct":0.0,"spatial_interpolation_pct":0.0,"total_coverage_pct":100.0,"web_display_coverage_pct":100.0,"no_data_pct":0.0,"confidence":"HIGH","analysis_scale_m":10,"display_grid_m":250,"web_display_scale_m":100,"interpolation_radius_m":150,"composite_method":"2026 year-to-date median + complete spatial gap fill","analysis_crs":"EPSG:32749","output_crs":"EPSG:4326","boundary":"SERPRO Project Area","source":"COPERNICUS/S2_SR_HARMONIZED","updated_utc":"2026-09-21T09:22:57.923832+00:00"}},{"type":"Feature","geometry":{"type":"Polygon","coordinates":[[[112.52819071566098,-3.194788317882668],[112.52992730354191,-3.1947857211341533],[112.52992395658086,-3.192524774883041],[112.52767460718982,-3.192528135434897],[112.5276778634624,-3.194731057780441],[112.52819071566098,-3.194788317882668]]]},"properties":{"ndvi":0.8406736124254873,"ndmi":0.40687390716069083,"stress":"STABLE","NDVI":0.8406736124254873,"NDMI":0.40687390716069083,"STRESS":"STABLE","ndvi_ytd":0.8406736124254873,"ndmi_ytd":0.40687390716069083,"stress_condition":"STABLE","analysis_year":2026,"analysis_start":"2026-01-01","analysis_end":"2026-09-21","scene_count":21,"mean_cloud_cover_pct":28.84,"observed_pct":100.0,"temporal_fallback_pct":0.0,"spatial_interpolation_pct":0.0,"total_coverage_pct":100.0,"web_display_coverage_pct":100.0,"no_data_pct":0.0,"confidence":"HIGH","analysis_scale_m":10,"display_grid_m":250,"web_display_scale_m":100,"interpolation_radius_m":150,"composite_method":"2026 year-to-date median + complete spatial gap fill","analysis_crs":"EPSG:32749","output_crs":"EPSG:4326","boundary":"SERPRO Project Area","source":"COPERNICUS/S2_SR_HARMONIZED","updated_utc":"2026-09-21T09:22:57.923837+00:00"}},{"type":"Feature","geometry":{"type":"Polygon","coordinates":[[[112.52992730354191,-3.1947857211341533],[112.53217665546741,-3.1947823532543653],[112.53217330359021,-3.1925214093914427],[112.52992395658086,-3.192524774883041],[112.52992730354191,-3.1947857211341533]]]},"properties":{"ndvi":0.8196141979217529,"ndmi":0.36940717206001283,"stress":"LOW","NDVI":0.8196141979217529,"NDMI":0.36940717206001283,"STRESS":"LOW","ndvi_ytd":0.8196141979217529,"ndmi_ytd":0.36940717206001283,"stress_condition":"LOW","analysis_year":2026,"analysis_start":"2026-01-01","analysis_end":"2026-09-21","scene_count":21,"mean_cloud_cover_pct":28.84,"observed_pct":100.0,"temporal_fallback_pct":0.0,"spatial_interpolation_pct":0.0,"total_coverage_pct":100.0,"web_display_coverage_pct":100.0,"no_data_pct":0.0,"confidence":"HIGH","analysis_scale_m":10,"display_grid_m":250,"web_display_scale_m":100,"interpolation_radius_m":150,"composite_method":"2026 year-to-date median + complete spatial gap fill","analysis_crs":"EPSG:32749","output_crs":"EPSG:4326","boundary":"SERPRO Project Area","source":"COPERNICUS/S2_SR_HARMONIZED","updated_utc":"2026-09-21T09:22:57.923843+00:00"}},{"type":"Feature","geometry":{"type":"Polygon","coordinates":[[[112.53217665546741,-3.1947823532543653],[112.53442600500773,-3.194778980431355],[112.5344226482144,-3.1925180389601273],[112.53217330359021,-3.1925214093914427],[112.53217665546741,-3.1947823532543653]]]},"properties":{"ndvi":0.7941867512702941,"ndmi":0.3286873548388481,"stress":"LOW","NDVI":0.7941867512702941,"NDMI":0.3286873548388481,"STRESS":"LOW","ndvi_ytd":0.7941867512702941,"ndmi_ytd":0.3286873548388481,"stress_condition":"LOW","analysis_year":2026,"analysis_start":"2026-01-01","analysis_end":"2026-09-21","scene_count":21,"mean_cloud_cover_pct":28.84,"observed_pct":100.0,"temporal_fallback_pct":0.0,"spatial_interpolation_pct":0.0,"total_coverage_pct":100.0,"web_display_coverage_pct":100.0,"no_data_pct":0.0,"confidence":"HIGH","analysis_scale_m":10,"display_grid_m":250,"web_display_scale_m":100,"interpolation_radius_m":150,"composite_method":"2026 year-to-date median + complete spatial gap fill","analysis_crs":"EPSG:32749","output_crs":"EPSG:4326","boundary":"SERPRO Project Area","source":"COPERNICUS/S2_SR_HARMONIZED","updated_utc":"2026-09-21T09:22:57.923848+00:00"}},{"type":"Feature","geometry":{"type":"Polygon","coordinates":[[[112.53442600500773,-3.194778980431355],[112.53667535215935,-3.1947756026651484],[112.53667199044999,-3.1925146635891206],[112.5344226482144,-3.1925180389601273],[112.53442600500773,-3.194778980431355]]]},"properties":{"ndvi":0.8299175457954406,"ndmi":0.3867690497159958,"stress":"LOW","NDVI":0.8299175457954406,"NDMI":0.3867690497159958,"STRESS":"LOW","ndvi_ytd":0.8299175457954406,"ndmi_ytd":0.3867690497159958,"stress_condition":"LOW","analysis_year":2026,"analysis_start":"2026-01-01","analysis_end":"2026-09-21","scene_count":21,"mean_cloud_cover_pct":28.84,"observed_pct":100.0,"temporal_fallback_pct":0.0,"spatial_interpolation_pct":0.0,"total_coverage_pct":100.0,"web_display_coverage_pct":100.0,"no_data_pct":0.0,"confidence":"HIGH","analysis_scale_m":10,"display_grid_m":250,"web_display_scale_m":100,"interpolation_radius_m":150,"composite_method":"2026 year-to-date median + complete spatial gap fill","analysis_crs":"EPSG:32749","output_crs":"EPSG:4326","boundary":"SERPRO Project Area","source":"COPERNICUS/S2_SR_HARMONIZED","updated_utc":"2026-09-21T09:22:57.923854+00:00"}},{"type":"Feature","geometry":{"type":"Polygon","coordinates":[[[112.53667535215935,-3.1947756026651484],[112.53892469691883,-3.1947722199557713],[112.53892133029339,-3.192511283278448],[112.53667199044999,-3.1925146635891206],[112.53667535215935,-3.1947756026651484]]]},"properties":{"ndvi":0.8079690078735352,"ndmi":0.35250937666893006,"stress":"LOW","NDVI":0.8079690078735352,"NDMI":0.35250937666893006,"STRESS":"LOW","ndvi_ytd":0.8079690078735352,"ndmi_ytd":0.35250937666893006,"stress_condition":"LOW","analysis_year":2026,"analysis_start":"2026-01-01","analysis_end":"2026-09-21","scene_count":21,"mean_cloud_cover_pct":28.84,"observed_pct":100.0,"temporal_fallback_pct":0.0,"spatial_interpolation_pct":0.0,"total_coverage_pct":100.0,"web_display_coverage_pct":100.0,"no_data_pct":0.0,"confidence":"HIGH","analysis_scale_m":10,"display_grid_m":250,"web_display_scale_m":100,"interpolation_radius_m":150,"composite_method":"2026 year-to-date median + complete spatial gap fill","analysis_crs":"EPSG:32749","output_crs":"EPSG:4326","boundary":"SERPRO Project Area","source":"COPERNICUS/S2_SR_HARMONIZED","updated_utc":"2026-09-21T09:22:57.923859+00:00"}},{"type":"Feature","geometry":{"type":"Polygon","coordinates":[[[112.53892469691883,-3.1947722199557713],[112.54117403928262,-3.19476883230325],[112.54117066774117,-3.1925078980281367],[112.53892133029339,-3.192511283278448],[112.53892469691883,-3.1947722199557713]]]},"properties":{"ndvi":0.8012633431434631,"ndmi":0.34258903391361234,"stress":"LOW","NDVI":0.8012633431434631,"NDMI":0.34258903391361234,"STRESS":"LOW","ndvi_ytd":0.8012633431434631,"ndmi_ytd":0.34258903391361234,"stress_condition":"LOW","analysis_year":2026,"analysis_start":"2026-01-01","analysis_end":"2026-09-21","scene_count":21,"mean_cloud_cover_pct":28.84,"observed_pct":100.0,"temporal_fallback_pct":0.0,"spatial_interpolation_pct":0.0,"total_coverage_pct":100.0,"web_display_coverage_pct":100.0,"no_data_pct":0.0,"confidence":"HIGH","analysis_scale_m":10,"display_grid_m":250,"web_display_scale_m":100,"interpolation_radius_m":150,"composite_method":"2026 year-to-date median + complete spatial gap fill","analysis_crs":"EPSG:32749","output_crs":"EPSG:4326","boundary":"SERPRO Project Area","source":"COPERNICUS/S2_SR_HARMONIZED","updated_utc":"2026-09-21T09:22:57.923865+00:00"}},{"type":"Feature","geometry":{"type":"Polygon","coordinates":[[[112.54117403928262,-3.19476883230325],[112.54342337924723,-3.1947654397076106],[112.54342000278977,-3.1925045078382115],[112.54117066774117,-3.1925078980281367],[112.54117403928262,-3.19476883230325]]]},"properties":{"ndvi":0.7921267973899841,"ndmi":0.33546150598526003,"stress":"LOW","NDVI":0.7921267973899841,"NDMI":0.33546150598526003,"STRESS":"LOW","ndvi_ytd":0.7921267973899841,"ndmi_ytd":0.33546150598526003,"stress_condition":"LOW","analysis_year":2026,"analysis_start":"2026-01-01","analysis_end":"2026-09-21","scene_count":21,"mean_cloud_cover_pct":28.84,"observed_pct":100.0,"temporal_fallback_pct":0.0,"spatial_interpolation_pct":0.0,"total_coverage_pct":100.0,"web_display_coverage_pct":100.0,"no_data_pct":0.0,"confidence":"HIGH","analysis_scale_m":10,"display_grid_m":250,"web_display_scale_m":100,"interpolation_radius_m":150,"composite_method":"2026 year-to-date median + complete spatial gap fill","analysis_crs":"EPSG:32749","output_crs":"EPSG:4326","boundary":"SERPRO Project Area","source":"COPERNICUS/S2_SR_HARMONIZED","updated_utc":"2026-09-21T09:22:57.923870+00:00"}},{"type":"Feature","geometry":{"type":"Polygon","coordinates":[[[112.54342337924723,-3.1947654397076106],[112.5456727168092,-3.1947620421688785],[112.54566933543576,-3.1925011127086997],[112.54342000278977,-3.1925045078382115],[112.54342337924723,-3.1947654397076106]]]},"properties":{"ndvi":0.7719912490844727,"ndmi":0.3250327600479126,"stress":"LOW","NDVI":0.7719912490844727,"NDMI":0.3250327600479126,"STRESS":"LOW","ndvi_ytd":0.7719912490844727,"ndmi_ytd":0.3250327600479126,"stress_condition":"LOW","analysis_year":2026,"analysis_start":"2026-01-01","analysis_end":"2026-09-21","scene_count":21,"mean_cloud_cover_pct":28.84,"observed_pct":100.0,"temporal_fallback_pct":0.0,"spatial_interpolation_pct":0.0,"total_coverage_pct":100.0,"web_display_coverage_pct":100.0,"no_data_pct":0.0,"confidence":"HIGH","analysis_scale_m":10,"display_grid_m":250,"web_display_scale_m":100,"interpolation_radius_m":150,"composite_method":"2026 year-to-date median + complete spatial gap fill","analysis_crs":"EPSG:32749","output_crs":"EPSG:4326","boundary":"SERPRO Project Area","source":"COPERNICUS/S2_SR_HARMONIZED","updated_utc":"2026-09-21T09:22:57.923876+00:00"}},{"type":"Feature","geometry":{"type":"Polygon","coordinates":[[[112.54791999414878,-3.1933846967687587],[112.54791866567561,-3.192497712639628],[112.54566933543576,-3.1925011127086997],[112.5456727168092,-3.1947620421688785],[112.54582992040253,-3.1947618045328214],[112.54700660850001,-3.1940765377],[112.54791999414878,-3.1933846967687587]]]},"properties":{"ndvi":0.7899906871509391,"ndmi":0.32175078981429867,"stress":"LOW","NDVI":0.7899906871509391,"NDMI":0.32175078981429867,"STRESS":"LOW","ndvi_ytd":0.7899906871509391,"ndmi_ytd":0.32175078981429867,"stress_condition":"LOW","analysis_year":2026,"analysis_start":"2026-01-01","analysis_end":"2026-09-21","scene_count":21,"mean_cloud_cover_pct":28.84,"observed_pct":100.0,"temporal_fallback_pct":0.0,"spatial_interpolation_pct":0.0,"total_coverage_pct":100.0,"web_display_coverage_pct":100.0,"no_data_pct":0.0,"confidence":"HIGH","analysis_scale_m":10,"display_grid_m":250,"web_display_scale_m":100,"interpolation_radius_m":150,"composite_method":"2026 year-to-date median + complete spatial gap fill","analysis_crs":"EPSG:32749","output_crs":"EPSG:4326","boundary":"SERPRO Project Area","source":"COPERNICUS/S2_SR_HARMONIZED","updated_utc":"2026-09-21T09:22:57.923882+00:00"}},{"type":"Feature","geometry":{"type":"Polygon","coordinates":[[[112.54905167072201,-3.1924959981223417],[112.54791866567561,-3.192497712639628],[112.54791999414878,-3.1933846967687587],[112.54879951430001,-3.1927185055],[112.54905167072201,-3.1924959981223417]]]},"properties":{"ndvi":0.7951542453436894,"ndmi":0.308088602693466,"stress":"LOW","NDVI":0.7951542453436894,"NDMI":0.308088602693466,"STRESS":"LOW","ndvi_ytd":0.7951542453436894,"ndmi_ytd":0.308088602693466,"stress_condition":"LOW","analysis_year":2026,"analysis_start":"2026-01-01","analysis_end":"2026-09-21","scene_count":21,"mean_cloud_cover_pct":28.84,"observed_pct":100.0,"temporal_fallback_pct":0.0,"spatial_interpolation_pct":0.0,"total_coverage_pct":100.0,"web_display_coverage_pct":100.0,"no_data_pct":0.0,"confidence":"HIGH","analysis_scale_m":10,"display_grid_m":250,"web_display_scale_m":100,"interpolation_radius_m":150,"composite_method":"2026 year-to-date median + complete spatial gap fill","analysis_crs":"EPSG:32749","output_crs":"EPSG:4326","boundary":"SERPRO Project Area","source":"COPERNICUS/S2_SR_HARMONIZED","updated_utc":"2026-09-21T09:22:57.923887+00:00"}},{"type":"Feature","geometry":{"type":"Polygon","coordinates":[[[112.61436795775884,-3.19465589819829],[112.61540097042185,-3.1946542668388576],[112.61539847949577,-3.193060604176122],[112.61514542250002,-3.1934553916000006],[112.6151453059,-3.1934555735],[112.6151452565,-3.1934556505000002],[112.6151452278,-3.1934556947999995],[112.6151452,-3.1934557392],[112.61514511740002,-3.1934558687],[112.61482463200001,-3.1939577021],[112.61436795775884,-3.19465589819829]]]},"properties":{"ndvi":0.8431953354771504,"ndmi":0.402201500840155,"stress":"STABLE","NDVI":0.8431953354771504,"NDMI":0.402201500840155,"STRESS":"STABLE","ndvi_ytd":0.8431953354771504,"ndmi_ytd":0.402201500840155,"stress_condition":"STABLE","analysis_year":2026,"analysis_start":"2026-01-01","analysis_end":"2026-09-21","scene_count":21,"mean_cloud_cover_pct":28.84,"observed_pct":100.0,"temporal_fallback_pct":0.0,"spatial_interpolation_pct":0.0,"total_coverage_pct":100.0,"web_display_coverage_pct":100.0,"no_data_pct":0.0,"confidence":"HIGH","analysis_scale_m":10,"display_grid_m":250,"web_display_scale_m":100,"interpolation_radius_m":150,"composite_method":"2026 year-to-date median + complete spatial gap fill","analysis_crs":"EPSG:32749","output_crs":"EPSG:4326","boundary":"SERPRO Project Area","source":"COPERNICUS/S2_SR_HARMONIZED","updated_utc":"2026-09-21T09:22:57.923893+00:00"}},{"type":"Feature","geometry":{"type":"Polygon","coordinates":[[[112.61539847949577,-3.193060604176122],[112.61540097042185,-3.1946542668388576],[112.61765022925155,-3.194650711135206],[112.61764669058097,-3.1923898606206973],[112.61582589578818,-3.1923927373378085],[112.61580848710001,-3.1924209595],[112.6158049482,-3.1924264825000006],[112.61539847949577,-3.193060604176122]]]},"properties":{"ndvi":0.863263086861231,"ndmi":0.4508071055823968,"stress":"STABLE","NDVI":0.863263086861231,"NDMI":0.4508071055823968,"STRESS":"STABLE","ndvi_ytd":0.863263086861231,"ndmi_ytd":0.4508071055823968,"stress_condition":"STABLE","analysis_year":2026,"analysis_start":"2026-01-01","analysis_end":"2026-09-21","scene_count":21,"mean_cloud_cover_pct":28.84,"observed_pct":100.0,"temporal_fallback_pct":0.0,"spatial_interpolation_pct":0.0,"total_coverage_pct":100.0,"web_display_coverage_pct":100.0,"no_data_pct":0.0,"confidence":"HIGH","analysis_scale_m":10,"display_grid_m":250,"web_display_scale_m":100,"interpolation_radius_m":150,"composite_method":"2026 year-to-date median + complete spatial gap fill","analysis_crs":"EPSG:32749","output_crs":"EPSG:4326","boundary":"SERPRO Project Area","source":"COPERNICUS/S2_SR_HARMONIZED","updated_utc":"2026-09-21T09:22:57.923899+00:00"}},{"type":"Feature","geometry":{"type":"Polygon","coordinates":[[[112.61765022925155,-3.194650711135206],[112.61989948556315,-3.194647150489347],[112.61989594197748,-3.192386302499718],[112.61764669058097,-3.1923898606206973],[112.61765022925155,-3.194650711135206]]]},"properties":{"ndvi":0.868862176990509,"ndmi":0.4473566636562347,"stress":"STABLE","NDVI":0.868862176990509,"NDMI":0.4473566636562347,"STRESS":"STABLE","ndvi_ytd":0.868862176990509,"ndmi_ytd":0.4473566636562347,"stress_condition":"STABLE","analysis_year":2026,"analysis_start":"2026-01-01","analysis_end":"2026-09-21","scene_count":21,"mean_cloud_cover_pct":28.84,"observed_pct":100.0,"temporal_fallback_pct":0.0,"spatial_interpolation_pct":0.0,"total_coverage_pct":100.0,"web_display_coverage_pct":100.0,"no_data_pct":0.0,"confidence":"HIGH","analysis_scale_m":10,"display_grid_m":250,"web_display_scale_m":100,"interpolation_radius_m":150,"composite_method":"2026 year-to-date median + complete spatial gap fill","analysis_crs":"EPSG:32749","output_crs":"EPSG:4326","boundary":"SERPRO Project Area","source":"COPERNICUS/S2_SR_HARMONIZED","updated_utc":"2026-09-21T09:22:57.923904+00:00"}},{"type":"Feature","geometry":{"type":"Polygon","coordinates":[[[112.61989948556315,-3.194647150489347],[112.62214873935314,-3.1946435849013053],[112.62214519085242,-3.1923827394400623],[112.61989594197748,-3.192386302499718],[112.61989948556315,-3.194647150489347]]]},"properties":{"ndvi":0.856769775390625,"ndmi":0.443442316865921,"stress":"STABLE","NDVI":0.856769775390625,"NDMI":0.443442316865921,"STRESS":"STABLE","ndvi_ytd":0.856769775390625,"ndmi_ytd":0.443442316865921,"stress_condition":"STABLE","analysis_year":2026,"analysis_start":"2026-01-01","analysis_end":"2026-09-21","scene_count":21,"mean_cloud_cover_pct":28.84,"observed_pct":100.0,"temporal_fallback_pct":0.0,"spatial_interpolation_pct":0.0,"total_coverage_pct":100.0,"web_display_coverage_pct":100.0,"no_data_pct":0.0,"confidence":"HIGH","analysis_scale_m":10,"display_grid_m":250,"web_display_scale_m":100,"interpolation_radius_m":150,"composite_method":"2026 year-to-date median + complete spatial gap fill","analysis_crs":"EPSG:32749","output_crs":"EPSG:4326","boundary":"SERPRO Project Area","source":"COPERNICUS/S2_SR_HARMONIZED","updated_utc":"2026-09-21T09:22:57.923910+00:00"}},{"type":"Feature","geometry":{"type":"Polygon","coordinates":[[[112.62439518469994,-3.192854763880473],[112.62439443720228,-3.1923791714417575],[112.62214519085242,-3.1923827394400623],[112.62214873935314,-3.1946435849013053],[112.62254294271058,-3.194642959485927],[112.62265205410002,-3.1945571887000006],[112.6232166286,-3.1940326691000003],[112.6239566795,-3.1933364867],[112.62439518469994,-3.192854763880473]]]},"properties":{"ndvi":0.8728842337821064,"ndmi":0.4639916640538481,"stress":"STABLE","NDVI":0.8728842337821064,"NDMI":0.4639916640538481,"STRESS":"STABLE","ndvi_ytd":0.8728842337821064,"ndmi_ytd":0.4639916640538481,"stress_condition":"STABLE","analysis_year":2026,"analysis_start":"2026-01-01","analysis_end":"2026-09-21","scene_count":21,"mean_cloud_cover_pct":28.84,"observed_pct":100.0,"temporal_fallback_pct":0.0,"spatial_interpolation_pct":0.0,"total_coverage_pct":100.0,"web_display_coverage_pct":100.0,"no_data_pct":0.0,"confidence":"HIGH","analysis_scale_m":10,"display_grid_m":250,"web_display_scale_m":100,"interpolation_radius_m":150,"composite_method":"2026 year-to-date median + complete spatial gap fill","analysis_crs":"EPSG:32749","output_crs":"EPSG:4326","boundary":"SERPRO Project Area","source":"COPERNICUS/S2_SR_HARMONIZED","updated_utc":"2026-09-21T09:22:57.923916+00:00"}},{"type":"Feature","geometry":{"type":"Polygon","coordinates":[[[112.62481837368833,-3.1923784983916503],[112.62439443720228,-3.1923791714417575],[112.62439518469994,-3.192854763880473],[112.62475013690002,-3.1924648283],[112.62481837368833,-3.1923784983916503]]]},"properties":{"ndvi":0.8758324373404776,"ndmi":0.45122016291119604,"stress":"STABLE","NDVI":0.8758324373404776,"NDMI":0.45122016291119604,"STRESS":"STABLE","ndvi_ytd":0.8758324373404776,"ndmi_ytd":0.45122016291119604,"stress_condition":"STABLE","analysis_year":2026,"analysis_start":"2026-01-01","analysis_end":"2026-09-21","scene_count":21,"mean_cloud_cover_pct":28.84,"observed_pct":100.0,"temporal_fallback_pct":0.0,"spatial_interpolation_pct":0.0,"total_coverage_pct":100.0,"web_display_coverage_pct":100.0,"no_data_pct":0.0,"confidence":"HIGH","analysis_scale_m":10,"display_grid_m":250,"web_display_scale_m":100,"interpolation_radius_m":150,"composite_method":"2026 year-to-date median + complete spatial gap fill","analysis_crs":"EPSG:32749","output_crs":"EPSG:4326","boundary":"SERPRO Project Area","source":"COPERNICUS/S2_SR_HARMONIZED","updated_utc":"2026-09-21T09:22:57.923921+00:00"}},{"type":"Feature","geometry":{"type":"Polygon","coordinates":[[[112.51737786682271,-3.192543455762421],[112.51867718587921,-3.1925415282443694],[112.51867386586332,-3.1902805700018053],[112.51670724088545,-3.1902834847567627],[112.51737786682271,-3.192543455762421]]]},"properties":{"ndvi":0.8238297118812673,"ndmi":0.3760999741006735,"stress":"LOW","NDVI":0.8238297118812673,"NDMI":0.3760999741006735,"STRESS":"LOW","ndvi_ytd":0.8238297118812673,"ndmi_ytd":0.3760999741006735,"stress_condition":"LOW","analysis_year":2026,"analysis_start":"2026-01-01","analysis_end":"2026-09-21","scene_count":21,"mean_cloud_cover_pct":28.84,"observed_pct":100.0,"temporal_fallback_pct":0.0,"spatial_interpolation_pct":0.0,"total_coverage_pct":100.0,"web_display_coverage_pct":100.0,"no_data_pct":0.0,"confidence":"HIGH","analysis_scale_m":10,"display_grid_m":250,"web_display_scale_m":100,"interpolation_radius_m":150,"composite_method":"2026 year-to-date median + complete spatial gap fill","analysis_crs":"EPSG:32749","output_crs":"EPSG:4326","boundary":"SERPRO Project Area","source":"COPERNICUS/S2_SR_HARMONIZED","updated_utc":"2026-09-21T09:22:57.923927+00:00"}},{"type":"Feature","geometry":{"type":"Polygon","coordinates":[[[112.51867718587921,-3.1925415282443694],[112.52092654476185,-3.192538187451745],[112.52092321983321,-3.1902772315798327],[112.51867386586332,-3.1902805700018053],[112.51867718587921,-3.1925415282443694]]]},"properties":{"ndvi":0.8299997799873352,"ndmi":0.3846922486305237,"stress":"LOW","NDVI":0.8299997799873352,"NDMI":0.3846922486305237,"STRESS":"LOW","ndvi_ytd":0.8299997799873352,"ndmi_ytd":0.3846922486305237,"stress_condition":"LOW","analysis_year":2026,"analysis_start":"2026-01-01","analysis_end":"2026-09-21","scene_count":21,"mean_cloud_cover_pct":28.84,"observed_pct":100.0,"temporal_fallback_pct":0.0,"spatial_interpolation_pct":0.0,"total_coverage_pct":100.0,"web_display_coverage_pct":100.0,"no_data_pct":0.0,"confidence":"HIGH","analysis_scale_m":10,"display_grid_m":250,"web_display_scale_m":100,"interpolation_radius_m":150,"composite_method":"2026 year-to-date median + complete spatial gap fill","analysis_crs":"EPSG:32749","output_crs":"EPSG:4326","boundary":"SERPRO Project Area","source":"COPERNICUS/S2_SR_HARMONIZED","updated_utc":"2026-09-21T09:22:57.923932+00:00"}},{"type":"Feature","geometry":{"type":"Polygon","coordinates":[[[112.52092654476185,-3.192538187451745],[112.52317590127686,-3.192534841719275],[112.52317257143547,-3.190273888221521],[112.52092321983321,-3.1902772315798327],[112.52092654476185,-3.192538187451745]]]},"properties":{"ndvi":0.827064594078064,"ndmi":0.38508990523815156,"stress":"LOW","NDVI":0.827064594078064,"NDMI":0.38508990523815156,"STRESS":"LOW","ndvi_ytd":0.827064594078064,"ndmi_ytd":0.38508990523815156,"stress_condition":"LOW","analysis_year":2026,"analysis_start":"2026-01-01","analysis_end":"2026-09-21","scene_count":21,"mean_cloud_cover_pct":28.84,"observed_pct":100.0,"temporal_fallback_pct":0.0,"spatial_interpolation_pct":0.0,"total_coverage_pct":100.0,"web_display_coverage_pct":100.0,"no_data_pct":0.0,"confidence":"HIGH","analysis_scale_m":10,"display_grid_m":250,"web_display_scale_m":100,"interpolation_radius_m":150,"composite_method":"2026 year-to-date median + complete spatial gap fill","analysis_crs":"EPSG:32749","output_crs":"EPSG:4326","boundary":"SERPRO Project Area","source":"COPERNICUS/S2_SR_HARMONIZED","updated_utc":"2026-09-21T09:22:57.923938+00:00"}},{"type":"Feature","geometry":{"type":"Polygon","coordinates":[[[112.52317590127686,-3.192534841719275],[112.52542525542066,-3.192531491046983],[112.52542192066656,-3.1902705399268925],[112.52317257143547,-3.190273888221521],[112.52317590127686,-3.192534841719275]]]},"properties":{"ndvi":0.828997005367279,"ndmi":0.40274399662017824,"stress":"STABLE","NDVI":0.828997005367279,"NDMI":0.40274399662017824,"STRESS":"STABLE","ndvi_ytd":0.828997005367279,"ndmi_ytd":0.40274399662017824,"stress_condition":"STABLE","analysis_year":2026,"analysis_start":"2026-01-01","analysis_end":"2026-09-21","scene_count":21,"mean_cloud_cover_pct":28.84,"observed_pct":100.0,"temporal_fallback_pct":0.0,"spatial_interpolation_pct":0.0,"total_coverage_pct":100.0,"web_display_coverage_pct":100.0,"no_data_pct":0.0,"confidence":"HIGH","analysis_scale_m":10,"display_grid_m":250,"web_display_scale_m":100,"interpolation_radius_m":150,"composite_method":"2026 year-to-date median + complete spatial gap fill","analysis_crs":"EPSG:32749","output_crs":"EPSG:4326","boundary":"SERPRO Project Area","source":"COPERNICUS/S2_SR_HARMONIZED","updated_utc":"2026-09-21T09:22:57.923943+00:00"}},{"type":"Feature","geometry":{"type":"Polygon","coordinates":[[[112.52542525542066,-3.192531491046983],[112.52767460718982,-3.192528135434897],[112.52767126752305,-3.1902671866959755],[112.52542192066656,-3.1902705399268925],[112.52542525542066,-3.192531491046983]]]},"properties":{"ndvi":0.8305644841194153,"ndmi":0.4179369204044342,"stress":"STABLE","NDVI":0.8305644841194153,"NDMI":0.4179369204044342,"STRESS":"STABLE","ndvi_ytd":0.8305644841194153,"ndmi_ytd":0.4179369204044342,"stress_condition":"STABLE","analysis_year":2026,"analysis_start":"2026-01-01","analysis_end":"2026-09-21","scene_count":21,"mean_cloud_cover_pct":28.84,"observed_pct":100.0,"temporal_fallback_pct":0.0,"spatial_interpolation_pct":0.0,"total_coverage_pct":100.0,"web_display_coverage_pct":100.0,"no_data_pct":0.0,"confidence":"HIGH","analysis_scale_m":10,"display_grid_m":250,"web_display_scale_m":100,"interpolation_radius_m":150,"composite_method":"2026 year-to-date median + complete spatial gap fill","analysis_crs":"EPSG:32749","output_crs":"EPSG:4326","boundary":"SERPRO Project Area","source":"COPERNICUS/S2_SR_HARMONIZED","updated_utc":"2026-09-21T09:22:57.923949+00:00"}},{"type":"Feature","geometry":{"type":"Polygon","coordinates":[[[112.52767460718982,-3.192528135434897],[112.52992395658086,-3.192524774883041],[112.52992061200142,-3.1902638285287934],[112.52767126752305,-3.1902671866959755],[112.52767460718982,-3.192528135434897]]]},"properties":{"ndvi":0.8220948222160339,"ndmi":0.3957778212785721,"stress":"LOW","NDVI":0.8220948222160339,"NDMI":0.3957778212785721,"STRESS":"LOW","ndvi_ytd":0.8220948222160339,"ndmi_ytd":0.3957778212785721,"stress_condition":"LOW","analysis_year":2026,"analysis_start":"2026-01-01","analysis_end":"2026-09-21","scene_count":21,"mean_cloud_cover_pct":28.84,"observed_pct":100.0,"temporal_fallback_pct":0.0,"spatial_interpolation_pct":0.0,"total_coverage_pct":100.0,"web_display_coverage_pct":100.0,"no_data_pct":0.0,"confidence":"HIGH","analysis_scale_m":10,"display_grid_m":250,"web_display_scale_m":100,"interpolation_radius_m":150,"composite_method":"2026 year-to-date median + complete spatial gap fill","analysis_crs":"EPSG:32749","output_crs":"EPSG:4326","boundary":"SERPRO Project Area","source":"COPERNICUS/S2_SR_HARMONIZED","updated_utc":"2026-09-21T09:22:57.923954+00:00"}},{"type":"Feature","geometry":{"type":"Polygon","coordinates":[[[112.52992395658086,-3.192524774883041],[112.53217330359021,-3.1925214093914427],[112.53216995409815,-3.190260465425374],[112.52992061200142,-3.1902638285287934],[112.52992395658086,-3.192524774883041]]]},"properties":{"ndvi":0.8191740235328674,"ndmi":0.3999402228116989,"stress":"LOW","NDVI":0.8191740235328674,"NDMI":0.3999402228116989,"STRESS":"LOW","ndvi_ytd":0.8191740235328674,"ndmi_ytd":0.3999402228116989,"stress_condition":"LOW","analysis_year":2026,"analysis_start":"2026-01-01","analysis_end":"2026-09-21","scene_count":21,"mean_cloud_cover_pct":28.84,"observed_pct":100.0,"temporal_fallback_pct":0.0,"spatial_interpolation_pct":0.0,"total_coverage_pct":100.0,"web_display_coverage_pct":100.0,"no_data_pct":0.0,"confidence":"HIGH","analysis_scale_m":10,"display_grid_m":250,"web_display_scale_m":100,"interpolation_radius_m":150,"composite_method":"2026 year-to-date median + complete spatial gap fill","analysis_crs":"EPSG:32749","output_crs":"EPSG:4326","boundary":"SERPRO Project Area","source":"COPERNICUS/S2_SR_HARMONIZED","updated_utc":"2026-09-21T09:22:57.923960+00:00"}},{"type":"Feature","geometry":{"type":"Polygon","coordinates":[[[112.53217330359021,-3.1925214093914427],[112.5344226482144,-3.1925180389601273],[112.53441929380975,-3.1902570973857416],[112.53216995409815,-3.190260465425374],[112.53217330359021,-3.1925214093914427]]]},"properties":{"ndvi":0.8240344269752502,"ndmi":0.40414288063049314,"stress":"STABLE","NDVI":0.8240344269752502,"NDMI":0.40414288063049314,"STRESS":"STABLE","ndvi_ytd":0.8240344269752502,"ndmi_ytd":0.40414288063049314,"stress_condition":"STABLE","analysis_year":2026,"analysis_start":"2026-01-01","analysis_end":"2026-09-21","scene_count":21,"mean_cloud_cover_pct":28.84,"observed_pct":100.0,"temporal_fallback_pct":0.0,"spatial_interpolation_pct":0.0,"total_coverage_pct":100.0,"web_display_coverage_pct":100.0,"no_data_pct":0.0,"confidence":"HIGH","analysis_scale_m":10,"display_grid_m":250,"web_display_scale_m":100,"interpolation_radius_m":150,"composite_method":"2026 year-to-date median + complete spatial gap fill","analysis_crs":"EPSG:32749","output_crs":"EPSG:4326","boundary":"SERPRO Project Area","source":"COPERNICUS/S2_SR_HARMONIZED","updated_utc":"2026-09-21T09:22:57.923965+00:00"}},{"type":"Feature","geometry":{"type":"Polygon","coordinates":[[[112.5344226482144,-3.1925180389601273],[112.53667199044999,-3.1925146635891206],[112.53666863113274,-3.190253724409925],[112.53441929380975,-3.1902570973857416],[112.5344226482144,-3.1925180389601273]]]},"properties":{"ndvi":0.8454658727645874,"ndmi":0.4198197135925293,"stress":"STABLE","NDVI":0.8454658727645874,"NDMI":0.4198197135925293,"STRESS":"STABLE","ndvi_ytd":0.8454658727645874,"ndmi_ytd":0.4198197135925293,"stress_condition":"STABLE","analysis_year":2026,"analysis_start":"2026-01-01","analysis_end":"2026-09-21","scene_count":21,"mean_cloud_cover_pct":28.84,"observed_pct":100.0,"temporal_fallback_pct":0.0,"spatial_interpolation_pct":0.0,"total_coverage_pct":100.0,"web_display_coverage_pct":100.0,"no_data_pct":0.0,"confidence":"HIGH","analysis_scale_m":10,"display_grid_m":250,"web_display_scale_m":100,"interpolation_radius_m":150,"composite_method":"2026 year-to-date median + complete spatial gap fill","analysis_crs":"EPSG:32749","output_crs":"EPSG:4326","boundary":"SERPRO Project Area","source":"COPERNICUS/S2_SR_HARMONIZED","updated_utc":"2026-09-21T09:22:57.923971+00:00"}},{"type":"Feature","geometry":{"type":"Polygon","coordinates":[[[112.53667199044999,-3.1925146635891206],[112.53892133029339,-3.192511283278448],[112.5389179660636,-3.190250346497948],[112.53666863113274,-3.190253724409925],[112.53667199044999,-3.1925146635891206]]]},"properties":{"ndvi":0.8208635383605957,"ndmi":0.37987438621520997,"stress":"LOW","NDVI":0.8208635383605957,"NDMI":0.37987438621520997,"STRESS":"LOW","ndvi_ytd":0.8208635383605957,"ndmi_ytd":0.37987438621520997,"stress_condition":"LOW","analysis_year":2026,"analysis_start":"2026-01-01","analysis_end":"2026-09-21","scene_count":21,"mean_cloud_cover_pct":28.84,"observed_pct":100.0,"temporal_fallback_pct":0.0,"spatial_interpolation_pct":0.0,"total_coverage_pct":100.0,"web_display_coverage_pct":100.0,"no_data_pct":0.0,"confidence":"HIGH","analysis_scale_m":10,"display_grid_m":250,"web_display_scale_m":100,"interpolation_radius_m":150,"composite_method":"2026 year-to-date median + complete spatial gap fill","analysis_crs":"EPSG:32749","output_crs":"EPSG:4326","boundary":"SERPRO Project Area","source":"COPERNICUS/S2_SR_HARMONIZED","updated_utc":"2026-09-21T09:22:57.923977+00:00"}},{"type":"Feature","geometry":{"type":"Polygon","coordinates":[[[112.53892133029339,-3.192511283278448],[112.54117066774117,-3.1925078980281367],[112.54116729859884,-3.1902469636498365],[112.5389179660636,-3.190250346497948],[112.53892133029339,-3.192511283278448]]]},"properties":{"ndvi":0.8126022755622864,"ndmi":0.3660613606452942,"stress":"LOW","NDVI":0.8126022755622864,"NDMI":0.3660613606452942,"STRESS":"LOW","ndvi_ytd":0.8126022755622864,"ndmi_ytd":0.3660613606452942,"stress_condition":"LOW","analysis_year":2026,"analysis_start":"2026-01-01","analysis_end":"2026-09-21","scene_count":21,"mean_cloud_cover_pct":28.84,"observed_pct":100.0,"temporal_fallback_pct":0.0,"spatial_interpolation_pct":0.0,"total_coverage_pct":100.0,"web_display_coverage_pct":100.0,"no_data_pct":0.0,"confidence":"HIGH","analysis_scale_m":10,"display_grid_m":250,"web_display_scale_m":100,"interpolation_radius_m":150,"composite_method":"2026 year-to-date median + complete spatial gap fill","analysis_crs":"EPSG:32749","output_crs":"EPSG:4326","boundary":"SERPRO Project Area","source":"COPERNICUS/S2_SR_HARMONIZED","updated_utc":"2026-09-21T09:22:57.923982+00:00"}},{"type":"Feature","geometry":{"type":"Polygon","coordinates":[[[112.54117066774117,-3.1925078980281367],[112.54342000278977,-3.1925045078382115],[112.54341662873496,-3.1902435758656162],[112.54116729859884,-3.1902469636498365],[112.54117066774117,-3.1925078980281367]]]},"properties":{"ndvi":0.7775798701286316,"ndmi":0.3170051579475403,"stress":"LOW","NDVI":0.7775798701286316,"NDMI":0.3170051579475403,"STRESS":"LOW","ndvi_ytd":0.7775798701286316,"ndmi_ytd":0.3170051579475403,"stress_condition":"LOW","analysis_year":2026,"analysis_start":"2026-01-01","analysis_end":"2026-09-21","scene_count":21,"mean_cloud_cover_pct":28.84,"observed_pct":100.0,"temporal_fallback_pct":0.0,"spatial_interpolation_pct":0.0,"total_coverage_pct":100.0,"web_display_coverage_pct":100.0,"no_data_pct":0.0,"confidence":"HIGH","analysis_scale_m":10,"display_grid_m":250,"web_display_scale_m":100,"interpolation_radius_m":150,"composite_method":"2026 year-to-date median + complete spatial gap fill","analysis_crs":"EPSG:32749","output_crs":"EPSG:4326","boundary":"SERPRO Project Area","source":"COPERNICUS/S2_SR_HARMONIZED","updated_utc":"2026-09-21T09:22:57.923988+00:00"}},{"type":"Feature","geometry":{"type":"Polygon","coordinates":[[[112.54342000278977,-3.1925045078382115],[112.54566933543576,-3.1925011127086997],[112.54566595646848,-3.1902401831453155],[112.54341662873496,-3.1902435758656162],[112.54342000278977,-3.1925045078382115]]]},"properties":{"ndvi":0.8064480353355408,"ndmi":0.35032072641849515,"stress":"LOW","NDVI":0.8064480353355408,"NDMI":0.35032072641849515,"STRESS":"LOW","ndvi_ytd":0.8064480353355408,"ndmi_ytd":0.35032072641849515,"stress_condition":"LOW","analysis_year":2026,"analysis_start":"2026-01-01","analysis_end":"2026-09-21","scene_count":21,"mean_cloud_cover_pct":28.84,"observed_pct":100.0,"temporal_fallback_pct":0.0,"spatial_interpolation_pct":0.0,"total_coverage_pct":100.0,"web_display_coverage_pct":100.0,"no_data_pct":0.0,"confidence":"HIGH","analysis_scale_m":10,"display_grid_m":250,"web_display_scale_m":100,"interpolation_radius_m":150,"composite_method":"2026 year-to-date median + complete spatial gap fill","analysis_crs":"EPSG:32749","output_crs":"EPSG:4326","boundary":"SERPRO Project Area","source":"COPERNICUS/S2_SR_HARMONIZED","updated_utc":"2026-09-21T09:22:57.923993+00:00"}},{"type":"Feature","geometry":{"type":"Polygon","coordinates":[[[112.54566933543576,-3.1925011127086997],[112.54791866567561,-3.192497712639628],[112.54791528179585,-3.190236785488959],[112.54566595646848,-3.1902401831453155],[112.54566933543576,-3.1925011127086997]]]},"properties":{"ndvi":0.8266592959403992,"ndmi":0.3704232646942139,"stress":"LOW","NDVI":0.8266592959403992,"NDMI":0.3704232646942139,"STRESS":"LOW","ndvi_ytd":0.8266592959403992,"ndmi_ytd":0.3704232646942139,"stress_condition":"LOW","analysis_year":2026,"analysis_start":"2026-01-01","analysis_end":"2026-09-21","scene_count":21,"mean_cloud_cover_pct":28.84,"observed_pct":100.0,"temporal_fallback_pct":0.0,"spatial_interpolation_pct":0.0,"total_coverage_pct":100.0,"web_display_coverage_pct":100.0,"no_data_pct":0.0,"confidence":"HIGH","analysis_scale_m":10,"display_grid_m":250,"web_display_scale_m":100,"interpolation_radius_m":150,"composite_method":"2026 year-to-date median + complete spatial gap fill","analysis_crs":"EPSG:32749","output_crs":"EPSG:4326","boundary":"SERPRO Project Area","source":"COPERNICUS/S2_SR_HARMONIZED","updated_utc":"2026-09-21T09:22:57.923999+00:00"}},{"type":"Feature","geometry":{"type":"Polygon","coordinates":[[[112.55016652151735,-3.191512231765256],[112.55016460471364,-3.1902333828965723],[112.54791528179585,-3.190236785488959],[112.54791866567561,-3.192497712639628],[112.54905167072201,-3.1924959981223417],[112.55016652151735,-3.191512231765256]]]},"properties":{"ndvi":0.8403054016148788,"ndmi":0.3788002795856595,"stress":"LOW","NDVI":0.8403054016148788,"NDMI":0.3788002795856595,"STRESS":"LOW","ndvi_ytd":0.8403054016148788,"ndmi_ytd":0.3788002795856595,"stress_condition":"LOW","analysis_year":2026,"analysis_start":"2026-01-01","analysis_end":"2026-09-21","scene_count":21,"mean_cloud_cover_pct":28.84,"observed_pct":100.0,"temporal_fallback_pct":0.0,"spatial_interpolation_pct":0.0,"total_coverage_pct":100.0,"web_display_coverage_pct":100.0,"no_data_pct":0.0,"confidence":"HIGH","analysis_scale_m":10,"display_grid_m":250,"web_display_scale_m":100,"interpolation_radius_m":150,"composite_method":"2026 year-to-date median + complete spatial gap fill","analysis_crs":"EPSG:32749","output_crs":"EPSG:4326","boundary":"SERPRO Project Area","source":"COPERNICUS/S2_SR_HARMONIZED","updated_utc":"2026-09-21T09:22:57.924004+00:00"}},{"type":"Feature","geometry":{"type":"Polygon","coordinates":[[[112.55138376963599,-3.190231536574875],[112.55016460471364,-3.1902333828965723],[112.55016652151735,-3.191512231765256],[112.5504703519,-3.1912441252999995],[112.55138376963599,-3.190231536574875]]]},"properties":{"ndvi":0.8191993633483767,"ndmi":0.3705394432771519,"stress":"LOW","NDVI":0.8191993633483767,"NDMI":0.3705394432771519,"STRESS":"LOW","ndvi_ytd":0.8191993633483767,"ndmi_ytd":0.3705394432771519,"stress_condition":"LOW","analysis_year":2026,"analysis_start":"2026-01-01","analysis_end":"2026-09-21","scene_count":21,"mean_cloud_cover_pct":28.84,"observed_pct":100.0,"temporal_fallback_pct":0.0,"spatial_interpolation_pct":0.0,"total_coverage_pct":100.0,"web_display_coverage_pct":100.0,"no_data_pct":0.0,"confidence":"HIGH","analysis_scale_m":10,"display_grid_m":250,"web_display_scale_m":100,"interpolation_radius_m":150,"composite_method":"2026 year-to-date median + complete spatial gap fill","analysis_crs":"EPSG:32749","output_crs":"EPSG:4326","boundary":"SERPRO Project Area","source":"COPERNICUS/S2_SR_HARMONIZED","updated_utc":"2026-09-21T09:22:57.924009+00:00"}},{"type":"Feature","geometry":{"type":"Polygon","coordinates":[[[112.61582589578818,-3.1923927373378085],[112.61764669058097,-3.1923898606206973],[112.61764315442848,-3.190129010002652],[112.6172749766226,-3.190129591543368],[112.6168007539,-3.1908134014000002],[112.61658566460001,-3.1911610340999994],[112.6165855659,-3.1911611934],[112.61582589578818,-3.1923927373378085]]]},"properties":{"ndvi":0.8486414773323622,"ndmi":0.4308869781860251,"stress":"STABLE","NDVI":0.8486414773323622,"NDMI":0.4308869781860251,"STRESS":"STABLE","ndvi_ytd":0.8486414773323622,"ndmi_ytd":0.4308869781860251,"stress_condition":"STABLE","analysis_year":2026,"analysis_start":"2026-01-01","analysis_end":"2026-09-21","scene_count":21,"mean_cloud_cover_pct":28.84,"observed_pct":100.0,"temporal_fallback_pct":0.0,"spatial_interpolation_pct":0.0,"total_coverage_pct":100.0,"web_display_coverage_pct":100.0,"no_data_pct":0.0,"confidence":"HIGH","analysis_scale_m":10,"display_grid_m":250,"web_display_scale_m":100,"interpolation_radius_m":150,"composite_method":"2026 year-to-date median + complete spatial gap fill","analysis_crs":"EPSG:32749","output_crs":"EPSG:4326","boundary":"SERPRO Project Area","source":"COPERNICUS/S2_SR_HARMONIZED","updated_utc":"2026-09-21T09:22:57.924015+00:00"}},{"type":"Feature","geometry":{"type":"Polygon","coordinates":[[[112.61764669058097,-3.1923898606206973],[112.61989594197748,-3.192386302499718],[112.61989240091339,-3.190125454406542],[112.61764315442848,-3.190129010002652],[112.61764669058097,-3.1923898606206973]]]},"properties":{"ndvi":0.8582257865905761,"ndmi":0.4241444295883179,"stress":"STABLE","NDVI":0.8582257865905761,"NDMI":0.4241444295883179,"STRESS":"STABLE","ndvi_ytd":0.8582257865905761,"ndmi_ytd":0.4241444295883179,"stress_condition":"STABLE","analysis_year":2026,"analysis_start":"2026-01-01","analysis_end":"2026-09-21","scene_count":21,"mean_cloud_cover_pct":28.84,"observed_pct":100.0,"temporal_fallback_pct":0.0,"spatial_interpolation_pct":0.0,"total_coverage_pct":100.0,"web_display_coverage_pct":100.0,"no_data_pct":0.0,"confidence":"HIGH","analysis_scale_m":10,"display_grid_m":250,"web_display_scale_m":100,"interpolation_radius_m":150,"composite_method":"2026 year-to-date median + complete spatial gap fill","analysis_crs":"EPSG:32749","output_crs":"EPSG:4326","boundary":"SERPRO Project Area","source":"COPERNICUS/S2_SR_HARMONIZED","updated_utc":"2026-09-21T09:22:57.924020+00:00"}},{"type":"Feature","geometry":{"type":"Polygon","coordinates":[[[112.61989594197748,-3.192386302499718],[112.62214519085242,-3.1923827394400623],[112.62214164487675,-3.19012189387526],[112.61989240091339,-3.190125454406542],[112.61989594197748,-3.192386302499718]]]},"properties":{"ndvi":0.8681026620864868,"ndmi":0.44462820663452146,"stress":"STABLE","NDVI":0.8681026620864868,"NDMI":0.44462820663452146,"STRESS":"STABLE","ndvi_ytd":0.8681026620864868,"ndmi_ytd":0.44462820663452146,"stress_condition":"STABLE","analysis_year":2026,"analysis_start":"2026-01-01","analysis_end":"2026-09-21","scene_count":21,"mean_cloud_cover_pct":28.84,"observed_pct":100.0,"temporal_fallback_pct":0.0,"spatial_interpolation_pct":0.0,"total_coverage_pct":100.0,"web_display_coverage_pct":100.0,"no_data_pct":0.0,"confidence":"HIGH","analysis_scale_m":10,"display_grid_m":250,"web_display_scale_m":100,"interpolation_radius_m":150,"composite_method":"2026 year-to-date median + complete spatial gap fill","analysis_crs":"EPSG:32749","output_crs":"EPSG:4326","boundary":"SERPRO Project Area","source":"COPERNICUS/S2_SR_HARMONIZED","updated_utc":"2026-09-21T09:22:57.924026+00:00"}},{"type":"Feature","geometry":{"type":"Polygon","coordinates":[[[112.62214519085242,-3.1923827394400623],[112.62439443720228,-3.1923791714417575],[112.62439088631508,-3.1901183284088352],[112.62214164487675,-3.19012189387526],[112.62214519085242,-3.1923827394400623]]]},"properties":{"ndvi":0.8684655198097229,"ndmi":0.43944315509796145,"stress":"STABLE","NDVI":0.8684655198097229,"NDMI":0.43944315509796145,"STRESS":"STABLE","ndvi_ytd":0.8684655198097229,"ndmi_ytd":0.43944315509796145,"stress_condition":"STABLE","analysis_year":2026,"analysis_start":"2026-01-01","analysis_end":"2026-09-21","scene_count":21,"mean_cloud_cover_pct":28.84,"observed_pct":100.0,"temporal_fallback_pct":0.0,"spatial_interpolation_pct":0.0,"total_coverage_pct":100.0,"web_display_coverage_pct":100.0,"no_data_pct":0.0,"confidence":"HIGH","analysis_scale_m":10,"display_grid_m":250,"web_display_scale_m":100,"interpolation_radius_m":150,"composite_method":"2026 year-to-date median + complete spatial gap fill","analysis_crs":"EPSG:32749","output_crs":"EPSG:4326","boundary":"SERPRO Project Area","source":"COPERNICUS/S2_SR_HARMONIZED","updated_utc":"2026-09-21T09:22:57.924031+00:00"}},{"type":"Feature","geometry":{"type":"Polygon","coordinates":[[[112.62660097386326,-3.1901148201974183],[112.62439088631508,-3.1901183284088352],[112.62439443720228,-3.1923791714417575],[112.62481837368833,-3.1923784983916503],[112.6252536766,-3.1918277736000005],[112.6258792871,-3.1910724638],[112.6263828273,-3.1903781890000005],[112.626382998,-3.1903779871],[112.62660097386326,-3.1901148201974183]]]},"properties":{"ndvi":0.8190300087802961,"ndmi":0.38071994560913525,"stress":"LOW","NDVI":0.8190300087802961,"NDMI":0.38071994560913525,"STRESS":"LOW","ndvi_ytd":0.8190300087802961,"ndmi_ytd":0.38071994560913525,"stress_condition":"LOW","analysis_year":2026,"analysis_start":"2026-01-01","analysis_end":"2026-09-21","scene_count":21,"mean_cloud_cover_pct":28.84,"observed_pct":100.0,"temporal_fallback_pct":0.0,"spatial_interpolation_pct":0.0,"total_coverage_pct":100.0,"web_display_coverage_pct":100.0,"no_data_pct":0.0,"confidence":"HIGH","analysis_scale_m":10,"display_grid_m":250,"web_display_scale_m":100,"interpolation_radius_m":150,"composite_method":"2026 year-to-date median + complete spatial gap fill","analysis_crs":"EPSG:32749","output_crs":"EPSG:4326","boundary":"SERPRO Project Area","source":"COPERNICUS/S2_SR_HARMONIZED","updated_utc":"2026-09-21T09:22:57.924036+00:00"}},{"type":"Feature","geometry":{"type":"Polygon","coordinates":[[[112.51642310596071,-3.1893259632021507],[112.51642119678685,-3.1880229427746922],[112.51545534014255,-3.1880243716160126],[112.51620261100001,-3.1885829040999996],[112.51642310596071,-3.1893259632021507]]]},"properties":{"ndvi":0.8413026864608607,"ndmi":0.38284708772173,"stress":"LOW","NDVI":0.8413026864608607,"NDMI":0.38284708772173,"STRESS":"LOW","ndvi_ytd":0.8413026864608607,"ndmi_ytd":0.38284708772173,"stress_condition":"LOW","analysis_year":2026,"analysis_start":"2026-01-01","analysis_end":"2026-09-21","scene_count":21,"mean_cloud_cover_pct":28.84,"observed_pct":100.0,"temporal_fallback_pct":0.0,"spatial_interpolation_pct":0.0,"total_coverage_pct":100.0,"web_display_coverage_pct":100.0,"no_data_pct":0.0,"confidence":"HIGH","analysis_scale_m":10,"display_grid_m":250,"web_display_scale_m":100,"interpolation_radius_m":150,"composite_method":"2026 year-to-date median + complete spatial gap fill","analysis_crs":"EPSG:32749","output_crs":"EPSG:4326","boundary":"SERPRO Project Area","source":"COPERNICUS/S2_SR_HARMONIZED","updated_utc":"2026-09-21T09:22:57.924042+00:00"}},{"type":"Feature","geometry":{"type":"Polygon","coordinates":[[[112.51670724088545,-3.1902834847567627],[112.51867386586332,-3.1902805700018053],[112.51867054821159,-3.188019611656225],[112.51642119678685,-3.1880229427746922],[112.51642310596071,-3.1893259632021507],[112.51670724088545,-3.1902834847567627]]]},"properties":{"ndvi":0.8204995617134551,"ndmi":0.3796538496236235,"stress":"LOW","NDVI":0.8204995617134551,"NDMI":0.3796538496236235,"STRESS":"LOW","ndvi_ytd":0.8204995617134551,"ndmi_ytd":0.3796538496236235,"stress_condition":"LOW","analysis_year":2026,"analysis_start":"2026-01-01","analysis_end":"2026-09-21","scene_count":21,"mean_cloud_cover_pct":28.84,"observed_pct":100.0,"temporal_fallback_pct":0.0,"spatial_interpolation_pct":0.0,"total_coverage_pct":100.0,"web_display_coverage_pct":100.0,"no_data_pct":0.0,"confidence":"HIGH","analysis_scale_m":10,"display_grid_m":250,"web_display_scale_m":100,"interpolation_radius_m":150,"composite_method":"2026 year-to-date median + complete spatial gap fill","analysis_crs":"EPSG:32749","output_crs":"EPSG:4326","boundary":"SERPRO Project Area","source":"COPERNICUS/S2_SR_HARMONIZED","updated_utc":"2026-09-21T09:22:57.924047+00:00"}},{"type":"Feature","geometry":{"type":"Polygon","coordinates":[[[112.51867386586332,-3.1902805700018053],[112.52092321983321,-3.1902772315798327],[112.5209198972722,-3.188016275604896],[112.51867054821159,-3.188019611656225],[112.51867386586332,-3.1902805700018053]]]},"properties":{"ndvi":0.8221964624404907,"ndmi":0.36805650329589845,"stress":"LOW","NDVI":0.8221964624404907,"NDMI":0.36805650329589845,"STRESS":"LOW","ndvi_ytd":0.8221964624404907,"ndmi_ytd":0.36805650329589845,"stress_condition":"LOW","analysis_year":2026,"analysis_start":"2026-01-01","analysis_end":"2026-09-21","scene_count":21,"mean_cloud_cover_pct":28.84,"observed_pct":100.0,"temporal_fallback_pct":0.0,"spatial_interpolation_pct":0.0,"total_coverage_pct":100.0,"web_display_coverage_pct":100.0,"no_data_pct":0.0,"confidence":"HIGH","analysis_scale_m":10,"display_grid_m":250,"web_display_scale_m":100,"interpolation_radius_m":150,"composite_method":"2026 year-to-date median + complete spatial gap fill","analysis_crs":"EPSG:32749","output_crs":"EPSG:4326","boundary":"SERPRO Project Area","source":"COPERNICUS/S2_SR_HARMONIZED","updated_utc":"2026-09-21T09:22:57.924053+00:00"}},{"type":"Feature","geometry":{"type":"Polygon","coordinates":[[[112.52092321983321,-3.1902772315798327],[112.52317257143547,-3.190273888221521],[112.52316924396521,-3.1880129346207315],[112.5209198972722,-3.188016275604896],[112.52092321983321,-3.1902772315798327]]]},"properties":{"ndvi":0.8081076183319091,"ndmi":0.3456360070466995,"stress":"LOW","NDVI":0.8081076183319091,"NDMI":0.3456360070466995,"STRESS":"LOW","ndvi_ytd":0.8081076183319091,"ndmi_ytd":0.3456360070466995,"stress_condition":"LOW","analysis_year":2026,"analysis_start":"2026-01-01","analysis_end":"2026-09-21","scene_count":21,"mean_cloud_cover_pct":28.84,"observed_pct":100.0,"temporal_fallback_pct":0.0,"spatial_interpolation_pct":0.0,"total_coverage_pct":100.0,"web_display_coverage_pct":100.0,"no_data_pct":0.0,"confidence":"HIGH","analysis_scale_m":10,"display_grid_m":250,"web_display_scale_m":100,"interpolation_radius_m":150,"composite_method":"2026 year-to-date median + complete spatial gap fill","analysis_crs":"EPSG:32749","output_crs":"EPSG:4326","boundary":"SERPRO Project Area","source":"COPERNICUS/S2_SR_HARMONIZED","updated_utc":"2026-09-21T09:22:57.924058+00:00"}},{"type":"Feature","geometry":{"type":"Polygon","coordinates":[[[112.52317257143547,-3.190273888221521],[112.52542192066656,-3.1902705399268925],[112.52541858828711,-3.188009588703757],[112.52316924396521,-3.1880129346207315],[112.52317257143547,-3.190273888221521]]]},"properties":{"ndvi":0.7919179100036621,"ndmi":0.3653417281389236,"stress":"LOW","NDVI":0.7919179100036621,"NDMI":0.3653417281389236,"STRESS":"LOW","ndvi_ytd":0.7919179100036621,"ndmi_ytd":0.3653417281389236,"stress_condition":"LOW","analysis_year":2026,"analysis_start":"2026-01-01","analysis_end":"2026-09-21","scene_count":21,"mean_cloud_cover_pct":28.84,"observed_pct":100.0,"temporal_fallback_pct":0.0,"spatial_interpolation_pct":0.0,"total_coverage_pct":100.0,"web_display_coverage_pct":100.0,"no_data_pct":0.0,"confidence":"HIGH","analysis_scale_m":10,"display_grid_m":250,"web_display_scale_m":100,"interpolation_radius_m":150,"composite_method":"2026 year-to-date median + complete spatial gap fill","analysis_crs":"EPSG:32749","output_crs":"EPSG:4326","boundary":"SERPRO Project Area","source":"COPERNICUS/S2_SR_HARMONIZED","updated_utc":"2026-09-21T09:22:57.924063+00:00"}},{"type":"Feature","geometry":{"type":"Polygon","coordinates":[[[112.52542192066656,-3.1902705399268925],[112.52767126752305,-3.1902671866959755],[112.5276679302344,-3.188006237853997],[112.52541858828711,-3.188009588703757],[112.52542192066656,-3.1902705399268925]]]},"properties":{"ndvi":0.7933798641681671,"ndmi":0.36253183933496475,"stress":"LOW","NDVI":0.7933798641681671,"NDMI":0.36253183933496475,"STRESS":"LOW","ndvi_ytd":0.7933798641681671,"ndmi_ytd":0.36253183933496475,"stress_condition":"LOW","analysis_year":2026,"analysis_start":"2026-01-01","analysis_end":"2026-09-21","scene_count":21,"mean_cloud_cover_pct":28.84,"observed_pct":100.0,"temporal_fallback_pct":0.0,"spatial_interpolation_pct":0.0,"total_coverage_pct":100.0,"web_display_coverage_pct":100.0,"no_data_pct":0.0,"confidence":"HIGH","analysis_scale_m":10,"display_grid_m":250,"web_display_scale_m":100,"interpolation_radius_m":150,"composite_method":"2026 year-to-date median + complete spatial gap fill","analysis_crs":"EPSG:32749","output_crs":"EPSG:4326","boundary":"SERPRO Project Area","source":"COPERNICUS/S2_SR_HARMONIZED","updated_utc":"2026-09-21T09:22:57.924069+00:00"}},{"type":"Feature","geometry":{"type":"Polygon","coordinates":[[[112.52767126752305,-3.1902671866959755],[112.52992061200142,-3.1902638285287934],[112.52991726980362,-3.1880028820714807],[112.5276679302344,-3.188006237853997],[112.52767126752305,-3.1902671866959755]]]},"properties":{"ndvi":0.7892079364776612,"ndmi":0.3389171427965164,"stress":"LOW","NDVI":0.7892079364776612,"NDMI":0.3389171427965164,"STRESS":"LOW","ndvi_ytd":0.7892079364776612,"ndmi_ytd":0.3389171427965164,"stress_condition":"LOW","analysis_year":2026,"analysis_start":"2026-01-01","analysis_end":"2026-09-21","scene_count":21,"mean_cloud_cover_pct":28.84,"observed_pct":100.0,"temporal_fallback_pct":0.0,"spatial_interpolation_pct":0.0,"total_coverage_pct":100.0,"web_display_coverage_pct":100.0,"no_data_pct":0.0,"confidence":"HIGH","analysis_scale_m":10,"display_grid_m":250,"web_display_scale_m":100,"interpolation_radius_m":150,"composite_method":"2026 year-to-date median + complete spatial gap fill","analysis_crs":"EPSG:32749","output_crs":"EPSG:4326","boundary":"SERPRO Project Area","source":"COPERNICUS/S2_SR_HARMONIZED","updated_utc":"2026-09-21T09:22:57.924074+00:00"}},{"type":"Feature","geometry":{"type":"Polygon","coordinates":[[[112.52992061200142,-3.1902638285287934],[112.53216995409815,-3.190260465425374],[112.53216660699121,-3.18799952135623],[112.52991726980362,-3.1880028820714807],[112.52992061200142,-3.1902638285287934]]]},"properties":{"ndvi":0.7944933513641358,"ndmi":0.36684789219498637,"stress":"LOW","NDVI":0.7944933513641358,"NDMI":0.36684789219498637,"STRESS":"LOW","ndvi_ytd":0.7944933513641358,"ndmi_ytd":0.36684789219498637,"stress_condition":"LOW","analysis_year":2026,"analysis_start":"2026-01-01","analysis_end":"2026-09-21","scene_count":21,"mean_cloud_cover_pct":28.84,"observed_pct":100.0,"temporal_fallback_pct":0.0,"spatial_interpolation_pct":0.0,"total_coverage_pct":100.0,"web_display_coverage_pct":100.0,"no_data_pct":0.0,"confidence":"HIGH","analysis_scale_m":10,"display_grid_m":250,"web_display_scale_m":100,"interpolation_radius_m":150,"composite_method":"2026 year-to-date median + complete spatial gap fill","analysis_crs":"EPSG:32749","output_crs":"EPSG:4326","boundary":"SERPRO Project Area","source":"COPERNICUS/S2_SR_HARMONIZED","updated_utc":"2026-09-21T09:22:57.924080+00:00"}},{"type":"Feature","geometry":{"type":"Polygon","coordinates":[[[112.53216995409815,-3.190260465425374],[112.53441929380975,-3.1902570973857416],[112.5344159417937,-3.1879961557082725],[112.53216660699121,-3.18799952135623],[112.53216995409815,-3.190260465425374]]]},"properties":{"ndvi":0.7827114688873291,"ndmi":0.3422411427974701,"stress":"LOW","NDVI":0.7827114688873291,"NDMI":0.3422411427974701,"STRESS":"LOW","ndvi_ytd":0.7827114688873291,"ndmi_ytd":0.3422411427974701,"stress_condition":"LOW","analysis_year":2026,"analysis_start":"2026-01-01","analysis_end":"2026-09-21","scene_count":21,"mean_cloud_cover_pct":28.84,"observed_pct":100.0,"temporal_fallback_pct":0.0,"spatial_interpolation_pct":0.0,"total_coverage_pct":100.0,"web_display_coverage_pct":100.0,"no_data_pct":0.0,"confidence":"HIGH","analysis_scale_m":10,"display_grid_m":250,"web_display_scale_m":100,"interpolation_radius_m":150,"composite_method":"2026 year-to-date median + complete spatial gap fill","analysis_crs":"EPSG:32749","output_crs":"EPSG:4326","boundary":"SERPRO Project Area","source":"COPERNICUS/S2_SR_HARMONIZED","updated_utc":"2026-09-21T09:22:57.924085+00:00"}},{"type":"Feature","geometry":{"type":"Polygon","coordinates":[[[112.53441929380975,-3.1902570973857416],[112.53666863113274,-3.190253724409925],[112.5366652742076,-3.187992785127635],[112.5344159417937,-3.1879961557082725],[112.53441929380975,-3.1902570973857416]]]},"properties":{"ndvi":0.8039571130752563,"ndmi":0.37671235542297365,"stress":"LOW","NDVI":0.8039571130752563,"NDMI":0.37671235542297365,"STRESS":"LOW","ndvi_ytd":0.8039571130752563,"ndmi_ytd":0.37671235542297365,"stress_condition":"LOW","analysis_year":2026,"analysis_start":"2026-01-01","analysis_end":"2026-09-21","scene_count":21,"mean_cloud_cover_pct":28.84,"observed_pct":100.0,"temporal_fallback_pct":0.0,"spatial_interpolation_pct":0.0,"total_coverage_pct":100.0,"web_display_coverage_pct":100.0,"no_data_pct":0.0,"confidence":"HIGH","analysis_scale_m":10,"display_grid_m":250,"web_display_scale_m":100,"interpolation_radius_m":150,"composite_method":"2026 year-to-date median + complete spatial gap fill","analysis_crs":"EPSG:32749","output_crs":"EPSG:4326","boundary":"SERPRO Project Area","source":"COPERNICUS/S2_SR_HARMONIZED","updated_utc":"2026-09-21T09:22:57.924091+00:00"}},{"type":"Feature","geometry":{"type":"Polygon","coordinates":[[[112.53666863113274,-3.190253724409925],[112.5389179660636,-3.190250346497948],[112.5389146042294,-3.1879894096143424],[112.5366652742076,-3.187992785127635],[112.53666863113274,-3.190253724409925]]]},"properties":{"ndvi":0.8247381440162659,"ndmi":0.39222832667827606,"stress":"LOW","NDVI":0.8247381440162659,"NDMI":0.39222832667827606,"STRESS":"LOW","ndvi_ytd":0.8247381440162659,"ndmi_ytd":0.39222832667827606,"stress_condition":"LOW","analysis_year":2026,"analysis_start":"2026-01-01","analysis_end":"2026-09-21","scene_count":21,"mean_cloud_cover_pct":28.84,"observed_pct":100.0,"temporal_fallback_pct":0.0,"spatial_interpolation_pct":0.0,"total_coverage_pct":100.0,"web_display_coverage_pct":100.0,"no_data_pct":0.0,"confidence":"HIGH","analysis_scale_m":10,"display_grid_m":250,"web_display_scale_m":100,"interpolation_radius_m":150,"composite_method":"2026 year-to-date median + complete spatial gap fill","analysis_crs":"EPSG:32749","output_crs":"EPSG:4326","boundary":"SERPRO Project Area","source":"COPERNICUS/S2_SR_HARMONIZED","updated_utc":"2026-09-21T09:22:57.924096+00:00"}},{"type":"Feature","geometry":{"type":"Polygon","coordinates":[[[112.5389179660636,-3.190250346497948],[112.54116729859884,-3.1902469636498365],[112.54116393185562,-3.1879860291684214],[112.5389146042294,-3.1879894096143424],[112.5389179660636,-3.190250346497948]]]},"properties":{"ndvi":0.8257329097747803,"ndmi":0.38353291482925417,"stress":"LOW","NDVI":0.8257329097747803,"NDMI":0.38353291482925417,"STRESS":"LOW","ndvi_ytd":0.8257329097747803,"ndmi_ytd":0.38353291482925417,"stress_condition":"LOW","analysis_year":2026,"analysis_start":"2026-01-01","analysis_end":"2026-09-21","scene_count":21,"mean_cloud_cover_pct":28.84,"observed_pct":100.0,"temporal_fallback_pct":0.0,"spatial_interpolation_pct":0.0,"total_coverage_pct":100.0,"web_display_coverage_pct":100.0,"no_data_pct":0.0,"confidence":"HIGH","analysis_scale_m":10,"display_grid_m":250,"web_display_scale_m":100,"interpolation_radius_m":150,"composite_method":"2026 year-to-date median + complete spatial gap fill","analysis_crs":"EPSG:32749","output_crs":"EPSG:4326","boundary":"SERPRO Project Area","source":"COPERNICUS/S2_SR_HARMONIZED","updated_utc":"2026-09-21T09:22:57.924102+00:00"}},{"type":"Feature","geometry":{"type":"Polygon","coordinates":[[[112.54116729859884,-3.1902469636498365],[112.54341662873496,-3.1902435758656162],[112.54341325708275,-3.187982643789897],[112.54116393185562,-3.1879860291684214],[112.54116729859884,-3.1902469636498365]]]},"properties":{"ndvi":0.8004680338859558,"ndmi":0.3431862364768982,"stress":"LOW","NDVI":0.8004680338859558,"NDMI":0.3431862364768982,"STRESS":"LOW","ndvi_ytd":0.8004680338859558,"ndmi_ytd":0.3431862364768982,"stress_condition":"LOW","analysis_year":2026,"analysis_start":"2026-01-01","analysis_end":"2026-09-21","scene_count":21,"mean_cloud_cover_pct":28.84,"observed_pct":100.0,"temporal_fallback_pct":0.0,"spatial_interpolation_pct":0.0,"total_coverage_pct":100.0,"web_display_coverage_pct":100.0,"no_data_pct":0.0,"confidence":"HIGH","analysis_scale_m":10,"display_grid_m":250,"web_display_scale_m":100,"interpolation_radius_m":150,"composite_method":"2026 year-to-date median + complete spatial gap fill","analysis_crs":"EPSG:32749","output_crs":"EPSG:4326","boundary":"SERPRO Project Area","source":"COPERNICUS/S2_SR_HARMONIZED","updated_utc":"2026-09-21T09:22:57.924107+00:00"}},{"type":"Feature","geometry":{"type":"Polygon","coordinates":[[[112.54341662873496,-3.1902435758656162],[112.54566595646848,-3.1902401831453155],[112.5456625799073,-3.187979253478796],[112.54341325708275,-3.187982643789897],[112.54341662873496,-3.1902435758656162]]]},"properties":{"ndvi":0.8260675292015076,"ndmi":0.3671527535676956,"stress":"LOW","NDVI":0.8260675292015076,"NDMI":0.3671527535676956,"STRESS":"LOW","ndvi_ytd":0.8260675292015076,"ndmi_ytd":0.3671527535676956,"stress_condition":"LOW","analysis_year":2026,"analysis_start":"2026-01-01","analysis_end":"2026-09-21","scene_count":21,"mean_cloud_cover_pct":28.84,"observed_pct":100.0,"temporal_fallback_pct":0.0,"spatial_interpolation_pct":0.0,"total_coverage_pct":100.0,"web_display_coverage_pct":100.0,"no_data_pct":0.0,"confidence":"HIGH","analysis_scale_m":10,"display_grid_m":250,"web_display_scale_m":100,"interpolation_radius_m":150,"composite_method":"2026 year-to-date median + complete spatial gap fill","analysis_crs":"EPSG:32749","output_crs":"EPSG:4326","boundary":"SERPRO Project Area","source":"COPERNICUS/S2_SR_HARMONIZED","updated_utc":"2026-09-21T09:22:57.924112+00:00"}},{"type":"Feature","geometry":{"type":"Polygon","coordinates":[[[112.54566595646848,-3.1902401831453155],[112.54791528179585,-3.190236785488959],[112.54791190032574,-3.187975858235144],[112.5456625799073,-3.187979253478796],[112.54566595646848,-3.1902401831453155]]]},"properties":{"ndvi":0.8392867555618286,"ndmi":0.3901190385341644,"stress":"LOW","NDVI":0.8392867555618286,"NDMI":0.3901190385341644,"STRESS":"LOW","ndvi_ytd":0.8392867555618286,"ndmi_ytd":0.3901190385341644,"stress_condition":"LOW","analysis_year":2026,"analysis_start":"2026-01-01","analysis_end":"2026-09-21","scene_count":21,"mean_cloud_cover_pct":28.84,"observed_pct":100.0,"temporal_fallback_pct":0.0,"spatial_interpolation_pct":0.0,"total_coverage_pct":100.0,"web_display_coverage_pct":100.0,"no_data_pct":0.0,"confidence":"HIGH","analysis_scale_m":10,"display_grid_m":250,"web_display_scale_m":100,"interpolation_radius_m":150,"composite_method":"2026 year-to-date median + complete spatial gap fill","analysis_crs":"EPSG:32749","output_crs":"EPSG:4326","boundary":"SERPRO Project Area","source":"COPERNICUS/S2_SR_HARMONIZED","updated_utc":"2026-09-21T09:22:57.924118+00:00"}},{"type":"Feature","geometry":{"type":"Polygon","coordinates":[[[112.54791528179585,-3.190236785488959],[112.55016460471364,-3.1902333828965723],[112.55016121833461,-3.187972458058968],[112.54791190032574,-3.187975858235144],[112.54791528179585,-3.190236785488959]]]},"properties":{"ndvi":0.8349388048171997,"ndmi":0.38521858253479,"stress":"LOW","NDVI":0.8349388048171997,"NDMI":0.38521858253479,"STRESS":"LOW","ndvi_ytd":0.8349388048171997,"ndmi_ytd":0.38521858253479,"stress_condition":"LOW","analysis_year":2026,"analysis_start":"2026-01-01","analysis_end":"2026-09-21","scene_count":21,"mean_cloud_cover_pct":28.84,"observed_pct":100.0,"temporal_fallback_pct":0.0,"spatial_interpolation_pct":0.0,"total_coverage_pct":100.0,"web_display_coverage_pct":100.0,"no_data_pct":0.0,"confidence":"HIGH","analysis_scale_m":10,"display_grid_m":250,"web_display_scale_m":100,"interpolation_radius_m":150,"composite_method":"2026 year-to-date median + complete spatial gap fill","analysis_crs":"EPSG:32749","output_crs":"EPSG:4326","boundary":"SERPRO Project Area","source":"COPERNICUS/S2_SR_HARMONIZED","updated_utc":"2026-09-21T09:22:57.924123+00:00"}},{"type":"Feature","geometry":{"type":"Polygon","coordinates":[[[112.55241208140814,-3.189000735122169],[112.55241053393038,-3.1879690529502938],[112.55016121833461,-3.187972458058968],[112.55016460471364,-3.1902333828965723],[112.55138376963599,-3.190231536574875],[112.55180549570001,-3.1897640222000003],[112.5523433685,-3.1890869139000007],[112.55241208140814,-3.189000735122169]]]},"properties":{"ndvi":0.8349378038400763,"ndmi":0.3929384698912819,"stress":"LOW","NDVI":0.8349378038400763,"NDMI":0.3929384698912819,"STRESS":"LOW","ndvi_ytd":0.8349378038400763,"ndmi_ytd":0.3929384698912819,"stress_condition":"LOW","analysis_year":2026,"analysis_start":"2026-01-01","analysis_end":"2026-09-21","scene_count":21,"mean_cloud_cover_pct":28.84,"observed_pct":100.0,"temporal_fallback_pct":0.0,"spatial_interpolation_pct":0.0,"total_coverage_pct":100.0,"web_display_coverage_pct":100.0,"no_data_pct":0.0,"confidence":"HIGH","analysis_scale_m":10,"display_grid_m":250,"web_display_scale_m":100,"interpolation_radius_m":150,"composite_method":"2026 year-to-date median + complete spatial gap fill","analysis_crs":"EPSG:32749","output_crs":"EPSG:4326","boundary":"SERPRO Project Area","source":"COPERNICUS/S2_SR_HARMONIZED","updated_utc":"2026-09-21T09:22:57.924129+00:00"}},{"type":"Feature","geometry":{"type":"Polygon","coordinates":[[[112.55320376720502,-3.18796785093927],[112.55241053393038,-3.1879690529502938],[112.55241208140814,-3.189000735122169],[112.55278008850001,-3.1885391854000003],[112.55278016300001,-3.1885390913000005],[112.5530255528,-3.1882306707000003],[112.55320376720502,-3.18796785093927]]]},"properties":{"ndvi":0.8123227995369428,"ndmi":0.3720978856457058,"stress":"LOW","NDVI":0.8123227995369428,"NDMI":0.3720978856457058,"STRESS":"LOW","ndvi_ytd":0.8123227995369428,"ndmi_ytd":0.3720978856457058,"stress_condition":"LOW","analysis_year":2026,"analysis_start":"2026-01-01","analysis_end":"2026-09-21","scene_count":21,"mean_cloud_cover_pct":28.84,"observed_pct":100.0,"temporal_fallback_pct":0.0,"spatial_interpolation_pct":0.0,"total_coverage_pct":100.0,"web_display_coverage_pct":100.0,"no_data_pct":0.0,"confidence":"HIGH","analysis_scale_m":10,"display_grid_m":250,"web_display_scale_m":100,"interpolation_radius_m":150,"composite_method":"2026 year-to-date median + complete spatial gap fill","analysis_crs":"EPSG:32749","output_crs":"EPSG:4326","boundary":"SERPRO Project Area","source":"COPERNICUS/S2_SR_HARMONIZED","updated_utc":"2026-09-21T09:22:57.924134+00:00"}},{"type":"Feature","geometry":{"type":"Polygon","coordinates":[[[112.6172749766226,-3.190129591543368],[112.61764315442848,-3.190129010002652],[112.61764232742367,-3.1895998858707606],[112.6172749766226,-3.190129591543368]]]},"properties":{"ndvi":0.8039467910469555,"ndmi":0.317731484912458,"stress":"LOW","NDVI":0.8039467910469555,"NDMI":0.317731484912458,"STRESS":"LOW","ndvi_ytd":0.8039467910469555,"ndmi_ytd":0.317731484912458,"stress_condition":"LOW","analysis_year":2026,"analysis_start":"2026-01-01","analysis_end":"2026-09-21","scene_count":21,"mean_cloud_cover_pct":28.84,"observed_pct":100.0,"temporal_fallback_pct":0.0,"spatial_interpolation_pct":0.0,"total_coverage_pct":100.0,"web_display_coverage_pct":100.0,"no_data_pct":0.0,"confidence":"HIGH","analysis_scale_m":10,"display_grid_m":250,"web_display_scale_m":100,"interpolation_radius_m":150,"composite_method":"2026 year-to-date median + complete spatial gap fill","analysis_crs":"EPSG:32749","output_crs":"EPSG:4326","boundary":"SERPRO Project Area","source":"COPERNICUS/S2_SR_HARMONIZED","updated_utc":"2026-09-21T09:22:57.924140+00:00"}},{"type":"Feature","geometry":{"type":"Polygon","coordinates":[[[112.61764232742367,-3.1895998858707606],[112.61764315442848,-3.190129010002652],[112.61989240091339,-3.190125454406542],[112.61988886237083,-3.18786460620989],[112.61887028012673,-3.187866215846437],[112.61868839400002,-3.1881215032],[112.6185691998,-3.1882887986000004],[112.6185689493,-3.1882891498],[112.6180858617,-3.1889686578999994],[112.61801458680002,-3.1890672281],[112.6180144934,-3.1890673585],[112.61801447100001,-3.1890673901],[112.6180144387,-3.1890674353999993],[112.61790714190002,-3.1892180332],[112.61764232742367,-3.1895998858707606]]]},"properties":{"ndvi":0.7572054944466744,"ndmi":0.2500992347674741,"stress":"LOW","NDVI":0.7572054944466744,"NDMI":0.2500992347674741,"STRESS":"LOW","ndvi_ytd":0.7572054944466744,"ndmi_ytd":0.2500992347674741,"stress_condition":"LOW","analysis_year":2026,"analysis_start":"2026-01-01","analysis_end":"2026-09-21","scene_count":21,"mean_cloud_cover_pct":28.84,"observed_pct":100.0,"temporal_fallback_pct":0.0,"spatial_interpolation_pct":0.0,"total_coverage_pct":100.0,"web_display_coverage_pct":100.0,"no_data_pct":0.0,"confidence":"HIGH","analysis_scale_m":10,"display_grid_m":250,"web_display_scale_m":100,"interpolation_radius_m":150,"composite_method":"2026 year-to-date median + complete spatial gap fill","analysis_crs":"EPSG:32749","output_crs":"EPSG:4326","boundary":"SERPRO Project Area","source":"COPERNICUS/S2_SR_HARMONIZED","updated_utc":"2026-09-21T09:22:57.924145+00:00"}},{"type":"Feature","geometry":{"type":"Polygon","coordinates":[[[112.61989240091339,-3.190125454406542],[112.62214164487675,-3.19012189387526],[112.6221381014261,-3.187861048206972],[112.61988886237083,-3.18786460620989],[112.61989240091339,-3.190125454406542]]]},"properties":{"ndvi":0.7372425396919251,"ndmi":0.2296246802341193,"stress":"LOW","NDVI":0.7372425396919251,"NDMI":0.2296246802341193,"STRESS":"LOW","ndvi_ytd":0.7372425396919251,"ndmi_ytd":0.2296246802341193,"stress_condition":"LOW","analysis_year":2026,"analysis_start":"2026-01-01","analysis_end":"2026-09-21","scene_count":21,"mean_cloud_cover_pct":28.84,"observed_pct":100.0,"temporal_fallback_pct":0.0,"spatial_interpolation_pct":0.0,"total_coverage_pct":100.0,"web_display_coverage_pct":100.0,"no_data_pct":0.0,"confidence":"HIGH","analysis_scale_m":10,"display_grid_m":250,"web_display_scale_m":100,"interpolation_radius_m":150,"composite_method":"2026 year-to-date median + complete spatial gap fill","analysis_crs":"EPSG:32749","output_crs":"EPSG:4326","boundary":"SERPRO Project Area","source":"COPERNICUS/S2_SR_HARMONIZED","updated_utc":"2026-09-21T09:22:57.924150+00:00"}},{"type":"Feature","geometry":{"type":"Polygon","coordinates":[[[112.62214164487675,-3.19012189387526],[112.62439088631508,-3.1901183284088352],[112.62438733795642,-3.187857485272416],[112.6221381014261,-3.187861048206972],[112.62214164487675,-3.19012189387526]]]},"properties":{"ndvi":0.7342516586303711,"ndmi":0.20773153753876686,"stress":"LOW","NDVI":0.7342516586303711,"NDMI":0.20773153753876686,"STRESS":"LOW","ndvi_ytd":0.7342516586303711,"ndmi_ytd":0.20773153753876686,"stress_condition":"LOW","analysis_year":2026,"analysis_start":"2026-01-01","analysis_end":"2026-09-21","scene_count":21,"mean_cloud_cover_pct":28.84,"observed_pct":100.0,"temporal_fallback_pct":0.0,"spatial_interpolation_pct":0.0,"total_coverage_pct":100.0,"web_display_coverage_pct":100.0,"no_data_pct":0.0,"confidence":"HIGH","analysis_scale_m":10,"display_grid_m":250,"web_display_scale_m":100,"interpolation_radius_m":150,"composite_method":"2026 year-to-date median + complete spatial gap fill","analysis_crs":"EPSG:32749","output_crs":"EPSG:4326","boundary":"SERPRO Project Area","source":"COPERNICUS/S2_SR_HARMONIZED","updated_utc":"2026-09-21T09:22:57.924156+00:00"}},{"type":"Feature","geometry":{"type":"Polygon","coordinates":[[[112.62664005117341,-3.1900676413094127],[112.62663657195817,-3.1878539174062452],[112.62438733795642,-3.187857485272416],[112.62439088631508,-3.1901183284088352],[112.62660097386326,-3.1901148201974183],[112.62664005117341,-3.1900676413094127]]]},"properties":{"ndvi":0.793284172585234,"ndmi":0.3108469640433002,"stress":"LOW","NDVI":0.793284172585234,"NDMI":0.3108469640433002,"STRESS":"LOW","ndvi_ytd":0.793284172585234,"ndmi_ytd":0.3108469640433002,"stress_condition":"LOW","analysis_year":2026,"analysis_start":"2026-01-01","analysis_end":"2026-09-21","scene_count":21,"mean_cloud_cover_pct":28.84,"observed_pct":100.0,"temporal_fallback_pct":0.0,"spatial_interpolation_pct":0.0,"total_coverage_pct":100.0,"web_display_coverage_pct":100.0,"no_data_pct":0.0,"confidence":"HIGH","analysis_scale_m":10,"display_grid_m":250,"web_display_scale_m":100,"interpolation_radius_m":150,"composite_method":"2026 year-to-date median + complete spatial gap fill","analysis_crs":"EPSG:32749","output_crs":"EPSG:4326","boundary":"SERPRO Project Area","source":"COPERNICUS/S2_SR_HARMONIZED","updated_utc":"2026-09-21T09:22:57.924161+00:00"}},{"type":"Feature","geometry":{"type":"Polygon","coordinates":[[[112.62888706908156,-3.188654532750593],[112.62888580342798,-3.1878503446084907],[112.62663657195817,-3.1878539174062452],[112.62664005117341,-3.1900676413094127],[112.6266841839,-3.1900143588999996],[112.6267241679,-3.1899660851],[112.6270084382,-3.1896228792999994],[112.6271431779,-3.1895103221000003],[112.6276340488,-3.1891002649],[112.62825965900001,-3.1888065338000002],[112.62888706908156,-3.188654532750593]]]},"properties":{"ndvi":0.7541154486385702,"ndmi":0.24718790921641737,"stress":"LOW","NDVI":0.7541154486385702,"NDMI":0.24718790921641737,"STRESS":"LOW","ndvi_ytd":0.7541154486385702,"ndmi_ytd":0.24718790921641737,"stress_condition":"LOW","analysis_year":2026,"analysis_start":"2026-01-01","analysis_end":"2026-09-21","scene_count":21,"mean_cloud_cover_pct":28.84,"observed_pct":100.0,"temporal_fallback_pct":0.0,"spatial_interpolation_pct":0.0,"total_coverage_pct":100.0,"web_display_coverage_pct":100.0,"no_data_pct":0.0,"confidence":"HIGH","analysis_scale_m":10,"display_grid_m":250,"web_display_scale_m":100,"interpolation_radius_m":150,"composite_method":"2026 year-to-date median + complete spatial gap fill","analysis_crs":"EPSG:32749","output_crs":"EPSG:4326","boundary":"SERPRO Project Area","source":"COPERNICUS/S2_SR_HARMONIZED","updated_utc":"2026-09-21T09:22:57.924167+00:00"}},{"type":"Feature","geometry":{"type":"Polygon","coordinates":[[[112.63113615465763,-3.188558883130822],[112.63113503236227,-3.187846766879179],[112.62888580342798,-3.1878503446084907],[112.62888706908156,-3.188654532750593],[112.6289997099,-3.1886272434999996],[112.62921333380001,-3.188611984099999],[112.62964840280002,-3.1885823199000005],[112.6299686444,-3.1885604853],[112.63078666850001,-3.1885533351000004],[112.6310596472,-3.1885509489999997],[112.63113615465763,-3.188558883130822]]]},"properties":{"ndvi":0.680887802232303,"ndmi":0.11748114312606092,"stress":"MODERATE","NDVI":0.680887802232303,"NDMI":0.11748114312606092,"STRESS":"MODERATE","ndvi_ytd":0.680887802232303,"ndmi_ytd":0.11748114312606092,"stress_condition":"MODERATE","analysis_year":2026,"analysis_start":"2026-01-01","analysis_end":"2026-09-21","scene_count":21,"mean_cloud_cover_pct":28.84,"observed_pct":100.0,"temporal_fallback_pct":0.0,"spatial_interpolation_pct":0.0,"total_coverage_pct":100.0,"web_display_coverage_pct":100.0,"no_data_pct":0.0,"confidence":"HIGH","analysis_scale_m":10,"display_grid_m":250,"web_display_scale_m":100,"interpolation_radius_m":150,"composite_method":"2026 year-to-date median + complete spatial gap fill","analysis_crs":"EPSG:32749","output_crs":"EPSG:4326","boundary":"SERPRO Project Area","source":"COPERNICUS/S2_SR_HARMONIZED","updated_utc":"2026-09-21T09:22:57.924172+00:00"}},{"type":"Feature","geometry":{"type":"Polygon","coordinates":[[[112.63161169358078,-3.1878460080428646],[112.63113503236227,-3.187846766879179],[112.63113615465763,-3.188558883130822],[112.6318179414,-3.1886295869],[112.63161169358078,-3.1878460080428646]]]},"properties":{"ndvi":0.6350243844626252,"ndmi":0.07407433382255887,"stress":"MODERATE","NDVI":0.6350243844626252,"NDMI":0.07407433382255887,"STRESS":"MODERATE","ndvi_ytd":0.6350243844626252,"ndmi_ytd":0.07407433382255887,"stress_condition":"MODERATE","analysis_year":2026,"analysis_start":"2026-01-01","analysis_end":"2026-09-21","scene_count":21,"mean_cloud_cover_pct":28.84,"observed_pct":100.0,"temporal_fallback_pct":0.0,"spatial_interpolation_pct":0.0,"total_coverage_pct":100.0,"web_display_coverage_pct":100.0,"no_data_pct":0.0,"confidence":"HIGH","analysis_scale_m":10,"display_grid_m":250,"web_display_scale_m":100,"interpolation_radius_m":150,"composite_method":"2026 year-to-date median + complete spatial gap fill","analysis_crs":"EPSG:32749","output_crs":"EPSG:4326","boundary":"SERPRO Project Area","source":"COPERNICUS/S2_SR_HARMONIZED","updated_utc":"2026-09-21T09:22:57.924178+00:00"}},{"type":"Feature","geometry":{"type":"Polygon","coordinates":[[[112.50742067763746,-3.185913265276579],[112.50742047675837,-3.1857752476703283],[112.50676283124297,-3.1857762141990733],[112.506651704,-3.18584323],[112.50742067763746,-3.185913265276579]]]},"properties":{"ndvi":0.5621410871171201,"ndmi":0.001941528314230556,"stress":"MODERATE","NDVI":0.5621410871171201,"NDMI":0.001941528314230556,"STRESS":"MODERATE","ndvi_ytd":0.5621410871171201,"ndmi_ytd":0.001941528314230556,"stress_condition":"MODERATE","analysis_year":2026,"analysis_start":"2026-01-01","analysis_end":"2026-09-21","scene_count":21,"mean_cloud_cover_pct":28.84,"observed_pct":100.0,"temporal_fallback_pct":0.0,"spatial_interpolation_pct":0.0,"total_coverage_pct":100.0,"web_display_coverage_pct":100.0,"no_data_pct":0.0,"confidence":"HIGH","analysis_scale_m":10,"display_grid_m":250,"web_display_scale_m":100,"interpolation_radius_m":150,"composite_method":"2026 year-to-date median + complete spatial gap fill","analysis_crs":"EPSG:32749","output_crs":"EPSG:4326","boundary":"SERPRO Project Area","source":"COPERNICUS/S2_SR_HARMONIZED","updated_utc":"2026-09-21T09:22:57.924183+00:00"}},{"type":"Feature","geometry":{"type":"Polygon","coordinates":[[[112.50967033735111,-3.186118152624775],[112.50966983269866,-3.185771938636669],[112.50742047675837,-3.1857752476703283],[112.50742067763746,-3.185913265276579],[112.50967033735111,-3.186118152624775]]]},"properties":{"ndvi":0.602938739132494,"ndmi":0.022598058320514213,"stress":"MODERATE","NDVI":0.602938739132494,"NDMI":0.022598058320514213,"STRESS":"MODERATE","ndvi_ytd":0.602938739132494,"ndmi_ytd":0.022598058320514213,"stress_condition":"MODERATE","analysis_year":2026,"analysis_start":"2026-01-01","analysis_end":"2026-09-21","scene_count":21,"mean_cloud_cover_pct":28.84,"observed_pct":100.0,"temporal_fallback_pct":0.0,"spatial_interpolation_pct":0.0,"total_coverage_pct":100.0,"web_display_coverage_pct":100.0,"no_data_pct":0.0,"confidence":"HIGH","analysis_scale_m":10,"display_grid_m":250,"web_display_scale_m":100,"interpolation_radius_m":150,"composite_method":"2026 year-to-date median + complete spatial gap fill","analysis_crs":"EPSG:32749","output_crs":"EPSG:4326","boundary":"SERPRO Project Area","source":"COPERNICUS/S2_SR_HARMONIZED","updated_utc":"2026-09-21T09:22:57.924188+00:00"}},{"type":"Feature","geometry":{"type":"Polygon","coordinates":[[[112.51191999561843,-3.186323034720979],[112.51191918628886,-3.1857686246735524],[112.50966983269866,-3.185771938636669],[112.50967033735111,-3.186118152624775],[112.50973876190001,-3.1861243843],[112.51191999561843,-3.186323034720979]]]},"properties":{"ndvi":0.6064255847512886,"ndmi":0.04090595472944847,"stress":"MODERATE","NDVI":0.6064255847512886,"NDMI":0.04090595472944847,"STRESS":"MODERATE","ndvi_ytd":0.6064255847512886,"ndmi_ytd":0.04090595472944847,"stress_condition":"MODERATE","analysis_year":2026,"analysis_start":"2026-01-01","analysis_end":"2026-09-21","scene_count":21,"mean_cloud_cover_pct":28.84,"observed_pct":100.0,"temporal_fallback_pct":0.0,"spatial_interpolation_pct":0.0,"total_coverage_pct":100.0,"web_display_coverage_pct":100.0,"no_data_pct":0.0,"confidence":"HIGH","analysis_scale_m":10,"display_grid_m":250,"web_display_scale_m":100,"interpolation_radius_m":150,"composite_method":"2026 year-to-date median + complete spatial gap fill","analysis_crs":"EPSG:32749","output_crs":"EPSG:4326","boundary":"SERPRO Project Area","source":"COPERNICUS/S2_SR_HARMONIZED","updated_utc":"2026-09-21T09:22:57.924193+00:00"}},{"type":"Feature","geometry":{"type":"Polygon","coordinates":[[[112.51417043617514,-3.187063993457896],[112.51416853752546,-3.1857653057810014],[112.51191918628886,-3.1857686246735524],[112.51191999561843,-3.186323034720979],[112.5133538008,-3.1864536124],[112.51417043617514,-3.187063993457896]]]},"properties":{"ndvi":0.5116663841227816,"ndmi":-0.0449992532428185,"stress":"MODERATE","NDVI":0.5116663841227816,"NDMI":-0.0449992532428185,"STRESS":"MODERATE","ndvi_ytd":0.5116663841227816,"ndmi_ytd":-0.0449992532428185,"stress_condition":"MODERATE","analysis_year":2026,"analysis_start":"2026-01-01","analysis_end":"2026-09-21","scene_count":21,"mean_cloud_cover_pct":28.84,"observed_pct":100.0,"temporal_fallback_pct":0.0,"spatial_interpolation_pct":0.0,"total_coverage_pct":100.0,"web_display_coverage_pct":100.0,"no_data_pct":0.0,"confidence":"HIGH","analysis_scale_m":10,"display_grid_m":250,"web_display_scale_m":100,"interpolation_radius_m":150,"composite_method":"2026 year-to-date median + complete spatial gap fill","analysis_crs":"EPSG:32749","output_crs":"EPSG:4326","boundary":"SERPRO Project Area","source":"COPERNICUS/S2_SR_HARMONIZED","updated_utc":"2026-09-21T09:22:57.924199+00:00"}},{"type":"Feature","geometry":{"type":"Polygon","coordinates":[[[112.51545534014255,-3.1880243716160126],[112.51642119678685,-3.1880229427746922],[112.516417886405,-3.1857619819590437],[112.51416853752546,-3.1857653057810014],[112.51417043617514,-3.187063993457896],[112.51545534014255,-3.1880243716160126]]]},"properties":{"ndvi":0.6963334000598723,"ndmi":0.17490931921931263,"stress":"MODERATE","NDVI":0.6963334000598723,"NDMI":0.17490931921931263,"STRESS":"MODERATE","ndvi_ytd":0.6963334000598723,"ndmi_ytd":0.17490931921931263,"stress_condition":"MODERATE","analysis_year":2026,"analysis_start":"2026-01-01","analysis_end":"2026-09-21","scene_count":21,"mean_cloud_cover_pct":28.84,"observed_pct":100.0,"temporal_fallback_pct":0.0,"spatial_interpolation_pct":0.0,"total_coverage_pct":100.0,"web_display_coverage_pct":100.0,"no_data_pct":0.0,"confidence":"HIGH","analysis_scale_m":10,"display_grid_m":250,"web_display_scale_m":100,"interpolation_radius_m":150,"composite_method":"2026 year-to-date median + complete spatial gap fill","analysis_crs":"EPSG:32749","output_crs":"EPSG:4326","boundary":"SERPRO Project Area","source":"COPERNICUS/S2_SR_HARMONIZED","updated_utc":"2026-09-21T09:22:57.924204+00:00"}},{"type":"Feature","geometry":{"type":"Polygon","coordinates":[[[112.51642119678685,-3.1880229427746922],[112.51867054821159,-3.188019611656225],[112.51866723292392,-3.185758653207704],[112.516417886405,-3.1857619819590437],[112.51642119678685,-3.1880229427746922]]]},"properties":{"ndvi":0.8374797019958496,"ndmi":0.39014781484603883,"stress":"LOW","NDVI":0.8374797019958496,"NDMI":0.39014781484603883,"STRESS":"LOW","ndvi_ytd":0.8374797019958496,"ndmi_ytd":0.39014781484603883,"stress_condition":"LOW","analysis_year":2026,"analysis_start":"2026-01-01","analysis_end":"2026-09-21","scene_count":21,"mean_cloud_cover_pct":28.84,"observed_pct":100.0,"temporal_fallback_pct":0.0,"spatial_interpolation_pct":0.0,"total_coverage_pct":100.0,"web_display_coverage_pct":100.0,"no_data_pct":0.0,"confidence":"HIGH","analysis_scale_m":10,"display_grid_m":250,"web_display_scale_m":100,"interpolation_radius_m":150,"composite_method":"2026 year-to-date median + complete spatial gap fill","analysis_crs":"EPSG:32749","output_crs":"EPSG:4326","boundary":"SERPRO Project Area","source":"COPERNICUS/S2_SR_HARMONIZED","updated_utc":"2026-09-21T09:22:57.924210+00:00"}},{"type":"Feature","geometry":{"type":"Polygon","coordinates":[[[112.51867054821159,-3.188019611656225],[112.5209198972722,-3.188016275604896],[112.5209165770788,-3.1857553195270074],[112.51866723292392,-3.185758653207704],[112.51867054821159,-3.188019611656225]]]},"properties":{"ndvi":0.8428071817398072,"ndmi":0.4206308845520019,"stress":"STABLE","NDVI":0.8428071817398072,"NDMI":0.4206308845520019,"STRESS":"STABLE","ndvi_ytd":0.8428071817398072,"ndmi_ytd":0.4206308845520019,"stress_condition":"STABLE","analysis_year":2026,"analysis_start":"2026-01-01","analysis_end":"2026-09-21","scene_count":21,"mean_cloud_cover_pct":28.84,"observed_pct":100.0,"temporal_fallback_pct":0.0,"spatial_interpolation_pct":0.0,"total_coverage_pct":100.0,"web_display_coverage_pct":100.0,"no_data_pct":0.0,"confidence":"HIGH","analysis_scale_m":10,"display_grid_m":250,"web_display_scale_m":100,"interpolation_radius_m":150,"composite_method":"2026 year-to-date median + complete spatial gap fill","analysis_crs":"EPSG:32749","output_crs":"EPSG:4326","boundary":"SERPRO Project Area","source":"COPERNICUS/S2_SR_HARMONIZED","updated_utc":"2026-09-21T09:22:57.924215+00:00"}},{"type":"Feature","geometry":{"type":"Polygon","coordinates":[[[112.5209198972722,-3.188016275604896],[112.52316924396521,-3.1880129346207315],[112.52316591886607,-3.185751980916982],[112.5209165770788,-3.1857553195270074],[112.5209198972722,-3.188016275604896]]]},"properties":{"ndvi":0.8155547379493714,"ndmi":0.34717253861427305,"stress":"LOW","NDVI":0.8155547379493714,"NDMI":0.34717253861427305,"STRESS":"LOW","ndvi_ytd":0.8155547379493714,"ndmi_ytd":0.34717253861427305,"stress_condition":"LOW","analysis_year":2026,"analysis_start":"2026-01-01","analysis_end":"2026-09-21","scene_count":21,"mean_cloud_cover_pct":28.84,"observed_pct":100.0,"temporal_fallback_pct":0.0,"spatial_interpolation_pct":0.0,"total_coverage_pct":100.0,"web_display_coverage_pct":100.0,"no_data_pct":0.0,"confidence":"HIGH","analysis_scale_m":10,"display_grid_m":250,"web_display_scale_m":100,"interpolation_radius_m":150,"composite_method":"2026 year-to-date median + complete spatial gap fill","analysis_crs":"EPSG:32749","output_crs":"EPSG:4326","boundary":"SERPRO Project Area","source":"COPERNICUS/S2_SR_HARMONIZED","updated_utc":"2026-09-21T09:22:57.924221+00:00"}},{"type":"Feature","geometry":{"type":"Polygon","coordinates":[[[112.52316924396521,-3.1880129346207315],[112.52541858828711,-3.188009588703757],[112.52541525828227,-3.18574863737765],[112.52316591886607,-3.185751980916982],[112.52316924396521,-3.1880129346207315]]]},"properties":{"ndvi":0.7756703998565674,"ndmi":0.32950432324409484,"stress":"LOW","NDVI":0.7756703998565674,"NDMI":0.32950432324409484,"STRESS":"LOW","ndvi_ytd":0.7756703998565674,"ndmi_ytd":0.32950432324409484,"stress_condition":"LOW","analysis_year":2026,"analysis_start":"2026-01-01","analysis_end":"2026-09-21","scene_count":21,"mean_cloud_cover_pct":28.84,"observed_pct":100.0,"temporal_fallback_pct":0.0,"spatial_interpolation_pct":0.0,"total_coverage_pct":100.0,"web_display_coverage_pct":100.0,"no_data_pct":0.0,"confidence":"HIGH","analysis_scale_m":10,"display_grid_m":250,"web_display_scale_m":100,"interpolation_radius_m":150,"composite_method":"2026 year-to-date median + complete spatial gap fill","analysis_crs":"EPSG:32749","output_crs":"EPSG:4326","boundary":"SERPRO Project Area","source":"COPERNICUS/S2_SR_HARMONIZED","updated_utc":"2026-09-21T09:22:57.924226+00:00"}},{"type":"Feature","geometry":{"type":"Polygon","coordinates":[[[112.52541858828711,-3.188009588703757],[112.5276679302344,-3.188006237853997],[112.52766459532386,-3.1857452889090396],[112.52541525828227,-3.18574863737765],[112.52541858828711,-3.188009588703757]]]},"properties":{"ndvi":0.7652639221191406,"ndmi":0.29753277348354457,"stress":"LOW","NDVI":0.7652639221191406,"NDMI":0.29753277348354457,"STRESS":"LOW","ndvi_ytd":0.7652639221191406,"ndmi_ytd":0.29753277348354457,"stress_condition":"LOW","analysis_year":2026,"analysis_start":"2026-01-01","analysis_end":"2026-09-21","scene_count":21,"mean_cloud_cover_pct":28.84,"observed_pct":100.0,"temporal_fallback_pct":0.0,"spatial_interpolation_pct":0.0,"total_coverage_pct":100.0,"web_display_coverage_pct":100.0,"no_data_pct":0.0,"confidence":"HIGH","analysis_scale_m":10,"display_grid_m":250,"web_display_scale_m":100,"interpolation_radius_m":150,"composite_method":"2026 year-to-date median + complete spatial gap fill","analysis_crs":"EPSG:32749","output_crs":"EPSG:4326","boundary":"SERPRO Project Area","source":"COPERNICUS/S2_SR_HARMONIZED","updated_utc":"2026-09-21T09:22:57.924231+00:00"}},{"type":"Feature","geometry":{"type":"Polygon","coordinates":[[[112.5276679302344,-3.188006237853997],[112.52991726980362,-3.1880028820714807],[112.5299139299874,-3.1857419355111753],[112.52766459532386,-3.1857452889090396],[112.5276679302344,-3.188006237853997]]]},"properties":{"ndvi":0.8128061206817627,"ndmi":0.3545705258369446,"stress":"LOW","NDVI":0.8128061206817627,"NDMI":0.3545705258369446,"STRESS":"LOW","ndvi_ytd":0.8128061206817627,"ndmi_ytd":0.3545705258369446,"stress_condition":"LOW","analysis_year":2026,"analysis_start":"2026-01-01","analysis_end":"2026-09-21","scene_count":21,"mean_cloud_cover_pct":28.84,"observed_pct":100.0,"temporal_fallback_pct":0.0,"spatial_interpolation_pct":0.0,"total_coverage_pct":100.0,"web_display_coverage_pct":100.0,"no_data_pct":0.0,"confidence":"HIGH","analysis_scale_m":10,"display_grid_m":250,"web_display_scale_m":100,"interpolation_radius_m":150,"composite_method":"2026 year-to-date median + complete spatial gap fill","analysis_crs":"EPSG:32749","output_crs":"EPSG:4326","boundary":"SERPRO Project Area","source":"COPERNICUS/S2_SR_HARMONIZED","updated_utc":"2026-09-21T09:22:57.924236+00:00"}},{"type":"Feature","geometry":{"type":"Polygon","coordinates":[[[112.52991726980362,-3.1880028820714807],[112.53216660699121,-3.18799952135623],[112.53216326226936,-3.1857385771840847],[112.5299139299874,-3.1857419355111753],[112.52991726980362,-3.1880028820714807]]]},"properties":{"ndvi":0.8122981952667236,"ndmi":0.3667056009888649,"stress":"LOW","NDVI":0.8122981952667236,"NDMI":0.3667056009888649,"STRESS":"LOW","ndvi_ytd":0.8122981952667236,"ndmi_ytd":0.3667056009888649,"stress_condition":"LOW","analysis_year":2026,"analysis_start":"2026-01-01","analysis_end":"2026-09-21","scene_count":21,"mean_cloud_cover_pct":28.84,"observed_pct":100.0,"temporal_fallback_pct":0.0,"spatial_interpolation_pct":0.0,"total_coverage_pct":100.0,"web_display_coverage_pct":100.0,"no_data_pct":0.0,"confidence":"HIGH","analysis_scale_m":10,"display_grid_m":250,"web_display_scale_m":100,"interpolation_radius_m":150,"composite_method":"2026 year-to-date median + complete spatial gap fill","analysis_crs":"EPSG:32749","output_crs":"EPSG:4326","boundary":"SERPRO Project Area","source":"COPERNICUS/S2_SR_HARMONIZED","updated_utc":"2026-09-21T09:22:57.924242+00:00"}},{"type":"Feature","geometry":{"type":"Polygon","coordinates":[[[112.53216660699121,-3.18799952135623],[112.5344159417937,-3.1879961557082725],[112.53441259216628,-3.1857352139277926],[112.53216326226936,-3.1857385771840847],[112.53216660699121,-3.18799952135623]]]},"properties":{"ndvi":0.7845180235862732,"ndmi":0.32940227409154177,"stress":"LOW","NDVI":0.7845180235862732,"NDMI":0.32940227409154177,"STRESS":"LOW","ndvi_ytd":0.7845180235862732,"ndmi_ytd":0.32940227409154177,"stress_condition":"LOW","analysis_year":2026,"analysis_start":"2026-01-01","analysis_end":"2026-09-21","scene_count":21,"mean_cloud_cover_pct":28.84,"observed_pct":100.0,"temporal_fallback_pct":0.0,"spatial_interpolation_pct":0.0,"total_coverage_pct":100.0,"web_display_coverage_pct":100.0,"no_data_pct":0.0,"confidence":"HIGH","analysis_scale_m":10,"display_grid_m":250,"web_display_scale_m":100,"interpolation_radius_m":150,"composite_method":"2026 year-to-date median + complete spatial gap fill","analysis_crs":"EPSG:32749","output_crs":"EPSG:4326","boundary":"SERPRO Project Area","source":"COPERNICUS/S2_SR_HARMONIZED","updated_utc":"2026-09-21T09:22:57.924247+00:00"}},{"type":"Feature","geometry":{"type":"Polygon","coordinates":[[[112.5344159417937,-3.1879961557082725],[112.5366652742076,-3.187992785127635],[112.53666191967457,-3.185731845742323],[112.53441259216628,-3.1857352139277926],[112.5344159417937,-3.1879961557082725]]]},"properties":{"ndvi":0.8265261845588684,"ndmi":0.37803070362359287,"stress":"LOW","NDVI":0.8265261845588684,"NDMI":0.37803070362359287,"STRESS":"LOW","ndvi_ytd":0.8265261845588684,"ndmi_ytd":0.37803070362359287,"stress_condition":"LOW","analysis_year":2026,"analysis_start":"2026-01-01","analysis_end":"2026-09-21","scene_count":21,"mean_cloud_cover_pct":28.84,"observed_pct":100.0,"temporal_fallback_pct":0.0,"spatial_interpolation_pct":0.0,"total_coverage_pct":100.0,"web_display_coverage_pct":100.0,"no_data_pct":0.0,"confidence":"HIGH","analysis_scale_m":10,"display_grid_m":250,"web_display_scale_m":100,"interpolation_radius_m":150,"composite_method":"2026 year-to-date median + complete spatial gap fill","analysis_crs":"EPSG:32749","output_crs":"EPSG:4326","boundary":"SERPRO Project Area","source":"COPERNICUS/S2_SR_HARMONIZED","updated_utc":"2026-09-21T09:22:57.924253+00:00"}},{"type":"Feature","geometry":{"type":"Polygon","coordinates":[[[112.5366652742076,-3.187992785127635],[112.5389146042294,-3.1879894096143424],[112.53891124479084,-3.185728472627706],[112.53666191967457,-3.185731845742323],[112.5366652742076,-3.187992785127635]]]},"properties":{"ndvi":0.8523116607666016,"ndmi":0.4245305266857147,"stress":"STABLE","NDVI":0.8523116607666016,"NDMI":0.4245305266857147,"STRESS":"STABLE","ndvi_ytd":0.8523116607666016,"ndmi_ytd":0.4245305266857147,"stress_condition":"STABLE","analysis_year":2026,"analysis_start":"2026-01-01","analysis_end":"2026-09-21","scene_count":21,"mean_cloud_cover_pct":28.84,"observed_pct":100.0,"temporal_fallback_pct":0.0,"spatial_interpolation_pct":0.0,"total_coverage_pct":100.0,"web_display_coverage_pct":100.0,"no_data_pct":0.0,"confidence":"HIGH","analysis_scale_m":10,"display_grid_m":250,"web_display_scale_m":100,"interpolation_radius_m":150,"composite_method":"2026 year-to-date median + complete spatial gap fill","analysis_crs":"EPSG:32749","output_crs":"EPSG:4326","boundary":"SERPRO Project Area","source":"COPERNICUS/S2_SR_HARMONIZED","updated_utc":"2026-09-21T09:22:57.924258+00:00"}},{"type":"Feature","geometry":{"type":"Polygon","coordinates":[[[112.5389146042294,-3.1879894096143424],[112.54116393185562,-3.1879860291684214],[112.5411605675115,-3.185725094583964],[112.53891124479084,-3.185728472627706],[112.5389146042294,-3.1879894096143424]]]},"properties":{"ndvi":0.8353199148178101,"ndmi":0.41645071942806244,"stress":"STABLE","NDVI":0.8353199148178101,"NDMI":0.41645071942806244,"STRESS":"STABLE","ndvi_ytd":0.8353199148178101,"ndmi_ytd":0.41645071942806244,"stress_condition":"STABLE","analysis_year":2026,"analysis_start":"2026-01-01","analysis_end":"2026-09-21","scene_count":21,"mean_cloud_cover_pct":28.84,"observed_pct":100.0,"temporal_fallback_pct":0.0,"spatial_interpolation_pct":0.0,"total_coverage_pct":100.0,"web_display_coverage_pct":100.0,"no_data_pct":0.0,"confidence":"HIGH","analysis_scale_m":10,"display_grid_m":250,"web_display_scale_m":100,"interpolation_radius_m":150,"composite_method":"2026 year-to-date median + complete spatial gap fill","analysis_crs":"EPSG:32749","output_crs":"EPSG:4326","boundary":"SERPRO Project Area","source":"COPERNICUS/S2_SR_HARMONIZED","updated_utc":"2026-09-21T09:22:57.924263+00:00"}},{"type":"Feature","geometry":{"type":"Polygon","coordinates":[[[112.54116393185562,-3.1879860291684214],[112.54341325708275,-3.187982643789897],[112.54340988783314,-3.1857217116111256],[112.5411605675115,-3.185725094583964],[112.54116393185562,-3.1879860291684214]]]},"properties":{"ndvi":0.8312090579032898,"ndmi":0.3967454932451248,"stress":"LOW","NDVI":0.8312090579032898,"NDMI":0.3967454932451248,"STRESS":"LOW","ndvi_ytd":0.8312090579032898,"ndmi_ytd":0.3967454932451248,"stress_condition":"LOW","analysis_year":2026,"analysis_start":"2026-01-01","analysis_end":"2026-09-21","scene_count":21,"mean_cloud_cover_pct":28.84,"observed_pct":100.0,"temporal_fallback_pct":0.0,"spatial_interpolation_pct":0.0,"total_coverage_pct":100.0,"web_display_coverage_pct":100.0,"no_data_pct":0.0,"confidence":"HIGH","analysis_scale_m":10,"display_grid_m":250,"web_display_scale_m":100,"interpolation_radius_m":150,"composite_method":"2026 year-to-date median + complete spatial gap fill","analysis_crs":"EPSG:32749","output_crs":"EPSG:4326","boundary":"SERPRO Project Area","source":"COPERNICUS/S2_SR_HARMONIZED","updated_utc":"2026-09-21T09:22:57.924269+00:00"}},{"type":"Feature","geometry":{"type":"Polygon","coordinates":[[[112.54341325708275,-3.187982643789897],[112.5456625799073,-3.187979253478796],[112.54565920575219,-3.1857183237092146],[112.54340988783314,-3.1857217116111256],[112.54341325708275,-3.187982643789897]]]},"properties":{"ndvi":0.8460340279579163,"ndmi":0.40808583240509033,"stress":"STABLE","NDVI":0.8460340279579163,"NDMI":0.40808583240509033,"STRESS":"STABLE","ndvi_ytd":0.8460340279579163,"ndmi_ytd":0.40808583240509033,"stress_condition":"STABLE","analysis_year":2026,"analysis_start":"2026-01-01","analysis_end":"2026-09-21","scene_count":21,"mean_cloud_cover_pct":28.84,"observed_pct":100.0,"temporal_fallback_pct":0.0,"spatial_interpolation_pct":0.0,"total_coverage_pct":100.0,"web_display_coverage_pct":100.0,"no_data_pct":0.0,"confidence":"HIGH","analysis_scale_m":10,"display_grid_m":250,"web_display_scale_m":100,"interpolation_radius_m":150,"composite_method":"2026 year-to-date median + complete spatial gap fill","analysis_crs":"EPSG:32749","output_crs":"EPSG:4326","boundary":"SERPRO Project Area","source":"COPERNICUS/S2_SR_HARMONIZED","updated_utc":"2026-09-21T09:22:57.924274+00:00"}},{"type":"Feature","geometry":{"type":"Polygon","coordinates":[[[112.5456625799073,-3.187979253478796],[112.54791190032574,-3.187975858235144],[112.54790852126517,-3.185714930878258],[112.54565920575219,-3.1857183237092146],[112.5456625799073,-3.187979253478796]]]},"properties":{"ndvi":0.856528897190094,"ndmi":0.4144387772083282,"stress":"STABLE","NDVI":0.856528897190094,"NDMI":0.4144387772083282,"STRESS":"STABLE","ndvi_ytd":0.856528897190094,"ndmi_ytd":0.4144387772083282,"stress_condition":"STABLE","analysis_year":2026,"analysis_start":"2026-01-01","analysis_end":"2026-09-21","scene_count":21,"mean_cloud_cover_pct":28.84,"observed_pct":100.0,"temporal_fallback_pct":0.0,"spatial_interpolation_pct":0.0,"total_coverage_pct":100.0,"web_display_coverage_pct":100.0,"no_data_pct":0.0,"confidence":"HIGH","analysis_scale_m":10,"display_grid_m":250,"web_display_scale_m":100,"interpolation_radius_m":150,"composite_method":"2026 year-to-date median + complete spatial gap fill","analysis_crs":"EPSG:32749","output_crs":"EPSG:4326","boundary":"SERPRO Project Area","source":"COPERNICUS/S2_SR_HARMONIZED","updated_utc":"2026-09-21T09:22:57.924280+00:00"}},{"type":"Feature","geometry":{"type":"Polygon","coordinates":[[[112.54791190032574,-3.187975858235144],[112.55016121833461,-3.187972458058968],[112.55015783436862,-3.1857115331182824],[112.54790852126517,-3.185714930878258],[112.54791190032574,-3.187975858235144]]]},"properties":{"ndvi":0.8547590655326843,"ndmi":0.4102428283214569,"stress":"STABLE","NDVI":0.8547590655326843,"NDMI":0.4102428283214569,"STRESS":"STABLE","ndvi_ytd":0.8547590655326843,"ndmi_ytd":0.4102428283214569,"stress_condition":"STABLE","analysis_year":2026,"analysis_start":"2026-01-01","analysis_end":"2026-09-21","scene_count":21,"mean_cloud_cover_pct":28.84,"observed_pct":100.0,"temporal_fallback_pct":0.0,"spatial_interpolation_pct":0.0,"total_coverage_pct":100.0,"web_display_coverage_pct":100.0,"no_data_pct":0.0,"confidence":"HIGH","analysis_scale_m":10,"display_grid_m":250,"web_display_scale_m":100,"interpolation_radius_m":150,"composite_method":"2026 year-to-date median + complete spatial gap fill","analysis_crs":"EPSG:32749","output_crs":"EPSG:4326","boundary":"SERPRO Project Area","source":"COPERNICUS/S2_SR_HARMONIZED","updated_utc":"2026-09-21T09:22:57.924285+00:00"}},{"type":"Feature","geometry":{"type":"Polygon","coordinates":[[[112.55016121833461,-3.187972458058968],[112.55241053393038,-3.1879690529502938],[112.55240714505901,-3.1857081304293136],[112.55015783436862,-3.1857115331182824],[112.55016121833461,-3.187972458058968]]]},"properties":{"ndvi":0.8290740968704223,"ndmi":0.3905602381706238,"stress":"LOW","NDVI":0.8290740968704223,"NDMI":0.3905602381706238,"STRESS":"LOW","ndvi_ytd":0.8290740968704223,"ndmi_ytd":0.3905602381706238,"stress_condition":"LOW","analysis_year":2026,"analysis_start":"2026-01-01","analysis_end":"2026-09-21","scene_count":21,"mean_cloud_cover_pct":28.84,"observed_pct":100.0,"temporal_fallback_pct":0.0,"spatial_interpolation_pct":0.0,"total_coverage_pct":100.0,"web_display_coverage_pct":100.0,"no_data_pct":0.0,"confidence":"HIGH","analysis_scale_m":10,"display_grid_m":250,"web_display_scale_m":100,"interpolation_radius_m":150,"composite_method":"2026 year-to-date median + complete spatial gap fill","analysis_crs":"EPSG:32749","output_crs":"EPSG:4326","boundary":"SERPRO Project Area","source":"COPERNICUS/S2_SR_HARMONIZED","updated_utc":"2026-09-21T09:22:57.924290+00:00"}},{"type":"Feature","geometry":{"type":"Polygon","coordinates":[[[112.55465680258395,-3.185937392934613],[112.55465645333281,-3.185704722811378],[112.55240714505901,-3.1857081304293136],[112.55241053393038,-3.1879690529502938],[112.55320376720502,-3.18796785093927],[112.5540708604,-3.1866891122999994],[112.55465680258395,-3.185937392934613]]]},"properties":{"ndvi":0.815990107020135,"ndmi":0.35478296547645416,"stress":"LOW","NDVI":0.815990107020135,"NDMI":0.35478296547645416,"STRESS":"LOW","ndvi_ytd":0.815990107020135,"ndmi_ytd":0.35478296547645416,"stress_condition":"LOW","analysis_year":2026,"analysis_start":"2026-01-01","analysis_end":"2026-09-21","scene_count":21,"mean_cloud_cover_pct":28.84,"observed_pct":100.0,"temporal_fallback_pct":0.0,"spatial_interpolation_pct":0.0,"total_coverage_pct":100.0,"web_display_coverage_pct":100.0,"no_data_pct":0.0,"confidence":"HIGH","analysis_scale_m":10,"display_grid_m":250,"web_display_scale_m":100,"interpolation_radius_m":150,"composite_method":"2026 year-to-date median + complete spatial gap fill","analysis_crs":"EPSG:32749","output_crs":"EPSG:4326","boundary":"SERPRO Project Area","source":"COPERNICUS/S2_SR_HARMONIZED","updated_utc":"2026-09-21T09:22:57.924295+00:00"}},{"type":"Feature","geometry":{"type":"Polygon","coordinates":[[[112.55483818398451,-3.1857044472796487],[112.55465645333281,-3.185704722811378],[112.55465680258395,-3.185937392934613],[112.5546846736,-3.1859016364999997],[112.55468472120002,-3.1859015767],[112.55483818398451,-3.1857044472796487]]]},"properties":{"ndvi":0.8265394415148447,"ndmi":0.3393579361207907,"stress":"LOW","NDVI":0.8265394415148447,"NDMI":0.3393579361207907,"STRESS":"LOW","ndvi_ytd":0.8265394415148447,"ndmi_ytd":0.3393579361207907,"stress_condition":"LOW","analysis_year":2026,"analysis_start":"2026-01-01","analysis_end":"2026-09-21","scene_count":21,"mean_cloud_cover_pct":28.84,"observed_pct":100.0,"temporal_fallback_pct":0.0,"spatial_interpolation_pct":0.0,"total_coverage_pct":100.0,"web_display_coverage_pct":100.0,"no_data_pct":0.0,"confidence":"HIGH","analysis_scale_m":10,"display_grid_m":250,"web_display_scale_m":100,"interpolation_radius_m":150,"composite_method":"2026 year-to-date median + complete spatial gap fill","analysis_crs":"EPSG:32749","output_crs":"EPSG:4326","boundary":"SERPRO Project Area","source":"COPERNICUS/S2_SR_HARMONIZED","updated_utc":"2026-09-21T09:22:57.924301+00:00"}},{"type":"Feature","geometry":{"type":"Polygon","coordinates":[[[112.61887028012673,-3.187866215846437],[112.61988886237083,-3.18786460620989],[112.61988624262561,-3.186189603988697],[112.61912749280002,-3.1875052032],[112.61887028012673,-3.187866215846437]]]},"properties":{"ndvi":0.6591117876248329,"ndmi":0.10114856489954051,"stress":"MODERATE","NDVI":0.6591117876248329,"NDMI":0.10114856489954051,"STRESS":"MODERATE","ndvi_ytd":0.6591117876248329,"ndmi_ytd":0.10114856489954051,"stress_condition":"MODERATE","analysis_year":2026,"analysis_start":"2026-01-01","analysis_end":"2026-09-21","scene_count":21,"mean_cloud_cover_pct":28.84,"observed_pct":100.0,"temporal_fallback_pct":0.0,"spatial_interpolation_pct":0.0,"total_coverage_pct":100.0,"web_display_coverage_pct":100.0,"no_data_pct":0.0,"confidence":"HIGH","analysis_scale_m":10,"display_grid_m":250,"web_display_scale_m":100,"interpolation_radius_m":150,"composite_method":"2026 year-to-date median + complete spatial gap fill","analysis_crs":"EPSG:32749","output_crs":"EPSG:4326","boundary":"SERPRO Project Area","source":"COPERNICUS/S2_SR_HARMONIZED","updated_utc":"2026-09-21T09:22:57.924306+00:00"}},{"type":"Feature","geometry":{"type":"Polygon","coordinates":[[[112.61988624262561,-3.186189603988697],[112.61988886237083,-3.18786460620989],[112.6221381014261,-3.187861048206972],[112.62213456050048,-3.185600202435273],[112.62021895390596,-3.185603230837872],[112.62011953100001,-3.1857851036],[112.61988624262561,-3.186189603988697]]]},"properties":{"ndvi":0.6477377015817259,"ndmi":0.08112193515022707,"stress":"MODERATE","NDVI":0.6477377015817259,"NDMI":0.08112193515022707,"STRESS":"MODERATE","ndvi_ytd":0.6477377015817259,"ndmi_ytd":0.08112193515022707,"stress_condition":"MODERATE","analysis_year":2026,"analysis_start":"2026-01-01","analysis_end":"2026-09-21","scene_count":21,"mean_cloud_cover_pct":28.84,"observed_pct":100.0,"temporal_fallback_pct":0.0,"spatial_interpolation_pct":0.0,"total_coverage_pct":100.0,"web_display_coverage_pct":100.0,"no_data_pct":0.0,"confidence":"HIGH","analysis_scale_m":10,"display_grid_m":250,"web_display_scale_m":100,"interpolation_radius_m":150,"composite_method":"2026 year-to-date median + complete spatial gap fill","analysis_crs":"EPSG:32749","output_crs":"EPSG:4326","boundary":"SERPRO Project Area","source":"COPERNICUS/S2_SR_HARMONIZED","updated_utc":"2026-09-21T09:22:57.924311+00:00"}},{"type":"Feature","geometry":{"type":"Polygon","coordinates":[[[112.6221381014261,-3.187861048206972],[112.62438733795642,-3.187857485272416],[112.62438379212624,-3.1855966420325736],[112.62213456050048,-3.185600202435273],[112.6221381014261,-3.187861048206972]]]},"properties":{"ndvi":0.6464397000789642,"ndmi":0.11584538717095275,"stress":"MODERATE","NDVI":0.6464397000789642,"NDMI":0.11584538717095275,"STRESS":"MODERATE","ndvi_ytd":0.6464397000789642,"ndmi_ytd":0.11584538717095275,"stress_condition":"MODERATE","analysis_year":2026,"analysis_start":"2026-01-01","analysis_end":"2026-09-21","scene_count":21,"mean_cloud_cover_pct":28.84,"observed_pct":100.0,"temporal_fallback_pct":0.0,"spatial_interpolation_pct":0.0,"total_coverage_pct":100.0,"web_display_coverage_pct":100.0,"no_data_pct":0.0,"confidence":"HIGH","analysis_scale_m":10,"display_grid_m":250,"web_display_scale_m":100,"interpolation_radius_m":150,"composite_method":"2026 year-to-date median + complete spatial gap fill","analysis_crs":"EPSG:32749","output_crs":"EPSG:4326","boundary":"SERPRO Project Area","source":"COPERNICUS/S2_SR_HARMONIZED","updated_utc":"2026-09-21T09:22:57.924316+00:00"}},{"type":"Feature","geometry":{"type":"Polygon","coordinates":[[[112.62438733795642,-3.187857485272416],[112.62663657195817,-3.1878539174062452],[112.62663302122351,-3.185593076701765],[112.62438379212624,-3.1855966420325736],[112.62438733795642,-3.187857485272416]]]},"properties":{"ndvi":0.808595685005188,"ndmi":0.3179946611404419,"stress":"LOW","NDVI":0.808595685005188,"NDMI":0.3179946611404419,"STRESS":"LOW","ndvi_ytd":0.808595685005188,"ndmi_ytd":0.3179946611404419,"stress_condition":"LOW","analysis_year":2026,"analysis_start":"2026-01-01","analysis_end":"2026-09-21","scene_count":21,"mean_cloud_cover_pct":28.84,"observed_pct":100.0,"temporal_fallback_pct":0.0,"spatial_interpolation_pct":0.0,"total_coverage_pct":100.0,"web_display_coverage_pct":100.0,"no_data_pct":0.0,"confidence":"HIGH","analysis_scale_m":10,"display_grid_m":250,"web_display_scale_m":100,"interpolation_radius_m":150,"composite_method":"2026 year-to-date median + complete spatial gap fill","analysis_crs":"EPSG:32749","output_crs":"EPSG:4326","boundary":"SERPRO Project Area","source":"COPERNICUS/S2_SR_HARMONIZED","updated_utc":"2026-09-21T09:22:57.924322+00:00"}},{"type":"Feature","geometry":{"type":"Polygon","coordinates":[[[112.62663657195817,-3.1878539174062452],[112.62888580342798,-3.1878503446084907],[112.62888224778878,-3.1855895064428768],[112.62663302122351,-3.185593076701765],[112.62663657195817,-3.1878539174062452]]]},"properties":{"ndvi":0.6712789735794067,"ndmi":0.09893396494751797,"stress":"MODERATE","NDVI":0.6712789735794067,"NDMI":0.09893396494751797,"STRESS":"MODERATE","ndvi_ytd":0.6712789735794067,"ndmi_ytd":0.09893396494751797,"stress_condition":"MODERATE","analysis_year":2026,"analysis_start":"2026-01-01","analysis_end":"2026-09-21","scene_count":21,"mean_cloud_cover_pct":28.84,"observed_pct":100.0,"temporal_fallback_pct":0.0,"spatial_interpolation_pct":0.0,"total_coverage_pct":100.0,"web_display_coverage_pct":100.0,"no_data_pct":0.0,"confidence":"HIGH","analysis_scale_m":10,"display_grid_m":250,"web_display_scale_m":100,"interpolation_radius_m":150,"composite_method":"2026 year-to-date median + complete spatial gap fill","analysis_crs":"EPSG:32749","output_crs":"EPSG:4326","boundary":"SERPRO Project Area","source":"COPERNICUS/S2_SR_HARMONIZED","updated_utc":"2026-09-21T09:22:57.924327+00:00"}},{"type":"Feature","geometry":{"type":"Polygon","coordinates":[[[112.63101686272147,-3.1855861135478625],[112.62888224778878,-3.1855895064428768],[112.62888580342798,-3.1878503446084907],[112.63113503236227,-3.187846766879179],[112.63113216197773,-3.1860241618225937],[112.63101686272147,-3.1855861135478625]]]},"properties":{"ndvi":0.690895842705453,"ndmi":0.1336288431849821,"stress":"MODERATE","NDVI":0.690895842705453,"NDMI":0.1336288431849821,"STRESS":"MODERATE","ndvi_ytd":0.690895842705453,"ndmi_ytd":0.1336288431849821,"stress_condition":"MODERATE","analysis_year":2026,"analysis_start":"2026-01-01","analysis_end":"2026-09-21","scene_count":21,"mean_cloud_cover_pct":28.84,"observed_pct":100.0,"temporal_fallback_pct":0.0,"spatial_interpolation_pct":0.0,"total_coverage_pct":100.0,"web_display_coverage_pct":100.0,"no_data_pct":0.0,"confidence":"HIGH","analysis_scale_m":10,"display_grid_m":250,"web_display_scale_m":100,"interpolation_radius_m":150,"composite_method":"2026 year-to-date median + complete spatial gap fill","analysis_crs":"EPSG:32749","output_crs":"EPSG:4326","boundary":"SERPRO Project Area","source":"COPERNICUS/S2_SR_HARMONIZED","updated_utc":"2026-09-21T09:22:57.924333+00:00"}},{"type":"Feature","geometry":{"type":"Polygon","coordinates":[[[112.63113216197773,-3.1860241618225937],[112.63113503236227,-3.187846766879179],[112.63161169358078,-3.1878460080428646],[112.63113216197773,-3.1860241618225937]]]},"properties":{"ndvi":0.6418750359721258,"ndmi":0.07699493401109746,"stress":"MODERATE","NDVI":0.6418750359721258,"NDMI":0.07699493401109746,"STRESS":"MODERATE","ndvi_ytd":0.6418750359721258,"ndmi_ytd":0.07699493401109746,"stress_condition":"MODERATE","analysis_year":2026,"analysis_start":"2026-01-01","analysis_end":"2026-09-21","scene_count":21,"mean_cloud_cover_pct":28.84,"observed_pct":100.0,"temporal_fallback_pct":0.0,"spatial_interpolation_pct":0.0,"total_coverage_pct":100.0,"web_display_coverage_pct":100.0,"no_data_pct":0.0,"confidence":"HIGH","analysis_scale_m":10,"display_grid_m":250,"web_display_scale_m":100,"interpolation_radius_m":150,"composite_method":"2026 year-to-date median + complete spatial gap fill","analysis_crs":"EPSG:32749","output_crs":"EPSG:4326","boundary":"SERPRO Project Area","source":"COPERNICUS/S2_SR_HARMONIZED","updated_utc":"2026-09-21T09:22:57.924338+00:00"}},{"type":"Feature","geometry":{"type":"Polygon","coordinates":[[[112.50676283124297,-3.1857762141990733],[112.50742047675837,-3.1857752476703283],[112.5074198824414,-3.185366621660746],[112.50726419350002,-3.1854738651],[112.50676283124297,-3.1857762141990733]]]},"properties":{"ndvi":0.46769408536003815,"ndmi":-0.03898293784452824,"stress":"HIGH","NDVI":0.46769408536003815,"NDMI":-0.03898293784452824,"STRESS":"HIGH","ndvi_ytd":0.46769408536003815,"ndmi_ytd":-0.03898293784452824,"stress_condition":"HIGH","analysis_year":2026,"analysis_start":"2026-01-01","analysis_end":"2026-09-21","scene_count":21,"mean_cloud_cover_pct":28.84,"observed_pct":100.0,"temporal_fallback_pct":0.0,"spatial_interpolation_pct":0.0,"total_coverage_pct":100.0,"web_display_coverage_pct":100.0,"no_data_pct":0.0,"confidence":"HIGH","analysis_scale_m":10,"display_grid_m":250,"web_display_scale_m":100,"interpolation_radius_m":150,"composite_method":"2026 year-to-date median + complete spatial gap fill","analysis_crs":"EPSG:32749","output_crs":"EPSG:4326","boundary":"SERPRO Project Area","source":"COPERNICUS/S2_SR_HARMONIZED","updated_utc":"2026-09-21T09:22:57.924344+00:00"}},{"type":"Feature","geometry":{"type":"Polygon","coordinates":[[[112.5074198824414,-3.185366621660746],[112.50742047675837,-3.1857752476703283],[112.50966983269866,-3.185771938636669],[112.50966681374827,-3.183699330775771],[112.50896644600002,-3.1842498772],[112.5087297319,-3.1844267776],[112.50872958270001,-3.1844268881],[112.50872944160001,-3.1844269941],[112.50872911800002,-3.1844272370000004],[112.5084996945,-3.1845992022000003],[112.5081119541,-3.1848907471000003],[112.507666187,-3.1851969596000003],[112.50766599550002,-3.1851970919],[112.50766592450002,-3.1851971399],[112.5076658814,-3.1851971698],[112.50766487200002,-3.185197865],[112.5076645223,-3.1851981061000005],[112.5076638248,-3.1851985864],[112.5074198824414,-3.185366621660746]]]},"properties":{"ndvi":0.7025954035141941,"ndmi":0.16064842142502797,"stress":"MODERATE","NDVI":0.7025954035141941,"NDMI":0.16064842142502797,"STRESS":"MODERATE","ndvi_ytd":0.7025954035141941,"ndmi_ytd":0.16064842142502797,"stress_condition":"MODERATE","analysis_year":2026,"analysis_start":"2026-01-01","analysis_end":"2026-09-21","scene_count":21,"mean_cloud_cover_pct":28.84,"observed_pct":100.0,"temporal_fallback_pct":0.0,"spatial_interpolation_pct":0.0,"total_coverage_pct":100.0,"web_display_coverage_pct":100.0,"no_data_pct":0.0,"confidence":"HIGH","analysis_scale_m":10,"display_grid_m":250,"web_display_scale_m":100,"interpolation_radius_m":150,"composite_method":"2026 year-to-date median + complete spatial gap fill","analysis_crs":"EPSG:32749","output_crs":"EPSG:4326","boundary":"SERPRO Project Area","source":"COPERNICUS/S2_SR_HARMONIZED","updated_utc":"2026-09-21T09:22:57.924350+00:00"}},{"type":"Feature","geometry":{"type":"Polygon","coordinates":[[[112.50966681374827,-3.183699330775771],[112.50966983269866,-3.185771938636669],[112.51191918628886,-3.1857686246735524],[112.51191588807224,-3.183507659031325],[112.50992798139197,-3.18351058598099],[112.5097064972,-3.1836681363],[112.50966681374827,-3.183699330775771]]]},"properties":{"ndvi":0.6780665837758348,"ndmi":0.13138190470009214,"stress":"MODERATE","NDVI":0.6780665837758348,"NDMI":0.13138190470009214,"STRESS":"MODERATE","ndvi_ytd":0.6780665837758348,"ndmi_ytd":0.13138190470009214,"stress_condition":"MODERATE","analysis_year":2026,"analysis_start":"2026-01-01","analysis_end":"2026-09-21","scene_count":21,"mean_cloud_cover_pct":28.84,"observed_pct":100.0,"temporal_fallback_pct":0.0,"spatial_interpolation_pct":0.0,"total_coverage_pct":100.0,"web_display_coverage_pct":100.0,"no_data_pct":0.0,"confidence":"HIGH","analysis_scale_m":10,"display_grid_m":250,"web_display_scale_m":100,"interpolation_radius_m":150,"composite_method":"2026 year-to-date median + complete spatial gap fill","analysis_crs":"EPSG:32749","output_crs":"EPSG:4326","boundary":"SERPRO Project Area","source":"COPERNICUS/S2_SR_HARMONIZED","updated_utc":"2026-09-21T09:22:57.924355+00:00"}},{"type":"Feature","geometry":{"type":"Polygon","coordinates":[[[112.51191918628886,-3.1857686246735524],[112.51416853752546,-3.1857653057810014],[112.5141652344065,-3.183504342498881],[112.51191588807224,-3.183507659031325],[112.51191918628886,-3.1857686246735524]]]},"properties":{"ndvi":0.6330694250583648,"ndmi":0.09863771639745683,"stress":"MODERATE","NDVI":0.6330694250583648,"NDMI":0.09863771639745683,"STRESS":"MODERATE","ndvi_ytd":0.6330694250583648,"ndmi_ytd":0.09863771639745683,"stress_condition":"MODERATE","analysis_year":2026,"analysis_start":"2026-01-01","analysis_end":"2026-09-21","scene_count":21,"mean_cloud_cover_pct":28.84,"observed_pct":100.0,"temporal_fallback_pct":0.0,"spatial_interpolation_pct":0.0,"total_coverage_pct":100.0,"web_display_coverage_pct":100.0,"no_data_pct":0.0,"confidence":"HIGH","analysis_scale_m":10,"display_grid_m":250,"web_display_scale_m":100,"interpolation_radius_m":150,"composite_method":"2026 year-to-date median + complete spatial gap fill","analysis_crs":"EPSG:32749","output_crs":"EPSG:4326","boundary":"SERPRO Project Area","source":"COPERNICUS/S2_SR_HARMONIZED","updated_utc":"2026-09-21T09:22:57.924360+00:00"}},{"type":"Feature","geometry":{"type":"Polygon","coordinates":[[[112.51416853752546,-3.1857653057810014],[112.516417886405,-3.1857619819590437],[112.51641457838372,-3.1835010210405357],[112.5141652344065,-3.183504342498881],[112.51416853752546,-3.1857653057810014]]]},"properties":{"ndvi":0.7694458771705628,"ndmi":0.26100466841459274,"stress":"LOW","NDVI":0.7694458771705628,"NDMI":0.26100466841459274,"STRESS":"LOW","ndvi_ytd":0.7694458771705628,"ndmi_ytd":0.26100466841459274,"stress_condition":"LOW","analysis_year":2026,"analysis_start":"2026-01-01","analysis_end":"2026-09-21","scene_count":21,"mean_cloud_cover_pct":28.84,"observed_pct":100.0,"temporal_fallback_pct":0.0,"spatial_interpolation_pct":0.0,"total_coverage_pct":100.0,"web_display_coverage_pct":100.0,"no_data_pct":0.0,"confidence":"HIGH","analysis_scale_m":10,"display_grid_m":250,"web_display_scale_m":100,"interpolation_radius_m":150,"composite_method":"2026 year-to-date median + complete spatial gap fill","analysis_crs":"EPSG:32749","output_crs":"EPSG:4326","boundary":"SERPRO Project Area","source":"COPERNICUS/S2_SR_HARMONIZED","updated_utc":"2026-09-21T09:22:57.924365+00:00"}},{"type":"Feature","geometry":{"type":"Polygon","coordinates":[[[112.516417886405,-3.1857619819590437],[112.51866723292392,-3.185758653207704],[112.51866392000036,-3.1834976946563134],[112.51641457838372,-3.1835010210405357],[112.516417886405,-3.1857619819590437]]]},"properties":{"ndvi":0.8304142693519593,"ndmi":0.38870073466300964,"stress":"LOW","NDVI":0.8304142693519593,"NDMI":0.38870073466300964,"STRESS":"LOW","ndvi_ytd":0.8304142693519593,"ndmi_ytd":0.38870073466300964,"stress_condition":"LOW","analysis_year":2026,"analysis_start":"2026-01-01","analysis_end":"2026-09-21","scene_count":21,"mean_cloud_cover_pct":28.84,"observed_pct":100.0,"temporal_fallback_pct":0.0,"spatial_interpolation_pct":0.0,"total_coverage_pct":100.0,"web_display_coverage_pct":100.0,"no_data_pct":0.0,"confidence":"HIGH","analysis_scale_m":10,"display_grid_m":250,"web_display_scale_m":100,"interpolation_radius_m":150,"composite_method":"2026 year-to-date median + complete spatial gap fill","analysis_crs":"EPSG:32749","output_crs":"EPSG:4326","boundary":"SERPRO Project Area","source":"COPERNICUS/S2_SR_HARMONIZED","updated_utc":"2026-09-21T09:22:57.924371+00:00"}},{"type":"Feature","geometry":{"type":"Polygon","coordinates":[[[112.51866723292392,-3.185758653207704],[112.5209165770788,-3.1857553195270074],[112.52091325925295,-3.18349436334624],[112.51866392000036,-3.1834976946563134],[112.51866723292392,-3.185758653207704]]]},"properties":{"ndvi":0.832892276096344,"ndmi":0.3946850107908249,"stress":"LOW","NDVI":0.832892276096344,"NDMI":0.3946850107908249,"STRESS":"LOW","ndvi_ytd":0.832892276096344,"ndmi_ytd":0.3946850107908249,"stress_condition":"LOW","analysis_year":2026,"analysis_start":"2026-01-01","analysis_end":"2026-09-21","scene_count":21,"mean_cloud_cover_pct":28.84,"observed_pct":100.0,"temporal_fallback_pct":0.0,"spatial_interpolation_pct":0.0,"total_coverage_pct":100.0,"web_display_coverage_pct":100.0,"no_data_pct":0.0,"confidence":"HIGH","analysis_scale_m":10,"display_grid_m":250,"web_display_scale_m":100,"interpolation_radius_m":150,"composite_method":"2026 year-to-date median + complete spatial gap fill","analysis_crs":"EPSG:32749","output_crs":"EPSG:4326","boundary":"SERPRO Project Area","source":"COPERNICUS/S2_SR_HARMONIZED","updated_utc":"2026-09-21T09:22:57.924376+00:00"}},{"type":"Feature","geometry":{"type":"Polygon","coordinates":[[[112.5209165770788,-3.1857553195270074],[112.52316591886607,-3.185751980916982],[112.523162596138,-3.1834910271103416],[112.52091325925295,-3.18349436334624],[112.5209165770788,-3.1857553195270074]]]},"properties":{"ndvi":0.7969601607322693,"ndmi":0.34864885315895083,"stress":"LOW","NDVI":0.7969601607322693,"NDMI":0.34864885315895083,"STRESS":"LOW","ndvi_ytd":0.7969601607322693,"ndmi_ytd":0.34864885315895083,"stress_condition":"LOW","analysis_year":2026,"analysis_start":"2026-01-01","analysis_end":"2026-09-21","scene_count":21,"mean_cloud_cover_pct":28.84,"observed_pct":100.0,"temporal_fallback_pct":0.0,"spatial_interpolation_pct":0.0,"total_coverage_pct":100.0,"web_display_coverage_pct":100.0,"no_data_pct":0.0,"confidence":"HIGH","analysis_scale_m":10,"display_grid_m":250,"web_display_scale_m":100,"interpolation_radius_m":150,"composite_method":"2026 year-to-date median + complete spatial gap fill","analysis_crs":"EPSG:32749","output_crs":"EPSG:4326","boundary":"SERPRO Project Area","source":"COPERNICUS/S2_SR_HARMONIZED","updated_utc":"2026-09-21T09:22:57.924381+00:00"}},{"type":"Feature","geometry":{"type":"Polygon","coordinates":[[[112.52316591886607,-3.185751980916982],[112.52541525828227,-3.18574863737765],[112.52541193065197,-3.1834876859486436],[112.523162596138,-3.1834910271103416],[112.52316591886607,-3.185751980916982]]]},"properties":{"ndvi":0.7749623697280884,"ndmi":0.3311510215044022,"stress":"LOW","NDVI":0.7749623697280884,"NDMI":0.3311510215044022,"STRESS":"LOW","ndvi_ytd":0.7749623697280884,"ndmi_ytd":0.3311510215044022,"stress_condition":"LOW","analysis_year":2026,"analysis_start":"2026-01-01","analysis_end":"2026-09-21","scene_count":21,"mean_cloud_cover_pct":28.84,"observed_pct":100.0,"temporal_fallback_pct":0.0,"spatial_interpolation_pct":0.0,"total_coverage_pct":100.0,"web_display_coverage_pct":100.0,"no_data_pct":0.0,"confidence":"HIGH","analysis_scale_m":10,"display_grid_m":250,"web_display_scale_m":100,"interpolation_radius_m":150,"composite_method":"2026 year-to-date median + complete spatial gap fill","analysis_crs":"EPSG:32749","output_crs":"EPSG:4326","boundary":"SERPRO Project Area","source":"COPERNICUS/S2_SR_HARMONIZED","updated_utc":"2026-09-21T09:22:57.924386+00:00"}},{"type":"Feature","geometry":{"type":"Polygon","coordinates":[[[112.52541525828227,-3.18574863737765],[112.52766459532386,-3.1857452889090396],[112.5276612627914,-3.183484339861172],[112.52541193065197,-3.1834876859486436],[112.52541525828227,-3.18574863737765]]]},"properties":{"ndvi":0.8220391836166382,"ndmi":0.39506886909008027,"stress":"LOW","NDVI":0.8220391836166382,"NDMI":0.39506886909008027,"STRESS":"LOW","ndvi_ytd":0.8220391836166382,"ndmi_ytd":0.39506886909008027,"stress_condition":"LOW","analysis_year":2026,"analysis_start":"2026-01-01","analysis_end":"2026-09-21","scene_count":21,"mean_cloud_cover_pct":28.84,"observed_pct":100.0,"temporal_fallback_pct":0.0,"spatial_interpolation_pct":0.0,"total_coverage_pct":100.0,"web_display_coverage_pct":100.0,"no_data_pct":0.0,"confidence":"HIGH","analysis_scale_m":10,"display_grid_m":250,"web_display_scale_m":100,"interpolation_radius_m":150,"composite_method":"2026 year-to-date median + complete spatial gap fill","analysis_crs":"EPSG:32749","output_crs":"EPSG:4326","boundary":"SERPRO Project Area","source":"COPERNICUS/S2_SR_HARMONIZED","updated_utc":"2026-09-21T09:22:57.924391+00:00"}},{"type":"Feature","geometry":{"type":"Polygon","coordinates":[[[112.52766459532386,-3.1857452889090396],[112.5299139299874,-3.1857419355111753],[112.52991059255278,-3.183480988847953],[112.5276612627914,-3.183484339861172],[112.52766459532386,-3.1857452889090396]]]},"properties":{"ndvi":0.8137360023021698,"ndmi":0.35963226172588764,"stress":"LOW","NDVI":0.8137360023021698,"NDMI":0.35963226172588764,"STRESS":"LOW","ndvi_ytd":0.8137360023021698,"ndmi_ytd":0.35963226172588764,"stress_condition":"LOW","analysis_year":2026,"analysis_start":"2026-01-01","analysis_end":"2026-09-21","scene_count":21,"mean_cloud_cover_pct":28.84,"observed_pct":100.0,"temporal_fallback_pct":0.0,"spatial_interpolation_pct":0.0,"total_coverage_pct":100.0,"web_display_coverage_pct":100.0,"no_data_pct":0.0,"confidence":"HIGH","analysis_scale_m":10,"display_grid_m":250,"web_display_scale_m":100,"interpolation_radius_m":150,"composite_method":"2026 year-to-date median + complete spatial gap fill","analysis_crs":"EPSG:32749","output_crs":"EPSG:4326","boundary":"SERPRO Project Area","source":"COPERNICUS/S2_SR_HARMONIZED","updated_utc":"2026-09-21T09:22:57.924397+00:00"}},{"type":"Feature","geometry":{"type":"Polygon","coordinates":[[[112.5299139299874,-3.1857419355111753],[112.53216326226936,-3.1857385771840847],[112.53215991993261,-3.18347763290901],[112.52991059255278,-3.183480988847953],[112.5299139299874,-3.1857419355111753]]]},"properties":{"ndvi":0.7933290660858154,"ndmi":0.3321071830511093,"stress":"LOW","NDVI":0.7933290660858154,"NDMI":0.3321071830511093,"STRESS":"LOW","ndvi_ytd":0.7933290660858154,"ndmi_ytd":0.3321071830511093,"stress_condition":"LOW","analysis_year":2026,"analysis_start":"2026-01-01","analysis_end":"2026-09-21","scene_count":21,"mean_cloud_cover_pct":28.84,"observed_pct":100.0,"temporal_fallback_pct":0.0,"spatial_interpolation_pct":0.0,"total_coverage_pct":100.0,"web_display_coverage_pct":100.0,"no_data_pct":0.0,"confidence":"HIGH","analysis_scale_m":10,"display_grid_m":250,"web_display_scale_m":100,"interpolation_radius_m":150,"composite_method":"2026 year-to-date median + complete spatial gap fill","analysis_crs":"EPSG:32749","output_crs":"EPSG:4326","boundary":"SERPRO Project Area","source":"COPERNICUS/S2_SR_HARMONIZED","updated_utc":"2026-09-21T09:22:57.924402+00:00"}},{"type":"Feature","geometry":{"type":"Polygon","coordinates":[[[112.53216326226936,-3.1857385771840847],[112.53441259216628,-3.1857352139277926],[112.53440924492737,-3.1834742720443727],[112.53215991993261,-3.18347763290901],[112.53216326226936,-3.1857385771840847]]]},"properties":{"ndvi":0.8156735335350037,"ndmi":0.3637179298400879,"stress":"LOW","NDVI":0.8156735335350037,"NDMI":0.3637179298400879,"STRESS":"LOW","ndvi_ytd":0.8156735335350037,"ndmi_ytd":0.3637179298400879,"stress_condition":"LOW","analysis_year":2026,"analysis_start":"2026-01-01","analysis_end":"2026-09-21","scene_count":21,"mean_cloud_cover_pct":28.84,"observed_pct":100.0,"temporal_fallback_pct":0.0,"spatial_interpolation_pct":0.0,"total_coverage_pct":100.0,"web_display_coverage_pct":100.0,"no_data_pct":0.0,"confidence":"HIGH","analysis_scale_m":10,"display_grid_m":250,"web_display_scale_m":100,"interpolation_radius_m":150,"composite_method":"2026 year-to-date median + complete spatial gap fill","analysis_crs":"EPSG:32749","output_crs":"EPSG:4326","boundary":"SERPRO Project Area","source":"COPERNICUS/S2_SR_HARMONIZED","updated_utc":"2026-09-21T09:22:57.924407+00:00"}},{"type":"Feature","geometry":{"type":"Polygon","coordinates":[[[112.53441259216628,-3.1857352139277926],[112.53666191967457,-3.185731845742323],[112.53665856753362,-3.183470906254063],[112.53440924492737,-3.1834742720443727],[112.53441259216628,-3.1857352139277926]]]},"properties":{"ndvi":0.8621942879676819,"ndmi":0.44549002063274384,"stress":"STABLE","NDVI":0.8621942879676819,"NDMI":0.44549002063274384,"STRESS":"STABLE","ndvi_ytd":0.8621942879676819,"ndmi_ytd":0.44549002063274384,"stress_condition":"STABLE","analysis_year":2026,"analysis_start":"2026-01-01","analysis_end":"2026-09-21","scene_count":21,"mean_cloud_cover_pct":28.84,"observed_pct":100.0,"temporal_fallback_pct":0.0,"spatial_interpolation_pct":0.0,"total_coverage_pct":100.0,"web_display_coverage_pct":100.0,"no_data_pct":0.0,"confidence":"HIGH","analysis_scale_m":10,"display_grid_m":250,"web_display_scale_m":100,"interpolation_radius_m":150,"composite_method":"2026 year-to-date median + complete spatial gap fill","analysis_crs":"EPSG:32749","output_crs":"EPSG:4326","boundary":"SERPRO Project Area","source":"COPERNICUS/S2_SR_HARMONIZED","updated_utc":"2026-09-21T09:22:57.924412+00:00"}},{"type":"Feature","geometry":{"type":"Polygon","coordinates":[[[112.53666191967457,-3.185731845742323],[112.53891124479084,-3.185728472627706],[112.53890788774783,-3.1834675355381106],[112.53665856753362,-3.183470906254063],[112.53666191967457,-3.185731845742323]]]},"properties":{"ndvi":0.8557659514427185,"ndmi":0.4449690745353699,"stress":"STABLE","NDVI":0.8557659514427185,"NDMI":0.4449690745353699,"STRESS":"STABLE","ndvi_ytd":0.8557659514427185,"ndmi_ytd":0.4449690745353699,"stress_condition":"STABLE","analysis_year":2026,"analysis_start":"2026-01-01","analysis_end":"2026-09-21","scene_count":21,"mean_cloud_cover_pct":28.84,"observed_pct":100.0,"temporal_fallback_pct":0.0,"spatial_interpolation_pct":0.0,"total_coverage_pct":100.0,"web_display_coverage_pct":100.0,"no_data_pct":0.0,"confidence":"HIGH","analysis_scale_m":10,"display_grid_m":250,"web_display_scale_m":100,"interpolation_radius_m":150,"composite_method":"2026 year-to-date median + complete spatial gap fill","analysis_crs":"EPSG:32749","output_crs":"EPSG:4326","boundary":"SERPRO Project Area","source":"COPERNICUS/S2_SR_HARMONIZED","updated_utc":"2026-09-21T09:22:57.924417+00:00"}},{"type":"Feature","geometry":{"type":"Polygon","coordinates":[[[112.53891124479084,-3.185728472627706],[112.5411605675115,-3.185725094583964],[112.54115720556646,-3.183464159896539],[112.53890788774783,-3.1834675355381106],[112.53891124479084,-3.185728472627706]]]},"properties":{"ndvi":0.8618540914535523,"ndmi":0.4495837580680847,"stress":"STABLE","NDVI":0.8618540914535523,"NDMI":0.4495837580680847,"STRESS":"STABLE","ndvi_ytd":0.8618540914535523,"ndmi_ytd":0.4495837580680847,"stress_condition":"STABLE","analysis_year":2026,"analysis_start":"2026-01-01","analysis_end":"2026-09-21","scene_count":21,"mean_cloud_cover_pct":28.84,"observed_pct":100.0,"temporal_fallback_pct":0.0,"spatial_interpolation_pct":0.0,"total_coverage_pct":100.0,"web_display_coverage_pct":100.0,"no_data_pct":0.0,"confidence":"HIGH","analysis_scale_m":10,"display_grid_m":250,"web_display_scale_m":100,"interpolation_radius_m":150,"composite_method":"2026 year-to-date median + complete spatial gap fill","analysis_crs":"EPSG:32749","output_crs":"EPSG:4326","boundary":"SERPRO Project Area","source":"COPERNICUS/S2_SR_HARMONIZED","updated_utc":"2026-09-21T09:22:57.924423+00:00"}},{"type":"Feature","geometry":{"type":"Polygon","coordinates":[[[112.5411605675115,-3.185725094583964],[112.54340988783314,-3.1857217116111256],[112.54340652098607,-3.1834607793293745],[112.54115720556646,-3.183464159896539],[112.5411605675115,-3.185725094583964]]]},"properties":{"ndvi":0.8629310312271118,"ndmi":0.44241251764297485,"stress":"STABLE","NDVI":0.8629310312271118,"NDMI":0.44241251764297485,"STRESS":"STABLE","ndvi_ytd":0.8629310312271118,"ndmi_ytd":0.44241251764297485,"stress_condition":"STABLE","analysis_year":2026,"analysis_start":"2026-01-01","analysis_end":"2026-09-21","scene_count":21,"mean_cloud_cover_pct":28.84,"observed_pct":100.0,"temporal_fallback_pct":0.0,"spatial_interpolation_pct":0.0,"total_coverage_pct":100.0,"web_display_coverage_pct":100.0,"no_data_pct":0.0,"confidence":"HIGH","analysis_scale_m":10,"display_grid_m":250,"web_display_scale_m":100,"interpolation_radius_m":150,"composite_method":"2026 year-to-date median + complete spatial gap fill","analysis_crs":"EPSG:32749","output_crs":"EPSG:4326","boundary":"SERPRO Project Area","source":"COPERNICUS/S2_SR_HARMONIZED","updated_utc":"2026-09-21T09:22:57.924428+00:00"}},{"type":"Feature","geometry":{"type":"Polygon","coordinates":[[[112.54340988783314,-3.1857217116111256],[112.54565920575219,-3.1857183237092146],[112.54565583400316,-3.1834573938366444],[112.54340652098607,-3.1834607793293745],[112.54340988783314,-3.1857217116111256]]]},"properties":{"ndvi":0.8558117998123169,"ndmi":0.4302386420249939,"stress":"STABLE","NDVI":0.8558117998123169,"NDMI":0.4302386420249939,"STRESS":"STABLE","ndvi_ytd":0.8558117998123169,"ndmi_ytd":0.4302386420249939,"stress_condition":"STABLE","analysis_year":2026,"analysis_start":"2026-01-01","analysis_end":"2026-09-21","scene_count":21,"mean_cloud_cover_pct":28.84,"observed_pct":100.0,"temporal_fallback_pct":0.0,"spatial_interpolation_pct":0.0,"total_coverage_pct":100.0,"web_display_coverage_pct":100.0,"no_data_pct":0.0,"confidence":"HIGH","analysis_scale_m":10,"display_grid_m":250,"web_display_scale_m":100,"interpolation_radius_m":150,"composite_method":"2026 year-to-date median + complete spatial gap fill","analysis_crs":"EPSG:32749","output_crs":"EPSG:4326","boundary":"SERPRO Project Area","source":"COPERNICUS/S2_SR_HARMONIZED","updated_utc":"2026-09-21T09:22:57.924434+00:00"}},{"type":"Feature","geometry":{"type":"Polygon","coordinates":[[[112.54565920575219,-3.1857183237092146],[112.54790852126517,-3.185714930878258],[112.54790514461419,-3.1834540034183734],[112.54565583400316,-3.1834573938366444],[112.54565920575219,-3.1857183237092146]]]},"properties":{"ndvi":0.8611911281585694,"ndmi":0.43532968487739565,"stress":"STABLE","NDVI":0.8611911281585694,"NDMI":0.43532968487739565,"STRESS":"STABLE","ndvi_ytd":0.8611911281585694,"ndmi_ytd":0.43532968487739565,"stress_condition":"STABLE","analysis_year":2026,"analysis_start":"2026-01-01","analysis_end":"2026-09-21","scene_count":21,"mean_cloud_cover_pct":28.84,"observed_pct":100.0,"temporal_fallback_pct":0.0,"spatial_interpolation_pct":0.0,"total_coverage_pct":100.0,"web_display_coverage_pct":100.0,"no_data_pct":0.0,"confidence":"HIGH","analysis_scale_m":10,"display_grid_m":250,"web_display_scale_m":100,"interpolation_radius_m":150,"composite_method":"2026 year-to-date median + complete spatial gap fill","analysis_crs":"EPSG:32749","output_crs":"EPSG:4326","boundary":"SERPRO Project Area","source":"COPERNICUS/S2_SR_HARMONIZED","updated_utc":"2026-09-21T09:22:57.924439+00:00"}},{"type":"Feature","geometry":{"type":"Polygon","coordinates":[[[112.54790852126517,-3.185714930878258],[112.55015783436862,-3.1857115331182824],[112.5501544528157,-3.1834506080745877],[112.54790514461419,-3.1834540034183734],[112.54790852126517,-3.185714930878258]]]},"properties":{"ndvi":0.8651918599128723,"ndmi":0.44360568079948426,"stress":"STABLE","NDVI":0.8651918599128723,"NDMI":0.44360568079948426,"STRESS":"STABLE","ndvi_ytd":0.8651918599128723,"ndmi_ytd":0.44360568079948426,"stress_condition":"STABLE","analysis_year":2026,"analysis_start":"2026-01-01","analysis_end":"2026-09-21","scene_count":21,"mean_cloud_cover_pct":28.84,"observed_pct":100.0,"temporal_fallback_pct":0.0,"spatial_interpolation_pct":0.0,"total_coverage_pct":100.0,"web_display_coverage_pct":100.0,"no_data_pct":0.0,"confidence":"HIGH","analysis_scale_m":10,"display_grid_m":250,"web_display_scale_m":100,"interpolation_radius_m":150,"composite_method":"2026 year-to-date median + complete spatial gap fill","analysis_crs":"EPSG:32749","output_crs":"EPSG:4326","boundary":"SERPRO Project Area","source":"COPERNICUS/S2_SR_HARMONIZED","updated_utc":"2026-09-21T09:22:57.924445+00:00"}},{"type":"Feature","geometry":{"type":"Polygon","coordinates":[[[112.55015783436862,-3.1857115331182824],[112.55240714505901,-3.1857081304293136],[112.55240375860417,-3.183447207805315],[112.5501544528157,-3.1834506080745877],[112.55015783436862,-3.1857115331182824]]]},"properties":{"ndvi":0.8677298579216003,"ndmi":0.44817457189559934,"stress":"STABLE","NDVI":0.8677298579216003,"NDMI":0.44817457189559934,"STRESS":"STABLE","ndvi_ytd":0.8677298579216003,"ndmi_ytd":0.44817457189559934,"stress_condition":"STABLE","analysis_year":2026,"analysis_start":"2026-01-01","analysis_end":"2026-09-21","scene_count":21,"mean_cloud_cover_pct":28.84,"observed_pct":100.0,"temporal_fallback_pct":0.0,"spatial_interpolation_pct":0.0,"total_coverage_pct":100.0,"web_display_coverage_pct":100.0,"no_data_pct":0.0,"confidence":"HIGH","analysis_scale_m":10,"display_grid_m":250,"web_display_scale_m":100,"interpolation_radius_m":150,"composite_method":"2026 year-to-date median + complete spatial gap fill","analysis_crs":"EPSG:32749","output_crs":"EPSG:4326","boundary":"SERPRO Project Area","source":"COPERNICUS/S2_SR_HARMONIZED","updated_utc":"2026-09-21T09:22:57.924450+00:00"}},{"type":"Feature","geometry":{"type":"Polygon","coordinates":[[[112.55240714505901,-3.1857081304293136],[112.55465645333281,-3.185704722811378],[112.55465306197613,-3.18344380261058],[112.55240375860417,-3.183447207805315],[112.55240714505901,-3.1857081304293136]]]},"properties":{"ndvi":0.8522421936035156,"ndmi":0.41310722770690916,"stress":"STABLE","NDVI":0.8522421936035156,"NDMI":0.41310722770690916,"STRESS":"STABLE","ndvi_ytd":0.8522421936035156,"ndmi_ytd":0.41310722770690916,"stress_condition":"STABLE","analysis_year":2026,"analysis_start":"2026-01-01","analysis_end":"2026-09-21","scene_count":21,"mean_cloud_cover_pct":28.84,"observed_pct":100.0,"temporal_fallback_pct":0.0,"spatial_interpolation_pct":0.0,"total_coverage_pct":100.0,"web_display_coverage_pct":100.0,"no_data_pct":0.0,"confidence":"HIGH","analysis_scale_m":10,"display_grid_m":250,"web_display_scale_m":100,"interpolation_radius_m":150,"composite_method":"2026 year-to-date median + complete spatial gap fill","analysis_crs":"EPSG:32749","output_crs":"EPSG:4326","boundary":"SERPRO Project Area","source":"COPERNICUS/S2_SR_HARMONIZED","updated_utc":"2026-09-21T09:22:57.924455+00:00"}},{"type":"Feature","geometry":{"type":"Polygon","coordinates":[[[112.55645420293773,-3.183441072327384],[112.55465306197613,-3.18344380261058],[112.55465645333281,-3.185704722811378],[112.55483818398451,-3.1857044472796487],[112.5552310945,-3.1851997367000005],[112.55546035350001,-3.1848708279000006],[112.5554605384,-3.1848705607999994],[112.5564170821,-3.1834946402],[112.55641713870001,-3.1834945578],[112.5564172392,-3.1834944129],[112.55641734610002,-3.1834942599000002],[112.5564173649,-3.1834942328],[112.55641741880001,-3.1834941558000005],[112.5564174403,-3.1834941231999996],[112.55645420293773,-3.183441072327384]]]},"properties":{"ndvi":0.8337067352625321,"ndmi":0.37992755185863314,"stress":"LOW","NDVI":0.8337067352625321,"NDMI":0.37992755185863314,"STRESS":"LOW","ndvi_ytd":0.8337067352625321,"ndmi_ytd":0.37992755185863314,"stress_condition":"LOW","analysis_year":2026,"analysis_start":"2026-01-01","analysis_end":"2026-09-21","scene_count":21,"mean_cloud_cover_pct":28.84,"observed_pct":100.0,"temporal_fallback_pct":0.0,"spatial_interpolation_pct":0.0,"total_coverage_pct":100.0,"web_display_coverage_pct":100.0,"no_data_pct":0.0,"confidence":"HIGH","analysis_scale_m":10,"display_grid_m":250,"web_display_scale_m":100,"interpolation_radius_m":150,"composite_method":"2026 year-to-date median + complete spatial gap fill","analysis_crs":"EPSG:32749","output_crs":"EPSG:4326","boundary":"SERPRO Project Area","source":"COPERNICUS/S2_SR_HARMONIZED","updated_utc":"2026-09-21T09:22:57.924460+00:00"}},{"type":"Feature","geometry":{"type":"Polygon","coordinates":[[[112.62021895390596,-3.185603230837872],[112.62213456050048,-3.185600202435273],[112.62213102209985,-3.183339356560234],[112.62134346969137,-3.1833406011573118],[112.62111870840002,-3.1839573207],[112.62021895390596,-3.185603230837872]]]},"properties":{"ndvi":0.6670453928007352,"ndmi":0.10486109236857663,"stress":"MODERATE","NDVI":0.6670453928007352,"NDMI":0.10486109236857663,"STRESS":"MODERATE","ndvi_ytd":0.6670453928007352,"ndmi_ytd":0.10486109236857663,"stress_condition":"MODERATE","analysis_year":2026,"analysis_start":"2026-01-01","analysis_end":"2026-09-21","scene_count":21,"mean_cloud_cover_pct":28.84,"observed_pct":100.0,"temporal_fallback_pct":0.0,"spatial_interpolation_pct":0.0,"total_coverage_pct":100.0,"web_display_coverage_pct":100.0,"no_data_pct":0.0,"confidence":"HIGH","analysis_scale_m":10,"display_grid_m":250,"web_display_scale_m":100,"interpolation_radius_m":150,"composite_method":"2026 year-to-date median + complete spatial gap fill","analysis_crs":"EPSG:32749","output_crs":"EPSG:4326","boundary":"SERPRO Project Area","source":"COPERNICUS/S2_SR_HARMONIZED","updated_utc":"2026-09-21T09:22:57.924466+00:00"}},{"type":"Feature","geometry":{"type":"Polygon","coordinates":[[[112.62213456050048,-3.185600202435273],[112.62438379212624,-3.1855966420325736],[112.62438024882454,-3.183335798689381],[112.62213102209985,-3.183339356560234],[112.62213456050048,-3.185600202435273]]]},"properties":{"ndvi":0.7012821936607361,"ndmi":0.17561415182184428,"stress":"MODERATE","NDVI":0.7012821936607361,"NDMI":0.17561415182184428,"STRESS":"MODERATE","ndvi_ytd":0.7012821936607361,"ndmi_ytd":0.17561415182184428,"stress_condition":"MODERATE","analysis_year":2026,"analysis_start":"2026-01-01","analysis_end":"2026-09-21","scene_count":21,"mean_cloud_cover_pct":28.84,"observed_pct":100.0,"temporal_fallback_pct":0.0,"spatial_interpolation_pct":0.0,"total_coverage_pct":100.0,"web_display_coverage_pct":100.0,"no_data_pct":0.0,"confidence":"HIGH","analysis_scale_m":10,"display_grid_m":250,"web_display_scale_m":100,"interpolation_radius_m":150,"composite_method":"2026 year-to-date median + complete spatial gap fill","analysis_crs":"EPSG:32749","output_crs":"EPSG:4326","boundary":"SERPRO Project Area","source":"COPERNICUS/S2_SR_HARMONIZED","updated_utc":"2026-09-21T09:22:57.924471+00:00"}},{"type":"Feature","geometry":{"type":"Polygon","coordinates":[[[112.62438379212624,-3.1855966420325736],[112.62663302122351,-3.185593076701765],[112.62662947302078,-3.1833322358939244],[112.62438024882454,-3.183335798689381],[112.62438379212624,-3.1855966420325736]]]},"properties":{"ndvi":0.7832964912414551,"ndmi":0.2794663536369801,"stress":"LOW","NDVI":0.7832964912414551,"NDMI":0.2794663536369801,"STRESS":"LOW","ndvi_ytd":0.7832964912414551,"ndmi_ytd":0.2794663536369801,"stress_condition":"LOW","analysis_year":2026,"analysis_start":"2026-01-01","analysis_end":"2026-09-21","scene_count":21,"mean_cloud_cover_pct":28.84,"observed_pct":100.0,"temporal_fallback_pct":0.0,"spatial_interpolation_pct":0.0,"total_coverage_pct":100.0,"web_display_coverage_pct":100.0,"no_data_pct":0.0,"confidence":"HIGH","analysis_scale_m":10,"display_grid_m":250,"web_display_scale_m":100,"interpolation_radius_m":150,"composite_method":"2026 year-to-date median + complete spatial gap fill","analysis_crs":"EPSG:32749","output_crs":"EPSG:4326","boundary":"SERPRO Project Area","source":"COPERNICUS/S2_SR_HARMONIZED","updated_utc":"2026-09-21T09:22:57.924476+00:00"}},{"type":"Feature","geometry":{"type":"Polygon","coordinates":[[[112.62663302122351,-3.185593076701765],[112.62888224778878,-3.1855895064428768],[112.62887869468508,-3.1833286681738917],[112.62662947302078,-3.1833322358939244],[112.62663302122351,-3.185593076701765]]]},"properties":{"ndvi":0.6834186081886291,"ndmi":0.1173861951559782,"stress":"MODERATE","NDVI":0.6834186081886291,"NDMI":0.1173861951559782,"STRESS":"MODERATE","ndvi_ytd":0.6834186081886291,"ndmi_ytd":0.1173861951559782,"stress_condition":"MODERATE","analysis_year":2026,"analysis_start":"2026-01-01","analysis_end":"2026-09-21","scene_count":21,"mean_cloud_cover_pct":28.84,"observed_pct":100.0,"temporal_fallback_pct":0.0,"spatial_interpolation_pct":0.0,"total_coverage_pct":100.0,"web_display_coverage_pct":100.0,"no_data_pct":0.0,"confidence":"HIGH","analysis_scale_m":10,"display_grid_m":250,"web_display_scale_m":100,"interpolation_radius_m":150,"composite_method":"2026 year-to-date median + complete spatial gap fill","analysis_crs":"EPSG:32749","output_crs":"EPSG:4326","boundary":"SERPRO Project Area","source":"COPERNICUS/S2_SR_HARMONIZED","updated_utc":"2026-09-21T09:22:57.924482+00:00"}},{"type":"Feature","geometry":{"type":"Polygon","coordinates":[[[112.63088059929316,-3.1833254886015934],[112.62887869468508,-3.1833286681738917],[112.62888224778878,-3.1855895064428768],[112.63101686272147,-3.1855861135478625],[112.6305528962,-3.1838233946],[112.63088059929316,-3.1833254886015934]]]},"properties":{"ndvi":0.6869042429716637,"ndmi":0.10992789226605237,"stress":"MODERATE","NDVI":0.6869042429716637,"NDMI":0.10992789226605237,"STRESS":"MODERATE","ndvi_ytd":0.6869042429716637,"ndmi_ytd":0.10992789226605237,"stress_condition":"MODERATE","analysis_year":2026,"analysis_start":"2026-01-01","analysis_end":"2026-09-21","scene_count":21,"mean_cloud_cover_pct":28.84,"observed_pct":100.0,"temporal_fallback_pct":0.0,"spatial_interpolation_pct":0.0,"total_coverage_pct":100.0,"web_display_coverage_pct":100.0,"no_data_pct":0.0,"confidence":"HIGH","analysis_scale_m":10,"display_grid_m":250,"web_display_scale_m":100,"interpolation_radius_m":150,"composite_method":"2026 year-to-date median + complete spatial gap fill","analysis_crs":"EPSG:32749","output_crs":"EPSG:4326","boundary":"SERPRO Project Area","source":"COPERNICUS/S2_SR_HARMONIZED","updated_utc":"2026-09-21T09:22:57.924487+00:00"}},{"type":"Feature","geometry":{"type":"Polygon","coordinates":[[[112.50992798139197,-3.18351058598099],[112.51191588807224,-3.183507659031325],[112.51191372194117,-3.1820216918111885],[112.51180458150002,-3.1820945743],[112.5111255652,-3.1826190946999997],[112.51070760230002,-3.1829407842000004],[112.51070743150001,-3.1829409165],[112.5107073605,-3.18294097],[112.5107073039,-3.1829410135],[112.51070721940002,-3.1829410787],[112.51070717360001,-3.1829411141],[112.51044590570001,-3.1831429268],[112.51014758500001,-3.1833543733000007],[112.50992798139197,-3.18351058598099]]]},"properties":{"ndvi":0.6657118387531684,"ndmi":0.0893894066498959,"stress":"MODERATE","NDVI":0.6657118387531684,"NDMI":0.0893894066498959,"STRESS":"MODERATE","ndvi_ytd":0.6657118387531684,"ndmi_ytd":0.0893894066498959,"stress_condition":"MODERATE","analysis_year":2026,"analysis_start":"2026-01-01","analysis_end":"2026-09-21","scene_count":21,"mean_cloud_cover_pct":28.84,"observed_pct":100.0,"temporal_fallback_pct":0.0,"spatial_interpolation_pct":0.0,"total_coverage_pct":100.0,"web_display_coverage_pct":100.0,"no_data_pct":0.0,"confidence":"HIGH","analysis_scale_m":10,"display_grid_m":250,"web_display_scale_m":100,"interpolation_radius_m":150,"composite_method":"2026 year-to-date median + complete spatial gap fill","analysis_crs":"EPSG:32749","output_crs":"EPSG:4326","boundary":"SERPRO Project Area","source":"COPERNICUS/S2_SR_HARMONIZED","updated_utc":"2026-09-21T09:22:57.924492+00:00"}},{"type":"Feature","geometry":{"type":"Polygon","coordinates":[[[112.51191372194117,-3.1820216918111885],[112.51191588807224,-3.183507659031325],[112.5141652344065,-3.183504342498881],[112.5141619336446,-3.181243379113984],[112.51309798761783,-3.1812449473384325],[112.51294062830002,-3.1813361353],[112.51265597950001,-3.181526023],[112.5126550168,-3.1815266647],[112.51191372194117,-3.1820216918111885]]]},"properties":{"ndvi":0.6810514057554389,"ndmi":0.1413104748463882,"stress":"MODERATE","NDVI":0.6810514057554389,"NDMI":0.1413104748463882,"STRESS":"MODERATE","ndvi_ytd":0.6810514057554389,"ndmi_ytd":0.1413104748463882,"stress_condition":"MODERATE","analysis_year":2026,"analysis_start":"2026-01-01","analysis_end":"2026-09-21","scene_count":21,"mean_cloud_cover_pct":28.84,"observed_pct":100.0,"temporal_fallback_pct":0.0,"spatial_interpolation_pct":0.0,"total_coverage_pct":100.0,"web_display_coverage_pct":100.0,"no_data_pct":0.0,"confidence":"HIGH","analysis_scale_m":10,"display_grid_m":250,"web_display_scale_m":100,"interpolation_radius_m":150,"composite_method":"2026 year-to-date median + complete spatial gap fill","analysis_crs":"EPSG:32749","output_crs":"EPSG:4326","boundary":"SERPRO Project Area","source":"COPERNICUS/S2_SR_HARMONIZED","updated_utc":"2026-09-21T09:22:57.924497+00:00"}},{"type":"Feature","geometry":{"type":"Polygon","coordinates":[[[112.5141652344065,-3.183504342498881],[112.51641457838372,-3.1835010210405357],[112.51641127272302,-3.181240060019241],[112.5141619336446,-3.181243379113984],[112.5141652344065,-3.183504342498881]]]},"properties":{"ndvi":0.6531016407489777,"ndmi":0.14192624955112115,"stress":"MODERATE","NDVI":0.6531016407489777,"NDMI":0.14192624955112115,"STRESS":"MODERATE","ndvi_ytd":0.6531016407489777,"ndmi_ytd":0.14192624955112115,"stress_condition":"MODERATE","analysis_year":2026,"analysis_start":"2026-01-01","analysis_end":"2026-09-21","scene_count":21,"mean_cloud_cover_pct":28.84,"observed_pct":100.0,"temporal_fallback_pct":0.0,"spatial_interpolation_pct":0.0,"total_coverage_pct":100.0,"web_display_coverage_pct":100.0,"no_data_pct":0.0,"confidence":"HIGH","analysis_scale_m":10,"display_grid_m":250,"web_display_scale_m":100,"interpolation_radius_m":150,"composite_method":"2026 year-to-date median + complete spatial gap fill","analysis_crs":"EPSG:32749","output_crs":"EPSG:4326","boundary":"SERPRO Project Area","source":"COPERNICUS/S2_SR_HARMONIZED","updated_utc":"2026-09-21T09:22:57.924502+00:00"}},{"type":"Feature","geometry":{"type":"Polygon","coordinates":[[[112.51641457838372,-3.1835010210405357],[112.51866392000036,-3.1834976946563134],[112.51866060944087,-3.1812367360021265],[112.51641127272302,-3.181240060019241],[112.51641457838372,-3.1835010210405357]]]},"properties":{"ndvi":0.7932272829055786,"ndmi":0.2883825602054596,"stress":"LOW","NDVI":0.7932272829055786,"NDMI":0.2883825602054596,"STRESS":"LOW","ndvi_ytd":0.7932272829055786,"ndmi_ytd":0.2883825602054596,"stress_condition":"LOW","analysis_year":2026,"analysis_start":"2026-01-01","analysis_end":"2026-09-21","scene_count":21,"mean_cloud_cover_pct":28.84,"observed_pct":100.0,"temporal_fallback_pct":0.0,"spatial_interpolation_pct":0.0,"total_coverage_pct":100.0,"web_display_coverage_pct":100.0,"no_data_pct":0.0,"confidence":"HIGH","analysis_scale_m":10,"display_grid_m":250,"web_display_scale_m":100,"interpolation_radius_m":150,"composite_method":"2026 year-to-date median + complete spatial gap fill","analysis_crs":"EPSG:32749","output_crs":"EPSG:4326","boundary":"SERPRO Project Area","source":"COPERNICUS/S2_SR_HARMONIZED","updated_utc":"2026-09-21T09:22:57.924508+00:00"}},{"type":"Feature","geometry":{"type":"Polygon","coordinates":[[[112.51866392000036,-3.1834976946563134],[112.52091325925295,-3.18349436334624],[112.52090994379468,-3.181233407062666],[112.51866060944087,-3.1812367360021265],[112.51866392000036,-3.1834976946563134]]]},"properties":{"ndvi":0.8283225345611572,"ndmi":0.3673375848531723,"stress":"LOW","NDVI":0.8283225345611572,"NDMI":0.3673375848531723,"STRESS":"LOW","ndvi_ytd":0.8283225345611572,"ndmi_ytd":0.3673375848531723,"stress_condition":"LOW","analysis_year":2026,"analysis_start":"2026-01-01","analysis_end":"2026-09-21","scene_count":21,"mean_cloud_cover_pct":28.84,"observed_pct":100.0,"temporal_fallback_pct":0.0,"spatial_interpolation_pct":0.0,"total_coverage_pct":100.0,"web_display_coverage_pct":100.0,"no_data_pct":0.0,"confidence":"HIGH","analysis_scale_m":10,"display_grid_m":250,"web_display_scale_m":100,"interpolation_radius_m":150,"composite_method":"2026 year-to-date median + complete spatial gap fill","analysis_crs":"EPSG:32749","output_crs":"EPSG:4326","boundary":"SERPRO Project Area","source":"COPERNICUS/S2_SR_HARMONIZED","updated_utc":"2026-09-21T09:22:57.924513+00:00"}},{"type":"Feature","geometry":{"type":"Polygon","coordinates":[[[112.52091325925295,-3.18349436334624],[112.523162596138,-3.1834910271103416],[112.523159275781,-3.181230073200886],[112.52090994379468,-3.181233407062666],[112.52091325925295,-3.18349436334624]]]},"properties":{"ndvi":0.8339537504196167,"ndmi":0.39320093920528887,"stress":"LOW","NDVI":0.8339537504196167,"NDMI":0.39320093920528887,"STRESS":"LOW","ndvi_ytd":0.8339537504196167,"ndmi_ytd":0.39320093920528887,"stress_condition":"LOW","analysis_year":2026,"analysis_start":"2026-01-01","analysis_end":"2026-09-21","scene_count":21,"mean_cloud_cover_pct":28.84,"observed_pct":100.0,"temporal_fallback_pct":0.0,"spatial_interpolation_pct":0.0,"total_coverage_pct":100.0,"web_display_coverage_pct":100.0,"no_data_pct":0.0,"confidence":"HIGH","analysis_scale_m":10,"display_grid_m":250,"web_display_scale_m":100,"interpolation_radius_m":150,"composite_method":"2026 year-to-date median + complete spatial gap fill","analysis_crs":"EPSG:32749","output_crs":"EPSG:4326","boundary":"SERPRO Project Area","source":"COPERNICUS/S2_SR_HARMONIZED","updated_utc":"2026-09-21T09:22:57.924518+00:00"}},{"type":"Feature","geometry":{"type":"Polygon","coordinates":[[[112.523162596138,-3.1834910271103416],[112.52541193065197,-3.1834876859486436],[112.52540860539625,-3.181226734416812],[112.523159275781,-3.181230073200886],[112.523162596138,-3.1834910271103416]]]},"properties":{"ndvi":0.7942503217697143,"ndmi":0.337629759554565,"stress":"LOW","NDVI":0.7942503217697143,"NDMI":0.337629759554565,"STRESS":"LOW","ndvi_ytd":0.7942503217697143,"ndmi_ytd":0.337629759554565,"stress_condition":"LOW","analysis_year":2026,"analysis_start":"2026-01-01","analysis_end":"2026-09-21","scene_count":21,"mean_cloud_cover_pct":28.84,"observed_pct":100.0,"temporal_fallback_pct":0.0,"spatial_interpolation_pct":0.0,"total_coverage_pct":100.0,"web_display_coverage_pct":100.0,"no_data_pct":0.0,"confidence":"HIGH","analysis_scale_m":10,"display_grid_m":250,"web_display_scale_m":100,"interpolation_radius_m":150,"composite_method":"2026 year-to-date median + complete spatial gap fill","analysis_crs":"EPSG:32749","output_crs":"EPSG:4326","boundary":"SERPRO Project Area","source":"COPERNICUS/S2_SR_HARMONIZED","updated_utc":"2026-09-21T09:22:57.924523+00:00"}},{"type":"Feature","geometry":{"type":"Polygon","coordinates":[[[112.52541193065197,-3.1834876859486436],[112.5276612627914,-3.183484339861172],[112.52765793263698,-3.1812233907104694],[112.52540860539625,-3.181226734416812],[112.52541193065197,-3.1834876859486436]]]},"properties":{"ndvi":0.8255038197040558,"ndmi":0.3969757570147514,"stress":"LOW","NDVI":0.8255038197040558,"NDMI":0.3969757570147514,"STRESS":"LOW","ndvi_ytd":0.8255038197040558,"ndmi_ytd":0.3969757570147514,"stress_condition":"LOW","analysis_year":2026,"analysis_start":"2026-01-01","analysis_end":"2026-09-21","scene_count":21,"mean_cloud_cover_pct":28.84,"observed_pct":100.0,"temporal_fallback_pct":0.0,"spatial_interpolation_pct":0.0,"total_coverage_pct":100.0,"web_display_coverage_pct":100.0,"no_data_pct":0.0,"confidence":"HIGH","analysis_scale_m":10,"display_grid_m":250,"web_display_scale_m":100,"interpolation_radius_m":150,"composite_method":"2026 year-to-date median + complete spatial gap fill","analysis_crs":"EPSG:32749","output_crs":"EPSG:4326","boundary":"SERPRO Project Area","source":"COPERNICUS/S2_SR_HARMONIZED","updated_utc":"2026-09-21T09:22:57.924528+00:00"}},{"type":"Feature","geometry":{"type":"Polygon","coordinates":[[[112.5276612627914,-3.183484339861172],[112.52991059255278,-3.183480988847953],[112.52990725749969,-3.181220042081883],[112.52765793263698,-3.1812233907104694],[112.5276612627914,-3.183484339861172]]]},"properties":{"ndvi":0.764064669752121,"ndmi":0.3524544589281082,"stress":"LOW","NDVI":0.764064669752121,"NDMI":0.3524544589281082,"STRESS":"LOW","ndvi_ytd":0.764064669752121,"ndmi_ytd":0.3524544589281082,"stress_condition":"LOW","analysis_year":2026,"analysis_start":"2026-01-01","analysis_end":"2026-09-21","scene_count":21,"mean_cloud_cover_pct":28.84,"observed_pct":100.0,"temporal_fallback_pct":0.0,"spatial_interpolation_pct":0.0,"total_coverage_pct":100.0,"web_display_coverage_pct":100.0,"no_data_pct":0.0,"confidence":"HIGH","analysis_scale_m":10,"display_grid_m":250,"web_display_scale_m":100,"interpolation_radius_m":150,"composite_method":"2026 year-to-date median + complete spatial gap fill","analysis_crs":"EPSG:32749","output_crs":"EPSG:4326","boundary":"SERPRO Project Area","source":"COPERNICUS/S2_SR_HARMONIZED","updated_utc":"2026-09-21T09:22:57.924534+00:00"}},{"type":"Feature","geometry":{"type":"Polygon","coordinates":[[[112.52991059255278,-3.183480988847953],[112.53215991993261,-3.18347763290901],[112.53215657998089,-3.1812166885310806],[112.52990725749969,-3.181220042081883],[112.52991059255278,-3.183480988847953]]]},"properties":{"ndvi":0.7418861032009125,"ndmi":0.2689902690973133,"stress":"LOW","NDVI":0.7418861032009125,"NDMI":0.2689902690973133,"STRESS":"LOW","ndvi_ytd":0.7418861032009125,"ndmi_ytd":0.2689902690973133,"stress_condition":"LOW","analysis_year":2026,"analysis_start":"2026-01-01","analysis_end":"2026-09-21","scene_count":21,"mean_cloud_cover_pct":28.84,"observed_pct":100.0,"temporal_fallback_pct":0.0,"spatial_interpolation_pct":0.0,"total_coverage_pct":100.0,"web_display_coverage_pct":100.0,"no_data_pct":0.0,"confidence":"HIGH","analysis_scale_m":10,"display_grid_m":250,"web_display_scale_m":100,"interpolation_radius_m":150,"composite_method":"2026 year-to-date median + complete spatial gap fill","analysis_crs":"EPSG:32749","output_crs":"EPSG:4326","boundary":"SERPRO Project Area","source":"COPERNICUS/S2_SR_HARMONIZED","updated_utc":"2026-09-21T09:22:57.924539+00:00"}},{"type":"Feature","geometry":{"type":"Polygon","coordinates":[[[112.53215991993261,-3.18347763290901],[112.53440924492737,-3.1834742720443727],[112.53440590007705,-3.1812133300580867],[112.53215657998089,-3.1812166885310806],[112.53215991993261,-3.18347763290901]]]},"properties":{"ndvi":0.8071247526168823,"ndmi":0.3379861233234406,"stress":"LOW","NDVI":0.8071247526168823,"NDMI":0.3379861233234406,"STRESS":"LOW","ndvi_ytd":0.8071247526168823,"ndmi_ytd":0.3379861233234406,"stress_condition":"LOW","analysis_year":2026,"analysis_start":"2026-01-01","analysis_end":"2026-09-21","scene_count":21,"mean_cloud_cover_pct":28.84,"observed_pct":100.0,"temporal_fallback_pct":0.0,"spatial_interpolation_pct":0.0,"total_coverage_pct":100.0,"web_display_coverage_pct":100.0,"no_data_pct":0.0,"confidence":"HIGH","analysis_scale_m":10,"display_grid_m":250,"web_display_scale_m":100,"interpolation_radius_m":150,"composite_method":"2026 year-to-date median + complete spatial gap fill","analysis_crs":"EPSG:32749","output_crs":"EPSG:4326","boundary":"SERPRO Project Area","source":"COPERNICUS/S2_SR_HARMONIZED","updated_utc":"2026-09-21T09:22:57.924544+00:00"}},{"type":"Feature","geometry":{"type":"Polygon","coordinates":[[[112.53440924492737,-3.1834742720443727],[112.53665856753362,-3.183470906254063],[112.5366552177847,-3.1812099666629274],[112.53440590007705,-3.1812133300580867],[112.53440924492737,-3.1834742720443727]]]},"properties":{"ndvi":0.8509874502182007,"ndmi":0.42087500212192536,"stress":"STABLE","NDVI":0.8509874502182007,"NDMI":0.42087500212192536,"STRESS":"STABLE","ndvi_ytd":0.8509874502182007,"ndmi_ytd":0.42087500212192536,"stress_condition":"STABLE","analysis_year":2026,"analysis_start":"2026-01-01","analysis_end":"2026-09-21","scene_count":21,"mean_cloud_cover_pct":28.84,"observed_pct":100.0,"temporal_fallback_pct":0.0,"spatial_interpolation_pct":0.0,"total_coverage_pct":100.0,"web_display_coverage_pct":100.0,"no_data_pct":0.0,"confidence":"HIGH","analysis_scale_m":10,"display_grid_m":250,"web_display_scale_m":100,"interpolation_radius_m":150,"composite_method":"2026 year-to-date median + complete spatial gap fill","analysis_crs":"EPSG:32749","output_crs":"EPSG:4326","boundary":"SERPRO Project Area","source":"COPERNICUS/S2_SR_HARMONIZED","updated_utc":"2026-09-21T09:22:57.924550+00:00"}},{"type":"Feature","geometry":{"type":"Polygon","coordinates":[[[112.53665856753362,-3.183470906254063],[112.53890788774783,-3.1834675355381106],[112.53890453310035,-3.1812065983456295],[112.5366552177847,-3.1812099666629274],[112.53665856753362,-3.183470906254063]]]},"properties":{"ndvi":0.8587522784233094,"ndmi":0.44256675386428834,"stress":"STABLE","NDVI":0.8587522784233094,"NDMI":0.44256675386428834,"STRESS":"STABLE","ndvi_ytd":0.8587522784233094,"ndmi_ytd":0.44256675386428834,"stress_condition":"STABLE","analysis_year":2026,"analysis_start":"2026-01-01","analysis_end":"2026-09-21","scene_count":21,"mean_cloud_cover_pct":28.84,"observed_pct":100.0,"temporal_fallback_pct":0.0,"spatial_interpolation_pct":0.0,"total_coverage_pct":100.0,"web_display_coverage_pct":100.0,"no_data_pct":0.0,"confidence":"HIGH","analysis_scale_m":10,"display_grid_m":250,"web_display_scale_m":100,"interpolation_radius_m":150,"composite_method":"2026 year-to-date median + complete spatial gap fill","analysis_crs":"EPSG:32749","output_crs":"EPSG:4326","boundary":"SERPRO Project Area","source":"COPERNICUS/S2_SR_HARMONIZED","updated_utc":"2026-09-21T09:22:57.924555+00:00"}},{"type":"Feature","geometry":{"type":"Polygon","coordinates":[[[112.53890788774783,-3.1834675355381106],[112.54115720556646,-3.183464159896539],[112.54115384602045,-3.1812032251062177],[112.53890453310035,-3.1812065983456295],[112.53890788774783,-3.1834675355381106]]]},"properties":{"ndvi":0.8606880606651306,"ndmi":0.42871515078544614,"stress":"STABLE","NDVI":0.8606880606651306,"NDMI":0.42871515078544614,"STRESS":"STABLE","ndvi_ytd":0.8606880606651306,"ndmi_ytd":0.42871515078544614,"stress_condition":"STABLE","analysis_year":2026,"analysis_start":"2026-01-01","analysis_end":"2026-09-21","scene_count":21,"mean_cloud_cover_pct":28.84,"observed_pct":100.0,"temporal_fallback_pct":0.0,"spatial_interpolation_pct":0.0,"total_coverage_pct":100.0,"web_display_coverage_pct":100.0,"no_data_pct":0.0,"confidence":"HIGH","analysis_scale_m":10,"display_grid_m":250,"web_display_scale_m":100,"interpolation_radius_m":150,"composite_method":"2026 year-to-date median + complete spatial gap fill","analysis_crs":"EPSG:32749","output_crs":"EPSG:4326","boundary":"SERPRO Project Area","source":"COPERNICUS/S2_SR_HARMONIZED","updated_utc":"2026-09-21T09:22:57.924560+00:00"}},{"type":"Feature","geometry":{"type":"Polygon","coordinates":[[[112.54115720556646,-3.183464159896539],[112.54340652098607,-3.1834607793293745],[112.54340315654154,-3.1811998469447187],[112.54115384602045,-3.1812032251062177],[112.54115720556646,-3.183464159896539]]]},"properties":{"ndvi":0.8666288551330567,"ndmi":0.44627623000144956,"stress":"STABLE","NDVI":0.8666288551330567,"NDMI":0.44627623000144956,"STRESS":"STABLE","ndvi_ytd":0.8666288551330567,"ndmi_ytd":0.44627623000144956,"stress_condition":"STABLE","analysis_year":2026,"analysis_start":"2026-01-01","analysis_end":"2026-09-21","scene_count":21,"mean_cloud_cover_pct":28.84,"observed_pct":100.0,"temporal_fallback_pct":0.0,"spatial_interpolation_pct":0.0,"total_coverage_pct":100.0,"web_display_coverage_pct":100.0,"no_data_pct":0.0,"confidence":"HIGH","analysis_scale_m":10,"display_grid_m":250,"web_display_scale_m":100,"interpolation_radius_m":150,"composite_method":"2026 year-to-date median + complete spatial gap fill","analysis_crs":"EPSG:32749","output_crs":"EPSG:4326","boundary":"SERPRO Project Area","source":"COPERNICUS/S2_SR_HARMONIZED","updated_utc":"2026-09-21T09:22:57.924565+00:00"}},{"type":"Feature","geometry":{"type":"Polygon","coordinates":[[[112.54340652098607,-3.1834607793293745],[112.54565583400316,-3.1834573938366444],[112.54565246466015,-3.181196463861158],[112.54340315654154,-3.1811998469447187],[112.54340652098607,-3.1834607793293745]]]},"properties":{"ndvi":0.8566171710968018,"ndmi":0.42951757321357725,"stress":"STABLE","NDVI":0.8566171710968018,"NDMI":0.42951757321357725,"STRESS":"STABLE","ndvi_ytd":0.8566171710968018,"ndmi_ytd":0.42951757321357725,"stress_condition":"STABLE","analysis_year":2026,"analysis_start":"2026-01-01","analysis_end":"2026-09-21","scene_count":21,"mean_cloud_cover_pct":28.84,"observed_pct":100.0,"temporal_fallback_pct":0.0,"spatial_interpolation_pct":0.0,"total_coverage_pct":100.0,"web_display_coverage_pct":100.0,"no_data_pct":0.0,"confidence":"HIGH","analysis_scale_m":10,"display_grid_m":250,"web_display_scale_m":100,"interpolation_radius_m":150,"composite_method":"2026 year-to-date median + complete spatial gap fill","analysis_crs":"EPSG:32749","output_crs":"EPSG:4326","boundary":"SERPRO Project Area","source":"COPERNICUS/S2_SR_HARMONIZED","updated_utc":"2026-09-21T09:22:57.924571+00:00"}},{"type":"Feature","geometry":{"type":"Polygon","coordinates":[[[112.54565583400316,-3.1834573938366444],[112.54790514461419,-3.1834540034183734],[112.54790177037273,-3.1811930758555618],[112.54565246466015,-3.181196463861158],[112.54565583400316,-3.1834573938366444]]]},"properties":{"ndvi":0.8571147776603699,"ndmi":0.4292100787162781,"stress":"STABLE","NDVI":0.8571147776603699,"NDMI":0.4292100787162781,"STRESS":"STABLE","ndvi_ytd":0.8571147776603699,"ndmi_ytd":0.4292100787162781,"stress_condition":"STABLE","analysis_year":2026,"analysis_start":"2026-01-01","analysis_end":"2026-09-21","scene_count":21,"mean_cloud_cover_pct":28.84,"observed_pct":100.0,"temporal_fallback_pct":0.0,"spatial_interpolation_pct":0.0,"total_coverage_pct":100.0,"web_display_coverage_pct":100.0,"no_data_pct":0.0,"confidence":"HIGH","analysis_scale_m":10,"display_grid_m":250,"web_display_scale_m":100,"interpolation_radius_m":150,"composite_method":"2026 year-to-date median + complete spatial gap fill","analysis_crs":"EPSG:32749","output_crs":"EPSG:4326","boundary":"SERPRO Project Area","source":"COPERNICUS/S2_SR_HARMONIZED","updated_utc":"2026-09-21T09:22:57.924576+00:00"}},{"type":"Feature","geometry":{"type":"Polygon","coordinates":[[[112.54790514461419,-3.1834540034183734],[112.5501544528157,-3.1834506080745877],[112.55015107367582,-3.181189682927957],[112.54790177037273,-3.1811930758555618],[112.54790514461419,-3.1834540034183734]]]},"properties":{"ndvi":0.8635422037124634,"ndmi":0.43921542644500733,"stress":"STABLE","NDVI":0.8635422037124634,"NDMI":0.43921542644500733,"STRESS":"STABLE","ndvi_ytd":0.8635422037124634,"ndmi_ytd":0.43921542644500733,"stress_condition":"STABLE","analysis_year":2026,"analysis_start":"2026-01-01","analysis_end":"2026-09-21","scene_count":21,"mean_cloud_cover_pct":28.84,"observed_pct":100.0,"temporal_fallback_pct":0.0,"spatial_interpolation_pct":0.0,"total_coverage_pct":100.0,"web_display_coverage_pct":100.0,"no_data_pct":0.0,"confidence":"HIGH","analysis_scale_m":10,"display_grid_m":250,"web_display_scale_m":100,"interpolation_radius_m":150,"composite_method":"2026 year-to-date median + complete spatial gap fill","analysis_crs":"EPSG:32749","output_crs":"EPSG:4326","boundary":"SERPRO Project Area","source":"COPERNICUS/S2_SR_HARMONIZED","updated_utc":"2026-09-21T09:22:57.924581+00:00"}},{"type":"Feature","geometry":{"type":"Polygon","coordinates":[[[112.5501544528157,-3.1834506080745877],[112.55240375860417,-3.183447207805315],[112.55240037456588,-3.181186285078369],[112.55015107367582,-3.181189682927957],[112.5501544528157,-3.1834506080745877]]]},"properties":{"ndvi":0.863978505897522,"ndmi":0.44582012515068054,"stress":"STABLE","NDVI":0.863978505897522,"NDMI":0.44582012515068054,"STRESS":"STABLE","ndvi_ytd":0.863978505897522,"ndmi_ytd":0.44582012515068054,"stress_condition":"STABLE","analysis_year":2026,"analysis_start":"2026-01-01","analysis_end":"2026-09-21","scene_count":21,"mean_cloud_cover_pct":28.84,"observed_pct":100.0,"temporal_fallback_pct":0.0,"spatial_interpolation_pct":0.0,"total_coverage_pct":100.0,"web_display_coverage_pct":100.0,"no_data_pct":0.0,"confidence":"HIGH","analysis_scale_m":10,"display_grid_m":250,"web_display_scale_m":100,"interpolation_radius_m":150,"composite_method":"2026 year-to-date median + complete spatial gap fill","analysis_crs":"EPSG:32749","output_crs":"EPSG:4326","boundary":"SERPRO Project Area","source":"COPERNICUS/S2_SR_HARMONIZED","updated_utc":"2026-09-21T09:22:57.924586+00:00"}},{"type":"Feature","geometry":{"type":"Polygon","coordinates":[[[112.55240375860417,-3.183447207805315],[112.55465306197613,-3.18344380261058],[112.55464967303945,-3.181182882306824],[112.55240037456588,-3.181186285078369],[112.55240375860417,-3.183447207805315]]]},"properties":{"ndvi":0.8499829432487488,"ndmi":0.40860375661849974,"stress":"STABLE","NDVI":0.8499829432487488,"NDMI":0.40860375661849974,"STRESS":"STABLE","ndvi_ytd":0.8499829432487488,"ndmi_ytd":0.40860375661849974,"stress_condition":"STABLE","analysis_year":2026,"analysis_start":"2026-01-01","analysis_end":"2026-09-21","scene_count":21,"mean_cloud_cover_pct":28.84,"observed_pct":100.0,"temporal_fallback_pct":0.0,"spatial_interpolation_pct":0.0,"total_coverage_pct":100.0,"web_display_coverage_pct":100.0,"no_data_pct":0.0,"confidence":"HIGH","analysis_scale_m":10,"display_grid_m":250,"web_display_scale_m":100,"interpolation_radius_m":150,"composite_method":"2026 year-to-date median + complete spatial gap fill","analysis_crs":"EPSG:32749","output_crs":"EPSG:4326","boundary":"SERPRO Project Area","source":"COPERNICUS/S2_SR_HARMONIZED","updated_utc":"2026-09-21T09:22:57.924591+00:00"}},{"type":"Feature","geometry":{"type":"Polygon","coordinates":[[[112.55690143189312,-3.1828201531096045],[112.55689896909301,-3.1811794746133475],[112.55464967303945,-3.181182882306824],[112.55465306197613,-3.18344380261058],[112.55645420293773,-3.183441072327384],[112.5564594276,-3.1834335328],[112.55690143189312,-3.1828201531096045]]]},"properties":{"ndvi":0.8354604759207725,"ndmi":0.3808181147648498,"stress":"LOW","NDVI":0.8354604759207725,"NDMI":0.3808181147648498,"STRESS":"LOW","ndvi_ytd":0.8354604759207725,"ndmi_ytd":0.3808181147648498,"stress_condition":"LOW","analysis_year":2026,"analysis_start":"2026-01-01","analysis_end":"2026-09-21","scene_count":21,"mean_cloud_cover_pct":28.84,"observed_pct":100.0,"temporal_fallback_pct":0.0,"spatial_interpolation_pct":0.0,"total_coverage_pct":100.0,"web_display_coverage_pct":100.0,"no_data_pct":0.0,"confidence":"HIGH","analysis_scale_m":10,"display_grid_m":250,"web_display_scale_m":100,"interpolation_radius_m":150,"composite_method":"2026 year-to-date median + complete spatial gap fill","analysis_crs":"EPSG:32749","output_crs":"EPSG:4326","boundary":"SERPRO Project Area","source":"COPERNICUS/S2_SR_HARMONIZED","updated_utc":"2026-09-21T09:22:57.924596+00:00"}},{"type":"Feature","geometry":{"type":"Polygon","coordinates":[[[112.55810593426598,-3.181177644021023],[112.55689896909301,-3.1811794746133475],[112.55690143189312,-3.1828201531096045],[112.5577335365,-3.1816654196],[112.55801771570002,-3.18129332],[112.55801825,-3.1812926201000002],[112.55810593426598,-3.181177644021023]]]},"properties":{"ndvi":0.8428367166922611,"ndmi":0.3871257660785467,"stress":"LOW","NDVI":0.8428367166922611,"NDMI":0.3871257660785467,"STRESS":"LOW","ndvi_ytd":0.8428367166922611,"ndmi_ytd":0.3871257660785467,"stress_condition":"LOW","analysis_year":2026,"analysis_start":"2026-01-01","analysis_end":"2026-09-21","scene_count":21,"mean_cloud_cover_pct":28.84,"observed_pct":100.0,"temporal_fallback_pct":0.0,"spatial_interpolation_pct":0.0,"total_coverage_pct":100.0,"web_display_coverage_pct":100.0,"no_data_pct":0.0,"confidence":"HIGH","analysis_scale_m":10,"display_grid_m":250,"web_display_scale_m":100,"interpolation_radius_m":150,"composite_method":"2026 year-to-date median + complete spatial gap fill","analysis_crs":"EPSG:32749","output_crs":"EPSG:4326","boundary":"SERPRO Project Area","source":"COPERNICUS/S2_SR_HARMONIZED","updated_utc":"2026-09-21T09:22:57.924601+00:00"}},{"type":"Feature","geometry":{"type":"Polygon","coordinates":[[[112.62134346969137,-3.1833406011573118],[112.62213102209985,-3.183339356560234],[112.62212748622414,-3.181078510581929],[112.62171332109081,-3.1810791647122465],[112.6217294183,-3.1814236995],[112.62172941040001,-3.1814238234],[112.62176764040001,-3.1821767226000004],[112.62134346969137,-3.1833406011573118]]]},"properties":{"ndvi":0.6364167204674247,"ndmi":0.0481314046610254,"stress":"MODERATE","NDVI":0.6364167204674247,"NDMI":0.0481314046610254,"STRESS":"MODERATE","ndvi_ytd":0.6364167204674247,"ndmi_ytd":0.0481314046610254,"stress_condition":"MODERATE","analysis_year":2026,"analysis_start":"2026-01-01","analysis_end":"2026-09-21","scene_count":21,"mean_cloud_cover_pct":28.84,"observed_pct":100.0,"temporal_fallback_pct":0.0,"spatial_interpolation_pct":0.0,"total_coverage_pct":100.0,"web_display_coverage_pct":100.0,"no_data_pct":0.0,"confidence":"HIGH","analysis_scale_m":10,"display_grid_m":250,"web_display_scale_m":100,"interpolation_radius_m":150,"composite_method":"2026 year-to-date median + complete spatial gap fill","analysis_crs":"EPSG:32749","output_crs":"EPSG:4326","boundary":"SERPRO Project Area","source":"COPERNICUS/S2_SR_HARMONIZED","updated_utc":"2026-09-21T09:22:57.924607+00:00"}},{"type":"Feature","geometry":{"type":"Polygon","coordinates":[[[112.62213102209985,-3.183339356560234],[112.62438024882454,-3.183335798689381],[112.62437670805132,-3.181074955242913],[112.62212748622414,-3.181078510581929],[112.62213102209985,-3.183339356560234]]]},"properties":{"ndvi":0.6333912662029266,"ndmi":0.04770424310308881,"stress":"MODERATE","NDVI":0.6333912662029266,"NDMI":0.04770424310308881,"STRESS":"MODERATE","ndvi_ytd":0.6333912662029266,"ndmi_ytd":0.04770424310308881,"stress_condition":"MODERATE","analysis_year":2026,"analysis_start":"2026-01-01","analysis_end":"2026-09-21","scene_count":21,"mean_cloud_cover_pct":28.84,"observed_pct":100.0,"temporal_fallback_pct":0.0,"spatial_interpolation_pct":0.0,"total_coverage_pct":100.0,"web_display_coverage_pct":100.0,"no_data_pct":0.0,"confidence":"HIGH","analysis_scale_m":10,"display_grid_m":250,"web_display_scale_m":100,"interpolation_radius_m":150,"composite_method":"2026 year-to-date median + complete spatial gap fill","analysis_crs":"EPSG:32749","output_crs":"EPSG:4326","boundary":"SERPRO Project Area","source":"COPERNICUS/S2_SR_HARMONIZED","updated_utc":"2026-09-21T09:22:57.924612+00:00"}},{"type":"Feature","geometry":{"type":"Polygon","coordinates":[[[112.62438024882454,-3.183335798689381],[112.62662947302078,-3.1833322358939244],[112.62662592735003,-3.181071394982797],[112.62437670805132,-3.181074955242913],[112.62438024882454,-3.183335798689381]]]},"properties":{"ndvi":0.7534206974029541,"ndmi":0.25152372673749923,"stress":"LOW","NDVI":0.7534206974029541,"NDMI":0.25152372673749923,"STRESS":"LOW","ndvi_ytd":0.7534206974029541,"ndmi_ytd":0.25152372673749923,"stress_condition":"LOW","analysis_year":2026,"analysis_start":"2026-01-01","analysis_end":"2026-09-21","scene_count":21,"mean_cloud_cover_pct":28.84,"observed_pct":100.0,"temporal_fallback_pct":0.0,"spatial_interpolation_pct":0.0,"total_coverage_pct":100.0,"web_display_coverage_pct":100.0,"no_data_pct":0.0,"confidence":"HIGH","analysis_scale_m":10,"display_grid_m":250,"web_display_scale_m":100,"interpolation_radius_m":150,"composite_method":"2026 year-to-date median + complete spatial gap fill","analysis_crs":"EPSG:32749","output_crs":"EPSG:4326","boundary":"SERPRO Project Area","source":"COPERNICUS/S2_SR_HARMONIZED","updated_utc":"2026-09-21T09:22:57.924632+00:00"}},{"type":"Feature","geometry":{"type":"Polygon","coordinates":[[[112.62662947302078,-3.1833322358939244],[112.62887869468508,-3.1833286681738917],[112.62887514411685,-3.1810678298016097],[112.62662592735003,-3.181071394982797],[112.62662947302078,-3.1833322358939244]]]},"properties":{"ndvi":0.70905960521698,"ndmi":0.2119765573143959,"stress":"LOW","NDVI":0.70905960521698,"NDMI":0.2119765573143959,"STRESS":"LOW","ndvi_ytd":0.70905960521698,"ndmi_ytd":0.2119765573143959,"stress_condition":"LOW","analysis_year":2026,"analysis_start":"2026-01-01","analysis_end":"2026-09-21","scene_count":21,"mean_cloud_cover_pct":28.84,"observed_pct":100.0,"temporal_fallback_pct":0.0,"spatial_interpolation_pct":0.0,"total_coverage_pct":100.0,"web_display_coverage_pct":100.0,"no_data_pct":0.0,"confidence":"HIGH","analysis_scale_m":10,"display_grid_m":250,"web_display_scale_m":100,"interpolation_radius_m":150,"composite_method":"2026 year-to-date median + complete spatial gap fill","analysis_crs":"EPSG:32749","output_crs":"EPSG:4326","boundary":"SERPRO Project Area","source":"COPERNICUS/S2_SR_HARMONIZED","updated_utc":"2026-09-21T09:22:57.924637+00:00"}},{"type":"Feature","geometry":{"type":"Polygon","coordinates":[[[112.6311273248969,-3.1829506179116986],[112.63112435834822,-3.1810642596993786],[112.62887514411685,-3.1810678298016097],[112.62887869468508,-3.1833286681738917],[112.63088059929316,-3.1833254886015934],[112.6311273248969,-3.1829506179116986]]]},"properties":{"ndvi":0.6864945172849128,"ndmi":0.17298380876938732,"stress":"MODERATE","NDVI":0.6864945172849128,"NDMI":0.17298380876938732,"STRESS":"MODERATE","ndvi_ytd":0.6864945172849128,"ndmi_ytd":0.17298380876938732,"stress_condition":"MODERATE","analysis_year":2026,"analysis_start":"2026-01-01","analysis_end":"2026-09-21","scene_count":21,"mean_cloud_cover_pct":28.84,"observed_pct":100.0,"temporal_fallback_pct":0.0,"spatial_interpolation_pct":0.0,"total_coverage_pct":100.0,"web_display_coverage_pct":100.0,"no_data_pct":0.0,"confidence":"HIGH","analysis_scale_m":10,"display_grid_m":250,"web_display_scale_m":100,"interpolation_radius_m":150,"composite_method":"2026 year-to-date median + complete spatial gap fill","analysis_crs":"EPSG:32749","output_crs":"EPSG:4326","boundary":"SERPRO Project Area","source":"COPERNICUS/S2_SR_HARMONIZED","updated_utc":"2026-09-21T09:22:57.924643+00:00"}},{"type":"Feature","geometry":{"type":"Polygon","coordinates":[[[112.63237015352681,-3.181062280167044],[112.63112435834822,-3.1810642596993786],[112.6311273248969,-3.1829506179116986],[112.63237015352681,-3.181062280167044]]]},"properties":{"ndvi":0.7222679738986241,"ndmi":0.2030557869336871,"stress":"LOW","NDVI":0.7222679738986241,"NDMI":0.2030557869336871,"STRESS":"LOW","ndvi_ytd":0.7222679738986241,"ndmi_ytd":0.2030557869336871,"stress_condition":"LOW","analysis_year":2026,"analysis_start":"2026-01-01","analysis_end":"2026-09-21","scene_count":21,"mean_cloud_cover_pct":28.84,"observed_pct":100.0,"temporal_fallback_pct":0.0,"spatial_interpolation_pct":0.0,"total_coverage_pct":100.0,"web_display_coverage_pct":100.0,"no_data_pct":0.0,"confidence":"HIGH","analysis_scale_m":10,"display_grid_m":250,"web_display_scale_m":100,"interpolation_radius_m":150,"composite_method":"2026 year-to-date median + complete spatial gap fill","analysis_crs":"EPSG:32749","output_crs":"EPSG:4326","boundary":"SERPRO Project Area","source":"COPERNICUS/S2_SR_HARMONIZED","updated_utc":"2026-09-21T09:22:57.924648+00:00"}},{"type":"Feature","geometry":{"type":"Polygon","coordinates":[[[112.51309798761783,-3.1812449473384325],[112.5141619336446,-3.181243379113984],[112.51416102254187,-3.180618844869862],[112.5140522473,-3.1806851983],[112.51405218170001,-3.1806852373],[112.5140520028,-3.180685347],[112.514051876,-3.180685424],[112.5140516962,-3.1806855337],[112.51405163780001,-3.18068557],[112.5138486009,-3.1808099748],[112.51309798761783,-3.1812449473384325]]]},"properties":{"ndvi":0.6384003578266768,"ndmi":0.0799002499661403,"stress":"MODERATE","NDVI":0.6384003578266768,"NDMI":0.0799002499661403,"STRESS":"MODERATE","ndvi_ytd":0.6384003578266768,"ndmi_ytd":0.0799002499661403,"stress_condition":"MODERATE","analysis_year":2026,"analysis_start":"2026-01-01","analysis_end":"2026-09-21","scene_count":21,"mean_cloud_cover_pct":28.84,"observed_pct":100.0,"temporal_fallback_pct":0.0,"spatial_interpolation_pct":0.0,"total_coverage_pct":100.0,"web_display_coverage_pct":100.0,"no_data_pct":0.0,"confidence":"HIGH","analysis_scale_m":10,"display_grid_m":250,"web_display_scale_m":100,"interpolation_radius_m":150,"composite_method":"2026 year-to-date median + complete spatial gap fill","analysis_crs":"EPSG:32749","output_crs":"EPSG:4326","boundary":"SERPRO Project Area","source":"COPERNICUS/S2_SR_HARMONIZED","updated_utc":"2026-09-21T09:22:57.924653+00:00"}},{"type":"Feature","geometry":{"type":"Polygon","coordinates":[[[112.51416102254187,-3.180618844869862],[112.5141619336446,-3.181243379113984],[112.51641127272302,-3.181240060019241],[112.51640873574217,-3.179503611072203],[112.51639420930002,-3.1795097561999994],[112.5160853319,-3.1796404191999996],[112.51567268400001,-3.1798152915999998],[112.5154132847,-3.1799373622],[112.515283403,-3.179997568],[112.51525116210001,-3.1800125145],[112.51525112610001,-3.1800125308],[112.5152510083,-3.1800125852],[112.5152509283,-3.1800126224],[112.5152508762,-3.1800126469],[112.5152508483,-3.1800126605000005],[112.5150464825,-3.1801084444],[112.51472779300002,-3.1802871989],[112.514727633,-3.1802872887],[112.5147276087,-3.1802873032],[112.5144214624,-3.1804599751999993],[112.51416102254187,-3.180618844869862]]]},"properties":{"ndvi":0.6562087272000177,"ndmi":0.11227744098076503,"stress":"MODERATE","NDVI":0.6562087272000177,"NDMI":0.11227744098076503,"STRESS":"MODERATE","ndvi_ytd":0.6562087272000177,"ndmi_ytd":0.11227744098076503,"stress_condition":"MODERATE","analysis_year":2026,"analysis_start":"2026-01-01","analysis_end":"2026-09-21","scene_count":21,"mean_cloud_cover_pct":28.84,"observed_pct":100.0,"temporal_fallback_pct":0.0,"spatial_interpolation_pct":0.0,"total_coverage_pct":100.0,"web_display_coverage_pct":100.0,"no_data_pct":0.0,"confidence":"HIGH","analysis_scale_m":10,"display_grid_m":250,"web_display_scale_m":100,"interpolation_radius_m":150,"composite_method":"2026 year-to-date median + complete spatial gap fill","analysis_crs":"EPSG:32749","output_crs":"EPSG:4326","boundary":"SERPRO Project Area","source":"COPERNICUS/S2_SR_HARMONIZED","updated_utc":"2026-09-21T09:22:57.924659+00:00"}},{"type":"Feature","geometry":{"type":"Polygon","coordinates":[[[112.51640873574217,-3.179503611072203],[112.51641127272302,-3.181240060019241],[112.51866060944087,-3.1812367360021265],[112.51865730124538,-3.1789757772452165],[112.51826081006223,-3.1789763631095966],[112.51806749560001,-3.1790458785],[112.5169229287,-3.1792860916],[112.51640873574217,-3.179503611072203]]]},"properties":{"ndvi":0.6835935822306302,"ndmi":0.1598367247099482,"stress":"MODERATE","NDVI":0.6835935822306302,"NDMI":0.1598367247099482,"STRESS":"MODERATE","ndvi_ytd":0.6835935822306302,"ndmi_ytd":0.1598367247099482,"stress_condition":"MODERATE","analysis_year":2026,"analysis_start":"2026-01-01","analysis_end":"2026-09-21","scene_count":21,"mean_cloud_cover_pct":28.84,"observed_pct":100.0,"temporal_fallback_pct":0.0,"spatial_interpolation_pct":0.0,"total_coverage_pct":100.0,"web_display_coverage_pct":100.0,"no_data_pct":0.0,"confidence":"HIGH","analysis_scale_m":10,"display_grid_m":250,"web_display_scale_m":100,"interpolation_radius_m":150,"composite_method":"2026 year-to-date median + complete spatial gap fill","analysis_crs":"EPSG:32749","output_crs":"EPSG:4326","boundary":"SERPRO Project Area","source":"COPERNICUS/S2_SR_HARMONIZED","updated_utc":"2026-09-21T09:22:57.924664+00:00"}},{"type":"Feature","geometry":{"type":"Polygon","coordinates":[[[112.51866060944087,-3.1812367360021265],[112.52090994379468,-3.181233407062666],[112.52090663070395,-3.178972450676359],[112.51865730124538,-3.1789757772452165],[112.51866060944087,-3.1812367360021265]]]},"properties":{"ndvi":0.81156374502182,"ndmi":0.33319701241254807,"stress":"LOW","NDVI":0.81156374502182,"NDMI":0.33319701241254807,"STRESS":"LOW","ndvi_ytd":0.81156374502182,"ndmi_ytd":0.33319701241254807,"stress_condition":"LOW","analysis_year":2026,"analysis_start":"2026-01-01","analysis_end":"2026-09-21","scene_count":21,"mean_cloud_cover_pct":28.84,"observed_pct":100.0,"temporal_fallback_pct":0.0,"spatial_interpolation_pct":0.0,"total_coverage_pct":100.0,"web_display_coverage_pct":100.0,"no_data_pct":0.0,"confidence":"HIGH","analysis_scale_m":10,"display_grid_m":250,"web_display_scale_m":100,"interpolation_radius_m":150,"composite_method":"2026 year-to-date median + complete spatial gap fill","analysis_crs":"EPSG:32749","output_crs":"EPSG:4326","boundary":"SERPRO Project Area","source":"COPERNICUS/S2_SR_HARMONIZED","updated_utc":"2026-09-21T09:22:57.924669+00:00"}},{"type":"Feature","geometry":{"type":"Polygon","coordinates":[[[112.52090994379468,-3.181233407062666],[112.523159275781,-3.181230073200886],[112.52315595779498,-3.1789691191886877],[112.52090663070395,-3.178972450676359],[112.52090994379468,-3.181233407062666]]]},"properties":{"ndvi":0.8104364040374756,"ndmi":0.3679688740491867,"stress":"LOW","NDVI":0.8104364040374756,"NDMI":0.3679688740491867,"STRESS":"LOW","ndvi_ytd":0.8104364040374756,"ndmi_ytd":0.3679688740491867,"stress_condition":"LOW","analysis_year":2026,"analysis_start":"2026-01-01","analysis_end":"2026-09-21","scene_count":21,"mean_cloud_cover_pct":28.84,"observed_pct":100.0,"temporal_fallback_pct":0.0,"spatial_interpolation_pct":0.0,"total_coverage_pct":100.0,"web_display_coverage_pct":100.0,"no_data_pct":0.0,"confidence":"HIGH","analysis_scale_m":10,"display_grid_m":250,"web_display_scale_m":100,"interpolation_radius_m":150,"composite_method":"2026 year-to-date median + complete spatial gap fill","analysis_crs":"EPSG:32749","output_crs":"EPSG:4326","boundary":"SERPRO Project Area","source":"COPERNICUS/S2_SR_HARMONIZED","updated_utc":"2026-09-21T09:22:57.924674+00:00"}},{"type":"Feature","geometry":{"type":"Polygon","coordinates":[[[112.523159275781,-3.181230073200886],[112.52540860539625,-3.181226734416812],[112.52540528251505,-3.1789657827822264],[112.52315595779498,-3.1789691191886877],[112.523159275781,-3.181230073200886]]]},"properties":{"ndvi":0.8435934794425964,"ndmi":0.412402489233017,"stress":"STABLE","NDVI":0.8435934794425964,"NDMI":0.412402489233017,"STRESS":"STABLE","ndvi_ytd":0.8435934794425964,"ndmi_ytd":0.412402489233017,"stress_condition":"STABLE","analysis_year":2026,"analysis_start":"2026-01-01","analysis_end":"2026-09-21","scene_count":21,"mean_cloud_cover_pct":28.84,"observed_pct":100.0,"temporal_fallback_pct":0.0,"spatial_interpolation_pct":0.0,"total_coverage_pct":100.0,"web_display_coverage_pct":100.0,"no_data_pct":0.0,"confidence":"HIGH","analysis_scale_m":10,"display_grid_m":250,"web_display_scale_m":100,"interpolation_radius_m":150,"composite_method":"2026 year-to-date median + complete spatial gap fill","analysis_crs":"EPSG:32749","output_crs":"EPSG:4326","boundary":"SERPRO Project Area","source":"COPERNICUS/S2_SR_HARMONIZED","updated_utc":"2026-09-21T09:22:57.924680+00:00"}},{"type":"Feature","geometry":{"type":"Polygon","coordinates":[[[112.52540860539625,-3.181226734416812],[112.52765793263698,-3.1812233907104694],[112.52765460486059,-3.178962441457003],[112.52540528251505,-3.1789657827822264],[112.52540860539625,-3.181226734416812]]]},"properties":{"ndvi":0.8123991651058197,"ndmi":0.39671976454854013,"stress":"LOW","NDVI":0.8123991651058197,"NDMI":0.39671976454854013,"STRESS":"LOW","ndvi_ytd":0.8123991651058197,"ndmi_ytd":0.39671976454854013,"stress_condition":"LOW","analysis_year":2026,"analysis_start":"2026-01-01","analysis_end":"2026-09-21","scene_count":21,"mean_cloud_cover_pct":28.84,"observed_pct":100.0,"temporal_fallback_pct":0.0,"spatial_interpolation_pct":0.0,"total_coverage_pct":100.0,"web_display_coverage_pct":100.0,"no_data_pct":0.0,"confidence":"HIGH","analysis_scale_m":10,"display_grid_m":250,"web_display_scale_m":100,"interpolation_radius_m":150,"composite_method":"2026 year-to-date median + complete spatial gap fill","analysis_crs":"EPSG:32749","output_crs":"EPSG:4326","boundary":"SERPRO Project Area","source":"COPERNICUS/S2_SR_HARMONIZED","updated_utc":"2026-09-21T09:22:57.924685+00:00"}},{"type":"Feature","geometry":{"type":"Polygon","coordinates":[[[112.52765793263698,-3.1812233907104694],[112.52990725749969,-3.181220042081883],[112.52990392482813,-3.1789590952130413],[112.52765460486059,-3.178962441457003],[112.52765793263698,-3.1812233907104694]]]},"properties":{"ndvi":0.7621077652454377,"ndmi":0.330887108373642,"stress":"LOW","NDVI":0.7621077652454377,"NDMI":0.330887108373642,"STRESS":"LOW","ndvi_ytd":0.7621077652454377,"ndmi_ytd":0.330887108373642,"stress_condition":"LOW","analysis_year":2026,"analysis_start":"2026-01-01","analysis_end":"2026-09-21","scene_count":21,"mean_cloud_cover_pct":28.84,"observed_pct":100.0,"temporal_fallback_pct":0.0,"spatial_interpolation_pct":0.0,"total_coverage_pct":100.0,"web_display_coverage_pct":100.0,"no_data_pct":0.0,"confidence":"HIGH","analysis_scale_m":10,"display_grid_m":250,"web_display_scale_m":100,"interpolation_radius_m":150,"composite_method":"2026 year-to-date median + complete spatial gap fill","analysis_crs":"EPSG:32749","output_crs":"EPSG:4326","boundary":"SERPRO Project Area","source":"COPERNICUS/S2_SR_HARMONIZED","updated_utc":"2026-09-21T09:22:57.924690+00:00"}},{"type":"Feature","geometry":{"type":"Polygon","coordinates":[[[112.52990725749969,-3.181220042081883],[112.53215657998089,-3.1812166885310806],[112.53215324241418,-3.1789557440503677],[112.52990392482813,-3.1789590952130413],[112.52990725749969,-3.181220042081883]]]},"properties":{"ndvi":0.6816829641819,"ndmi":0.1778099627544172,"stress":"MODERATE","NDVI":0.6816829641819,"NDMI":0.1778099627544172,"STRESS":"MODERATE","ndvi_ytd":0.6816829641819,"ndmi_ytd":0.1778099627544172,"stress_condition":"MODERATE","analysis_year":2026,"analysis_start":"2026-01-01","analysis_end":"2026-09-21","scene_count":21,"mean_cloud_cover_pct":28.84,"observed_pct":100.0,"temporal_fallback_pct":0.0,"spatial_interpolation_pct":0.0,"total_coverage_pct":100.0,"web_display_coverage_pct":100.0,"no_data_pct":0.0,"confidence":"HIGH","analysis_scale_m":10,"display_grid_m":250,"web_display_scale_m":100,"interpolation_radius_m":150,"composite_method":"2026 year-to-date median + complete spatial gap fill","analysis_crs":"EPSG:32749","output_crs":"EPSG:4326","boundary":"SERPRO Project Area","source":"COPERNICUS/S2_SR_HARMONIZED","updated_utc":"2026-09-21T09:22:57.924696+00:00"}},{"type":"Feature","geometry":{"type":"Polygon","coordinates":[[[112.53215657998089,-3.1812166885310806],[112.53440590007705,-3.1812133300580867],[112.53440255761525,-3.1789523879690083],[112.53215324241418,-3.1789557440503677],[112.53215657998089,-3.1812166885310806]]]},"properties":{"ndvi":0.8230377417564392,"ndmi":0.3560189980506897,"stress":"LOW","NDVI":0.8230377417564392,"NDMI":0.3560189980506897,"STRESS":"LOW","ndvi_ytd":0.8230377417564392,"ndmi_ytd":0.3560189980506897,"stress_condition":"LOW","analysis_year":2026,"analysis_start":"2026-01-01","analysis_end":"2026-09-21","scene_count":21,"mean_cloud_cover_pct":28.84,"observed_pct":100.0,"temporal_fallback_pct":0.0,"spatial_interpolation_pct":0.0,"total_coverage_pct":100.0,"web_display_coverage_pct":100.0,"no_data_pct":0.0,"confidence":"HIGH","analysis_scale_m":10,"display_grid_m":250,"web_display_scale_m":100,"interpolation_radius_m":150,"composite_method":"2026 year-to-date median + complete spatial gap fill","analysis_crs":"EPSG:32749","output_crs":"EPSG:4326","boundary":"SERPRO Project Area","source":"COPERNICUS/S2_SR_HARMONIZED","updated_utc":"2026-09-21T09:22:57.924701+00:00"}},{"type":"Feature","geometry":{"type":"Polygon","coordinates":[[[112.53440590007705,-3.1812133300580867],[112.5366552177847,-3.1812099666629274],[112.53665187042782,-3.17894902696899],[112.53440255761525,-3.1789523879690083],[112.53440590007705,-3.1812133300580867]]]},"properties":{"ndvi":0.8469996544837952,"ndmi":0.41268478899002076,"stress":"STABLE","NDVI":0.8469996544837952,"NDMI":0.41268478899002076,"STRESS":"STABLE","ndvi_ytd":0.8469996544837952,"ndmi_ytd":0.41268478899002076,"stress_condition":"STABLE","analysis_year":2026,"analysis_start":"2026-01-01","analysis_end":"2026-09-21","scene_count":21,"mean_cloud_cover_pct":28.84,"observed_pct":100.0,"temporal_fallback_pct":0.0,"spatial_interpolation_pct":0.0,"total_coverage_pct":100.0,"web_display_coverage_pct":100.0,"no_data_pct":0.0,"confidence":"HIGH","analysis_scale_m":10,"display_grid_m":250,"web_display_scale_m":100,"interpolation_radius_m":150,"composite_method":"2026 year-to-date median + complete spatial gap fill","analysis_crs":"EPSG:32749","output_crs":"EPSG:4326","boundary":"SERPRO Project Area","source":"COPERNICUS/S2_SR_HARMONIZED","updated_utc":"2026-09-21T09:22:57.924706+00:00"}},{"type":"Feature","geometry":{"type":"Polygon","coordinates":[[[112.5366552177847,-3.1812099666629274],[112.53890453310035,-3.1812065983456295],[112.53890118084838,-3.178945661050336],[112.53665187042782,-3.17894902696899],[112.5366552177847,-3.1812099666629274]]]},"properties":{"ndvi":0.8482227945327758,"ndmi":0.4307042935371399,"stress":"STABLE","NDVI":0.8482227945327758,"NDMI":0.4307042935371399,"STRESS":"STABLE","ndvi_ytd":0.8482227945327758,"ndmi_ytd":0.4307042935371399,"stress_condition":"STABLE","analysis_year":2026,"analysis_start":"2026-01-01","analysis_end":"2026-09-21","scene_count":21,"mean_cloud_cover_pct":28.84,"observed_pct":100.0,"temporal_fallback_pct":0.0,"spatial_interpolation_pct":0.0,"total_coverage_pct":100.0,"web_display_coverage_pct":100.0,"no_data_pct":0.0,"confidence":"HIGH","analysis_scale_m":10,"display_grid_m":250,"web_display_scale_m":100,"interpolation_radius_m":150,"composite_method":"2026 year-to-date median + complete spatial gap fill","analysis_crs":"EPSG:32749","output_crs":"EPSG:4326","boundary":"SERPRO Project Area","source":"COPERNICUS/S2_SR_HARMONIZED","updated_utc":"2026-09-21T09:22:57.924712+00:00"}},{"type":"Feature","geometry":{"type":"Polygon","coordinates":[[[112.53890453310035,-3.1812065983456295],[112.54115384602045,-3.1812032251062177],[112.54115048887344,-3.1789422902130737],[112.53890118084838,-3.178945661050336],[112.53890453310035,-3.1812065983456295]]]},"properties":{"ndvi":0.8213219262123108,"ndmi":0.3815038069963455,"stress":"LOW","NDVI":0.8213219262123108,"NDMI":0.3815038069963455,"STRESS":"LOW","ndvi_ytd":0.8213219262123108,"ndmi_ytd":0.3815038069963455,"stress_condition":"LOW","analysis_year":2026,"analysis_start":"2026-01-01","analysis_end":"2026-09-21","scene_count":21,"mean_cloud_cover_pct":28.84,"observed_pct":100.0,"temporal_fallback_pct":0.0,"spatial_interpolation_pct":0.0,"total_coverage_pct":100.0,"web_display_coverage_pct":100.0,"no_data_pct":0.0,"confidence":"HIGH","analysis_scale_m":10,"display_grid_m":250,"web_display_scale_m":100,"interpolation_radius_m":150,"composite_method":"2026 year-to-date median + complete spatial gap fill","analysis_crs":"EPSG:32749","output_crs":"EPSG:4326","boundary":"SERPRO Project Area","source":"COPERNICUS/S2_SR_HARMONIZED","updated_utc":"2026-09-21T09:22:57.924717+00:00"}},{"type":"Feature","geometry":{"type":"Polygon","coordinates":[[[112.54115384602045,-3.1812032251062177],[112.54340315654154,-3.1811998469447187],[112.54339979449955,-3.178938914457229],[112.54115048887344,-3.1789422902130737],[112.54115384602045,-3.1812032251062177]]]},"properties":{"ndvi":0.8591918699264527,"ndmi":0.4272077392101288,"stress":"STABLE","NDVI":0.8591918699264527,"NDMI":0.4272077392101288,"STRESS":"STABLE","ndvi_ytd":0.8591918699264527,"ndmi_ytd":0.4272077392101288,"stress_condition":"STABLE","analysis_year":2026,"analysis_start":"2026-01-01","analysis_end":"2026-09-21","scene_count":21,"mean_cloud_cover_pct":28.84,"observed_pct":100.0,"temporal_fallback_pct":0.0,"spatial_interpolation_pct":0.0,"total_coverage_pct":100.0,"web_display_coverage_pct":100.0,"no_data_pct":0.0,"confidence":"HIGH","analysis_scale_m":10,"display_grid_m":250,"web_display_scale_m":100,"interpolation_radius_m":150,"composite_method":"2026 year-to-date median + complete spatial gap fill","analysis_crs":"EPSG:32749","output_crs":"EPSG:4326","boundary":"SERPRO Project Area","source":"COPERNICUS/S2_SR_HARMONIZED","updated_utc":"2026-09-21T09:22:57.924722+00:00"}},{"type":"Feature","geometry":{"type":"Polygon","coordinates":[[[112.54340315654154,-3.1811998469447187],[112.54565246466015,-3.181196463861158],[112.54564909772316,-3.178935533782829],[112.54339979449955,-3.178938914457229],[112.54340315654154,-3.1811998469447187]]]},"properties":{"ndvi":0.8622380799293518,"ndmi":0.4330104657649994,"stress":"STABLE","NDVI":0.8622380799293518,"NDMI":0.4330104657649994,"STRESS":"STABLE","ndvi_ytd":0.8622380799293518,"ndmi_ytd":0.4330104657649994,"stress_condition":"STABLE","analysis_year":2026,"analysis_start":"2026-01-01","analysis_end":"2026-09-21","scene_count":21,"mean_cloud_cover_pct":28.84,"observed_pct":100.0,"temporal_fallback_pct":0.0,"spatial_interpolation_pct":0.0,"total_coverage_pct":100.0,"web_display_coverage_pct":100.0,"no_data_pct":0.0,"confidence":"HIGH","analysis_scale_m":10,"display_grid_m":250,"web_display_scale_m":100,"interpolation_radius_m":150,"composite_method":"2026 year-to-date median + complete spatial gap fill","analysis_crs":"EPSG:32749","output_crs":"EPSG:4326","boundary":"SERPRO Project Area","source":"COPERNICUS/S2_SR_HARMONIZED","updated_utc":"2026-09-21T09:22:57.924727+00:00"}},{"type":"Feature","geometry":{"type":"Polygon","coordinates":[[[112.54565246466015,-3.181196463861158],[112.54790177037273,-3.1811930758555618],[112.54789839854078,-3.178932148189899],[112.54564909772316,-3.178935533782829],[112.54565246466015,-3.181196463861158]]]},"properties":{"ndvi":0.8571326236724853,"ndmi":0.43258910818099977,"stress":"STABLE","NDVI":0.8571326236724853,"NDMI":0.43258910818099977,"STRESS":"STABLE","ndvi_ytd":0.8571326236724853,"ndmi_ytd":0.43258910818099977,"stress_condition":"STABLE","analysis_year":2026,"analysis_start":"2026-01-01","analysis_end":"2026-09-21","scene_count":21,"mean_cloud_cover_pct":28.84,"observed_pct":100.0,"temporal_fallback_pct":0.0,"spatial_interpolation_pct":0.0,"total_coverage_pct":100.0,"web_display_coverage_pct":100.0,"no_data_pct":0.0,"confidence":"HIGH","analysis_scale_m":10,"display_grid_m":250,"web_display_scale_m":100,"interpolation_radius_m":150,"composite_method":"2026 year-to-date median + complete spatial gap fill","analysis_crs":"EPSG:32749","output_crs":"EPSG:4326","boundary":"SERPRO Project Area","source":"COPERNICUS/S2_SR_HARMONIZED","updated_utc":"2026-09-21T09:22:57.924732+00:00"}},{"type":"Feature","geometry":{"type":"Polygon","coordinates":[[[112.54790177037273,-3.1811930758555618],[112.55015107367582,-3.181189682927957],[112.55014769694894,-3.1789287576784635],[112.54789839854078,-3.178932148189899],[112.54790177037273,-3.1811930758555618]]]},"properties":{"ndvi":0.8621621679306031,"ndmi":0.44364935755729673,"stress":"STABLE","NDVI":0.8621621679306031,"NDMI":0.44364935755729673,"STRESS":"STABLE","ndvi_ytd":0.8621621679306031,"ndmi_ytd":0.44364935755729673,"stress_condition":"STABLE","analysis_year":2026,"analysis_start":"2026-01-01","analysis_end":"2026-09-21","scene_count":21,"mean_cloud_cover_pct":28.84,"observed_pct":100.0,"temporal_fallback_pct":0.0,"spatial_interpolation_pct":0.0,"total_coverage_pct":100.0,"web_display_coverage_pct":100.0,"no_data_pct":0.0,"confidence":"HIGH","analysis_scale_m":10,"display_grid_m":250,"web_display_scale_m":100,"interpolation_radius_m":150,"composite_method":"2026 year-to-date median + complete spatial gap fill","analysis_crs":"EPSG:32749","output_crs":"EPSG:4326","boundary":"SERPRO Project Area","source":"COPERNICUS/S2_SR_HARMONIZED","updated_utc":"2026-09-21T09:22:57.924737+00:00"}},{"type":"Feature","geometry":{"type":"Polygon","coordinates":[[[112.55015107367582,-3.181189682927957],[112.55240037456588,-3.181186285078369],[112.55239699294408,-3.1789253622485507],[112.55014769694894,-3.1789287576784635],[112.55015107367582,-3.181189682927957]]]},"properties":{"ndvi":0.8630519046783447,"ndmi":0.4469730403900147,"stress":"STABLE","NDVI":0.8630519046783447,"NDMI":0.4469730403900147,"STRESS":"STABLE","ndvi_ytd":0.8630519046783447,"ndmi_ytd":0.4469730403900147,"stress_condition":"STABLE","analysis_year":2026,"analysis_start":"2026-01-01","analysis_end":"2026-09-21","scene_count":21,"mean_cloud_cover_pct":28.84,"observed_pct":100.0,"temporal_fallback_pct":0.0,"spatial_interpolation_pct":0.0,"total_coverage_pct":100.0,"web_display_coverage_pct":100.0,"no_data_pct":0.0,"confidence":"HIGH","analysis_scale_m":10,"display_grid_m":250,"web_display_scale_m":100,"interpolation_radius_m":150,"composite_method":"2026 year-to-date median + complete spatial gap fill","analysis_crs":"EPSG:32749","output_crs":"EPSG:4326","boundary":"SERPRO Project Area","source":"COPERNICUS/S2_SR_HARMONIZED","updated_utc":"2026-09-21T09:22:57.924743+00:00"}},{"type":"Feature","geometry":{"type":"Polygon","coordinates":[[[112.55240037456588,-3.181186285078369],[112.55464967303945,-3.181182882306824],[112.55464628652277,-3.1789219619001856],[112.55239699294408,-3.1789253622485507],[112.55240037456588,-3.181186285078369]]]},"properties":{"ndvi":0.8590841484069824,"ndmi":0.43783588795661926,"stress":"STABLE","NDVI":0.8590841484069824,"NDMI":0.43783588795661926,"STRESS":"STABLE","ndvi_ytd":0.8590841484069824,"ndmi_ytd":0.43783588795661926,"stress_condition":"STABLE","analysis_year":2026,"analysis_start":"2026-01-01","analysis_end":"2026-09-21","scene_count":21,"mean_cloud_cover_pct":28.84,"observed_pct":100.0,"temporal_fallback_pct":0.0,"spatial_interpolation_pct":0.0,"total_coverage_pct":100.0,"web_display_coverage_pct":100.0,"no_data_pct":0.0,"confidence":"HIGH","analysis_scale_m":10,"display_grid_m":250,"web_display_scale_m":100,"interpolation_radius_m":150,"composite_method":"2026 year-to-date median + complete spatial gap fill","analysis_crs":"EPSG:32749","output_crs":"EPSG:4326","boundary":"SERPRO Project Area","source":"COPERNICUS/S2_SR_HARMONIZED","updated_utc":"2026-09-21T09:22:57.924748+00:00"}},{"type":"Feature","geometry":{"type":"Polygon","coordinates":[[[112.55464967303945,-3.181182882306824],[112.55689896909301,-3.1811794746133475],[112.5568955776815,-3.1789185566333953],[112.55464628652277,-3.1789219619001856],[112.55464967303945,-3.181182882306824]]]},"properties":{"ndvi":0.8547077242851258,"ndmi":0.41909121899604795,"stress":"STABLE","NDVI":0.8547077242851258,"NDMI":0.41909121899604795,"STRESS":"STABLE","ndvi_ytd":0.8547077242851258,"ndmi_ytd":0.41909121899604795,"stress_condition":"STABLE","analysis_year":2026,"analysis_start":"2026-01-01","analysis_end":"2026-09-21","scene_count":21,"mean_cloud_cover_pct":28.84,"observed_pct":100.0,"temporal_fallback_pct":0.0,"spatial_interpolation_pct":0.0,"total_coverage_pct":100.0,"web_display_coverage_pct":100.0,"no_data_pct":0.0,"confidence":"HIGH","analysis_scale_m":10,"display_grid_m":250,"web_display_scale_m":100,"interpolation_radius_m":150,"composite_method":"2026 year-to-date median + complete spatial gap fill","analysis_crs":"EPSG:32749","output_crs":"EPSG:4326","boundary":"SERPRO Project Area","source":"COPERNICUS/S2_SR_HARMONIZED","updated_utc":"2026-09-21T09:22:57.924753+00:00"}},{"type":"Feature","geometry":{"type":"Polygon","coordinates":[[[112.55914622510521,-3.1798196243199195],[112.55914486641674,-3.1789151464482055],[112.5568955776815,-3.1789185566333953],[112.55689896909301,-3.1811794746133475],[112.55810593426598,-3.181177644021023],[112.55910039340002,-3.1798736562],[112.5591004293,-3.1798736082000003],[112.5591004751,-3.1798735484999994],[112.5591004903,-3.1798735268],[112.5591297146,-3.1798343658],[112.55914622510521,-3.1798196243199195]]]},"properties":{"ndvi":0.8619883285129584,"ndmi":0.42396760598499156,"stress":"STABLE","NDVI":0.8619883285129584,"NDMI":0.42396760598499156,"STRESS":"STABLE","ndvi_ytd":0.8619883285129584,"ndmi_ytd":0.42396760598499156,"stress_condition":"STABLE","analysis_year":2026,"analysis_start":"2026-01-01","analysis_end":"2026-09-21","scene_count":21,"mean_cloud_cover_pct":28.84,"observed_pct":100.0,"temporal_fallback_pct":0.0,"spatial_interpolation_pct":0.0,"total_coverage_pct":100.0,"web_display_coverage_pct":100.0,"no_data_pct":0.0,"confidence":"HIGH","analysis_scale_m":10,"display_grid_m":250,"web_display_scale_m":100,"interpolation_radius_m":150,"composite_method":"2026 year-to-date median + complete spatial gap fill","analysis_crs":"EPSG:32749","output_crs":"EPSG:4326","boundary":"SERPRO Project Area","source":"COPERNICUS/S2_SR_HARMONIZED","updated_utc":"2026-09-21T09:22:57.924758+00:00"}},{"type":"Feature","geometry":{"type":"Polygon","coordinates":[[[112.56015126269241,-3.1789136190356864],[112.55914486641674,-3.1789151464482055],[112.55914622510521,-3.1798196243199195],[112.55923430060001,-3.1797409857],[112.56011498360002,-3.1789464257999995],[112.56011515790001,-3.1789462690999994],[112.5601151849,-3.1789462455],[112.5601154302,-3.1789460227],[112.5601155218,-3.1789459402000007],[112.56015126269241,-3.1789136190356864]]]},"properties":{"ndvi":0.8735066973753717,"ndmi":0.4187569827802045,"stress":"STABLE","NDVI":0.8735066973753717,"NDMI":0.4187569827802045,"STRESS":"STABLE","ndvi_ytd":0.8735066973753717,"ndmi_ytd":0.4187569827802045,"stress_condition":"STABLE","analysis_year":2026,"analysis_start":"2026-01-01","analysis_end":"2026-09-21","scene_count":21,"mean_cloud_cover_pct":28.84,"observed_pct":100.0,"temporal_fallback_pct":0.0,"spatial_interpolation_pct":0.0,"total_coverage_pct":100.0,"web_display_coverage_pct":100.0,"no_data_pct":0.0,"confidence":"HIGH","analysis_scale_m":10,"display_grid_m":250,"web_display_scale_m":100,"interpolation_radius_m":150,"composite_method":"2026 year-to-date median + complete spatial gap fill","analysis_crs":"EPSG:32749","output_crs":"EPSG:4326","boundary":"SERPRO Project Area","source":"COPERNICUS/S2_SR_HARMONIZED","updated_utc":"2026-09-21T09:22:57.924763+00:00"}},{"type":"Feature","geometry":{"type":"Polygon","coordinates":[[[112.62171332109081,-3.1810791647122465],[112.62212748622414,-3.181078510581929],[112.6221239528734,-3.1788176645004307],[112.62116362978354,-3.1788191798996523],[112.6211833952,-3.1788749691999993],[112.6215052474,-3.1797918763999995],[112.62150591430002,-3.1797937735],[112.62150597310001,-3.1797939435],[112.62167582500001,-3.1802766205000004],[112.62171332109081,-3.1810791647122465]]]},"properties":{"ndvi":0.7381764908165668,"ndmi":0.22014816676530258,"stress":"LOW","NDVI":0.7381764908165668,"NDMI":0.22014816676530258,"STRESS":"LOW","ndvi_ytd":0.7381764908165668,"ndmi_ytd":0.22014816676530258,"stress_condition":"LOW","analysis_year":2026,"analysis_start":"2026-01-01","analysis_end":"2026-09-21","scene_count":21,"mean_cloud_cover_pct":28.84,"observed_pct":100.0,"temporal_fallback_pct":0.0,"spatial_interpolation_pct":0.0,"total_coverage_pct":100.0,"web_display_coverage_pct":100.0,"no_data_pct":0.0,"confidence":"HIGH","analysis_scale_m":10,"display_grid_m":250,"web_display_scale_m":100,"interpolation_radius_m":150,"composite_method":"2026 year-to-date median + complete spatial gap fill","analysis_crs":"EPSG:32749","output_crs":"EPSG:4326","boundary":"SERPRO Project Area","source":"COPERNICUS/S2_SR_HARMONIZED","updated_utc":"2026-09-21T09:22:57.924769+00:00"}},{"type":"Feature","geometry":{"type":"Polygon","coordinates":[[[112.62212748622414,-3.181078510581929],[112.62437670805132,-3.181074955242913],[112.6243731698065,-3.178814111693241],[112.6221239528734,-3.1788176645004307],[112.62212748622414,-3.181078510581929]]]},"properties":{"ndvi":0.6341801034450532,"ndmi":0.05558763405000791,"stress":"MODERATE","NDVI":0.6341801034450532,"NDMI":0.05558763405000791,"STRESS":"MODERATE","ndvi_ytd":0.6341801034450532,"ndmi_ytd":0.05558763405000791,"stress_condition":"MODERATE","analysis_year":2026,"analysis_start":"2026-01-01","analysis_end":"2026-09-21","scene_count":21,"mean_cloud_cover_pct":28.84,"observed_pct":100.0,"temporal_fallback_pct":0.0,"spatial_interpolation_pct":0.0,"total_coverage_pct":100.0,"web_display_coverage_pct":100.0,"no_data_pct":0.0,"confidence":"HIGH","analysis_scale_m":10,"display_grid_m":250,"web_display_scale_m":100,"interpolation_radius_m":150,"composite_method":"2026 year-to-date median + complete spatial gap fill","analysis_crs":"EPSG:32749","output_crs":"EPSG:4326","boundary":"SERPRO Project Area","source":"COPERNICUS/S2_SR_HARMONIZED","updated_utc":"2026-09-21T09:22:57.924774+00:00"}},{"type":"Feature","geometry":{"type":"Polygon","coordinates":[[[112.62437670805132,-3.181074955242913],[112.62662592735003,-3.181071394982797],[112.6266223842112,-3.1788105539684555],[112.6243731698065,-3.178814111693241],[112.62437670805132,-3.181074955242913]]]},"properties":{"ndvi":0.7368334526062011,"ndmi":0.23341354879140855,"stress":"LOW","NDVI":0.7368334526062011,"NDMI":0.23341354879140855,"STRESS":"LOW","ndvi_ytd":0.7368334526062011,"ndmi_ytd":0.23341354879140855,"stress_condition":"LOW","analysis_year":2026,"analysis_start":"2026-01-01","analysis_end":"2026-09-21","scene_count":21,"mean_cloud_cover_pct":28.84,"observed_pct":100.0,"temporal_fallback_pct":0.0,"spatial_interpolation_pct":0.0,"total_coverage_pct":100.0,"web_display_coverage_pct":100.0,"no_data_pct":0.0,"confidence":"HIGH","analysis_scale_m":10,"display_grid_m":250,"web_display_scale_m":100,"interpolation_radius_m":150,"composite_method":"2026 year-to-date median + complete spatial gap fill","analysis_crs":"EPSG:32749","output_crs":"EPSG:4326","boundary":"SERPRO Project Area","source":"COPERNICUS/S2_SR_HARMONIZED","updated_utc":"2026-09-21T09:22:57.924779+00:00"}},{"type":"Feature","geometry":{"type":"Polygon","coordinates":[[[112.62662592735003,-3.181071394982797],[112.62887514411685,-3.1810678298016097],[112.62887159608401,-3.1788069913261032],[112.6266223842112,-3.1788105539684555],[112.62662592735003,-3.181071394982797]]]},"properties":{"ndvi":0.7913532841682434,"ndmi":0.31346453731060026,"stress":"LOW","NDVI":0.7913532841682434,"NDMI":0.31346453731060026,"STRESS":"LOW","ndvi_ytd":0.7913532841682434,"ndmi_ytd":0.31346453731060026,"stress_condition":"LOW","analysis_year":2026,"analysis_start":"2026-01-01","analysis_end":"2026-09-21","scene_count":21,"mean_cloud_cover_pct":28.84,"observed_pct":100.0,"temporal_fallback_pct":0.0,"spatial_interpolation_pct":0.0,"total_coverage_pct":100.0,"web_display_coverage_pct":100.0,"no_data_pct":0.0,"confidence":"HIGH","analysis_scale_m":10,"display_grid_m":250,"web_display_scale_m":100,"interpolation_radius_m":150,"composite_method":"2026 year-to-date median + complete spatial gap fill","analysis_crs":"EPSG:32749","output_crs":"EPSG:4326","boundary":"SERPRO Project Area","source":"COPERNICUS/S2_SR_HARMONIZED","updated_utc":"2026-09-21T09:22:57.924784+00:00"}},{"type":"Feature","geometry":{"type":"Polygon","coordinates":[[[112.62887514411685,-3.1810678298016097],[112.63112435834822,-3.1810642596993786],[112.6311208054214,-3.1788034237662113],[112.62887159608401,-3.1788069913261032],[112.62887514411685,-3.1810678298016097]]]},"properties":{"ndvi":0.782100957775116,"ndmi":0.30609118230342863,"stress":"LOW","NDVI":0.782100957775116,"NDMI":0.30609118230342863,"STRESS":"LOW","ndvi_ytd":0.782100957775116,"ndmi_ytd":0.30609118230342863,"stress_condition":"LOW","analysis_year":2026,"analysis_start":"2026-01-01","analysis_end":"2026-09-21","scene_count":21,"mean_cloud_cover_pct":28.84,"observed_pct":100.0,"temporal_fallback_pct":0.0,"spatial_interpolation_pct":0.0,"total_coverage_pct":100.0,"web_display_coverage_pct":100.0,"no_data_pct":0.0,"confidence":"HIGH","analysis_scale_m":10,"display_grid_m":250,"web_display_scale_m":100,"interpolation_radius_m":150,"composite_method":"2026 year-to-date median + complete spatial gap fill","analysis_crs":"EPSG:32749","output_crs":"EPSG:4326","boundary":"SERPRO Project Area","source":"COPERNICUS/S2_SR_HARMONIZED","updated_utc":"2026-09-21T09:22:57.924790+00:00"}},{"type":"Feature","geometry":{"type":"Polygon","coordinates":[[[112.63337117906408,-3.1795413287976104],[112.63337001221994,-3.1787998512888067],[112.6311208054214,-3.1788034237662113],[112.63112435834822,-3.1810642596993786],[112.63237015352681,-3.181062280167044],[112.63337117906408,-3.1795413287976104]]]},"properties":{"ndvi":0.7943620311267908,"ndmi":0.32475590776638324,"stress":"LOW","NDVI":0.7943620311267908,"NDMI":0.32475590776638324,"STRESS":"LOW","ndvi_ytd":0.7943620311267908,"ndmi_ytd":0.32475590776638324,"stress_condition":"LOW","analysis_year":2026,"analysis_start":"2026-01-01","analysis_end":"2026-09-21","scene_count":21,"mean_cloud_cover_pct":28.84,"observed_pct":100.0,"temporal_fallback_pct":0.0,"spatial_interpolation_pct":0.0,"total_coverage_pct":100.0,"web_display_coverage_pct":100.0,"no_data_pct":0.0,"confidence":"HIGH","analysis_scale_m":10,"display_grid_m":250,"web_display_scale_m":100,"interpolation_radius_m":150,"composite_method":"2026 year-to-date median + complete spatial gap fill","analysis_crs":"EPSG:32749","output_crs":"EPSG:4326","boundary":"SERPRO Project Area","source":"COPERNICUS/S2_SR_HARMONIZED","updated_utc":"2026-09-21T09:22:57.924795+00:00"}},{"type":"Feature","geometry":{"type":"Polygon","coordinates":[[[112.63385969907247,-3.1787990728504383],[112.63337001221994,-3.1787998512888067],[112.63337117906408,-3.1795413287976104],[112.63385969907247,-3.1787990728504383]]]},"properties":{"ndvi":0.7689282767713134,"ndmi":0.2763790357995528,"stress":"LOW","NDVI":0.7689282767713134,"NDMI":0.2763790357995528,"STRESS":"LOW","ndvi_ytd":0.7689282767713134,"ndmi_ytd":0.2763790357995528,"stress_condition":"LOW","analysis_year":2026,"analysis_start":"2026-01-01","analysis_end":"2026-09-21","scene_count":21,"mean_cloud_cover_pct":28.84,"observed_pct":100.0,"temporal_fallback_pct":0.0,"spatial_interpolation_pct":0.0,"total_coverage_pct":100.0,"web_display_coverage_pct":100.0,"no_data_pct":0.0,"confidence":"HIGH","analysis_scale_m":10,"display_grid_m":250,"web_display_scale_m":100,"interpolation_radius_m":150,"composite_method":"2026 year-to-date median + complete spatial gap fill","analysis_crs":"EPSG:32749","output_crs":"EPSG:4326","boundary":"SERPRO Project Area","source":"COPERNICUS/S2_SR_HARMONIZED","updated_utc":"2026-09-21T09:22:57.924800+00:00"}},{"type":"Feature","geometry":{"type":"Polygon","coordinates":[[[112.51826081006223,-3.1789763631095966],[112.51865730124538,-3.1789757772452165],[112.51865709374304,-3.1788338603606903],[112.51826081006223,-3.1789763631095966]]]},"properties":{"ndvi":0.7965552879410529,"ndmi":0.33391828382381405,"stress":"LOW","NDVI":0.7965552879410529,"NDMI":0.33391828382381405,"STRESS":"LOW","ndvi_ytd":0.7965552879410529,"ndmi_ytd":0.33391828382381405,"stress_condition":"LOW","analysis_year":2026,"analysis_start":"2026-01-01","analysis_end":"2026-09-21","scene_count":21,"mean_cloud_cover_pct":28.84,"observed_pct":100.0,"temporal_fallback_pct":0.0,"spatial_interpolation_pct":0.0,"total_coverage_pct":100.0,"web_display_coverage_pct":100.0,"no_data_pct":0.0,"confidence":"HIGH","analysis_scale_m":10,"display_grid_m":250,"web_display_scale_m":100,"interpolation_radius_m":150,"composite_method":"2026 year-to-date median + complete spatial gap fill","analysis_crs":"EPSG:32749","output_crs":"EPSG:4326","boundary":"SERPRO Project Area","source":"COPERNICUS/S2_SR_HARMONIZED","updated_utc":"2026-09-21T09:22:57.924805+00:00"}},{"type":"Feature","geometry":{"type":"Polygon","coordinates":[[[112.51865709374304,-3.1788338603606903],[112.51865730124538,-3.1789757772452165],[112.52090663070395,-3.178972450676359],[112.5209050336402,-3.177881786407823],[112.52061972630001,-3.1779917481],[112.5206191661,-3.1779919641999994],[112.5206186509,-3.1779921629999994],[112.5201732839,-3.1781641204],[112.5199789446,-3.1782645042],[112.5193824521,-3.1785726166],[112.5193823388,-3.1785726765],[112.5193805686,-3.1785736079],[112.5193804562,-3.1785736469000003],[112.5193798628,-3.1785739553],[112.5190662079,-3.1786867436],[112.51865709374304,-3.1788338603606903]]]},"properties":{"ndvi":0.8378272528326671,"ndmi":0.37771350005231114,"stress":"LOW","NDVI":0.8378272528326671,"NDMI":0.37771350005231114,"STRESS":"LOW","ndvi_ytd":0.8378272528326671,"ndmi_ytd":0.37771350005231114,"stress_condition":"LOW","analysis_year":2026,"analysis_start":"2026-01-01","analysis_end":"2026-09-21","scene_count":21,"mean_cloud_cover_pct":28.84,"observed_pct":100.0,"temporal_fallback_pct":0.0,"spatial_interpolation_pct":0.0,"total_coverage_pct":100.0,"web_display_coverage_pct":100.0,"no_data_pct":0.0,"confidence":"HIGH","analysis_scale_m":10,"display_grid_m":250,"web_display_scale_m":100,"interpolation_radius_m":150,"composite_method":"2026 year-to-date median + complete spatial gap fill","analysis_crs":"EPSG:32749","output_crs":"EPSG:4326","boundary":"SERPRO Project Area","source":"COPERNICUS/S2_SR_HARMONIZED","updated_utc":"2026-09-21T09:22:57.924810+00:00"}}]}