{
"type": "FeatureCollection",
"name": "forecast_surface_project_area_latest",
"crs": { "type": "name", "properties": { "name": "urn:ogc:def:crs:OGC:1.3:CRS84" } },
"features": [
{ "type": "Feature", "properties": { "precipitation_mm": 0.0, "temperature_c": 25.283451996139085, "humidity_pct": 89.455236110770372, "cloud_cover_pct": 87.467995389778494, "wind_speed_ms": 7.6969915445924713, "forecast_datetime": "2026-10-13T04:00:00", "source": "BMKG ADM4 forecast points + IDW", "boundary": "SERPRO Project Area", "interpretation": "Forecast surface clipped to project boundary; not direct station observation" }, "geometry": { "type": "Point", "coordinates": [ 112.400424079033399, -3.141711204818546 ] } },
{ "type": "Feature", "properties": { "precipitation_mm": 0.0, "temperature_c": 25.225365166907409, "humidity_pct": 89.754557281554568, "cloud_cover_pct": 87.369425078685069, "wind_speed_ms": 7.5914442042515189, "forecast_datetime": "2026-10-13T04:00:00", "source": "BMKG ADM4 forecast points + IDW", "boundary": "SERPRO Project Area", "interpretation": "Forecast surface clipped to project boundary; not direct station observation" }, "geometry": { "type": "Point", "coordinates": [ 112.400412041340374, -3.132666883571111 ] } },
{ "type": "Feature", "properties": { "precipitation_mm": 0.0, "temperature_c": 25.169406876537035, "humidity_pct": 90.049416709125595, "cloud_cover_pct": 87.275509415415229, "wind_speed_ms": 7.4833905503182594, "forecast_datetime": "2026-10-13T04:00:00", "source": "BMKG ADM4 forecast points + IDW", "boundary": "SERPRO Project Area", "interpretation": "Forecast surface clipped to project boundary; not direct station observation" }, "geometry": { "type": "Point", "coordinates": [ 112.400400038522733, -3.123622560713033 ] } },
{ "type": "Feature", "properties": { "precipitation_mm": 0.0, "temperature_c": 25.118088492380249, "humidity_pct": 90.326475620904432, "cloud_cover_pct": 87.190421425935284, "wind_speed_ms": 7.3778103839665521, "forecast_datetime": "2026-10-13T04:00:00", "source": "BMKG ADM4 forecast points + IDW", "boundary": "SERPRO Project Area", "interpretation": "Forecast surface clipped to project boundary; not direct station observation" }, "geometry": { "type": "Point", "coordinates": [ 112.400388070579012, -3.114578236248946 ] } },
{ "type": "Feature", "properties": { "precipitation_mm": 0.0, "temperature_c": 25.426785904969218, "humidity_pct": 88.746520711333446, "cloud_cover_pct": 87.721544981165238, "wind_speed_ms": 7.9220831768580657, "forecast_datetime": "2026-10-13T04:00:00", "source": "BMKG ADM4 forecast points + IDW", "boundary": "SERPRO Project Area", "interpretation": "Forecast surface clipped to project boundary; not direct station observation" }, "geometry": { "type": "Point", "coordinates": [ 112.409445874653457, -3.159787615544284 ] } },
{ "type": "Feature", "properties": { "precipitation_mm": 0.0, "temperature_c": 25.369329596567429, "humidity_pct": 89.025887000977932, "cloud_cover_pct": 87.620653231852415, "wind_speed_ms": 7.8348068480151678, "forecast_datetime": "2026-10-13T04:00:00", "source": "BMKG ADM4 forecast points + IDW", "boundary": "SERPRO Project Area", "interpretation": "Forecast surface clipped to project boundary; not direct station observation" }, "geometry": { "type": "Point", "coordinates": [ 112.40943368947967, -3.150743332597153 ] } },
{ "type": "Feature", "properties": { "precipitation_mm": 0.0, "temperature_c": 25.309671326443457, "humidity_pct": 89.321161744884151, "cloud_cover_pct": 87.516746944885114, "wind_speed_ms": 7.7390671272117908, "forecast_datetime": "2026-10-13T04:00:00", "source": "BMKG ADM4 forecast points + IDW", "boundary": "SERPRO Project Area", "interpretation": "Forecast surface clipped to project boundary; not direct station observation" }, "geometry": { "type": "Point", "coordinates": [ 112.409421539408157, -3.141699048029535 ] } },
{ "type": "Feature", "properties": { "precipitation_mm": 0.0, "temperature_c": 25.24980580078012, "humidity_pct": 89.623933151749341, "cloud_cover_pct": 87.413561220023624, "wind_speed_ms": 7.636616987841566, "forecast_datetime": "2026-10-13T04:00:00", "source": "BMKG ADM4 forecast points + IDW", "boundary": "SERPRO Project Area", "interpretation": "Forecast surface clipped to project boundary; not direct station observation" }, "geometry": { "type": "Point", "coordinates": [ 112.409409424437442, -3.132654761846065 ] } },
{ "type": "Feature", "properties": { "precipitation_mm": 0.0, "temperature_c": 25.192095047717821, "humidity_pct": 89.923087438067853, "cloud_cover_pct": 87.315275301401599, "wind_speed_ms": 7.5307151993060986, "forecast_datetime": "2026-10-13T04:00:00", "source": "BMKG ADM4 forecast points + IDW", "boundary": "SERPRO Project Area", "interpretation": "Forecast surface clipped to project boundary; not direct station observation" }, "geometry": { "type": "Point", "coordinates": [ 112.409397344565988, -3.123610474051377 ] } },
{ "type": "Feature", "properties": { "precipitation_mm": 0.0, "temperature_c": 25.139135185194107, "humidity_pct": 90.205098711271262, "cloud_cover_pct": 87.226245073366428, "wind_speed_ms": 7.4262500697253016, "forecast_datetime": "2026-10-13T04:00:00", "source": "BMKG ADM4 forecast points + IDW", "boundary": "SERPRO Project Area", "interpretation": "Forecast surface clipped to project boundary; not direct station observation" }, "geometry": { "type": "Point", "coordinates": [ 112.409385299792334, -3.114566184650106 ] } },
{ "type": "Feature", "properties": { "precipitation_mm": 0.0, "temperature_c": 25.093560786543023, "humidity_pct": 90.454728057201535, "cloud_cover_pct": 87.150656792011247, "wind_speed_ms": 7.3296510180147179, "forecast_datetime": "2026-10-13T04:00:00", "source": "BMKG ADM4 forecast points + IDW", "boundary": "SERPRO Project Area", "interpretation": "Forecast surface clipped to project boundary; not direct station observation" }, "geometry": { "type": "Point", "coordinates": [ 112.409373290114971, -3.105521893646885 ] } },
{ "type": "Feature", "properties": { "precipitation_mm": 0.0, "temperature_c": 25.057756307142018, "humidity_pct": 90.656446653221053, "cloud_cover_pct": 87.092061814023083, "wind_speed_ms": 7.2483924520205756, "forecast_datetime": "2026-10-13T04:00:00", "source": "BMKG ADM4 forecast points + IDW", "boundary": "SERPRO Project Area", "interpretation": "Forecast surface clipped to project boundary; not direct station observation" }, "geometry": { "type": "Point", "coordinates": [ 112.40936131553245, -3.096477601046351 ] } },
{ "type": "Feature", "properties": { "precipitation_mm": 0.0, "temperature_c": 25.021339512492929, "humidity_pct": 90.867862222877847, "cloud_cover_pct": 87.033304488947422, "wind_speed_ms": 7.1598005620940448, "forecast_datetime": "2026-10-13T04:00:00", "source": "BMKG ADM4 forecast points + IDW", "boundary": "SERPRO Project Area", "interpretation": "Forecast surface clipped to project boundary; not direct station observation" }, "geometry": { "type": "Point", "coordinates": [ 112.409337471645927, -3.07838901107188 ] } },
{ "type": "Feature", "properties": { "precipitation_mm": 0.0, "temperature_c": 25.020701263326714, "humidity_pct": 90.869427233107658, "cloud_cover_pct": 87.031962541817961, "wind_speed_ms": 7.1603192581089816, "forecast_datetime": "2026-10-13T04:00:00", "source": "BMKG ADM4 forecast points + IDW", "boundary": "SERPRO Project Area", "interpretation": "Forecast surface clipped to project boundary; not direct station observation" }, "geometry": { "type": "Point", "coordinates": [ 112.409325602338981, -3.069344713707214 ] } },
{ "type": "Feature", "properties": { "precipitation_mm": 0.0, "temperature_c": 25.029596573904051, "humidity_pct": 90.810208907638795, "cloud_cover_pct": 87.045205522837463, "wind_speed_ms": 7.1892948196470288, "forecast_datetime": "2026-10-13T04:00:00", "source": "BMKG ADM4 forecast points + IDW", "boundary": "SERPRO Project Area", "interpretation": "Forecast surface clipped to project boundary; not direct station observation" }, "geometry": { "type": "Point", "coordinates": [ 112.409313768120981, -3.060300414763775 ] } },
{ "type": "Feature", "properties": { "precipitation_mm": 0.0, "temperature_c": 25.045321401879463, "humidity_pct": 90.705242076882939, "cloud_cover_pct": 87.068480073723563, "wind_speed_ms": 7.2409036988398503, "forecast_datetime": "2026-10-13T04:00:00", "source": "BMKG ADM4 forecast points + IDW", "boundary": "SERPRO Project Area", "interpretation": "Forecast surface clipped to project boundary; not direct station observation" }, "geometry": { "type": "Point", "coordinates": [ 112.409301968990434, -3.051256114246197 ] } },
{ "type": "Feature", "properties": { "precipitation_mm": 0.0, "temperature_c": 25.461756452301348, "humidity_pct": 88.584801314347104, "cloud_cover_pct": 87.790265791567691, "wind_speed_ms": 7.9605828460075267, "forecast_datetime": "2026-10-13T04:00:00", "source": "BMKG ADM4 forecast points + IDW", "boundary": "SERPRO Project Area", "interpretation": "Forecast surface clipped to project boundary; not direct station observation" }, "geometry": { "type": "Point", "coordinates": [ 112.418443455151532, -3.159775310384903 ] } },
{ "type": "Feature", "properties": { "precipitation_mm": 0.0, "temperature_c": 25.403460817375674, "humidity_pct": 88.860276023131206, "cloud_cover_pct": 87.685864520937088, "wind_speed_ms": 7.8805976891540599, "forecast_datetime": "2026-10-13T04:00:00", "source": "BMKG ADM4 forecast points + IDW", "boundary": "SERPRO Project Area", "interpretation": "Forecast surface clipped to project boundary; not direct station observation" }, "geometry": { "type": "Point", "coordinates": [ 112.418431192253749, -3.150731062727277 ] } },
{ "type": "Feature", "properties": { "precipitation_mm": 0.0, "temperature_c": 25.34280549848344, "humidity_pct": 89.15236526256615, "cloud_cover_pct": 87.578218406105904, "wind_speed_ms": 7.7919215750157456, "forecast_datetime": "2026-10-13T04:00:00", "source": "BMKG ADM4 forecast points + IDW", "boundary": "SERPRO Project Area", "interpretation": "Forecast surface clipped to project boundary; not direct station observation" }, "geometry": { "type": "Point", "coordinates": [ 112.418418964682161, -3.14168681344858 ] } },
{ "type": "Feature", "properties": { "precipitation_mm": 0.0, "temperature_c": 25.281971268016974, "humidity_pct": 89.452151673049443, "cloud_cover_pct": 87.471471106708179, "wind_speed_ms": 7.6961850997649615, "forecast_datetime": "2026-10-13T04:00:00", "source": "BMKG ADM4 forecast points + IDW", "boundary": "SERPRO Project Area", "interpretation": "Forecast surface clipped to project boundary; not direct station observation" }, "geometry": { "type": "Point", "coordinates": [ 112.418406772435219, -3.132642562553451 ] } },
{ "type": "Feature", "properties": { "precipitation_mm": 0.0, "temperature_c": 25.223448287104404, "humidity_pct": 89.748241030794006, "cloud_cover_pct": 87.370083281434518, "wind_speed_ms": 7.5965053961888787, "forecast_datetime": "2026-10-13T04:00:00", "source": "BMKG ADM4 forecast points + IDW", "boundary": "SERPRO Project Area", "interpretation": "Forecast surface clipped to project boundary; not direct station observation" }, "geometry": { "type": "Point", "coordinates": [ 112.41839461551146, -3.123598310046525 ] } },
{ "type": "Feature", "properties": { "precipitation_mm": 0.0, "temperature_c": 25.169856776353619, "humidity_pct": 90.027266736059033, "cloud_cover_pct": 87.278488541855495, "wind_speed_ms": 7.4975437294371252, "forecast_datetime": "2026-10-13T04:00:00", "source": "BMKG ADM4 forecast points + IDW", "boundary": "SERPRO Project Area", "interpretation": "Forecast surface clipped to project boundary; not direct station observation" }, "geometry": { "type": "Point", "coordinates": [ 112.418382493909348, -3.114554055932438 ] } },
{ "type": "Feature", "properties": { "precipitation_mm": 0.0, "temperature_c": 25.123739242059298, "humidity_pct": 90.274629466243582, "cloud_cover_pct": 87.200734743294603, "wind_speed_ms": 7.4054050554980568, "forecast_datetime": "2026-10-13T04:00:00", "source": "BMKG ADM4 forecast points + IDW", "boundary": "SERPRO Project Area", "interpretation": "Forecast surface clipped to project boundary; not direct station observation" }, "geometry": { "type": "Point", "coordinates": [ 112.418370407627407, -3.105509800215826 ] } },
{ "type": "Feature", "properties": { "precipitation_mm": 0.0, "temperature_c": 25.087304609992771, "humidity_pct": 90.475716996972849, "cloud_cover_pct": 87.140082779102471, "wind_speed_ms": 7.3272210630166432, "forecast_datetime": "2026-10-13T04:00:00", "source": "BMKG ADM4 forecast points + IDW", "boundary": "SERPRO Project Area", "interpretation": "Forecast surface clipped to project boundary; not direct station observation" }, "geometry": { "type": "Point", "coordinates": [ 112.418358356664143, -3.096465542901325 ] } },
{ "type": "Feature", "properties": { "precipitation_mm": 0.0, "temperature_c": 25.062099374146495, "humidity_pct": 90.617952763233319, "cloud_cover_pct": 87.098527271285818, "wind_speed_ms": 7.2701862126234547, "forecast_datetime": "2026-10-13T04:00:00", "source": "BMKG ADM4 forecast points + IDW", "boundary": "SERPRO Project Area", "interpretation": "Forecast surface clipped to project boundary; not direct station observation" }, "geometry": { "type": "Point", "coordinates": [ 112.418346341018065, -3.087421283993575 ] } },
{ "type": "Feature", "properties": { "precipitation_mm": 0.0, "temperature_c": 25.048642531747799, "humidity_pct": 90.693658117095367, "cloud_cover_pct": 87.076302330280768, "wind_speed_ms": 7.2399717988053016, "forecast_datetime": "2026-10-13T04:00:00", "source": "BMKG ADM4 forecast points + IDW", "boundary": "SERPRO Project Area", "interpretation": "Forecast surface clipped to project boundary; not direct station observation" }, "geometry": { "type": "Point", "coordinates": [ 112.418334360687666, -3.078377023497208 ] } },
{ "type": "Feature", "properties": { "precipitation_mm": 0.0, "temperature_c": 25.046182604797703, "humidity_pct": 90.70276662854161, "cloud_cover_pct": 87.071617514307079, "wind_speed_ms": 7.2389479347915602, "forecast_datetime": "2026-10-13T04:00:00", "source": "BMKG ADM4 forecast points + IDW", "boundary": "SERPRO Project Area", "interpretation": "Forecast surface clipped to project boundary; not direct station observation" }, "geometry": { "type": "Point", "coordinates": [ 112.418322415671511, -3.069332761416865 ] } },
{ "type": "Feature", "properties": { "precipitation_mm": 0.0, "temperature_c": 25.052792372735645, "humidity_pct": 90.653646479820551, "cloud_cover_pct": 87.080933612465699, "wind_speed_ms": 7.2651750047559034, "forecast_datetime": "2026-10-13T04:00:00", "source": "BMKG ADM4 forecast points + IDW", "boundary": "SERPRO Project Area", "interpretation": "Forecast surface clipped to project boundary; not direct station observation" }, "geometry": { "type": "Point", "coordinates": [ 112.41831050596808, -3.06028849775718 ] } },
{ "type": "Feature", "properties": { "precipitation_mm": 0.0, "temperature_c": 25.065865007619379, "humidity_pct": 90.560925722676046, "cloud_cover_pct": 87.099828248245089, "wind_speed_ms": 7.3129689074739384, "forecast_datetime": "2026-10-13T04:00:00", "source": "BMKG ADM4 forecast points + IDW", "boundary": "SERPRO Project Area", "interpretation": "Forecast surface clipped to project boundary; not direct station observation" }, "geometry": { "type": "Point", "coordinates": [ 112.418298631575936, -3.051244232522793 ] } },
{ "type": "Feature", "properties": { "precipitation_mm": 0.0, "temperature_c": 25.555938831817361, "humidity_pct": 88.160038514043592, "cloud_cover_pct": 87.969367139526781, "wind_speed_ms": 8.0623361639876752, "forecast_datetime": "2026-10-13T04:00:00", "source": "BMKG ADM4 forecast points + IDW", "boundary": "SERPRO Project Area", "interpretation": "Forecast surface clipped to project boundary; not direct station observation" }, "geometry": { "type": "Point", "coordinates": [ 112.427453376493773, -3.168807137503787 ] } },
{ "type": "Feature", "properties": { "precipitation_mm": 0.0, "temperature_c": 25.501589948379888, "humidity_pct": 88.404309457693373, "cloud_cover_pct": 87.869200648252658, "wind_speed_ms": 8.0008469660236372, "forecast_datetime": "2026-10-13T04:00:00", "source": "BMKG ADM4 forecast points + IDW", "boundary": "SERPRO Project Area", "interpretation": "Forecast surface clipped to project boundary; not direct station observation" }, "geometry": { "type": "Point", "coordinates": [ 112.427441000321906, -3.159762926986335 ] } },
{ "type": "Feature", "properties": { "precipitation_mm": 0.0, "temperature_c": 25.442803432502775, "humidity_pct": 88.672203536176156, "cloud_cover_pct": 87.761572923003953, "wind_speed_ms": 7.9305962707249913, "forecast_datetime": "2026-10-13T04:00:00", "source": "BMKG ADM4 forecast points + IDW", "boundary": "SERPRO Project Area", "interpretation": "Forecast surface clipped to project boundary; not direct station observation" }, "geometry": { "type": "Point", "coordinates": [ 112.427428659701661, -3.15071871484259 ] } },
{ "type": "Feature", "properties": { "precipitation_mm": 0.0, "temperature_c": 25.381540995600172, "humidity_pct": 88.956908860838183, "cloud_cover_pct": 87.650535922613969, "wind_speed_ms": 7.8517517279079687, "forecast_datetime": "2026-10-13T04:00:00", "source": "BMKG ADM4 forecast points + IDW", "boundary": "SERPRO Project Area", "interpretation": "Forecast surface clipped to project boundary; not direct station observation" }, "geometry": { "type": "Point", "coordinates": [ 112.427416354631461, -3.14167450107719 ] } },
{ "type": "Feature", "properties": { "precipitation_mm": 0.0, "temperature_c": 25.320213865588851, "humidity_pct": 89.248774302130485, "cloud_cover_pct": 87.54073095985774, "wind_speed_ms": 7.7658881331582297, "forecast_datetime": "2026-10-13T04:00:00", "source": "BMKG ADM4 forecast points + IDW", "boundary": "SERPRO Project Area", "interpretation": "Forecast surface clipped to project boundary; not direct station observation" }, "geometry": { "type": "Point", "coordinates": [ 112.427404085109842, -3.132630285694773 ] } },
{ "type": "Feature", "properties": { "precipitation_mm": 0.0, "temperature_c": 25.261458888601432, "humidity_pct": 89.536003077749641, "cloud_cover_pct": 87.436933147301573, "wind_speed_ms": 7.6760338948362214, "forecast_datetime": "2026-10-13T04:00:00", "source": "BMKG ADM4 forecast points + IDW", "boundary": "SERPRO Project Area", "interpretation": "Forecast surface clipped to project boundary; not direct station observation" }, "geometry": { "type": "Point", "coordinates": [ 112.427391851135255, -3.123586068699975 ] } },
{ "type": "Feature", "properties": { "precipitation_mm": 0.0, "temperature_c": 25.207891812348183, "humidity_pct": 89.805521857121875, "cloud_cover_pct": 87.34359854430069, "wind_speed_ms": 7.5865881660523886, "forecast_datetime": "2026-10-13T04:00:00", "source": "BMKG ADM4 forecast points + IDW", "boundary": "SERPRO Project Area", "interpretation": "Forecast surface clipped to project boundary; not direct station observation" }, "geometry": { "type": "Point", "coordinates": [ 112.427379652706207, -3.114541850097436 ] } },
{ "type": "Feature", "properties": { "precipitation_mm": 0.0, "temperature_c": 25.161873448147901, "humidity_pct": 90.043895244734955, "cloud_cover_pct": 87.264477853629145, "wind_speed_ms": 7.503124473203763, "forecast_datetime": "2026-10-13T04:00:00", "source": "BMKG ADM4 forecast points + IDW", "boundary": "SERPRO Project Area", "interpretation": "Forecast surface clipped to project boundary; not direct station observation" }, "geometry": { "type": "Point", "coordinates": [ 112.427367489821165, -3.105497629891794 ] } },
{ "type": "Feature", "properties": { "precipitation_mm": 0.0, "temperature_c": 25.125289952664406, "humidity_pct": 90.238385295707602, "cloud_cover_pct": 87.20229506455037, "wind_speed_ms": 7.4319999494891071, "forecast_datetime": "2026-10-13T04:00:00", "source": "BMKG ADM4 forecast points + IDW", "boundary": "SERPRO Project Area", "interpretation": "Forecast surface clipped to project boundary; not direct station observation" }, "geometry": { "type": "Point", "coordinates": [ 112.427355362478664, -3.096453408087684 ] } },
{ "type": "Feature", "properties": { "precipitation_mm": 0.0, "temperature_c": 25.099322518699712, "humidity_pct": 90.378475831440483, "cloud_cover_pct": 87.158444991840554, "wind_speed_ms": 7.3795740050610901, "forecast_datetime": "2026-10-13T04:00:00", "source": "BMKG ADM4 forecast points + IDW", "boundary": "SERPRO Project Area", "interpretation": "Forecast surface clipped to project boundary; not direct station observation" }, "geometry": { "type": "Point", "coordinates": [ 112.42734327067717, -3.087409184689747 ] } },
{ "type": "Feature", "properties": { "precipitation_mm": 0.0, "temperature_c": 25.084211997593563, "humidity_pct": 90.458025297076674, "cloud_cover_pct": 87.132714001632323, "wind_speed_ms": 7.3508971732931476, "forecast_datetime": "2026-10-13T04:00:00", "source": "BMKG ADM4 forecast points + IDW", "boundary": "SERPRO Project Area", "interpretation": "Forecast surface clipped to project boundary; not direct station observation" }, "geometry": { "type": "Point", "coordinates": [ 112.427331214415204, -3.078364959702621 ] } },
{ "type": "Feature", "properties": { "precipitation_mm": 0.0, "temperature_c": 25.079120223528641, "humidity_pct": 90.477436250791769, "cloud_cover_pct": 87.123177074636487, "wind_speed_ms": 7.3481464674677852, "forecast_datetime": "2026-10-13T04:00:00", "source": "BMKG ADM4 forecast points + IDW", "boundary": "SERPRO Project Area", "interpretation": "Forecast surface clipped to project boundary; not direct station observation" }, "geometry": { "type": "Point", "coordinates": [ 112.427319193691275, -3.069320733130946 ] } },
{ "type": "Feature", "properties": { "precipitation_mm": 0.0, "temperature_c": 25.08225468282658, "humidity_pct": 90.444372277601104, "cloud_cover_pct": 87.126509113415011, "wind_speed_ms": 7.3696493384271466, "forecast_datetime": "2026-10-13T04:00:00", "source": "BMKG ADM4 forecast points + IDW", "boundary": "SERPRO Project Area", "interpretation": "Forecast surface clipped to project boundary; not direct station observation" }, "geometry": { "type": "Point", "coordinates": [ 112.427307208503919, -3.060276504979358 ] } },
{ "type": "Feature", "properties": { "precipitation_mm": 0.0, "temperature_c": 25.091313021289761, "humidity_pct": 90.371887708428659, "cloud_cover_pct": 87.138758078767054, "wind_speed_ms": 7.4103296968230916, "forecast_datetime": "2026-10-13T04:00:00", "source": "BMKG ADM4 forecast points + IDW", "boundary": "SERPRO Project Area", "interpretation": "Forecast surface clipped to project boundary; not direct station observation" }, "geometry": { "type": "Point", "coordinates": [ 112.427295258851629, -3.051232275252498 ] } },
{ "type": "Feature", "properties": { "precipitation_mm": 0.0, "temperature_c": 25.118762145808059, "humidity_pct": 90.16526609088551, "cloud_cover_pct": 87.176259449571631, "wind_speed_ms": 7.5227714540157367, "forecast_datetime": "2026-10-13T04:00:00", "source": "BMKG ADM4 forecast points + IDW", "boundary": "SERPRO Project Area", "interpretation": "Forecast surface clipped to project boundary; not direct station observation" }, "geometry": { "type": "Point", "coordinates": [ 112.427271466146379, -3.033143811091516 ] } },
{ "type": "Feature", "properties": { "precipitation_mm": 0.0, "temperature_c": 25.134285824567009, "humidity_pct": 90.052632633324194, "cloud_cover_pct": 87.197024903344982, "wind_speed_ms": 7.5835198670677499, "forecast_datetime": "2026-10-13T04:00:00", "source": "BMKG ADM4 forecast points + IDW", "boundary": "SERPRO Project Area", "interpretation": "Forecast surface clipped to project boundary; not direct station observation" }, "geometry": { "type": "Point", "coordinates": [ 112.427259623090492, -3.024099576666672 ] } },
{ "type": "Feature", "properties": { "precipitation_mm": 0.0, "temperature_c": 25.150017985764904, "humidity_pct": 89.941844883371473, "cloud_cover_pct": 87.217651539841057, "wind_speed_ms": 7.6428985331022945, "forecast_datetime": "2026-10-13T04:00:00", "source": "BMKG ADM4 forecast points + IDW", "boundary": "SERPRO Project Area", "interpretation": "Forecast surface clipped to project boundary; not direct station observation" }, "geometry": { "type": "Point", "coordinates": [ 112.427247815563788, -3.015055340685113 ] } },
{ "type": "Feature", "properties": { "precipitation_mm": 0.0, "temperature_c": 25.599511756597963, "humidity_pct": 87.979099109063654, "cloud_cover_pct": 88.059471386014152, "wind_speed_ms": 8.0893625195283629, "forecast_datetime": "2026-10-13T04:00:00", "source": "BMKG ADM4 forecast points + IDW", "boundary": "SERPRO Project Area", "interpretation": "Forecast surface clipped to project boundary; not direct station observation" }, "geometry": { "type": "Point", "coordinates": [ 112.436450964057414, -3.168794640128708 ] } },
{ "type": "Feature", "properties": { "precipitation_mm": 0.0, "temperature_c": 25.545130790442137, "humidity_pct": 88.212613527698366, "cloud_cover_pct": 87.956647762632187, "wind_speed_ms": 8.039242884587356, "forecast_datetime": "2026-10-13T04:00:00", "source": "BMKG ADM4 forecast points + IDW", "boundary": "SERPRO Project Area", "interpretation": "Forecast surface clipped to project boundary; not direct station observation" }, "geometry": { "type": "Point", "coordinates": [ 112.4364385099407, -3.159750465350105 ] } },
{ "type": "Feature", "properties": { "precipitation_mm": 0.0, "temperature_c": 25.485858002989126, "humidity_pct": 88.470831923174316, "cloud_cover_pct": 87.845461453203654, "wind_speed_ms": 7.9807044322627112, "forecast_datetime": "2026-10-13T04:00:00", "source": "BMKG ADM4 forecast points + IDW", "boundary": "SERPRO Project Area", "interpretation": "Forecast surface clipped to project boundary; not direct station observation" }, "geometry": { "type": "Point", "coordinates": [ 112.436426091599486, -3.150706288944616 ] } },
{ "type": "Feature", "properties": { "precipitation_mm": 0.0, "temperature_c": 25.423926770483376, "humidity_pct": 88.746136862236071, "cloud_cover_pct": 87.730600134444671, "wind_speed_ms": 7.9137586288600712, "forecast_datetime": "2026-10-13T04:00:00", "source": "BMKG ADM4 forecast points + IDW", "boundary": "SERPRO Project Area", "interpretation": "Forecast surface clipped to project boundary; not direct station observation" }, "geometry": { "type": "Point", "coordinates": [ 112.436413709032237, -3.141662110916883 ] } },
{ "type": "Feature", "properties": { "precipitation_mm": 0.0, "temperature_c": 25.362020814816596, "humidity_pct": 89.027932940222186, "cloud_cover_pct": 87.617297330800369, "wind_speed_ms": 7.8399718252192727, "forecast_datetime": "2026-10-13T04:00:00", "source": "BMKG ADM4 forecast points + IDW", "boundary": "SERPRO Project Area", "interpretation": "Forecast surface clipped to project boundary; not direct station observation" }, "geometry": { "type": "Point", "coordinates": [ 112.436401362237433, -3.132617931271544 ] } },
{ "type": "Feature", "properties": { "precipitation_mm": 0.0, "temperature_c": 25.302956343513486, "humidity_pct": 89.303809423360832, "cloud_cover_pct": 87.510705452331905, "wind_speed_ms": 7.7623681312620976, "forecast_datetime": "2026-10-13T04:00:00", "source": "BMKG ADM4 forecast points + IDW", "boundary": "SERPRO Project Area", "interpretation": "Forecast surface clipped to project boundary; not direct station observation" }, "geometry": { "type": "Point", "coordinates": [ 112.436389051213538, -3.123573750013239 ] } },
{ "type": "Feature", "properties": { "precipitation_mm": 0.0, "temperature_c": 25.249355842858183, "humidity_pct": 89.560878269072305, "cloud_cover_pct": 87.415316292436856, "wind_speed_ms": 7.6851490314541122, "forecast_datetime": "2026-10-13T04:00:00", "source": "BMKG ADM4 forecast points + IDW", "boundary": "SERPRO Project Area", "interpretation": "Forecast surface clipped to project boundary; not direct station observation" }, "geometry": { "type": "Point", "coordinates": [ 112.436376775959033, -3.114529567146607 ] } },
{ "type": "Feature", "properties": { "precipitation_mm": 0.0, "temperature_c": 25.203379442298562, "humidity_pct": 89.7869780331649, "cloud_cover_pct": 87.33453933579878, "wind_speed_ms": 7.6133230124457132, "forecast_datetime": "2026-10-13T04:00:00", "source": "BMKG ADM4 forecast points + IDW", "boundary": "SERPRO Project Area", "interpretation": "Forecast surface clipped to project boundary; not direct station observation" }, "geometry": { "type": "Point", "coordinates": [ 112.436364536472411, -3.105485382676288 ] } },
{ "type": "Feature", "properties": { "precipitation_mm": 0.0, "temperature_c": 25.166538132832855, "humidity_pct": 89.971670654996075, "cloud_cover_pct": 87.270463804292532, "wind_speed_ms": 7.5522609899600548, "forecast_datetime": "2026-10-13T04:00:00", "source": "BMKG ADM4 forecast points + IDW", "boundary": "SERPRO Project Area", "interpretation": "Forecast surface clipped to project boundary; not direct station observation" }, "geometry": { "type": "Point", "coordinates": [ 112.436352332752136, -3.096441196606921 ] } },
{ "type": "Feature", "properties": { "precipitation_mm": 0.0, "temperature_c": 25.139571742324311, "humidity_pct": 90.107243241628311, "cloud_cover_pct": 87.223757048780257, "wind_speed_ms": 7.5070654764818752, "forecast_datetime": "2026-10-13T04:00:00", "source": "BMKG ADM4 forecast points + IDW", "boundary": "SERPRO Project Area", "interpretation": "Forecast surface clipped to project boundary; not direct station observation" }, "geometry": { "type": "Point", "coordinates": [ 112.436340164796746, -3.087397008943148 ] } },
{ "type": "Feature", "properties": { "precipitation_mm": 0.0, "temperature_c": 25.12237528247795, "humidity_pct": 90.189947707394225, "cloud_cover_pct": 87.193655890727896, "wind_speed_ms": 7.4816215922785902, "forecast_datetime": "2026-10-13T04:00:00", "source": "BMKG ADM4 forecast points + IDW", "boundary": "SERPRO Project Area", "interpretation": "Forecast surface clipped to project boundary; not direct station observation" }, "geometry": { "type": "Point", "coordinates": [ 112.436328032604692, -3.078352819689608 ] } },
{ "type": "Feature", "properties": { "precipitation_mm": 0.0, "temperature_c": 25.114012446352046, "humidity_pct": 90.221216298585176, "cloud_cover_pct": 87.178098085472129, "wind_speed_ms": 7.4774712446950193, "forecast_datetime": "2026-10-13T04:00:00", "source": "BMKG ADM4 forecast points + IDW", "boundary": "SERPRO Project Area", "interpretation": "Forecast surface clipped to project boundary; not direct station observation" }, "geometry": { "type": "Point", "coordinates": [ 112.436315936174509, -3.069308628850941 ] } },
{ "type": "Feature", "properties": { "precipitation_mm": 0.0, "temperature_c": 25.112899617223732, "humidity_pct": 90.207901825026468, "cloud_cover_pct": 87.174105832872925, "wind_speed_ms": 7.4931135032282175, "forecast_datetime": "2026-10-13T04:00:00", "source": "BMKG ADM4 forecast points + IDW", "boundary": "SERPRO Project Area", "interpretation": "Forecast surface clipped to project boundary; not direct station observation" }, "geometry": { "type": "Point", "coordinates": [ 112.436303875504677, -3.060264436431788 ] } },
{ "type": "Feature", "properties": { "precipitation_mm": 0.0, "temperature_c": 25.117175238302512, "humidity_pct": 90.1607049766953, "cloud_cover_pct": 87.178418734232196, "wind_speed_ms": 7.5244001287649045, "forecast_datetime": "2026-10-13T04:00:00", "source": "BMKG ADM4 forecast points + IDW", "boundary": "SERPRO Project Area", "interpretation": "Forecast surface clipped to project boundary; not direct station observation" }, "geometry": { "type": "Point", "coordinates": [ 112.436291850593719, -3.05122024243679 ] } },
{ "type": "Feature", "properties": { "precipitation_mm": 0.0, "temperature_c": 25.147140191426754, "humidity_pct": 89.92202098463919, "cloud_cover_pct": 87.215971735342137, "wind_speed_ms": 7.661608800044168, "forecast_datetime": "2026-10-13T04:00:00", "source": "BMKG ADM4 forecast points + IDW", "boundary": "SERPRO Project Area", "interpretation": "Forecast surface clipped to project boundary; not direct station observation" }, "geometry": { "type": "Point", "coordinates": [ 112.436255990399275, -3.024087651043129 ] } },
{ "type": "Feature", "properties": { "precipitation_mm": 0.0, "temperature_c": 25.159819528445471, "humidity_pct": 89.833172558469457, "cloud_cover_pct": 87.231862377163523, "wind_speed_ms": 7.7099753491806311, "forecast_datetime": "2026-10-13T04:00:00", "source": "BMKG ADM4 forecast points + IDW", "boundary": "SERPRO Project Area", "interpretation": "Forecast surface clipped to project boundary; not direct station observation" }, "geometry": { "type": "Point", "coordinates": [ 112.436244108509015, -3.015043450791158 ] } },
{ "type": "Feature", "properties": { "precipitation_mm": 0.0, "temperature_c": 25.173115637410874, "humidity_pct": 89.744914838986318, "cloud_cover_pct": 87.248319152009742, "wind_speed_ms": 7.7570204414296438, "forecast_datetime": "2026-10-13T04:00:00", "source": "BMKG ADM4 forecast points + IDW", "boundary": "SERPRO Project Area", "interpretation": "Forecast surface clipped to project boundary; not direct station observation" }, "geometry": { "type": "Point", "coordinates": [ 112.436232262370225, -3.005999248986547 ] } },
{ "type": "Feature", "properties": { "precipitation_mm": 0.0, "temperature_c": 25.530889340957064, "humidity_pct": 88.266202348725002, "cloud_cover_pct": 87.934620509309127, "wind_speed_ms": 8.0268751733994161, "forecast_datetime": "2026-10-13T04:00:00", "source": "BMKG ADM4 forecast points + IDW", "boundary": "SERPRO Project Area", "interpretation": "Forecast surface clipped to project boundary; not direct station observation" }, "geometry": { "type": "Point", "coordinates": [ 112.445423487723332, -3.150693785034887 ] } },
{ "type": "Feature", "properties": { "precipitation_mm": 0.0, "temperature_c": 25.467730128118383, "humidity_pct": 88.532538190744759, "cloud_cover_pct": 87.814618620964225, "wind_speed_ms": 7.9731105108705878, "forecast_datetime": "2026-10-13T04:00:00", "source": "BMKG ADM4 forecast points + IDW", "boundary": "SERPRO Project Area", "interpretation": "Forecast surface clipped to project boundary; not direct station observation" }, "geometry": { "type": "Point", "coordinates": [ 112.445411027660555, -3.141649642969186 ] } },
{ "type": "Feature", "properties": { "precipitation_mm": 0.0, "temperature_c": 25.404517862888621, "humidity_pct": 88.805418996468845, "cloud_cover_pct": 87.696279260829783, "wind_speed_ms": 7.9124425556064324, "forecast_datetime": "2026-10-13T04:00:00", "source": "BMKG ADM4 forecast points + IDW", "boundary": "SERPRO Project Area", "interpretation": "Forecast surface clipped to project boundary; not direct station observation" }, "geometry": { "type": "Point", "coordinates": [ 112.4453986035941, -3.132605499285288 ] } },
{ "type": "Feature", "properties": { "precipitation_mm": 0.0, "temperature_c": 25.344284450608217, "humidity_pct": 89.071594398736849, "cloud_cover_pct": 87.585210928631966, "wind_speed_ms": 7.8479662260147593, "forecast_datetime": "2026-10-13T04:00:00", "source": "BMKG ADM4 forecast points + IDW", "boundary": "SERPRO Project Area", "interpretation": "Forecast surface clipped to project boundary; not direct station observation" }, "geometry": { "type": "Point", "coordinates": [ 112.445386215522419, -3.123561353987832 ] } },
{ "type": "Feature", "properties": { "precipitation_mm": 0.0, "temperature_c": 25.289704938332697, "humidity_pct": 89.318062863820288, "cloud_cover_pct": 87.48601984750546, "wind_speed_ms": 7.7838133177021431, "forecast_datetime": "2026-10-13T04:00:00", "source": "BMKG ADM4 forecast points + IDW", "boundary": "SERPRO Project Area", "interpretation": "Forecast surface clipped to project boundary; not direct station observation" }, "geometry": { "type": "Point", "coordinates": [ 112.44537386344399, -3.114517207081463 ] } },
{ "type": "Feature", "properties": { "precipitation_mm": 0.0, "temperature_c": 25.242796339118318, "humidity_pct": 89.53361641821013, "cloud_cover_pct": 87.401861112894665, "wind_speed_ms": 7.7245587329010803, "forecast_datetime": "2026-10-13T04:00:00", "source": "BMKG ADM4 forecast points + IDW", "boundary": "SERPRO Project Area", "interpretation": "Forecast surface clipped to project boundary; not direct station observation" }, "geometry": { "type": "Point", "coordinates": [ 112.44536154735728, -3.105473058570819 ] } },
{ "type": "Feature", "properties": { "precipitation_mm": 0.0, "temperature_c": 25.20476186525779, "humidity_pct": 89.709862089851526, "cloud_cover_pct": 87.334286047552254, "wind_speed_ms": 7.674651834010076, "forecast_datetime": "2026-10-13T04:00:00", "source": "BMKG ADM4 forecast points + IDW", "boundary": "SERPRO Project Area", "interpretation": "Forecast surface clipped to project boundary; not direct station observation" }, "geometry": { "type": "Point", "coordinates": [ 112.445349267260767, -3.096428908460543 ] } },
{ "type": "Feature", "properties": { "precipitation_mm": 0.0, "temperature_c": 25.175968931294033, "humidity_pct": 89.841811199349252, "cloud_cover_pct": 87.283332370305175, "wind_speed_ms": 7.6378617818391499, "forecast_datetime": "2026-10-13T04:00:00", "source": "BMKG ADM4 forecast points + IDW", "boundary": "SERPRO Project Area", "interpretation": "Forecast surface clipped to project boundary; not direct station observation" }, "geometry": { "type": "Point", "coordinates": [ 112.445337023152959, -3.087384756755277 ] } },
{ "type": "Feature", "properties": { "precipitation_mm": 0.0, "temperature_c": 25.156027947902693, "humidity_pct": 89.928253358198717, "cloud_cover_pct": 87.247774093106131, "wind_speed_ms": 7.6166696066127502, "forecast_datetime": "2026-10-13T04:00:00", "source": "BMKG ADM4 forecast points + IDW", "boundary": "SERPRO Project Area", "interpretation": "Forecast surface clipped to project boundary; not direct station observation" }, "geometry": { "type": "Point", "coordinates": [ 112.445324815032322, -3.078340603459662 ] } },
{ "type": "Feature", "properties": { "precipitation_mm": 0.0, "temperature_c": 25.143954780684176, "humidity_pct": 89.971904253156353, "cloud_cover_pct": 87.225482820856712, "wind_speed_ms": 7.6116782090713757, "forecast_datetime": "2026-10-13T04:00:00", "source": "BMKG ADM4 forecast points + IDW", "boundary": "SERPRO Project Area", "interpretation": "Forecast surface clipped to project boundary; not direct station observation" }, "geometry": { "type": "Point", "coordinates": [ 112.445312642897363, -3.069296448578341 ] } },
{ "type": "Feature", "properties": { "precipitation_mm": 0.0, "temperature_c": 25.137999369848398, "humidity_pct": 89.957584722172655, "cloud_cover_pct": 87.210412982291274, "wind_speed_ms": 7.642617045123127, "forecast_datetime": "2026-10-13T04:00:00", "source": "BMKG ADM4 forecast points + IDW", "boundary": "SERPRO Project Area", "interpretation": "Forecast surface clipped to project boundary; not direct station observation" }, "geometry": { "type": "Point", "coordinates": [ 112.445288406578427, -3.051208134077149 ] } },
{ "type": "Feature", "properties": { "precipitation_mm": 0.0, "temperature_c": 25.141475113023962, "humidity_pct": 89.916173856519379, "cloud_cover_pct": 87.212909320093971, "wind_speed_ms": 7.6716712221820869, "forecast_datetime": "2026-10-13T04:00:00", "source": "BMKG ADM4 forecast points + IDW", "boundary": "SERPRO Project Area", "interpretation": "Forecast surface clipped to project boundary; not direct station observation" }, "geometry": { "type": "Point", "coordinates": [ 112.445276342391466, -3.042163974466562 ] } },
{ "type": "Feature", "properties": { "precipitation_mm": 0.0, "temperature_c": 25.147873906496894, "humidity_pct": 89.861589505541659, "cloud_cover_pct": 87.21971394195063, "wind_speed_ms": 7.705283112774552, "forecast_datetime": "2026-10-13T04:00:00", "source": "BMKG ADM4 forecast points + IDW", "boundary": "SERPRO Project Area", "interpretation": "Forecast surface clipped to project boundary; not direct station observation" }, "geometry": { "type": "Point", "coordinates": [ 112.445264314184186, -3.033119813288839 ] } },
{ "type": "Feature", "properties": { "precipitation_mm": 0.0, "temperature_c": 25.156484317144589, "humidity_pct": 89.79870980756958, "cloud_cover_pct": 87.229631973443162, "wind_speed_ms": 7.741180249099159, "forecast_datetime": "2026-10-13T04:00:00", "source": "BMKG ADM4 forecast points + IDW", "boundary": "SERPRO Project Area", "interpretation": "Forecast surface clipped to project boundary; not direct station observation" }, "geometry": { "type": "Point", "coordinates": [ 112.445252321955095, -3.024075650548621 ] } },
{ "type": "Feature", "properties": { "precipitation_mm": 0.0, "temperature_c": 25.166779326049131, "humidity_pct": 89.730666746029968, "cloud_cover_pct": 87.241797530173088, "wind_speed_ms": 7.7780428315708319, "forecast_datetime": "2026-10-13T04:00:00", "source": "BMKG ADM4 forecast points + IDW", "boundary": "SERPRO Project Area", "interpretation": "Forecast surface clipped to project boundary; not direct station observation" }, "geometry": { "type": "Point", "coordinates": [ 112.44524036570273, -3.015031486250553 ] } },
{ "type": "Feature", "properties": { "precipitation_mm": 0.0, "temperature_c": 25.178349667086326, "humidity_pct": 89.659406357236165, "cloud_cover_pct": 87.255557510974697, "wind_speed_ms": 7.8152126641357533, "forecast_datetime": "2026-10-13T04:00:00", "source": "BMKG ADM4 forecast points + IDW", "boundary": "SERPRO Project Area", "interpretation": "Forecast surface clipped to project boundary; not direct station observation" }, "geometry": { "type": "Point", "coordinates": [ 112.445228445425599, -3.005987320399276 ] } },
{ "type": "Feature", "properties": { "precipitation_mm": 0.0, "temperature_c": 25.204037836775662, "humidity_pct": 89.511879562830146, "cloud_cover_pct": 87.285909964167587, "wind_speed_ms": 7.8894599919558228, "forecast_datetime": "2026-10-13T04:00:00", "source": "BMKG ADM4 forecast points + IDW", "boundary": "SERPRO Project Area", "interpretation": "Forecast surface clipped to project boundary; not direct station observation" }, "geometry": { "type": "Point", "coordinates": [ 112.445204712791195, -2.987898984055673 ] } },
{ "type": "Feature", "properties": { "precipitation_mm": 0.0, "temperature_c": 25.576189154216092, "humidity_pct": 88.067553802285346, "cloud_cover_pct": 88.025951872357425, "wind_speed_ms": 8.0658881582080628, "forecast_datetime": "2026-10-13T04:00:00", "source": "BMKG ADM4 forecast points + IDW", "boundary": "SERPRO Project Area", "interpretation": "Forecast surface clipped to project boundary; not direct station observation" }, "geometry": { "type": "Point", "coordinates": [ 112.454420847849349, -3.150681203114944 ] } },
{ "type": "Feature", "properties": { "precipitation_mm": 0.0, "temperature_c": 25.510849418747171, "humidity_pct": 88.327311394593167, "cloud_cover_pct": 87.898776132925107, "wind_speed_ms": 8.0259642807527651, "forecast_datetime": "2026-10-13T04:00:00", "source": "BMKG ADM4 forecast points + IDW", "boundary": "SERPRO Project Area", "interpretation": "Forecast surface clipped to project boundary; not direct station observation" }, "geometry": { "type": "Point", "coordinates": [ 112.454408310292578, -3.141637097235636 ] } },
{ "type": "Feature", "properties": { "precipitation_mm": 0.0, "temperature_c": 25.445075410513486, "humidity_pct": 88.595255955360571, "cloud_cover_pct": 87.772943515087519, "wind_speed_ms": 7.9784314898323681, "forecast_datetime": "2026-10-13T04:00:00", "source": "BMKG ADM4 forecast points + IDW", "boundary": "SERPRO Project Area", "interpretation": "Forecast surface clipped to project boundary; not direct station observation" }, "geometry": { "type": "Point", "coordinates": [ 112.454395808955979, -3.132592989737537 ] } },
{ "type": "Feature", "properties": { "precipitation_mm": 0.0, "temperature_c": 25.382145409783753, "humidity_pct": 88.857111461295588, "cloud_cover_pct": 87.65459761887405, "wind_speed_ms": 7.926498475311349, "forecast_datetime": "2026-10-13T04:00:00", "source": "BMKG ADM4 forecast points + IDW", "boundary": "SERPRO Project Area", "interpretation": "Forecast surface clipped to project boundary; not direct station observation" }, "geometry": { "type": "Point", "coordinates": [ 112.454383343838046, -3.123548880625286 ] } },
{ "type": "Feature", "properties": { "precipitation_mm": 0.0, "temperature_c": 25.324855999564438, "humidity_pct": 89.0993526805713, "cloud_cover_pct": 87.5485861987665, "wind_speed_ms": 7.8743781245632816, "forecast_datetime": "2026-10-13T04:00:00", "source": "BMKG ADM4 forecast points + IDW", "boundary": "SERPRO Project Area", "interpretation": "Forecast surface clipped to project boundary; not direct station observation" }, "geometry": { "type": "Point", "coordinates": [ 112.454370914937201, -3.11450476990353 ] } },
{ "type": "Feature", "properties": { "precipitation_mm": 0.0, "temperature_c": 25.275200513772422, "humidity_pct": 89.31107824946011, "cloud_cover_pct": 87.458007353670425, "wind_speed_ms": 7.8264529155999867, "forecast_datetime": "2026-10-13T04:00:00", "source": "BMKG ADM4 forecast points + IDW", "boundary": "SERPRO Project Area", "interpretation": "Forecast surface clipped to project boundary; not direct station observation" }, "geometry": { "type": "Point", "coordinates": [ 112.454358522251951, -3.105460657576907 ] } },
{ "type": "Feature", "properties": { "precipitation_mm": 0.0, "temperature_c": 25.234246812097989, "humidity_pct": 89.485097530840335, "cloud_cover_pct": 87.38414666946386, "wind_speed_ms": 7.7865447247283068, "forecast_datetime": "2026-10-13T04:00:00", "source": "BMKG ADM4 forecast points + IDW", "boundary": "SERPRO Project Area", "interpretation": "Forecast surface clipped to project boundary; not direct station observation" }, "geometry": { "type": "Point", "coordinates": [ 112.45434616578072, -3.096416543650065 ] } },
{ "type": "Feature", "properties": { "precipitation_mm": 0.0, "temperature_c": 25.202198668128688, "humidity_pct": 89.618244558636192, "cloud_cover_pct": 87.326730852289458, "wind_speed_ms": 7.7573653680729091, "forecast_datetime": "2026-10-13T04:00:00", "source": "BMKG ADM4 forecast points + IDW", "boundary": "SERPRO Project Area", "interpretation": "Forecast surface clipped to project boundary; not direct station observation" }, "geometry": { "type": "Point", "coordinates": [ 112.454333845522015, -3.087372428127646 ] } },
{ "type": "Feature", "properties": { "precipitation_mm": 0.0, "temperature_c": 25.162517722789069, "humidity_pct": 89.76735385397788, "cloud_cover_pct": 87.255053874655559, "wind_speed_ms": 7.7346037532379421, "forecast_datetime": "2026-10-13T04:00:00", "source": "BMKG ADM4 forecast points + IDW", "boundary": "SERPRO Project Area", "interpretation": "Forecast surface clipped to project boundary; not direct station observation" }, "geometry": { "type": "Point", "coordinates": [ 112.45430931363606, -3.06928419231465 ] } },
{ "type": "Feature", "properties": { "precipitation_mm": 0.0, "temperature_c": 25.148780214773723, "humidity_pct": 89.793084918725654, "cloud_cover_pct": 87.226986189082396, "wind_speed_ms": 7.7512455140311909, "forecast_datetime": "2026-10-13T04:00:00", "source": "BMKG ADM4 forecast points + IDW", "boundary": "SERPRO Project Area", "interpretation": "Forecast surface clipped to project boundary; not direct station observation" }, "geometry": { "type": "Point", "coordinates": [ 112.454284926581963, -3.05119595017507 ] } },
{ "type": "Feature", "properties": { "precipitation_mm": 0.0, "temperature_c": 25.149117779173277, "humidity_pct": 89.774567804686754, "cloud_cover_pct": 87.224415408827383, "wind_speed_ms": 7.7689411005454225, "forecast_datetime": "2026-10-13T04:00:00", "source": "BMKG ADM4 forecast points + IDW", "boundary": "SERPRO Project Area", "interpretation": "Forecast surface clipped to project boundary; not direct station observation" }, "geometry": { "type": "Point", "coordinates": [ 112.454272787363095, -3.042151826744421 ] } },
{ "type": "Feature", "properties": { "precipitation_mm": 0.0, "temperature_c": 25.153116451819042, "humidity_pct": 89.741640000778915, "cloud_cover_pct": 87.227390469149384, "wind_speed_ms": 7.7904962356287735, "forecast_datetime": "2026-10-13T04:00:00", "source": "BMKG ADM4 forecast points + IDW", "boundary": "SERPRO Project Area", "interpretation": "Forecast surface clipped to project boundary; not direct station observation" }, "geometry": { "type": "Point", "coordinates": [ 112.454260684347673, -3.033107701746059 ] } },
{ "type": "Feature", "properties": { "precipitation_mm": 0.0, "temperature_c": 25.160048698209419, "humidity_pct": 89.697755090305364, "cloud_cover_pct": 87.234637735442362, "wind_speed_ms": 7.8148746798791828, "forecast_datetime": "2026-10-13T04:00:00", "source": "BMKG ADM4 forecast points + IDW", "boundary": "SERPRO Project Area", "interpretation": "Forecast surface clipped to project boundary; not direct station observation" }, "geometry": { "type": "Point", "coordinates": [ 112.454248617534219, -3.024063575184628 ] } },
{ "type": "Feature", "properties": { "precipitation_mm": 0.0, "temperature_c": 25.169274889499636, "humidity_pct": 89.645503387871941, "cloud_cover_pct": 87.245080390275959, "wind_speed_ms": 7.8414733810881962, "forecast_datetime": "2026-10-13T04:00:00", "source": "BMKG ADM4 forecast points + IDW", "boundary": "SERPRO Project Area", "interpretation": "Forecast surface clipped to project boundary; not direct station observation" }, "geometry": { "type": "Point", "coordinates": [ 112.454236586921226, -3.015019447064773 ] } },
{ "type": "Feature", "properties": { "precipitation_mm": 0.0, "temperature_c": 25.180239964546459, "humidity_pct": 89.586908213697612, "cloud_cover_pct": 87.257820027090304, "wind_speed_ms": 7.869907097282038, "forecast_datetime": "2026-10-13T04:00:00", "source": "BMKG ADM4 forecast points + IDW", "boundary": "SERPRO Project Area", "interpretation": "Forecast surface clipped to project boundary; not direct station observation" }, "geometry": { "type": "Point", "coordinates": [ 112.454224592507217, -3.005975317391139 ] } },
{ "type": "Feature", "properties": { "precipitation_mm": 0.0, "temperature_c": 25.192472925564747, "humidity_pct": 89.523620276629387, "cloud_cover_pct": 87.272123471278206, "wind_speed_ms": 7.8998678743115747, "forecast_datetime": "2026-10-13T04:00:00", "source": "BMKG ADM4 forecast points + IDW", "boundary": "SERPRO Project Area", "interpretation": "Forecast surface clipped to project boundary; not direct station observation" }, "geometry": { "type": "Point", "coordinates": [ 112.454212634290712, -2.996931186168371 ] } },
{ "type": "Feature", "properties": { "precipitation_mm": 0.0, "temperature_c": 25.205583751509252, "humidity_pct": 89.457018061174551, "cloud_cover_pct": 87.287407081186061, "wind_speed_ms": 7.9310637971164057, "forecast_datetime": "2026-10-13T04:00:00", "source": "BMKG ADM4 forecast points + IDW", "boundary": "SERPRO Project Area", "interpretation": "Forecast surface clipped to project boundary; not direct station observation" }, "geometry": { "type": "Point", "coordinates": [ 112.454200712270222, -2.987887053401113 ] } },
{ "type": "Feature", "properties": { "precipitation_mm": 0.0, "temperature_c": 25.620252584810448, "humidity_pct": 87.882052935948565, "cloud_cover_pct": 88.116445602170899, "wind_speed_ms": 8.0959695067611612, "forecast_datetime": "2026-10-13T04:00:00", "source": "BMKG ADM4 forecast points + IDW", "boundary": "SERPRO Project Area", "interpretation": "Forecast surface clipped to project boundary; not direct station observation" }, "geometry": { "type": "Point", "coordinates": [ 112.463418171753617, -3.150668543186338 ] } },
{ "type": "Feature", "properties": { "precipitation_mm": 0.0, "temperature_c": 25.551617796984736, "humidity_pct": 88.138531921073167, "cloud_cover_pct": 87.979759688121803, "wind_speed_ms": 8.070210245813719, "forecast_datetime": "2026-10-13T04:00:00", "source": "BMKG ADM4 forecast points + IDW", "boundary": "SERPRO Project Area", "interpretation": "Forecast surface clipped to project boundary; not direct station observation" }, "geometry": { "type": "Point", "coordinates": [ 112.463405556704402, -3.141624473717781 ] } },
{ "type": "Feature", "properties": { "precipitation_mm": 0.0, "temperature_c": 25.481772822632234, "humidity_pct": 88.407108094391049, "cloud_cover_pct": 87.843539760594226, "wind_speed_ms": 8.0351491402570154, "forecast_datetime": "2026-10-13T04:00:00", "source": "BMKG ADM4 forecast points + IDW", "boundary": "SERPRO Project Area", "interpretation": "Forecast surface clipped to project boundary; not direct station observation" }, "geometry": { "type": "Point", "coordinates": [ 112.463392978099236, -3.132580402629834 ] } },
{ "type": "Feature", "properties": { "precipitation_mm": 0.0, "temperature_c": 25.414258799288731, "humidity_pct": 88.672356331850693, "cloud_cover_pct": 87.714524871960123, "wind_speed_ms": 7.9941240231181565, "forecast_datetime": "2026-10-13T04:00:00", "source": "BMKG ADM4 forecast points + IDW", "boundary": "SERPRO Project Area", "interpretation": "Forecast surface clipped to project boundary; not direct station observation" }, "geometry": { "type": "Point", "coordinates": [ 112.463380435936571, -3.123536329927137 ] } },
{ "type": "Feature", "properties": { "precipitation_mm": 0.0, "temperature_c": 25.145621632344309, "humidity_pct": 89.685115638623145, "cloud_cover_pct": 87.21897210026259, "wind_speed_ms": 7.8479573059562604, "forecast_datetime": "2026-10-13T04:00:00", "source": "BMKG ADM4 forecast points + IDW", "boundary": "SERPRO Project Area", "interpretation": "Forecast surface clipped to project boundary; not direct station observation" }, "geometry": { "type": "Point", "coordinates": [ 112.463269196131264, -3.04213960370566 ] } },
{ "type": "Feature", "properties": { "precipitation_mm": 0.0, "temperature_c": 25.149342249743086, "humidity_pct": 89.66414151704825, "cloud_cover_pct": 87.221492676724026, "wind_speed_ms": 7.8605769041857618, "forecast_datetime": "2026-10-13T04:00:00", "source": "BMKG ADM4 forecast points + IDW", "boundary": "SERPRO Project Area", "interpretation": "Forecast surface clipped to project boundary; not direct station observation" }, "geometry": { "type": "Point", "coordinates": [ 112.463257018309207, -3.033095515110973 ] } },
{ "type": "Feature", "properties": { "precipitation_mm": 0.0, "temperature_c": 25.156586163512259, "humidity_pct": 89.630119451242763, "cloud_cover_pct": 87.229159027126983, "wind_speed_ms": 7.8764766777486246, "forecast_datetime": "2026-10-13T04:00:00", "source": "BMKG ADM4 forecast points + IDW", "boundary": "SERPRO Project Area", "interpretation": "Forecast surface clipped to project boundary; not direct station observation" }, "geometry": { "type": "Point", "coordinates": [ 112.463244876912867, -3.024051424952639 ] } },
{ "type": "Feature", "properties": { "precipitation_mm": 0.0, "temperature_c": 25.166467016758055, "humidity_pct": 89.585696838565056, "cloud_cover_pct": 87.240500856629453, "wind_speed_ms": 7.8955497633224843, "forecast_datetime": "2026-10-13T04:00:00", "source": "BMKG ADM4 forecast points + IDW", "boundary": "SERPRO Project Area", "interpretation": "Forecast surface clipped to project boundary; not direct station observation" }, "geometry": { "type": "Point", "coordinates": [ 112.463232771940724, -3.015007333235304 ] } },
{ "type": "Feature", "properties": { "precipitation_mm": 0.0, "temperature_c": 25.178241470971489, "humidity_pct": 89.533176258729043, "cloud_cover_pct": 87.254332730006325, "wind_speed_ms": 7.9175855651391318, "forecast_datetime": "2026-10-13T04:00:00", "source": "BMKG ADM4 forecast points + IDW", "boundary": "SERPRO Project Area", "interpretation": "Forecast surface clipped to project boundary; not direct station observation" }, "geometry": { "type": "Point", "coordinates": [ 112.463220703391315, -3.005963239963615 ] } },
{ "type": "Feature", "properties": { "precipitation_mm": 0.0, "temperature_c": 25.191314555165967, "humidity_pct": 89.474558659738449, "cloud_cover_pct": 87.269741013104237, "wind_speed_ms": 7.9422480041326731, "forecast_datetime": "2026-10-13T04:00:00", "source": "BMKG ADM4 forecast points + IDW", "boundary": "SERPRO Project Area", "interpretation": "Forecast surface clipped to project boundary; not direct station observation" }, "geometry": { "type": "Point", "coordinates": [ 112.463208671263146, -2.996919145142219 ] } },
{ "type": "Feature", "properties": { "precipitation_mm": 0.0, "temperature_c": 25.205224328733337, "humidity_pct": 89.411554962149069, "cloud_cover_pct": 87.286043581584295, "wind_speed_ms": 7.9691180929088663, "forecast_datetime": "2026-10-13T04:00:00", "source": "BMKG ADM4 forecast points + IDW", "boundary": "SERPRO Project Area", "interpretation": "Forecast surface clipped to project boundary; not direct station observation" }, "geometry": { "type": "Point", "coordinates": [ 112.463196675554713, -2.987875048775762 ] } },
{ "type": "Feature", "properties": { "precipitation_mm": 0.0, "temperature_c": 25.513579949285411, "humidity_pct": 88.245281552427983, "cloud_cover_pct": 87.905679487946571, "wind_speed_ms": 8.0821814973760837, "forecast_datetime": "2026-10-13T04:00:00", "source": "BMKG ADM4 forecast points + IDW", "boundary": "SERPRO Project Area", "interpretation": "Forecast surface clipped to project boundary; not direct station observation" }, "geometry": { "type": "Point", "coordinates": [ 112.472390110799964, -3.13256773796373 ] } },
{ "type": "Feature", "properties": { "precipitation_mm": 0.0, "temperature_c": 25.439641186427306, "humidity_pct": 88.52216396502692, "cloud_cover_pct": 87.762740918246863, "wind_speed_ms": 8.0498520926531771, "forecast_datetime": "2026-10-13T04:00:00", "source": "BMKG ADM4 forecast points + IDW", "boundary": "SERPRO Project Area", "interpretation": "Forecast surface clipped to project boundary; not direct station observation" }, "geometry": { "type": "Point", "coordinates": [ 112.472377491594145, -3.123523701894932 ] } },
{ "type": "Feature", "properties": { "precipitation_mm": 0.0, "temperature_c": 25.137307806789309, "humidity_pct": 89.636046244155551, "cloud_cover_pct": 87.212364477647299, "wind_speed_ms": 7.8976335311226205, "forecast_datetime": "2026-10-13T04:00:00", "source": "BMKG ADM4 forecast points + IDW", "boundary": "SERPRO Project Area", "interpretation": "Forecast surface clipped to project boundary; not direct station observation" }, "geometry": { "type": "Point", "coordinates": [ 112.472290183681082, -3.060215404573913 ] } },
{ "type": "Feature", "properties": { "precipitation_mm": 0.0, "temperature_c": 25.130626232627289, "humidity_pct": 89.65723001305679, "cloud_cover_pct": 87.198983287844499, "wind_speed_ms": 7.8985114309671198, "forecast_datetime": "2026-10-13T04:00:00", "source": "BMKG ADM4 forecast points + IDW", "boundary": "SERPRO Project Area", "interpretation": "Forecast surface clipped to project boundary; not direct station observation" }, "geometry": { "type": "Point", "coordinates": [ 112.472277857750399, -3.051171355749612 ] } },
{ "type": "Feature", "properties": { "precipitation_mm": 0.0, "temperature_c": 25.13092644488755, "humidity_pct": 89.655231836465305, "cloud_cover_pct": 87.196524480775679, "wind_speed_ms": 7.9028863364557358, "forecast_datetime": "2026-10-13T04:00:00", "source": "BMKG ADM4 forecast points + IDW", "boundary": "SERPRO Project Area", "interpretation": "Forecast surface clipped to project boundary; not direct station observation" }, "geometry": { "type": "Point", "coordinates": [ 112.472265568472224, -3.042127305351786 ] } },
{ "type": "Feature", "properties": { "precipitation_mm": 0.0, "temperature_c": 25.136642544304436, "humidity_pct": 89.63479164666478, "cloud_cover_pct": 87.202204642139691, "wind_speed_ms": 7.910732265989342, "forecast_datetime": "2026-10-13T04:00:00", "source": "BMKG ADM4 forecast points + IDW", "boundary": "SERPRO Project Area", "interpretation": "Forecast surface clipped to project boundary; not direct station observation" }, "geometry": { "type": "Point", "coordinates": [ 112.472253315845023, -3.033083253385083 ] } },
{ "type": "Feature", "properties": { "precipitation_mm": 0.0, "temperature_c": 25.146276877843835, "humidity_pct": 89.599990274882302, "cloud_cover_pct": 87.213508519275464, "wind_speed_ms": 7.9222188986966184, "forecast_datetime": "2026-10-13T04:00:00", "source": "BMKG ADM4 forecast points + IDW", "boundary": "SERPRO Project Area", "interpretation": "Forecast surface clipped to project boundary; not direct station observation" }, "geometry": { "type": "Point", "coordinates": [ 112.47224109986729, -3.024039199854152 ] } },
{ "type": "Feature", "properties": { "precipitation_mm": 0.0, "temperature_c": 25.158575884653143, "humidity_pct": 89.554225557153629, "cloud_cover_pct": 87.228418922971159, "wind_speed_ms": 7.9374010072596608, "forecast_datetime": "2026-10-13T04:00:00", "source": "BMKG ADM4 forecast points + IDW", "boundary": "SERPRO Project Area", "interpretation": "Forecast surface clipped to project boundary; not direct station observation" }, "geometry": { "type": "Point", "coordinates": [ 112.472228920537518, -3.014995144763638 ] } },
{ "type": "Feature", "properties": { "precipitation_mm": 0.0, "temperature_c": 25.172581890250818, "humidity_pct": 89.500280490278271, "cloud_cover_pct": 87.24545213037338, "wind_speed_ms": 7.9561039218912546, "forecast_datetime": "2026-10-13T04:00:00", "source": "BMKG ADM4 forecast points + IDW", "boundary": "SERPRO Project Area", "interpretation": "Forecast surface clipped to project boundary; not direct station observation" }, "geometry": { "type": "Point", "coordinates": [ 112.4722167778542, -3.005951088118193 ] } },
{ "type": "Feature", "properties": { "precipitation_mm": 0.0, "temperature_c": 25.203155597889062, "humidity_pct": 89.376446618981447, "cloud_cover_pct": 87.282103595579386, "wind_speed_ms": 8.0024631790840886, "forecast_datetime": "2026-10-13T04:00:00", "source": "BMKG ADM4 forecast points + IDW", "boundary": "SERPRO Project Area", "interpretation": "Forecast surface clipped to project boundary; not direct station observation" }, "geometry": { "type": "Point", "coordinates": [ 112.472192602420932, -2.987862970181098 ] } },
{ "type": "Feature", "properties": { "precipitation_mm": 0.0, "temperature_c": 25.218903519654557, "humidity_pct": 89.309833542145853, "cloud_cover_pct": 87.300577318160322, "wind_speed_ms": 8.0291064106317975, "forecast_datetime": "2026-10-13T04:00:00", "source": "BMKG ADM4 forecast points + IDW", "boundary": "SERPRO Project Area", "interpretation": "Forecast surface clipped to project boundary; not direct station observation" }, "geometry": { "type": "Point", "coordinates": [ 112.472180569667998, -2.978818908898746 ] } },
{ "type": "Feature", "properties": { "precipitation_mm": 0.0, "temperature_c": 25.109442308552424, "humidity_pct": 89.669660991544603, "cloud_cover_pct": 87.168958475953303, "wind_speed_ms": 7.9305986356783924, "forecast_datetime": "2026-10-13T04:00:00", "source": "BMKG ADM4 forecast points + IDW", "boundary": "SERPRO Project Area", "interpretation": "Forecast surface clipped to project boundary; not direct station observation" }, "geometry": { "type": "Point", "coordinates": [ 112.481286669649577, -3.060202957200101 ] } },
{ "type": "Feature", "properties": { "precipitation_mm": 0.0, "temperature_c": 25.117065398844002, "humidity_pct": 89.64911361480668, "cloud_cover_pct": 87.172672734384847, "wind_speed_ms": 7.9402021337059097, "forecast_datetime": "2026-10-13T04:00:00", "source": "BMKG ADM4 forecast points + IDW", "boundary": "SERPRO Project Area", "interpretation": "Forecast surface clipped to project boundary; not direct station observation" }, "geometry": { "type": "Point", "coordinates": [ 112.481249576731372, -3.033070916569899 ] } },
{ "type": "Feature", "properties": { "precipitation_mm": 0.0, "temperature_c": 25.130783923253148, "humidity_pct": 89.6038090115931, "cloud_cover_pct": 87.190209247227813, "wind_speed_ms": 7.9514586808429089, "forecast_datetime": "2026-10-13T04:00:00", "source": "BMKG ADM4 forecast points + IDW", "boundary": "SERPRO Project Area", "interpretation": "Forecast surface clipped to project boundary; not direct station observation" }, "geometry": { "type": "Point", "coordinates": [ 112.481237286173766, -3.024026899890671 ] } },
{ "type": "Feature", "properties": { "precipitation_mm": 0.0, "temperature_c": 25.146913983582255, "humidity_pct": 89.548336140206899, "cloud_cover_pct": 87.21079794561966, "wind_speed_ms": 7.9665078122923445, "forecast_datetime": "2026-10-13T04:00:00", "source": "BMKG ADM4 forecast points + IDW", "boundary": "SERPRO Project Area", "interpretation": "Forecast surface clipped to project boundary; not direct station observation" }, "geometry": { "type": "Point", "coordinates": [ 112.481225032487856, -3.014982881651278 ] } },
{ "type": "Feature", "properties": { "precipitation_mm": 0.0, "temperature_c": 25.164279216673634, "humidity_pct": 89.486124312165131, "cloud_cover_pct": 87.232677137014136, "wind_speed_ms": 7.9850559410562703, "forecast_datetime": "2026-10-13T04:00:00", "source": "BMKG ADM4 forecast points + IDW", "boundary": "SERPRO Project Area", "interpretation": "Forecast surface clipped to project boundary; not direct station observation" }, "geometry": { "type": "Point", "coordinates": [ 112.481212815672123, -3.005938861856369 ] } },
{ "type": "Feature", "properties": { "precipitation_mm": 0.0, "temperature_c": 25.07470357179286, "humidity_pct": 89.754364157435433, "cloud_cover_pct": 87.114970431429029, "wind_speed_ms": 7.9373684418399906, "forecast_datetime": "2026-10-13T04:00:00", "source": "BMKG ADM4 forecast points + IDW", "boundary": "SERPRO Project Area", "interpretation": "Forecast surface clipped to project boundary; not direct station observation" }, "geometry": { "type": "Point", "coordinates": [ 112.490283118740294, -3.060190434065607 ] } },
{ "type": "Feature", "properties": { "precipitation_mm": 0.0, "temperature_c": 25.09421936996538, "humidity_pct": 89.693742074447798, "cloud_cover_pct": 87.138371282145457, "wind_speed_ms": 7.9520978485168161, "forecast_datetime": "2026-10-13T04:00:00", "source": "BMKG ADM4 forecast points + IDW", "boundary": "SERPRO Project Area", "interpretation": "Forecast surface clipped to project boundary; not direct station observation" }, "geometry": { "type": "Point", "coordinates": [ 112.490245800744518, -3.033058504666946 ] } },
{ "type": "Feature", "properties": { "precipitation_mm": 0.0, "temperature_c": 25.154987197533327, "humidity_pct": 89.484872388274113, "cloud_cover_pct": 87.218403382072864, "wind_speed_ms": 8.0057680170908263, "forecast_datetime": "2026-10-13T04:00:00", "source": "BMKG ADM4 forecast points + IDW", "boundary": "SERPRO Project Area", "interpretation": "Forecast surface clipped to project boundary; not direct station observation" }, "geometry": { "type": "Point", "coordinates": [ 112.490208816621362, -3.005926561179653 ] } },
{ "type": "Feature", "properties": { "precipitation_mm": 0.0, "temperature_c": 25.176110525691673, "humidity_pct": 89.407828090005822, "cloud_cover_pct": 87.245068170289755, "wind_speed_ms": 8.0293799437988795, "forecast_datetime": "2026-10-13T04:00:00", "source": "BMKG ADM4 forecast points + IDW", "boundary": "SERPRO Project Area", "interpretation": "Forecast surface clipped to project boundary; not direct station observation" }, "geometry": { "type": "Point", "coordinates": [ 112.490196562767125, -2.996882576908122 ] } },
{ "type": "Feature", "properties": { "precipitation_mm": 0.0, "temperature_c": 25.141503545676727, "humidity_pct": 89.491425957129948, "cloud_cover_pct": 87.22875444527574, "wind_speed_ms": 7.9926033092858049, "forecast_datetime": "2026-10-13T04:00:00", "source": "BMKG ADM4 forecast points + IDW", "boundary": "SERPRO Project Area", "interpretation": "Forecast surface clipped to project boundary; not direct station observation" }, "geometry": { "type": "Point", "coordinates": [ 112.499317409726203, -3.087309638446601 ] } },
{ "type": "Feature", "properties": { "precipitation_mm": 0.0, "temperature_c": 25.089231654049762, "humidity_pct": 89.682439768547709, "cloud_cover_pct": 87.141606450373587, "wind_speed_ms": 7.9589133413640978, "forecast_datetime": "2026-10-13T04:00:00", "source": "BMKG ADM4 forecast points + IDW", "boundary": "SERPRO Project Area", "interpretation": "Forecast surface clipped to project boundary; not direct station observation" }, "geometry": { "type": "Point", "coordinates": [ 112.499304746066031, -3.078265705609437 ] } },
{ "type": "Feature", "properties": { "precipitation_mm": 0.0, "temperature_c": 25.055629522261157, "humidity_pct": 89.803958899895918, "cloud_cover_pct": 87.086713928448034, "wind_speed_ms": 7.9369955494939175, "forecast_datetime": "2026-10-13T04:00:00", "source": "BMKG ADM4 forecast points + IDW", "boundary": "SERPRO Project Area", "interpretation": "Forecast surface clipped to project boundary; not direct station observation" }, "geometry": { "type": "Point", "coordinates": [ 112.499292119734292, -3.069221771183011 ] } },
{ "type": "Feature", "properties": { "precipitation_mm": 0.0, "temperature_c": 25.063289022207247, "humidity_pct": 89.765619692716228, "cloud_cover_pct": 87.099910009878798, "wind_speed_ms": 7.9496317903363787, "forecast_datetime": "2026-10-13T04:00:00", "source": "BMKG ADM4 forecast points + IDW", "boundary": "SERPRO Project Area", "interpretation": "Forecast surface clipped to project boundary; not direct station observation" }, "geometry": { "type": "Point", "coordinates": [ 112.508301271894197, -3.078252955903669 ] } },
{ "type": "Feature", "properties": { "precipitation_mm": 0.0, "temperature_c": 25.028118003685261, "humidity_pct": 89.896554880848797, "cloud_cover_pct": 87.043580278996117, "wind_speed_ms": 7.9224437982037612, "forecast_datetime": "2026-10-13T04:00:00", "source": "BMKG ADM4 forecast points + IDW", "boundary": "SERPRO Project Area", "interpretation": "Forecast surface clipped to project boundary; not direct station observation" }, "geometry": { "type": "Point", "coordinates": [ 112.508288569868398, -3.06920905900482 ] } },
{ "type": "Feature", "properties": { "precipitation_mm": 0.0, "temperature_c": 25.013701950087462, "humidity_pct": 89.949907013870401, "cloud_cover_pct": 87.020865017766667, "wind_speed_ms": 7.9111208183260624, "forecast_datetime": "2026-10-13T04:00:00", "source": "BMKG ADM4 forecast points + IDW", "boundary": "SERPRO Project Area", "interpretation": "Forecast surface clipped to project boundary; not direct station observation" }, "geometry": { "type": "Point", "coordinates": [ 112.508275905393276, -3.060165160520758 ] } },
{ "type": "Feature", "properties": { "precipitation_mm": 0.0, "temperature_c": 25.987433358617444, "humidity_pct": 86.940836953122698, "cloud_cover_pct": 88.959425630076211, "wind_speed_ms": 7.7897863925286428, "forecast_datetime": "2026-10-13T04:00:00", "source": "BMKG ADM4 forecast points + IDW", "boundary": "SERPRO Project Area", "interpretation": "Forecast surface clipped to project boundary; not direct station observation" }, "geometry": { "type": "Point", "coordinates": [ 112.517454039773398, -3.186766314368339 ] } },
{ "type": "Feature", "properties": { "precipitation_mm": 0.0, "temperature_c": 25.191165708304659, "humidity_pct": 89.264639495774716, "cloud_cover_pct": 87.311704435157708, "wind_speed_ms": 8.0600693023913603, "forecast_datetime": "2026-10-13T04:00:00", "source": "BMKG ADM4 forecast points + IDW", "boundary": "SERPRO Project Area", "interpretation": "Forecast surface clipped to project boundary; not direct station observation" }, "geometry": { "type": "Point", "coordinates": [ 112.517323428936265, -3.096327843511145 ] } },
{ "type": "Feature", "properties": { "precipitation_mm": 0.0, "temperature_c": 25.051262820596168, "humidity_pct": 89.803989314231913, "cloud_cover_pct": 87.080346443181966, "wind_speed_ms": 7.9457341029762993, "forecast_datetime": "2026-10-13T04:00:00", "source": "BMKG ADM4 forecast points + IDW", "boundary": "SERPRO Project Area", "interpretation": "Forecast surface clipped to project boundary; not direct station observation" }, "geometry": { "type": "Point", "coordinates": [ 112.517297760170138, -3.078240129993282 ] } },
{ "type": "Feature", "properties": { "precipitation_mm": 0.0, "temperature_c": 25.014996306542503, "humidity_pct": 89.942918525278372, "cloud_cover_pct": 87.023069159027415, "wind_speed_ms": 7.9136832852187897, "forecast_datetime": "2026-10-13T04:00:00", "source": "BMKG ADM4 forecast points + IDW", "boundary": "SERPRO Project Area", "interpretation": "Forecast surface clipped to project boundary; not direct station observation" }, "geometry": { "type": "Point", "coordinates": [ 112.517284982451869, -3.069196270846309 ] } },
{ "type": "Feature", "properties": { "precipitation_mm": 0.0, "temperature_c": 25.98194390216322, "humidity_pct": 86.870417202561498, "cloud_cover_pct": 88.938045933368315, "wind_speed_ms": 7.8649727831037293, "forecast_datetime": "2026-10-13T04:00:00", "source": "BMKG ADM4 forecast points + IDW", "boundary": "SERPRO Project Area", "interpretation": "Forecast surface clipped to project boundary; not direct station observation" }, "geometry": { "type": "Point", "coordinates": [ 112.526451416021075, -3.186752956492559 ] } },
{ "type": "Feature", "properties": { "precipitation_mm": 0.0, "temperature_c": 25.958476443246461, "humidity_pct": 86.813375919126486, "cloud_cover_pct": 88.867874796304207, "wind_speed_ms": 7.9881550932205965, "forecast_datetime": "2026-10-13T04:00:00", "source": "BMKG ADM4 forecast points + IDW", "boundary": "SERPRO Project Area", "interpretation": "Forecast surface clipped to project boundary; not direct station observation" }, "geometry": { "type": "Point", "coordinates": [ 112.526438106508536, -3.177709154722203 ] } },
{ "type": "Feature", "properties": { "precipitation_mm": 0.0, "temperature_c": 25.800213092958927, "humidity_pct": 87.033829853545228, "cloud_cover_pct": 88.473829275772417, "wind_speed_ms": 8.2942939882192199, "forecast_datetime": "2026-10-13T04:00:00", "source": "BMKG ADM4 forecast points + IDW", "boundary": "SERPRO Project Area", "interpretation": "Forecast surface clipped to project boundary; not direct station observation" }, "geometry": { "type": "Point", "coordinates": [ 112.526398406069632, -3.150577739575855 ] } },
{ "type": "Feature", "properties": { "precipitation_mm": 0.0, "temperature_c": 25.200663594413175, "humidity_pct": 89.20906222778703, "cloud_cover_pct": 87.324357441657767, "wind_speed_ms": 8.0860740739869907, "forecast_datetime": "2026-10-13T04:00:00", "source": "BMKG ADM4 forecast points + IDW", "boundary": "SERPRO Project Area", "interpretation": "Forecast surface clipped to project boundary; not direct station observation" }, "geometry": { "type": "Point", "coordinates": [ 112.526320031489362, -3.096314865443534 ] } },
{ "type": "Feature", "properties": { "precipitation_mm": 0.0, "temperature_c": 25.118350715088436, "humidity_pct": 89.533990856937535, "cloud_cover_pct": 87.187440113899299, "wind_speed_ms": 8.0138733126143595, "forecast_datetime": "2026-10-13T04:00:00", "source": "BMKG ADM4 forecast points + IDW", "boundary": "SERPRO Project Area", "interpretation": "Forecast surface clipped to project boundary; not direct station observation" }, "geometry": { "type": "Point", "coordinates": [ 112.526307102079045, -3.087271047459567 ] } },
{ "type": "Feature", "properties": { "precipitation_mm": 0.0, "temperature_c": 25.057454149657325, "humidity_pct": 89.774324319451352, "cloud_cover_pct": 87.089221634256688, "wind_speed_ms": 7.9569280467015453, "forecast_datetime": "2026-10-13T04:00:00", "source": "BMKG ADM4 forecast points + IDW", "boundary": "SERPRO Project Area", "interpretation": "Forecast surface clipped to project boundary; not direct station observation" }, "geometry": { "type": "Point", "coordinates": [ 112.526294210670088, -3.078227227879854 ] } },
{ "type": "Feature", "properties": { "precipitation_mm": 0.0, "temperature_c": 25.020240974282018, "humidity_pct": 89.920756087822241, "cloud_cover_pct": 87.030844769442183, "wind_speed_ms": 7.9205444779100924, "forecast_datetime": "2026-10-13T04:00:00", "source": "BMKG ADM4 forecast points + IDW", "boundary": "SERPRO Project Area", "interpretation": "Forecast surface clipped to project boundary; not direct station observation" }, "geometry": { "type": "Point", "coordinates": [ 112.526281357260899, -3.069183406709055 ] } },
{ "type": "Feature", "properties": { "precipitation_mm": 0.0, "temperature_c": 25.970894568491197, "humidity_pct": 86.685891292224184, "cloud_cover_pct": 88.892381517535583, "wind_speed_ms": 8.0496584698559381, "forecast_datetime": "2026-10-13T04:00:00", "source": "BMKG ADM4 forecast points + IDW", "boundary": "SERPRO Project Area", "interpretation": "Forecast surface clipped to project boundary; not direct station observation" }, "geometry": { "type": "Point", "coordinates": [ 112.535448754249572, -3.186739519723554 ] } },
{ "type": "Feature", "properties": { "precipitation_mm": 0.0, "temperature_c": 25.949388670587819, "humidity_pct": 86.656735867691239, "cloud_cover_pct": 88.828485390686652, "wind_speed_ms": 8.1459087245084643, "forecast_datetime": "2026-10-13T04:00:00", "source": "BMKG ADM4 forecast points + IDW", "boundary": "SERPRO Project Area", "interpretation": "Forecast surface clipped to project boundary; not direct station observation" }, "geometry": { "type": "Point", "coordinates": [ 112.535435366361895, -3.177695756161173 ] } },
{ "type": "Feature", "properties": { "precipitation_mm": 0.0, "temperature_c": 25.915345670383054, "humidity_pct": 86.668895374709663, "cloud_cover_pct": 88.735023308863447, "wind_speed_ms": 8.2476250642032696, "forecast_datetime": "2026-10-13T04:00:00", "source": "BMKG ADM4 forecast points + IDW", "boundary": "SERPRO Project Area", "interpretation": "Forecast surface clipped to project boundary; not direct station observation" }, "geometry": { "type": "Point", "coordinates": [ 112.535422016715629, -3.168651990955838 ] } },
{ "type": "Feature", "properties": { "precipitation_mm": 0.0, "temperature_c": 25.867322906904541, "humidity_pct": 86.751138539424446, "cloud_cover_pct": 88.613559763317824, "wind_speed_ms": 8.3323039375968442, "forecast_datetime": "2026-10-13T04:00:00", "source": "BMKG ADM4 forecast points + IDW", "boundary": "SERPRO Project Area", "interpretation": "Forecast surface clipped to project boundary; not direct station observation" }, "geometry": { "type": "Point", "coordinates": [ 112.535408705309138, -3.159608224112208 ] } },
{ "type": "Feature", "properties": { "precipitation_mm": 0.0, "temperature_c": 25.804468450084446, "humidity_pct": 86.915431531188815, "cloud_cover_pct": 88.466279971853083, "wind_speed_ms": 8.3886066090852207, "forecast_datetime": "2026-10-13T04:00:00", "source": "BMKG ADM4 forecast points + IDW", "boundary": "SERPRO Project Area", "interpretation": "Forecast surface clipped to project boundary; not direct station observation" }, "geometry": { "type": "Point", "coordinates": [ 112.535395432140746, -3.150564455634943 ] } },
{ "type": "Feature", "properties": { "precipitation_mm": 0.0, "temperature_c": 25.726855120885915, "humidity_pct": 87.162636186198654, "cloud_cover_pct": 88.296523963194574, "wind_speed_ms": 8.4117746357961405, "forecast_datetime": "2026-10-13T04:00:00", "source": "BMKG ADM4 forecast points + IDW", "boundary": "SERPRO Project Area", "interpretation": "Forecast surface clipped to project boundary; not direct station observation" }, "geometry": { "type": "Point", "coordinates": [ 112.535382197208847, -3.1415206855287 ] } },
{ "type": "Feature", "properties": { "precipitation_mm": 0.0, "temperature_c": 25.635885253145915, "humidity_pct": 87.484850248297306, "cloud_cover_pct": 88.109394053074354, "wind_speed_ms": 8.4013116115156841, "forecast_datetime": "2026-10-13T04:00:00", "source": "BMKG ADM4 forecast points + IDW", "boundary": "SERPRO Project Area", "interpretation": "Forecast surface clipped to project boundary; not direct station observation" }, "geometry": { "type": "Point", "coordinates": [ 112.535369000511793, -3.132476913798138 ] } },
{ "type": "Feature", "properties": { "precipitation_mm": 0.0, "temperature_c": 25.322397530185249, "humidity_pct": 88.701456767004231, "cloud_cover_pct": 87.526371258864728, "wind_speed_ms": 8.214134030821203, "forecast_datetime": "2026-10-13T04:00:00", "source": "BMKG ADM4 forecast points + IDW", "boundary": "SERPRO Project Area", "interpretation": "Forecast surface clipped to project boundary; not direct station observation" }, "geometry": { "type": "Point", "coordinates": [ 112.535329639813426, -3.105345588907128 ] } },
{ "type": "Feature", "properties": { "precipitation_mm": 0.0, "temperature_c": 25.225260172589156, "humidity_pct": 89.091814638249716, "cloud_cover_pct": 87.360048232387896, "wind_speed_ms": 8.1292803922430288, "forecast_datetime": "2026-10-13T04:00:00", "source": "BMKG ADM4 forecast points + IDW", "boundary": "SERPRO Project Area", "interpretation": "Forecast surface clipped to project boundary; not direct station observation" }, "geometry": { "type": "Point", "coordinates": [ 112.535316596039479, -3.096301810725882 ] } },
{ "type": "Feature", "properties": { "precipitation_mm": 0.0, "temperature_c": 25.960877805713434, "humidity_pct": 86.365228213611701, "cloud_cover_pct": 88.841208368444768, "wind_speed_ms": 8.3371186966919346, "forecast_datetime": "2026-10-13T04:00:00", "source": "BMKG ADM4 forecast points + IDW", "boundary": "SERPRO Project Area", "interpretation": "Forecast surface clipped to project boundary; not direct station observation" }, "geometry": { "type": "Point", "coordinates": [ 112.54444605423501, -3.186726004062981 ] } },
{ "type": "Feature", "properties": { "precipitation_mm": 0.0, "temperature_c": 25.940720118942547, "humidity_pct": 86.407988403719628, "cloud_cover_pct": 88.782720469592007, "wind_speed_ms": 8.3765281974172581, "forecast_datetime": "2026-10-13T04:00:00", "source": "BMKG ADM4 forecast points + IDW", "boundary": "SERPRO Project Area", "interpretation": "Forecast surface clipped to project boundary; not direct station observation" }, "geometry": { "type": "Point", "coordinates": [ 112.544432587973844, -3.177682278932905 ] } },
{ "type": "Feature", "properties": { "precipitation_mm": 0.0, "temperature_c": 25.909722200473194, "humidity_pct": 86.473066012205379, "cloud_cover_pct": 88.698230785124721, "wind_speed_ms": 8.4306358854102559, "forecast_datetime": "2026-10-13T04:00:00", "source": "BMKG ADM4 forecast points + IDW", "boundary": "SERPRO Project Area", "interpretation": "Forecast surface clipped to project boundary; not direct station observation" }, "geometry": { "type": "Point", "coordinates": [ 112.544419160177966, -3.168638552159236 ] } },
{ "type": "Feature", "properties": { "precipitation_mm": 0.0, "temperature_c": 25.866051230712813, "humidity_pct": 86.589423738044417, "cloud_cover_pct": 88.587870566275782, "wind_speed_ms": 8.4785165244441405, "forecast_datetime": "2026-10-13T04:00:00", "source": "BMKG ADM4 forecast points + IDW", "boundary": "SERPRO Project Area", "interpretation": "Forecast surface clipped to project boundary; not direct station observation" }, "geometry": { "type": "Point", "coordinates": [ 112.5444057708457, -3.159594823746635 ] } },
{ "type": "Feature", "properties": { "precipitation_mm": 0.0, "temperature_c": 25.808507833403183, "humidity_pct": 86.771990892777225, "cloud_cover_pct": 88.452939780032011, "wind_speed_ms": 8.507774156399897, "forecast_datetime": "2026-10-13T04:00:00", "source": "BMKG ADM4 forecast points + IDW", "boundary": "SERPRO Project Area", "interpretation": "Forecast surface clipped to project boundary; not direct station observation" }, "geometry": { "type": "Point", "coordinates": [ 112.544392419975409, -3.150551093699761 ] } },
{ "type": "Feature", "properties": { "precipitation_mm": 0.0, "temperature_c": 25.736842277205227, "humidity_pct": 87.025322053472365, "cloud_cover_pct": 88.296161431468718, "wind_speed_ms": 8.5117402444039403, "forecast_datetime": "2026-10-13T04:00:00", "source": "BMKG ADM4 forecast points + IDW", "boundary": "SERPRO Project Area", "interpretation": "Forecast surface clipped to project boundary; not direct station observation" }, "geometry": { "type": "Point", "coordinates": [ 112.544379107565433, -3.141507362023275 ] } },
{ "type": "Feature", "properties": { "precipitation_mm": 0.0, "temperature_c": 25.652135686269617, "humidity_pct": 87.345129642460066, "cloud_cover_pct": 88.122098385402936, "wind_speed_ms": 8.4879608410668421, "forecast_datetime": "2026-10-13T04:00:00", "source": "BMKG ADM4 forecast points + IDW", "boundary": "SERPRO Project Area", "interpretation": "Forecast surface clipped to project boundary; not direct station observation" }, "geometry": { "type": "Point", "coordinates": [ 112.544365833614108, -3.132463628721839 ] } },
{ "type": "Feature", "properties": { "precipitation_mm": 0.0, "temperature_c": 25.557134637623992, "humidity_pct": 87.718492804997069, "cloud_cover_pct": 87.937459787829738, "wind_speed_ms": 8.4377281120051624, "forecast_datetime": "2026-10-13T04:00:00", "source": "BMKG ADM4 forecast points + IDW", "boundary": "SERPRO Project Area", "interpretation": "Forecast surface clipped to project boundary; not direct station observation" }, "geometry": { "type": "Point", "coordinates": [ 112.544352598119843, -3.123419893800111 ] } },
{ "type": "Feature", "properties": { "precipitation_mm": 0.0, "temperature_c": 25.456392306678019, "humidity_pct": 88.124129785983385, "cloud_cover_pct": 87.751068572587883, "wind_speed_ms": 8.3659388861101025, "forecast_datetime": "2026-10-13T04:00:00", "source": "BMKG ADM4 forecast points + IDW", "boundary": "SERPRO Project Area", "interpretation": "Forecast surface clipped to project boundary; not direct station observation" }, "geometry": { "type": "Point", "coordinates": [ 112.544339401080947, -3.114376157262755 ] } },
{ "type": "Feature", "properties": { "precipitation_mm": 0.0, "temperature_c": 25.356040828240403, "humidity_pct": 88.533933859121902, "cloud_cover_pct": 87.573269645449699, "wind_speed_ms": 8.28068173676043, "forecast_datetime": "2026-10-13T04:00:00", "source": "BMKG ADM4 forecast points + IDW", "boundary": "SERPRO Project Area", "interpretation": "Forecast surface clipped to project boundary; not direct station observation" }, "geometry": { "type": "Point", "coordinates": [ 112.544326242495842, -3.105332419114429 ] } },
{ "type": "Feature", "properties": { "precipitation_mm": 0.0, "temperature_c": 25.263058036584273, "humidity_pct": 88.916518571423993, "cloud_cover_pct": 87.414653809537484, "wind_speed_ms": 8.1921669512911865, "forecast_datetime": "2026-10-13T04:00:00", "source": "BMKG ADM4 forecast points + IDW", "boundary": "SERPRO Project Area", "interpretation": "Forecast surface clipped to project boundary; not direct station observation" }, "geometry": { "type": "Point", "coordinates": [ 112.54431312236288, -3.096288679359797 ] } },
{ "type": "Feature", "properties": { "precipitation_mm": 0.0, "temperature_c": 25.184061405289093, "humidity_pct": 89.242621036213109, "cloud_cover_pct": 87.284243682077388, "wind_speed_ms": 8.1109426433351359, "forecast_datetime": "2026-10-13T04:00:00", "source": "BMKG ADM4 forecast points + IDW", "boundary": "SERPRO Project Area", "interpretation": "Forecast surface clipped to project boundary; not direct station observation" }, "geometry": { "type": "Point", "coordinates": [ 112.544300040680426, -3.087244938003519 ] } },
{ "type": "Feature", "properties": { "precipitation_mm": 0.0, "temperature_c": 25.957033768466165, "humidity_pct": 85.946100420221327, "cloud_cover_pct": 88.803711172265238, "wind_speed_ms": 8.6778061050502444, "forecast_datetime": "2026-10-13T04:00:00", "source": "BMKG ADM4 forecast points + IDW", "boundary": "SERPRO Project Area", "interpretation": "Forecast surface clipped to project boundary; not direct station observation" }, "geometry": { "type": "Point", "coordinates": [ 112.553443315753498, -3.186712409512504 ] } },
{ "type": "Feature", "properties": { "precipitation_mm": 0.0, "temperature_c": 25.937047938095127, "humidity_pct": 86.088490596043954, "cloud_cover_pct": 88.745279100157077, "wind_speed_ms": 8.6474978389753563, "forecast_datetime": "2026-10-13T04:00:00", "source": "BMKG ADM4 forecast points + IDW", "boundary": "SERPRO Project Area", "interpretation": "Forecast surface clipped to project boundary; not direct station observation" }, "geometry": { "type": "Point", "coordinates": [ 112.55342977112052, -3.177668723039061 ] } },
{ "type": "Feature", "properties": { "precipitation_mm": 0.0, "temperature_c": 25.907872628586293, "humidity_pct": 86.227726500965844, "cloud_cover_pct": 88.665490746750621, "wind_speed_ms": 8.6442361510926276, "forecast_datetime": "2026-10-13T04:00:00", "source": "BMKG ADM4 forecast points + IDW", "boundary": "SERPRO Project Area", "interpretation": "Forecast surface clipped to project boundary; not direct station observation" }, "geometry": { "type": "Point", "coordinates": [ 112.553416265176679, -3.168625034921379 ] } },
{ "type": "Feature", "properties": { "precipitation_mm": 0.0, "temperature_c": 25.867544482097983, "humidity_pct": 86.39299495916103, "cloud_cover_pct": 88.563247586150268, "wind_speed_ms": 8.6484711128083678, "forecast_datetime": "2026-10-13T04:00:00", "source": "BMKG ADM4 forecast points + IDW", "boundary": "SERPRO Project Area", "interpretation": "Forecast surface clipped to project boundary; not direct station observation" }, "geometry": { "type": "Point", "coordinates": [ 112.553402797920313, -3.159581345164123 ] } },
{ "type": "Feature", "properties": { "precipitation_mm": 0.0, "temperature_c": 25.814715257224712, "humidity_pct": 86.603148987673165, "cloud_cover_pct": 88.439052619971861, "wind_speed_ms": 8.6460240255601537, "forecast_datetime": "2026-10-13T04:00:00", "source": "BMKG ADM4 forecast points + IDW", "boundary": "SERPRO Project Area", "interpretation": "Forecast surface clipped to project boundary; not direct station observation" }, "geometry": { "type": "Point", "coordinates": [ 112.55338936934973, -3.150537653771956 ] } },
{ "type": "Feature", "properties": { "precipitation_mm": 0.0, "temperature_c": 25.7489642609196, "humidity_pct": 86.867153513838829, "cloud_cover_pct": 88.295041314853407, "wind_speed_ms": 8.6278220600451974, "forecast_datetime": "2026-10-13T04:00:00", "source": "BMKG ADM4 forecast points + IDW", "boundary": "SERPRO Project Area", "interpretation": "Forecast surface clipped to project boundary; not direct station observation" }, "geometry": { "type": "Point", "coordinates": [ 112.553375979463326, -3.141493960749539 ] } },
{ "type": "Feature", "properties": { "precipitation_mm": 0.0, "temperature_c": 25.671139804079196, "humidity_pct": 87.184802210460788, "cloud_cover_pct": 88.135181922875958, "wind_speed_ms": 8.5892259323515336, "forecast_datetime": "2026-10-13T04:00:00", "source": "BMKG ADM4 forecast points + IDW", "boundary": "SERPRO Project Area", "interpretation": "Forecast surface clipped to project boundary; not direct station observation" }, "geometry": { "type": "Point", "coordinates": [ 112.553362628259407, -3.132450266101535 ] } },
{ "type": "Feature", "properties": { "precipitation_mm": 0.0, "temperature_c": 25.58365126921499, "humidity_pct": 87.546973393874708, "cloud_cover_pct": 87.965445903043346, "wind_speed_ms": 8.5296961286058632, "forecast_datetime": "2026-10-13T04:00:00", "source": "BMKG ADM4 forecast points + IDW", "boundary": "SERPRO Project Area", "interpretation": "Forecast surface clipped to project boundary; not direct station observation" }, "geometry": { "type": "Point", "coordinates": [ 112.553349315736313, -3.123406569832606 ] } },
{ "type": "Feature", "properties": { "precipitation_mm": 0.0, "temperature_c": 25.4905767357073, "humidity_pct": 87.936134699233463, "cloud_cover_pct": 87.793712457911852, "wind_speed_ms": 8.4525678725529527, "forecast_datetime": "2026-10-13T04:00:00", "source": "BMKG ADM4 forecast points + IDW", "boundary": "SERPRO Project Area", "interpretation": "Forecast surface clipped to project boundary; not direct station observation" }, "geometry": { "type": "Point", "coordinates": [ 112.553336041892436, -3.114362871947415 ] } },
{ "type": "Feature", "properties": { "precipitation_mm": 0.0, "temperature_c": 25.397426331540192, "humidity_pct": 88.32802406234822, "cloud_cover_pct": 87.629188378249779, "wind_speed_ms": 8.364528080913507, "forecast_datetime": "2026-10-13T04:00:00", "source": "BMKG ADM4 forecast points + IDW", "boundary": "SERPRO Project Area", "interpretation": "Forecast surface clipped to project boundary; not direct station observation" }, "geometry": { "type": "Point", "coordinates": [ 112.553322806726129, -3.105319172450625 ] } },
{ "type": "Feature", "properties": { "precipitation_mm": 0.0, "temperature_c": 25.310454627376306, "humidity_pct": 88.695089193996338, "cloud_cover_pct": 87.481246425871959, "wind_speed_ms": 8.2744918434057873, "forecast_datetime": "2026-10-13T04:00:00", "source": "BMKG ADM4 forecast points + IDW", "boundary": "SERPRO Project Area", "interpretation": "Forecast surface clipped to project boundary; not direct station observation" }, "geometry": { "type": "Point", "coordinates": [ 112.553309610235743, -3.096275471346899 ] } },
{ "type": "Feature", "properties": { "precipitation_mm": 0.0, "temperature_c": 25.235583381967199, "humidity_pct": 89.011435488275595, "cloud_cover_pct": 87.357848975110173, "wind_speed_ms": 8.1918674467224335, "forecast_datetime": "2026-10-13T04:00:00", "source": "BMKG ADM4 forecast points + IDW", "boundary": "SERPRO Project Area", "interpretation": "Forecast surface clipped to project boundary; not direct station observation" }, "geometry": { "type": "Point", "coordinates": [ 112.553296452419659, -3.087231768640901 ] } },
{ "type": "Feature", "properties": { "precipitation_mm": 0.0, "temperature_c": 25.911200828269017, "humidity_pct": 85.960845801324922, "cloud_cover_pct": 88.641799521984439, "wind_speed_ms": 8.862815890262711, "forecast_datetime": "2026-10-13T04:00:00", "source": "BMKG ADM4 forecast points + IDW", "boundary": "SERPRO Project Area", "interpretation": "Forecast surface clipped to project boundary; not direct station observation" }, "geometry": { "type": "Point", "coordinates": [ 112.562413331487917, -3.168611439243933 ] } },
{ "type": "Feature", "properties": { "precipitation_mm": 0.0, "temperature_c": 25.873199876691803, "humidity_pct": 86.176238189839395, "cloud_cover_pct": 88.543484724345234, "wind_speed_ms": 8.8276260419069796, "forecast_datetime": "2026-10-13T04:00:00", "source": "BMKG ADM4 forecast points + IDW", "boundary": "SERPRO Project Area", "interpretation": "Forecast surface clipped to project boundary; not direct station observation" }, "geometry": { "type": "Point", "coordinates": [ 112.562399786309101, -3.159567788366337 ] } },
{ "type": "Feature", "properties": { "precipitation_mm": 0.0, "temperature_c": 25.824276664109309, "humidity_pct": 86.415814435847437, "cloud_cover_pct": 88.427234201961795, "wind_speed_ms": 8.7955172961352801, "forecast_datetime": "2026-10-13T04:00:00", "source": "BMKG ADM4 forecast points + IDW", "boundary": "SERPRO Project Area", "interpretation": "Forecast surface clipped to project boundary; not direct station observation" }, "geometry": { "type": "Point", "coordinates": [ 112.562386280039931, -3.150524135853186 ] } },
{ "type": "Feature", "properties": { "precipitation_mm": 0.0, "temperature_c": 25.763970248517687, "humidity_pct": 86.691650800062519, "cloud_cover_pct": 88.294472594794456, "wind_speed_ms": 8.7561228043160106, "forecast_datetime": "2026-10-13T04:00:00", "source": "BMKG ADM4 forecast points + IDW", "boundary": "SERPRO Project Area", "interpretation": "Forecast surface clipped to project boundary; not direct station observation" }, "geometry": { "type": "Point", "coordinates": [ 112.562372812678731, -3.141480481709143 ] } },
{ "type": "Feature", "properties": { "precipitation_mm": 0.0, "temperature_c": 25.692966492957552, "humidity_pct": 87.006911814710634, "cloud_cover_pct": 88.148408449939907, "wind_speed_ms": 8.7033526655370288, "forecast_datetime": "2026-10-13T04:00:00", "source": "BMKG ADM4 forecast points + IDW", "boundary": "SERPRO Project Area", "interpretation": "Forecast surface clipped to project boundary; not direct station observation" }, "geometry": { "type": "Point", "coordinates": [ 112.562359384223839, -3.132436825938874 ] } },
{ "type": "Feature", "properties": { "precipitation_mm": 0.0, "temperature_c": 25.613339628230911, "humidity_pct": 87.356036689974232, "cloud_cover_pct": 87.994064263480524, "wind_speed_ms": 8.6352798145187251, "forecast_datetime": "2026-10-13T04:00:00", "source": "BMKG ADM4 forecast points + IDW", "boundary": "SERPRO Project Area", "interpretation": "Forecast surface clipped to project boundary; not direct station observation" }, "geometry": { "type": "Point", "coordinates": [ 112.562345994673606, -3.123393168547041 ] } },
{ "type": "Feature", "properties": { "precipitation_mm": 0.0, "temperature_c": 25.528617776467932, "humidity_pct": 87.725444203187735, "cloud_cover_pct": 87.838105448618379, "wind_speed_ms": 8.5538669054319971, "forecast_datetime": "2026-10-13T04:00:00", "source": "BMKG ADM4 forecast points + IDW", "boundary": "SERPRO Project Area", "interpretation": "Forecast surface clipped to project boundary; not direct station observation" }, "geometry": { "type": "Point", "coordinates": [ 112.56233264402637, -3.114349509538312 ] } },
{ "type": "Feature", "properties": { "precipitation_mm": 0.0, "temperature_c": 25.443549440485548, "humidity_pct": 88.095281064879629, "cloud_cover_pct": 87.688292264938582, "wind_speed_ms": 8.4643631524439513, "forecast_datetime": "2026-10-13T04:00:00", "source": "BMKG ADM4 forecast points + IDW", "boundary": "SERPRO Project Area", "interpretation": "Forecast surface clipped to project boundary; not direct station observation" }, "geometry": { "type": "Point", "coordinates": [ 112.562319332280495, -3.105305848917348 ] } },
{ "type": "Feature", "properties": { "precipitation_mm": 0.0, "temperature_c": 25.363501809024925, "humidity_pct": 88.442570347036508, "cloud_cover_pct": 87.552491329403537, "wind_speed_ms": 8.3741910655439309, "forecast_datetime": "2026-10-13T04:00:00", "source": "BMKG ADM4 forecast points + IDW", "boundary": "SERPRO Project Area", "interpretation": "Forecast surface clipped to project boundary; not direct station observation" }, "geometry": { "type": "Point", "coordinates": [ 112.56230605943432, -3.096262186688815 ] } },
{ "type": "Feature", "properties": { "precipitation_mm": 0.0, "temperature_c": 25.293563237202228, "humidity_pct": 88.745465320636185, "cloud_cover_pct": 87.437400020427674, "wind_speed_ms": 8.2913598131568822, "forecast_datetime": "2026-10-13T04:00:00", "source": "BMKG ADM4 forecast points + IDW", "boundary": "SERPRO Project Area", "interpretation": "Forecast surface clipped to project boundary; not direct station observation" }, "geometry": { "type": "Point", "coordinates": [ 112.562292825486196, -3.087218522857381 ] } },
{ "type": "Feature", "properties": { "precipitation_mm": 0.0, "temperature_c": 25.197579159576232, "humidity_pct": 89.160635538473443, "cloud_cover_pct": 87.283703530846978, "wind_speed_ms": 8.1727622371086053, "forecast_datetime": "2026-10-13T04:00:00", "source": "BMKG ADM4 forecast points + IDW", "boundary": "SERPRO Project Area", "interpretation": "Forecast surface clipped to project boundary; not direct station observation" }, "geometry": { "type": "Point", "coordinates": [ 112.562266474277664, -3.069131190404462 ] } },
{ "type": "Feature", "properties": { "precipitation_mm": 0.0, "temperature_c": 25.91890545048064, "humidity_pct": 85.705349783743216, "cloud_cover_pct": 88.625314193120829, "wind_speed_ms": 9.065452492519853, "forecast_datetime": "2026-10-13T04:00:00", "source": "BMKG ADM4 forecast points + IDW", "boundary": "SERPRO Project Area", "interpretation": "Forecast surface clipped to project boundary; not direct station observation" }, "geometry": { "type": "Point", "coordinates": [ 112.571410358887846, -3.168597765128575 ] } },
{ "type": "Feature", "properties": { "precipitation_mm": 0.0, "temperature_c": 25.882794778188536, "humidity_pct": 85.958515943240158, "cloud_cover_pct": 88.527837527263458, "wind_speed_ms": 9.0033231238176192, "forecast_datetime": "2026-10-13T04:00:00", "source": "BMKG ADM4 forecast points + IDW", "boundary": "SERPRO Project Area", "interpretation": "Forecast surface clipped to project boundary; not direct station observation" }, "geometry": { "type": "Point", "coordinates": [ 112.571396735788255, -3.159554153354947 ] } },
{ "type": "Feature", "properties": { "precipitation_mm": 0.0, "temperature_c": 25.837230419399777, "humidity_pct": 86.221193631085711, "cloud_cover_pct": 88.417141708262378, "wind_speed_ms": 8.9488778328104548, "forecast_datetime": "2026-10-13T04:00:00", "source": "BMKG ADM4 forecast points + IDW", "boundary": "SERPRO Project Area", "interpretation": "Forecast surface clipped to project boundary; not direct station observation" }, "geometry": { "type": "Point", "coordinates": [ 112.571383151822147, -3.150510539945116 ] } },
{ "type": "Feature", "properties": { "precipitation_mm": 0.0, "temperature_c": 25.7818510205352, "humidity_pct": 86.505739980269084, "cloud_cover_pct": 88.293936181403481, "wind_speed_ms": 8.8924891048220136, "forecast_datetime": "2026-10-13T04:00:00", "source": "BMKG ADM4 forecast points + IDW", "boundary": "SERPRO Project Area", "interpretation": "Forecast surface clipped to project boundary; not direct station observation" }, "geometry": { "type": "Point", "coordinates": [ 112.571369606987815, -3.141466924903749 ] } },
{ "type": "Feature", "properties": { "precipitation_mm": 0.0, "temperature_c": 25.717262809555223, "humidity_pct": 86.816968941427575, "cloud_cover_pct": 88.160577802008092, "wind_speed_ms": 8.827969867305784, "forecast_datetime": "2026-10-13T04:00:00", "source": "BMKG ADM4 forecast points + IDW", "boundary": "SERPRO Project Area", "interpretation": "Forecast surface clipped to project boundary; not direct station observation" }, "geometry": { "type": "Point", "coordinates": [ 112.571356101283627, -3.132423308235512 ] } },
{ "type": "Feature", "properties": { "precipitation_mm": 0.0, "temperature_c": 25.645242031174845, "humidity_pct": 87.151915024433094, "cloud_cover_pct": 88.021024842326852, "wind_speed_ms": 8.7528462516700341, "forecast_datetime": "2026-10-13T04:00:00", "source": "BMKG ADM4 forecast points + IDW", "boundary": "SERPRO Project Area", "interpretation": "Forecast surface clipped to project boundary; not direct station observation" }, "geometry": { "type": "Point", "coordinates": [ 112.571342634707889, -3.123379689945069 ] } },
{ "type": "Feature", "properties": { "precipitation_mm": 0.0, "temperature_c": 25.568770010718868, "humidity_pct": 87.500471830196645, "cloud_cover_pct": 87.880619550476368, "wind_speed_ms": 8.6681876372677618, "forecast_datetime": "2026-10-13T04:00:00", "source": "BMKG ADM4 forecast points + IDW", "boundary": "SERPRO Project Area", "interpretation": "Forecast surface clipped to project boundary; not direct station observation" }, "geometry": { "type": "Point", "coordinates": [ 112.571329207258941, -3.11433607003709 ] } },
{ "type": "Feature", "properties": { "precipitation_mm": 0.0, "temperature_c": 25.491819414125771, "humidity_pct": 87.847008172096821, "cloud_cover_pct": 87.745593367768308, "wind_speed_ms": 8.5780388407115495, "forecast_datetime": "2026-10-13T04:00:00", "source": "BMKG ADM4 forecast points + IDW", "boundary": "SERPRO Project Area", "interpretation": "Forecast surface clipped to project boundary; not direct station observation" }, "geometry": { "type": "Point", "coordinates": [ 112.571315818935133, -3.105292448516239 ] } },
{ "type": "Feature", "properties": { "precipitation_mm": 0.0, "temperature_c": 25.300939257190773, "humidity_pct": 88.696663107434063, "cloud_cover_pct": 87.430590821492672, "wind_speed_ms": 8.3363388921217041, "forecast_datetime": "2026-10-13T04:00:00", "source": "BMKG ADM4 forecast points + IDW", "boundary": "SERPRO Project Area", "interpretation": "Forecast surface clipped to project boundary; not direct station observation" }, "geometry": { "type": "Point", "coordinates": [ 112.571275888698011, -3.07816157432313 ] } },
{ "type": "Feature", "properties": { "precipitation_mm": 0.0, "temperature_c": 25.261114728357999, "humidity_pct": 88.873126195412482, "cloud_cover_pct": 87.367205443191921, "wind_speed_ms": 8.2835230935382285, "forecast_datetime": "2026-10-13T04:00:00", "source": "BMKG ADM4 forecast points + IDW", "boundary": "SERPRO Project Area", "interpretation": "Forecast surface clipped to project boundary; not direct station observation" }, "geometry": { "type": "Point", "coordinates": [ 112.571262656858266, -3.069117946397465 ] } },
{ "type": "Feature", "properties": { "precipitation_mm": 0.0, "temperature_c": 25.895382305409935, "humidity_pct": 85.756099348641115, "cloud_cover_pct": 88.512533325087247, "wind_speed_ms": 9.1687638098034387, "forecast_datetime": "2026-10-13T04:00:00", "source": "BMKG ADM4 forecast points + IDW", "boundary": "SERPRO Project Area", "interpretation": "Forecast surface clipped to project boundary; not direct station observation" }, "geometry": { "type": "Point", "coordinates": [ 112.580393646133928, -3.159540440131634 ] } },
{ "type": "Feature", "properties": { "precipitation_mm": 0.0, "temperature_c": 25.853017948568208, "humidity_pct": 86.030183029170217, "cloud_cover_pct": 88.406360923683465, "wind_speed_ms": 9.1014421025712764, "forecast_datetime": "2026-10-13T04:00:00", "source": "BMKG ADM4 forecast points + IDW", "boundary": "SERPRO Project Area", "interpretation": "Forecast surface clipped to project boundary; not direct station observation" }, "geometry": { "type": "Point", "coordinates": [ 112.580379984472557, -3.150496866049424 ] } },
{ "type": "Feature", "properties": { "precipitation_mm": 0.0, "temperature_c": 25.80218555605336, "humidity_pct": 86.317032657442908, "cloud_cover_pct": 88.291629884301244, "wind_speed_ms": 9.0338177377954576, "forecast_datetime": "2026-10-13T04:00:00", "source": "BMKG ADM4 forecast points + IDW", "boundary": "SERPRO Project Area", "interpretation": "Forecast surface clipped to project boundary; not direct station observation" }, "geometry": { "type": "Point", "coordinates": [ 112.580366362166785, -3.141453290335028 ] } },
{ "type": "Feature", "properties": { "precipitation_mm": 0.0, "temperature_c": 25.743500834119335, "humidity_pct": 86.621164896242718, "cloud_cover_pct": 88.16991583846557, "wind_speed_ms": 8.9609102496648099, "forecast_datetime": "2026-10-13T04:00:00", "source": "BMKG ADM4 forecast points + IDW", "boundary": "SERPRO Project Area", "interpretation": "Forecast surface clipped to project boundary; not direct station observation" }, "geometry": { "type": "Point", "coordinates": [ 112.580352779214962, -3.132409712993115 ] } },
{ "type": "Feature", "properties": { "precipitation_mm": 0.0, "temperature_c": 25.678510508236077, "humidity_pct": 86.940902678475652, "cloud_cover_pct": 88.044147484884732, "wind_speed_ms": 8.8805944332555473, "forecast_datetime": "2026-10-13T04:00:00", "source": "BMKG ADM4 forecast points + IDW", "boundary": "SERPRO Project Area", "interpretation": "Forecast surface clipped to project boundary; not direct station observation" }, "geometry": { "type": "Point", "coordinates": [ 112.580339235615384, -3.123366134028352 ] } },
{ "type": "Feature", "properties": { "precipitation_mm": 0.0, "temperature_c": 25.609713321035439, "humidity_pct": 87.268708404508232, "cloud_cover_pct": 87.918398135294922, "wind_speed_ms": 8.7936328802725505, "forecast_datetime": "2026-10-13T04:00:00", "source": "BMKG ADM4 forecast points + IDW", "boundary": "SERPRO Project Area", "interpretation": "Forecast surface clipped to project boundary; not direct station observation" }, "geometry": { "type": "Point", "coordinates": [ 112.580325731366401, -3.114322553445409 ] } },
{ "type": "Feature", "properties": { "precipitation_mm": 0.0, "temperature_c": 25.364294014844557, "humidity_pct": 88.398733051753396, "cloud_cover_pct": 87.508701366176652, "wind_speed_ms": 8.4616899814341657, "forecast_datetime": "2026-10-13T04:00:00", "source": "BMKG ADM4 forecast points + IDW", "boundary": "SERPRO Project Area", "interpretation": "Forecast surface clipped to project boundary; not direct station observation" }, "geometry": { "type": "Point", "coordinates": [ 112.580272107842958, -3.078148215025196 ] } },
{ "type": "Feature", "properties": { "precipitation_mm": 0.0, "temperature_c": 25.325080498034389, "humidity_pct": 88.576825670720126, "cloud_cover_pct": 87.446588727259979, "wind_speed_ms": 8.4061067646448837, "forecast_datetime": "2026-10-13T04:00:00", "source": "BMKG ADM4 forecast points + IDW", "boundary": "SERPRO Project Area", "interpretation": "Forecast surface clipped to project boundary; not direct station observation" }, "geometry": { "type": "Point", "coordinates": [ 112.580258800321957, -3.069104626421379 ] } },
{ "type": "Feature", "properties": { "precipitation_mm": 0.0, "temperature_c": 25.771234070964489, "humidity_pct": 86.424564275092806, "cloud_cover_pct": 88.174548283601553, "wind_speed_ms": 9.1009412863552317, "forecast_datetime": "2026-10-13T04:00:00", "source": "BMKG ADM4 forecast points + IDW", "boundary": "SERPRO Project Area", "interpretation": "Forecast surface clipped to project boundary; not direct station observation" }, "geometry": { "type": "Point", "coordinates": [ 112.58934941779404, -3.13239604021336 ] } },
{ "type": "Feature", "properties": { "precipitation_mm": 0.0, "temperature_c": 25.473142628747862, "humidity_pct": 87.882050607233026, "cloud_cover_pct": 87.653394546706565, "wind_speed_ms": 8.6674209595160541, "forecast_datetime": "2026-10-13T04:00:00", "source": "BMKG ADM4 forecast points + IDW", "boundary": "SERPRO Project Area", "interpretation": "Forecast surface clipped to project boundary; not direct station observation" }, "geometry": { "type": "Point", "coordinates": [ 112.589281710412237, -3.087178326997789 ] } },
{ "type": "Feature", "properties": { "precipitation_mm": 0.0, "temperature_c": 25.425819604077393, "humidity_pct": 88.10296165816672, "cloud_cover_pct": 87.578622430792635, "wind_speed_ms": 8.5957799645228441, "forecast_datetime": "2026-10-13T04:00:00", "source": "BMKG ADM4 forecast points + IDW", "boundary": "SERPRO Project Area", "interpretation": "Forecast surface clipped to project boundary; not direct station observation" }, "geometry": { "type": "Point", "coordinates": [ 112.589268287645595, -3.078134779535554 ] } },
{ "type": "Feature", "properties": { "precipitation_mm": 0.0, "temperature_c": 25.38752258991277, "humidity_pct": 88.281257148804912, "cloud_cover_pct": 87.518690590795913, "wind_speed_ms": 8.5373674823932664, "forecast_datetime": "2026-10-13T04:00:00", "source": "BMKG ADM4 forecast points + IDW", "boundary": "SERPRO Project Area", "interpretation": "Forecast surface clipped to project boundary; not direct station observation" }, "geometry": { "type": "Point", "coordinates": [ 112.589254904444999, -3.069091230477846 ] } },
{ "type": "Feature", "properties": { "precipitation_mm": 0.0, "temperature_c": 25.529133040077756, "humidity_pct": 87.60152616901199, "cloud_cover_pct": 87.707815834222018, "wind_speed_ms": 8.8095784239128871, "forecast_datetime": "2026-10-13T04:00:00", "source": "BMKG ADM4 forecast points + IDW", "boundary": "SERPRO Project Area", "interpretation": "Forecast surface clipped to project boundary; not direct station observation" }, "geometry": { "type": "Point", "coordinates": [ 112.598277926550537, -3.087164775547085 ] } },
{ "type": "Feature", "properties": { "precipitation_mm": 0.0, "temperature_c": 25.484563318049734, "humidity_pct": 87.814989103969836, "cloud_cover_pct": 87.638818689928428, "wind_speed_ms": 8.7363526248090242, "forecast_datetime": "2026-10-13T04:00:00", "source": "BMKG ADM4 forecast points + IDW", "boundary": "SERPRO Project Area", "interpretation": "Forecast surface clipped to project boundary; not direct station observation" }, "geometry": { "type": "Point", "coordinates": [ 112.598264427882228, -3.078121267855859 ] } },
{ "type": "Feature", "properties": { "precipitation_mm": 0.0, "temperature_c": 25.447351255394086, "humidity_pct": 87.99248787688326, "cloud_cover_pct": 87.581823915579477, "wind_speed_ms": 8.6749035062399855, "forecast_datetime": "2026-10-13T04:00:00", "source": "BMKG ADM4 forecast points + IDW", "boundary": "SERPRO Project Area", "interpretation": "Forecast surface clipped to project boundary; not direct station observation" }, "geometry": { "type": "Point", "coordinates": [ 112.598250969003658, -3.069077758568519 ] } },
{ "type": "Feature", "properties": { "precipitation_mm": 0.0, "temperature_c": 25.582282491487895, "humidity_pct": 87.331189604748303, "cloud_cover_pct": 87.75190774031698, "wind_speed_ms": 8.9572633025536756, "forecast_datetime": "2026-10-13T04:00:00", "source": "BMKG ADM4 forecast points + IDW", "boundary": "SERPRO Project Area", "interpretation": "Forecast surface clipped to project boundary; not direct station observation" }, "geometry": { "type": "Point", "coordinates": [ 112.607274102897406, -3.087151147683739 ] } },
{ "type": "Feature", "properties": { "precipitation_mm": 0.0, "temperature_c": 25.54018406050772, "humidity_pct": 87.537775829869673, "cloud_cover_pct": 87.688822184172722, "wind_speed_ms": 8.8818188473669579, "forecast_datetime": "2026-10-13T04:00:00", "source": "BMKG ADM4 forecast points + IDW", "boundary": "SERPRO Project Area", "interpretation": "Forecast surface clipped to project boundary; not direct station observation" }, "geometry": { "type": "Point", "coordinates": [ 112.607260528329078, -3.078107679987776 ] } },
{ "type": "Feature", "properties": { "precipitation_mm": 0.0, "temperature_c": 25.504093160831921, "humidity_pct": 87.713930418665967, "cloud_cover_pct": 87.6353610235671, "wind_speed_ms": 8.8169736689046108, "forecast_datetime": "2026-10-13T04:00:00", "source": "BMKG ADM4 forecast points + IDW", "boundary": "SERPRO Project Area", "interpretation": "Forecast surface clipped to project boundary; not direct station observation" }, "geometry": { "type": "Point", "coordinates": [ 112.607246993774226, -3.069064210695055 ] } },
{ "type": "Feature", "properties": { "precipitation_mm": 0.0, "temperature_c": 25.474604967098301, "humidity_pct": 87.857800865807036, "cloud_cover_pct": 87.591776706920513, "wind_speed_ms": 8.763847317352722, "forecast_datetime": "2026-10-13T04:00:00", "source": "BMKG ADM4 forecast points + IDW", "boundary": "SERPRO Project Area", "interpretation": "Forecast surface clipped to project boundary; not direct station observation" }, "geometry": { "type": "Point", "coordinates": [ 112.607233499231185, -3.060020739810247 ] } },
{ "type": "Feature", "properties": { "precipitation_mm": 0.0, "temperature_c": 25.451788439346728, "humidity_pct": 87.96977437510958, "cloud_cover_pct": 87.55771757743446, "wind_speed_ms": 8.7226234307467525, "forecast_datetime": "2026-10-13T04:00:00", "source": "BMKG ADM4 forecast points + IDW", "boundary": "SERPRO Project Area", "interpretation": "Forecast surface clipped to project boundary; not direct station observation" }, "geometry": { "type": "Point", "coordinates": [ 112.607220044698309, -3.050977267338029 ] } },
{ "type": "Feature", "properties": { "precipitation_mm": 0.0, "temperature_c": 25.997122006515948, "humidity_pct": 84.912735876481293, "cloud_cover_pct": 88.453624061936864, "wind_speed_ms": 9.8668268622378648, "forecast_datetime": "2026-10-13T04:00:00", "source": "BMKG ADM4 forecast points + IDW", "boundary": "SERPRO Project Area", "interpretation": "Forecast surface clipped to project boundary; not direct station observation" }, "geometry": { "type": "Point", "coordinates": [ 112.616394904383469, -3.168528218042432 ] } },
{ "type": "Feature", "properties": { "precipitation_mm": 0.0, "temperature_c": 25.972061117900946, "humidity_pct": 85.126280939186088, "cloud_cover_pct": 88.378230063690083, "wind_speed_ms": 9.8072138294788775, "forecast_datetime": "2026-10-13T04:00:00", "source": "BMKG ADM4 forecast points + IDW", "boundary": "SERPRO Project Area", "interpretation": "Forecast surface clipped to project boundary; not direct station observation" }, "geometry": { "type": "Point", "coordinates": [ 112.616380891705447, -3.159484805153101 ] } },
{ "type": "Feature", "properties": { "precipitation_mm": 0.0, "temperature_c": 25.592711846023228, "humidity_pct": 87.272478176312788, "cloud_cover_pct": 87.728846151574572, "wind_speed_ms": 9.0310787701935968, "forecast_datetime": "2026-10-13T04:00:00", "source": "BMKG ADM4 forecast points + IDW", "boundary": "SERPRO Project Area", "interpretation": "Forecast surface clipped to project boundary; not direct station observation" }, "geometry": { "type": "Point", "coordinates": [ 112.616256588762454, -3.078094015932981 ] } },
{ "type": "Feature", "properties": { "precipitation_mm": 0.0, "temperature_c": 25.557666548398689, "humidity_pct": 87.447161054265933, "cloud_cover_pct": 87.679371581234804, "wind_speed_ms": 8.9623335561559507, "forecast_datetime": "2026-10-13T04:00:00", "source": "BMKG ADM4 forecast points + IDW", "boundary": "SERPRO Project Area", "interpretation": "Forecast surface clipped to project boundary; not direct station observation" }, "geometry": { "type": "Point", "coordinates": [ 112.616242978532981, -3.069050586859127 ] } },
{ "type": "Feature", "properties": { "precipitation_mm": 0.0, "temperature_c": 25.528134740162059, "humidity_pct": 87.594096897247155, "cloud_cover_pct": 87.637857984490836, "wind_speed_ms": 8.9043073405651203, "forecast_datetime": "2026-10-13T04:00:00", "source": "BMKG ADM4 forecast points + IDW", "boundary": "SERPRO Project Area", "interpretation": "Forecast surface clipped to project boundary; not direct station observation" }, "geometry": { "type": "Point", "coordinates": [ 112.616229408539041, -3.060007156192539 ] } },
{ "type": "Feature", "properties": { "precipitation_mm": 0.0, "temperature_c": 26.059672019296784, "humidity_pct": 84.435080098096819, "cloud_cover_pct": 88.501361709140454, "wind_speed_ms": 10.158804734627154, "forecast_datetime": "2026-10-13T04:00:00", "source": "BMKG ADM4 forecast points + IDW", "boundary": "SERPRO Project Area", "interpretation": "Forecast surface clipped to project boundary; not direct station observation" }, "geometry": { "type": "Point", "coordinates": [ 112.62541999622816, -3.186600813275367 ] } },
{ "type": "Feature", "properties": { "precipitation_mm": 0.0, "temperature_c": 26.046087887537841, "humidity_pct": 84.590236574303901, "cloud_cover_pct": 88.44265972667138, "wind_speed_ms": 10.121935247919209, "forecast_datetime": "2026-10-13T04:00:00", "source": "BMKG ADM4 forecast points + IDW", "boundary": "SERPRO Project Area", "interpretation": "Forecast surface clipped to project boundary; not direct station observation" }, "geometry": { "type": "Point", "coordinates": [ 112.625405824681664, -3.17755744413011 ] } },
{ "type": "Feature", "properties": { "precipitation_mm": 0.0, "temperature_c": 26.026888494558857, "humidity_pct": 84.76902155777853, "cloud_cover_pct": 88.381142608848705, "wind_speed_ms": 10.0704571312731, "forecast_datetime": "2026-10-13T04:00:00", "source": "BMKG ADM4 forecast points + IDW", "boundary": "SERPRO Project Area", "interpretation": "Forecast surface clipped to project boundary; not direct station observation" }, "geometry": { "type": "Point", "coordinates": [ 112.625391693615001, -3.168514073335336 ] } },
{ "type": "Feature", "properties": { "precipitation_mm": 0.0, "temperature_c": 26.001945817377916, "humidity_pct": 84.967958775620573, "cloud_cover_pct": 88.317997461308508, "wind_speed_ms": 10.005239957004306, "forecast_datetime": "2026-10-13T04:00:00", "source": "BMKG ADM4 forecast points + IDW", "boundary": "SERPRO Project Area", "interpretation": "Forecast surface clipped to project boundary; not direct station observation" }, "geometry": { "type": "Point", "coordinates": [ 112.62537760302645, -3.15947070089572 ] } },
{ "type": "Feature", "properties": { "precipitation_mm": 0.0, "temperature_c": 25.97155255967143, "humidity_pct": 85.18355190851814, "cloud_cover_pct": 88.253672487434613, "wind_speed_ms": 9.9282523577629469, "forecast_datetime": "2026-10-13T04:00:00", "source": "BMKG ADM4 forecast points + IDW", "boundary": "SERPRO Project Area", "interpretation": "Forecast surface clipped to project boundary; not direct station observation" }, "geometry": { "type": "Point", "coordinates": [ 112.625363552914251, -3.150427326815942 ] } },
{ "type": "Feature", "properties": { "precipitation_mm": 0.0, "temperature_c": 25.642367115020892, "humidity_pct": 87.0191674039784, "cloud_cover_pct": 87.759509322548382, "wind_speed_ms": 9.1833249469507301, "forecast_datetime": "2026-10-13T04:00:00", "source": "BMKG ADM4 forecast points + IDW", "boundary": "SERPRO Project Area", "interpretation": "Forecast surface clipped to project boundary; not direct station observation" }, "geometry": { "type": "Point", "coordinates": [ 112.625252608958604, -3.078080275693158 ] } },
{ "type": "Feature", "properties": { "precipitation_mm": 0.0, "temperature_c": 25.608206961289852, "humidity_pct": 87.19260700584833, "cloud_cover_pct": 87.714352819289729, "wind_speed_ms": 9.1100554950582779, "forecast_datetime": "2026-10-13T04:00:00", "source": "BMKG ADM4 forecast points + IDW", "boundary": "SERPRO Project Area", "interpretation": "Forecast surface clipped to project boundary; not direct station observation" }, "geometry": { "type": "Point", "coordinates": [ 112.625238923056202, -3.069036887062412 ] } },
{ "type": "Feature", "properties": { "precipitation_mm": 0.0, "temperature_c": 25.578698893637743, "humidity_pct": 87.341987787591279, "cloud_cover_pct": 87.675518510950525, "wind_speed_ms": 9.0468030046389281, "forecast_datetime": "2026-10-13T04:00:00", "source": "BMKG ADM4 forecast points + IDW", "boundary": "SERPRO Project Area", "interpretation": "Forecast surface clipped to project boundary; not direct station observation" }, "geometry": { "type": "Point", "coordinates": [ 112.625225277613026, -3.059993496838285 ] } },
{ "type": "Feature", "properties": { "precipitation_mm": 0.0, "temperature_c": 25.554052201543612, "humidity_pct": 87.466955541064721, "cloud_cover_pct": 87.643048614558168, "wind_speed_ms": 8.9938099008305556, "forecast_datetime": "2026-10-13T04:00:00", "source": "BMKG ADM4 forecast points + IDW", "boundary": "SERPRO Project Area", "interpretation": "Forecast surface clipped to project boundary; not direct station observation" }, "geometry": { "type": "Point", "coordinates": [ 112.625211672627401, -3.050950105025453 ] } },
{ "type": "Feature", "properties": { "precipitation_mm": 0.0, "temperature_c": 25.534191646532964, "humidity_pct": 87.568367100909398, "cloud_cover_pct": 87.616684500265947, "wind_speed_ms": 8.9507793197581123, "forecast_datetime": "2026-10-13T04:00:00", "source": "BMKG ADM4 forecast points + IDW", "boundary": "SERPRO Project Area", "interpretation": "Forecast surface clipped to project boundary; not direct station observation" }, "geometry": { "type": "Point", "coordinates": [ 112.625198108097663, -3.041906711628597 ] } },
{ "type": "Feature", "properties": { "precipitation_mm": 0.0, "temperature_c": 25.518818978624537, "humidity_pct": 87.648004902791001, "cloud_cover_pct": 87.595939051234964, "wind_speed_ms": 8.9170002764245133, "forecast_datetime": "2026-10-13T04:00:00", "source": "BMKG ADM4 forecast points + IDW", "boundary": "SERPRO Project Area", "interpretation": "Forecast surface clipped to project boundary; not direct station observation" }, "geometry": { "type": "Point", "coordinates": [ 112.625184584022122, -3.032863316652398 ] } },
{ "type": "Feature", "properties": { "precipitation_mm": 0.0, "temperature_c": 25.507485358930428, "humidity_pct": 87.708248087115379, "cloud_cover_pct": 87.580179835562916, "wind_speed_ms": 8.8914917696222968, "forecast_datetime": "2026-10-13T04:00:00", "source": "BMKG ADM4 forecast points + IDW", "boundary": "SERPRO Project Area", "interpretation": "Forecast surface clipped to project boundary; not direct station observation" }, "geometry": { "type": "Point", "coordinates": [ 112.625171100399115, -3.023819920101531 ] } },
{ "type": "Feature", "properties": { "precipitation_mm": 0.0, "temperature_c": 26.086400046436527, "humidity_pct": 84.420472299177646, "cloud_cover_pct": 88.342822201077936, "wind_speed_ms": 10.382489246286013, "forecast_datetime": "2026-10-13T04:00:00", "source": "BMKG ADM4 forecast points + IDW", "boundary": "SERPRO Project Area", "interpretation": "Forecast surface clipped to project boundary; not direct station observation" }, "geometry": { "type": "Point", "coordinates": [ 112.634402651567697, -3.177543180322439 ] } },
{ "type": "Feature", "properties": { "precipitation_mm": 0.0, "temperature_c": 26.064677004557481, "humidity_pct": 84.594376679267654, "cloud_cover_pct": 88.296560309201325, "wind_speed_ms": 10.313895231417934, "forecast_datetime": "2026-10-13T04:00:00", "source": "BMKG ADM4 forecast points + IDW", "boundary": "SERPRO Project Area", "interpretation": "Forecast surface clipped to project boundary; not direct station observation" }, "geometry": { "type": "Point", "coordinates": [ 112.634388442368447, -3.16849985020233 ] } },
{ "type": "Feature", "properties": { "precipitation_mm": 0.0, "temperature_c": 26.038158083642298, "humidity_pct": 84.787793046240111, "cloud_cover_pct": 88.247746884443117, "wind_speed_ms": 10.23348929609098, "forecast_datetime": "2026-10-13T04:00:00", "source": "BMKG ADM4 forecast points + IDW", "boundary": "SERPRO Project Area", "interpretation": "Forecast surface clipped to project boundary; not direct station observation" }, "geometry": { "type": "Point", "coordinates": [ 112.634374273871103, -3.159456518436704 ] } },
{ "type": "Feature", "properties": { "precipitation_mm": 0.0, "temperature_c": 26.007086517544927, "humidity_pct": 84.997425858526867, "cloud_cover_pct": 88.196906342550975, "wind_speed_ms": 10.142983580694857, "forecast_datetime": "2026-10-13T04:00:00", "source": "BMKG ADM4 forecast points + IDW", "boundary": "SERPRO Project Area", "interpretation": "Forecast surface clipped to project boundary; not direct station observation" }, "geometry": { "type": "Point", "coordinates": [ 112.634360146073902, -3.150413185030243 ] } },
{ "type": "Feature", "properties": { "precipitation_mm": 0.0, "temperature_c": 25.971979632983931, "humidity_pct": 85.219672056245969, "cloud_cover_pct": 88.144368561516657, "wind_speed_ms": 10.044639958032622, "forecast_datetime": "2026-10-13T04:00:00", "source": "BMKG ADM4 forecast points + IDW", "boundary": "SERPRO Project Area", "interpretation": "Forecast surface clipped to project boundary; not direct station observation" }, "geometry": { "type": "Point", "coordinates": [ 112.634346058975126, -3.141369849987625 ] } },
{ "type": "Feature", "properties": { "precipitation_mm": 0.0, "temperature_c": 25.933561716937152, "humidity_pct": 85.450684622058887, "cloud_cover_pct": 88.09050822568085, "wind_speed_ms": 9.9408939268993812, "forecast_datetime": "2026-10-13T04:00:00", "source": "BMKG ADM4 forecast points + IDW", "boundary": "SERPRO Project Area", "interpretation": "Forecast surface clipped to project boundary; not direct station observation" }, "geometry": { "type": "Point", "coordinates": [ 112.63433201257304, -3.132326513313529 ] } },
{ "type": "Feature", "properties": { "precipitation_mm": 0.0, "temperature_c": 25.766260234689508, "humidity_pct": 86.376005880081195, "cloud_cover_pct": 87.875648763590888, "wind_speed_ms": 9.5204283587267859, "forecast_datetime": "2026-10-13T04:00:00", "source": "BMKG ADM4 forecast points + IDW", "boundary": "SERPRO Project Area", "interpretation": "Forecast surface clipped to project boundary; not direct station observation" }, "geometry": { "type": "Point", "coordinates": [ 112.63427623389677, -3.096153150395966 ] } },
{ "type": "Feature", "properties": { "precipitation_mm": 0.0, "temperature_c": 25.655944250741534, "humidity_pct": 86.950069237882289, "cloud_cover_pct": 87.741046298993311, "wind_speed_ms": 9.2593646822731888, "forecast_datetime": "2026-10-13T04:00:00", "source": "BMKG ADM4 forecast points + IDW", "boundary": "SERPRO Project Area", "interpretation": "Forecast surface clipped to project boundary; not direct station observation" }, "geometry": { "type": "Point", "coordinates": [ 112.634234827120181, -3.0690231113066 ] } },
{ "type": "Feature", "properties": { "precipitation_mm": 0.0, "temperature_c": 25.626442665030837, "humidity_pct": 87.101629539409814, "cloud_cover_pct": 87.705347134247219, "wind_speed_ms": 9.1904824870556912, "forecast_datetime": "2026-10-13T04:00:00", "source": "BMKG ADM4 forecast points + IDW", "boundary": "SERPRO Project Area", "interpretation": "Forecast surface clipped to project boundary; not direct station observation" }, "geometry": { "type": "Point", "coordinates": [ 112.634221106229461, -3.059979761749165 ] } },
{ "type": "Feature", "properties": { "precipitation_mm": 0.0, "temperature_c": 25.601154588763926, "humidity_pct": 87.231557122182039, "cloud_cover_pct": 87.674720017637455, "wind_speed_ms": 9.131407283479227, "forecast_datetime": "2026-10-13T04:00:00", "source": "BMKG ADM4 forecast points + IDW", "boundary": "SERPRO Project Area", "interpretation": "Forecast surface clipped to project boundary; not direct station observation" }, "geometry": { "type": "Point", "coordinates": [ 112.634207426019998, -3.050936410602376 ] } },
{ "type": "Feature", "properties": { "precipitation_mm": 0.0, "temperature_c": 25.580075695543776, "humidity_pct": 87.3403378318433, "cloud_cover_pct": 87.649084332842136, "wind_speed_ms": 9.0818940102009211, "forecast_datetime": "2026-10-13T04:00:00", "source": "BMKG ADM4 forecast points + IDW", "boundary": "SERPRO Project Area", "interpretation": "Forecast surface clipped to project boundary; not direct station observation" }, "geometry": { "type": "Point", "coordinates": [ 112.634193786490087, -3.041893057870912 ] } },
{ "type": "Feature", "properties": { "precipitation_mm": 0.0, "temperature_c": 25.563015656352654, "humidity_pct": 87.429240335499557, "cloud_cover_pct": 87.628163085445209, "wind_speed_ms": 9.0413514954281151, "forecast_datetime": "2026-10-13T04:00:00", "source": "BMKG ADM4 forecast points + IDW", "boundary": "SERPRO Project Area", "interpretation": "Forecast surface clipped to project boundary; not direct station observation" }, "geometry": { "type": "Point", "coordinates": [ 112.634180187638037, -3.032849703559457 ] } },
{ "type": "Feature", "properties": { "precipitation_mm": 0.0, "temperature_c": 25.549649906939251, "humidity_pct": 87.500076311848929, "cloud_cover_pct": 87.611540421280722, "wind_speed_ms": 9.0089514481975037, "forecast_datetime": "2026-10-13T04:00:00", "source": "BMKG ADM4 forecast points + IDW", "boundary": "SERPRO Project Area", "interpretation": "Forecast surface clipped to project boundary; not direct station observation" }, "geometry": { "type": "Point", "coordinates": [ 112.6341666294622, -3.023806347672688 ] } },
{ "type": "Feature", "properties": { "precipitation_mm": 0.0, "temperature_c": 26.110904716034153, "humidity_pct": 84.381801434647741, "cloud_cover_pct": 88.202062028243432, "wind_speed_ms": 10.599349034704893, "forecast_datetime": "2026-10-13T04:00:00", "source": "BMKG ADM4 forecast points + IDW", "boundary": "SERPRO Project Area", "interpretation": "Forecast surface clipped to project boundary; not direct station observation" }, "geometry": { "type": "Point", "coordinates": [ 112.643385150419974, -3.168485548645165 ] } },
{ "type": "Feature", "properties": { "precipitation_mm": 0.0, "temperature_c": 26.080988157176531, "humidity_pct": 84.580273526281232, "cloud_cover_pct": 88.169162854434504, "wind_speed_ms": 10.493734074694517, "forecast_datetime": "2026-10-13T04:00:00", "source": "BMKG ADM4 forecast points + IDW", "boundary": "SERPRO Project Area", "interpretation": "Forecast surface clipped to project boundary; not direct station observation" }, "geometry": { "type": "Point", "coordinates": [ 112.643370904015583, -3.1594422577778 ] } },
{ "type": "Feature", "properties": { "precipitation_mm": 0.0, "temperature_c": 25.80902105604547, "humidity_pct": 86.150956368029284, "cloud_cover_pct": 87.877093599130973, "wind_speed_ms": 9.6889505512102065, "forecast_datetime": "2026-10-13T04:00:00", "source": "BMKG ADM4 forecast points + IDW", "boundary": "SERPRO Project Area", "interpretation": "Forecast surface clipped to project boundary; not direct station observation" }, "geometry": { "type": "Point", "coordinates": [ 112.643272324957593, -3.096139176006037 ] } },
{ "type": "Feature", "properties": { "precipitation_mm": 0.0, "temperature_c": 25.671553305728153, "humidity_pct": 86.872828633094301, "cloud_cover_pct": 87.728080925942635, "wind_speed_ms": 9.3345622346192734, "forecast_datetime": "2026-10-13T04:00:00", "source": "BMKG ADM4 forecast points + IDW", "boundary": "SERPRO Project Area", "interpretation": "Forecast surface clipped to project boundary; not direct station observation" }, "geometry": { "type": "Point", "coordinates": [ 112.643216894164652, -3.059965950926876 ] } },
{ "type": "Feature", "properties": { "precipitation_mm": 0.0, "temperature_c": 25.645697679919511, "humidity_pct": 87.007136217391576, "cloud_cover_pct": 87.699777671171859, "wind_speed_ms": 9.2692117988964711, "forecast_datetime": "2026-10-13T04:00:00", "source": "BMKG ADM4 forecast points + IDW", "boundary": "SERPRO Project Area", "interpretation": "Forecast surface clipped to project boundary; not direct station observation" }, "geometry": { "type": "Point", "coordinates": [ 112.643203138733014, -3.050922640670354 ] } },
{ "type": "Feature", "properties": { "precipitation_mm": 0.0, "temperature_c": 25.623587686277599, "humidity_pct": 87.122278461467459, "cloud_cover_pct": 87.675465205403597, "wind_speed_ms": 9.2132052908897109, "forecast_datetime": "2026-10-13T04:00:00", "source": "BMKG ADM4 forecast points + IDW", "boundary": "SERPRO Project Area", "interpretation": "Forecast surface clipped to project boundary; not direct station observation" }, "geometry": { "type": "Point", "coordinates": [ 112.643189424204635, -3.041879328828504 ] } },
{ "type": "Feature", "properties": { "precipitation_mm": 0.0, "temperature_c": 25.812555423293894, "humidity_pct": 86.136525998590201, "cloud_cover_pct": 87.837569405938964, "wind_speed_ms": 9.7511211194827627, "forecast_datetime": "2026-10-13T04:00:00", "source": "BMKG ADM4 forecast points + IDW", "boundary": "SERPRO Project Area", "interpretation": "Forecast surface clipped to project boundary; not direct station observation" }, "geometry": { "type": "Point", "coordinates": [ 112.652254379929772, -3.087081862236472 ] } },
{ "type": "Feature", "properties": { "precipitation_mm": 0.0, "temperature_c": 25.776841083058372, "humidity_pct": 86.325917883062459, "cloud_cover_pct": 87.804279481922464, "wind_speed_ms": 9.650698538064951, "forecast_datetime": "2026-10-13T04:00:00", "source": "BMKG ADM4 forecast points + IDW", "boundary": "SERPRO Project Area", "interpretation": "Forecast surface clipped to project boundary; not direct station observation" }, "geometry": { "type": "Point", "coordinates": [ 112.652240425886674, -3.078038597880498 ] } },
{ "type": "Feature", "properties": { "precipitation_mm": 0.0, "temperature_c": 25.699882157672363, "humidity_pct": 86.745715483763604, "cloud_cover_pct": 87.693116084772143, "wind_speed_ms": 9.47591825193423, "forecast_datetime": "2026-10-13T04:00:00", "source": "BMKG ADM4 forecast points + IDW", "boundary": "SERPRO Project Area", "interpretation": "Forecast surface clipped to project boundary; not direct station observation" }, "geometry": { "type": "Point", "coordinates": [ 112.670148336732865, -3.023751309611272 ] } },
{ "type": "Feature", "properties": { "precipitation_mm": 0.0, "temperature_c": 25.683464387696691, "humidity_pct": 86.833780797077623, "cloud_cover_pct": 87.680443582106818, "wind_speed_ms": 9.4254165828616738, "forecast_datetime": "2026-10-13T04:00:00", "source": "BMKG ADM4 forecast points + IDW", "boundary": "SERPRO Project Area", "interpretation": "Forecast surface clipped to project boundary; not direct station observation" }, "geometry": { "type": "Point", "coordinates": [ 112.670134521931644, -3.01470811704975 ] } },
{ "type": "Feature", "properties": { "precipitation_mm": 0.0, "temperature_c": 25.669423148472177, "humidity_pct": 86.909764808199782, "cloud_cover_pct": 87.6695584081411, "wind_speed_ms": 9.3817581893643194, "forecast_datetime": "2026-10-13T04:00:00", "source": "BMKG ADM4 forecast points + IDW", "boundary": "SERPRO Project Area", "interpretation": "Forecast surface clipped to project boundary; not direct station observation" }, "geometry": { "type": "Point", "coordinates": [ 112.670120748697812, -3.005664922919677 ] } },
{ "type": "Feature", "properties": { "precipitation_mm": 0.0, "temperature_c": 25.657540584442074, "humidity_pct": 86.974831490606206, "cloud_cover_pct": 87.660351106848978, "wind_speed_ms": 9.3442052315286048, "forecast_datetime": "2026-10-13T04:00:00", "source": "BMKG ADM4 forecast points + IDW", "boundary": "SERPRO Project Area", "interpretation": "Forecast surface clipped to project boundary; not direct station observation" }, "geometry": { "type": "Point", "coordinates": [ 112.67010701702965, -2.996621727225741 ] } },
{ "type": "Feature", "properties": { "precipitation_mm": 0.0, "temperature_c": 25.647591680134678, "humidity_pct": 87.030152560053452, "cloud_cover_pct": 87.652683837533516, "wind_speed_ms": 9.3120498344209981, "forecast_datetime": "2026-10-13T04:00:00", "source": "BMKG ADM4 forecast points + IDW", "boundary": "SERPRO Project Area", "interpretation": "Forecast surface clipped to project boundary; not direct station observation" }, "geometry": { "type": "Point", "coordinates": [ 112.670093326925482, -2.987578529972633 ] } },
{ "type": "Feature", "properties": { "precipitation_mm": 0.0, "temperature_c": 25.800613260196968, "humidity_pct": 86.217302025718269, "cloud_cover_pct": 87.747736620073425, "wind_speed_ms": 9.8062758678301751, "forecast_datetime": "2026-10-13T04:00:00", "source": "BMKG ADM4 forecast points + IDW", "boundary": "SERPRO Project Area", "interpretation": "Forecast surface clipped to project boundary; not direct station observation" }, "geometry": { "type": "Point", "coordinates": [ 112.679185578316051, -3.050866805886893 ] } },
{ "type": "Feature", "properties": { "precipitation_mm": 0.0, "temperature_c": 25.775329309560689, "humidity_pct": 86.351717672338012, "cloud_cover_pct": 87.732010262141401, "wind_speed_ms": 9.7246364952162914, "forecast_datetime": "2026-10-13T04:00:00", "source": "BMKG ADM4 forecast points + IDW", "boundary": "SERPRO Project Area", "interpretation": "Forecast surface clipped to project boundary; not direct station observation" }, "geometry": { "type": "Point", "coordinates": [ 112.679171563810741, -3.041823659845612 ] } },
{ "type": "Feature", "properties": { "precipitation_mm": 0.0, "temperature_c": 25.752751195060402, "humidity_pct": 86.471905306303157, "cloud_cover_pct": 87.71748425443522, "wind_speed_ms": 9.6522116997143286, "forecast_datetime": "2026-10-13T04:00:00", "source": "BMKG ADM4 forecast points + IDW", "boundary": "SERPRO Project Area", "interpretation": "Forecast surface clipped to project boundary; not direct station observation" }, "geometry": { "type": "Point", "coordinates": [ 112.6791575911016, -3.032780512221046 ] } },
{ "type": "Feature", "properties": { "precipitation_mm": 0.0, "temperature_c": 25.732772717926807, "humidity_pct": 86.578560390437772, "cloud_cover_pct": 87.704309770530017, "wind_speed_ms": 9.5882844657281066, "forecast_datetime": "2026-10-13T04:00:00", "source": "BMKG ADM4 forecast points + IDW", "boundary": "SERPRO Project Area", "interpretation": "Forecast surface clipped to project boundary; not direct station observation" }, "geometry": { "type": "Point", "coordinates": [ 112.679143660186909, -3.023737363017886 ] } },
{ "type": "Feature", "properties": { "precipitation_mm": 0.0, "temperature_c": 25.715249336483456, "humidity_pct": 86.672541300919278, "cloud_cover_pct": 87.692556904557222, "wind_speed_ms": 9.5321181103868646, "forecast_datetime": "2026-10-13T04:00:00", "source": "BMKG ADM4 forecast points + IDW", "boundary": "SERPRO Project Area", "interpretation": "Forecast surface clipped to project boundary; not direct station observation" }, "geometry": { "type": "Point", "coordinates": [ 112.679129771064936, -3.014694212240823 ] } },
{ "type": "Feature", "properties": { "precipitation_mm": 0.0, "temperature_c": 25.700008675746403, "humidity_pct": 86.754816516352392, "cloud_cover_pct": 87.682231174772454, "wind_speed_ms": 9.482975021256129, "forecast_datetime": "2026-10-13T04:00:00", "source": "BMKG ADM4 forecast points + IDW", "boundary": "SERPRO Project Area", "interpretation": "Forecast surface clipped to project boundary; not direct station observation" }, "geometry": { "type": "Point", "coordinates": [ 112.679115923733974, -3.005651059894548 ] } },
{ "type": "Feature", "properties": { "precipitation_mm": 0.0, "temperature_c": 25.686861027184953, "humidity_pct": 86.826414085613521, "cloud_cover_pct": 87.673289505971752, "wind_speed_ms": 9.4401344092427699, "forecast_datetime": "2026-10-13T04:00:00", "source": "BMKG ADM4 forecast points + IDW", "boundary": "SERPRO Project Area", "interpretation": "Forecast surface clipped to project boundary; not direct station observation" }, "geometry": { "type": "Point", "coordinates": [ 112.679102118192318, -2.996607905983754 ] } },
{ "type": "Feature", "properties": { "precipitation_mm": 0.0, "temperature_c": 25.675608880369772, "humidity_pct": 86.888377305065987, "cloud_cover_pct": 87.665654710395302, "wind_speed_ms": 9.4029073253848203, "forecast_datetime": "2026-10-13T04:00:00", "source": "BMKG ADM4 forecast points + IDW", "boundary": "SERPRO Project Area", "interpretation": "Forecast surface clipped to project boundary; not direct station observation" }, "geometry": { "type": "Point", "coordinates": [ 112.679088354438278, -2.987564750513131 ] } },
{ "type": "Feature", "properties": { "precipitation_mm": 0.0, "temperature_c": 25.666054911767198, "humidity_pct": 86.941728767668863, "cloud_cover_pct": 87.65922787006194, "wind_speed_ms": 9.3706480474404579, "forecast_datetime": "2026-10-13T04:00:00", "source": "BMKG ADM4 forecast points + IDW", "boundary": "SERPRO Project Area", "interpretation": "Forecast surface clipped to project boundary; not direct station observation" }, "geometry": { "type": "Point", "coordinates": [ 112.679074632470119, -2.978521593487371 ] } },
{ "type": "Feature", "properties": { "precipitation_mm": 0.0, "temperature_c": 26.089594775462817, "humidity_pct": 84.676451166754845, "cloud_cover_pct": 87.824179738446631, "wind_speed_ms": 10.875405401201851, "forecast_datetime": "2026-10-13T04:00:00", "source": "BMKG ADM4 forecast points + IDW", "boundary": "SERPRO Project Area", "interpretation": "Forecast surface clipped to project boundary; not direct station observation" }, "geometry": { "type": "Point", "coordinates": [ 112.688280887444492, -3.114154341905303 ] } },
{ "type": "Feature", "properties": { "precipitation_mm": 0.0, "temperature_c": 26.04531671274578, "humidity_pct": 84.915040641371945, "cloud_cover_pct": 87.820435359556996, "wind_speed_ms": 10.699490855380656, "forecast_datetime": "2026-10-13T04:00:00", "source": "BMKG ADM4 forecast points + IDW", "boundary": "SERPRO Project Area", "interpretation": "Forecast surface clipped to project boundary; not direct station observation" }, "geometry": { "type": "Point", "coordinates": [ 112.68826650376154, -3.105111249093748 ] } },
{ "type": "Feature", "properties": { "precipitation_mm": 0.0, "temperature_c": 25.833896843640229, "humidity_pct": 86.04655144232315, "cloud_cover_pct": 87.750179304891702, "wind_speed_ms": 9.9326713859477991, "forecast_datetime": "2026-10-13T04:00:00", "source": "BMKG ADM4 forecast points + IDW", "boundary": "SERPRO Project Area", "interpretation": "Forecast surface clipped to project boundary; not direct station observation" }, "geometry": { "type": "Point", "coordinates": [ 112.688181084276209, -3.050852658435786 ] } },
{ "type": "Feature", "properties": { "precipitation_mm": 0.0, "temperature_c": 25.807979652763478, "humidity_pct": 86.184609744664115, "cloud_cover_pct": 87.736903593582582, "wind_speed_ms": 9.8451030026917294, "forecast_datetime": "2026-10-13T04:00:00", "source": "BMKG ADM4 forecast points + IDW", "boundary": "SERPRO Project Area", "interpretation": "Forecast surface clipped to project boundary; not direct station observation" }, "geometry": { "type": "Point", "coordinates": [ 112.688166994780971, -3.041809554405151 ] } },
{ "type": "Feature", "properties": { "precipitation_mm": 0.0, "temperature_c": 25.784653874505217, "humidity_pct": 86.308988435028581, "cloud_cover_pct": 87.724325992970805, "wind_speed_ms": 9.7669857184561319, "forecast_datetime": "2026-10-13T04:00:00", "source": "BMKG ADM4 forecast points + IDW", "boundary": "SERPRO Project Area", "interpretation": "Forecast surface clipped to project boundary; not direct station observation" }, "geometry": { "type": "Point", "coordinates": [ 112.688152947305554, -3.032766448790562 ] } },
{ "type": "Feature", "properties": { "precipitation_mm": 0.0, "temperature_c": 25.763815480188594, "humidity_pct": 86.420348706758546, "cloud_cover_pct": 87.712649915246828, "wind_speed_ms": 9.6975595255339453, "forecast_datetime": "2026-10-13T04:00:00", "source": "BMKG ADM4 forecast points + IDW", "boundary": "SERPRO Project Area", "interpretation": "Forecast surface clipped to project boundary; not direct station observation" }, "geometry": { "type": "Point", "coordinates": [ 112.688138941848209, -3.023723341596711 ] } },
{ "type": "Feature", "properties": { "precipitation_mm": 0.0, "temperature_c": 25.745331650949016, "humidity_pct": 86.51947627594005, "cloud_cover_pct": 87.702001084951931, "wind_speed_ms": 9.6360699329695141, "forecast_datetime": "2026-10-13T04:00:00", "source": "BMKG ADM4 forecast points + IDW", "boundary": "SERPRO Project Area", "interpretation": "Forecast surface clipped to project boundary; not direct station observation" }, "geometry": { "type": "Point", "coordinates": [ 112.688124978407217, -3.014680232828292 ] } },
{ "type": "Feature", "properties": { "precipitation_mm": 0.0, "temperature_c": 25.729047803241556, "humidity_pct": 86.607244375022276, "cloud_cover_pct": 87.692441406796334, "wind_speed_ms": 9.5817780219203748, "forecast_datetime": "2026-10-13T04:00:00", "source": "BMKG ADM4 forecast points + IDW", "boundary": "SERPRO Project Area", "interpretation": "Forecast surface clipped to project boundary; not direct station observation" }, "geometry": { "type": "Point", "coordinates": [ 112.688111056980858, -3.005637122489998 ] } },
{ "type": "Feature", "properties": { "precipitation_mm": 0.0, "temperature_c": 25.714795068505484, "humidity_pct": 86.684576564637837, "cloud_cover_pct": 87.683982563202434, "wind_speed_ms": 9.5339710679908283, "forecast_datetime": "2026-10-13T04:00:00", "source": "BMKG ADM4 forecast points + IDW", "boundary": "SERPRO Project Area", "interpretation": "Forecast surface clipped to project boundary; not direct station observation" }, "geometry": { "type": "Point", "coordinates": [ 112.6880971775674, -2.996594010586523 ] } },
{ "type": "Feature", "properties": { "precipitation_mm": 0.0, "temperature_c": 25.702397426891867, "humidity_pct": 86.752412698505793, "cloud_cover_pct": 87.676598597393422, "wind_speed_ms": 9.4919721309327763, "forecast_datetime": "2026-10-13T04:00:00", "source": "BMKG ADM4 forecast points + IDW", "boundary": "SERPRO Project Area", "interpretation": "Forecast surface clipped to project boundary; not direct station observation" }, "geometry": { "type": "Point", "coordinates": [ 112.68808334016515, -2.987550897122561 ] } },
{ "type": "Feature", "properties": { "precipitation_mm": 0.0, "temperature_c": 25.691677961595076, "humidity_pct": 86.811680129468996, "cloud_cover_pct": 87.670236982011019, "wind_speed_ms": 9.4551476503369702, "forecast_datetime": "2026-10-13T04:00:00", "source": "BMKG ADM4 forecast points + IDW", "boundary": "SERPRO Project Area", "interpretation": "Forecast surface clipped to project boundary; not direct station observation" }, "geometry": { "type": "Point", "coordinates": [ 112.688069544772375, -2.978507782102805 ] } },
{ "type": "Feature", "properties": { "precipitation_mm": 0.0, "temperature_c": 25.79302215315786, "humidity_pct": 86.271181801049366, "cloud_cover_pct": 87.718552875263782, "wind_speed_ms": 9.8031297709925376, "forecast_datetime": "2026-10-13T04:00:00", "source": "BMKG ADM4 forecast points + IDW", "boundary": "SERPRO Project Area", "interpretation": "Forecast surface clipped to project boundary; not direct station observation" }, "geometry": { "type": "Point", "coordinates": [ 112.697134181493155, -3.023709245349476 ] } },
{ "type": "Feature", "properties": { "precipitation_mm": 0.0, "temperature_c": 25.773711990665909, "humidity_pct": 86.374733250988683, "cloud_cover_pct": 87.709125897792362, "wind_speed_ms": 9.736709705090357, "forecast_datetime": "2026-10-13T04:00:00", "source": "BMKG ADM4 forecast points + IDW", "boundary": "SERPRO Project Area", "interpretation": "Forecast surface clipped to project boundary; not direct station observation" }, "geometry": { "type": "Point", "coordinates": [ 112.697120143734864, -3.01466617881388 ] } },
{ "type": "Feature", "properties": { "precipitation_mm": 0.0, "temperature_c": 25.756528056224589, "humidity_pct": 86.467248308803192, "cloud_cover_pct": 87.7004770465755, "wind_speed_ms": 9.6776451073554473, "forecast_datetime": "2026-10-13T04:00:00", "source": "BMKG ADM4 forecast points + IDW", "boundary": "SERPRO Project Area", "interpretation": "Forecast surface clipped to project boundary; not direct station observation" }, "geometry": { "type": "Point", "coordinates": [ 112.697106148214829, -3.005623110707745 ] } },
{ "type": "Feature", "properties": { "precipitation_mm": 0.0, "temperature_c": 25.741316875955384, "humidity_pct": 86.549569891988341, "cloud_cover_pct": 87.692662361329027, "wind_speed_ms": 9.6252265787752442, "forecast_datetime": "2026-10-13T04:00:00", "source": "BMKG ADM4 forecast points + IDW", "boundary": "SERPRO Project Area", "interpretation": "Forecast surface clipped to project boundary; not direct station observation" }, "geometry": { "type": "Point", "coordinates": [ 112.697092194931287, -2.996580041035762 ] } },
{ "type": "Feature", "properties": { "precipitation_mm": 0.0, "temperature_c": 25.7279191936845, "humidity_pct": 86.622554378044555, "cloud_cover_pct": 87.685698397346727, "wind_speed_ms": 9.5787852131805007, "forecast_datetime": "2026-10-13T04:00:00", "source": "BMKG ADM4 forecast points + IDW", "boundary": "SERPRO Project Area", "interpretation": "Forecast surface clipped to project boundary; not direct station observation" }, "geometry": { "type": "Point", "coordinates": [ 112.697078283882533, -2.987536969802631 ] } },
{ "type": "Feature", "properties": { "precipitation_mm": 0.0, "temperature_c": 26.207145872687477, "humidity_pct": 84.066783717048111, "cloud_cover_pct": 87.750450825727867, "wind_speed_ms": 11.433977296879842, "forecast_datetime": "2026-10-13T04:00:00", "source": "BMKG ADM4 forecast points + IDW", "boundary": "SERPRO Project Area", "interpretation": "Forecast surface clipped to project boundary; not direct station observation" }, "geometry": { "type": "Point", "coordinates": [ 112.706287414694373, -3.123168234099108 ] } },
{ "type": "Feature", "properties": { "precipitation_mm": 0.0, "temperature_c": 25.820403497964872, "humidity_pct": 86.131131518361912, "cloud_cover_pct": 87.722416291750534, "wind_speed_ms": 9.9044270904048517, "forecast_datetime": "2026-10-13T04:00:00", "source": "BMKG ADM4 forecast points + IDW", "boundary": "SERPRO Project Area", "interpretation": "Forecast surface clipped to project boundary; not direct station observation" }, "geometry": { "type": "Point", "coordinates": [ 112.706129378898126, -3.023695074277916 ] } },
{ "type": "Feature", "properties": { "precipitation_mm": 0.0, "temperature_c": 25.800394579969286, "humidity_pct": 86.238412978476262, "cloud_cover_pct": 87.714272187789007, "wind_speed_ms": 9.8335212356618378, "forecast_datetime": "2026-10-13T04:00:00", "source": "BMKG ADM4 forecast points + IDW", "boundary": "SERPRO Project Area", "interpretation": "Forecast surface clipped to project boundary; not direct station observation" }, "geometry": { "type": "Point", "coordinates": [ 112.706115266824284, -3.01465205019932 ] } },
{ "type": "Feature", "properties": { "precipitation_mm": 0.0, "temperature_c": 25.782444411712589, "humidity_pct": 86.334967538924687, "cloud_cover_pct": 87.706625348671921, "wind_speed_ms": 9.7701004208554796, "forecast_datetime": "2026-10-13T04:00:00", "source": "BMKG ADM4 forecast points + IDW", "boundary": "SERPRO Project Area", "interpretation": "Forecast surface clipped to project boundary; not direct station observation" }, "geometry": { "type": "Point", "coordinates": [ 112.706101197212277, -3.005609024549514 ] } },
{ "type": "Feature", "properties": { "precipitation_mm": 0.0, "temperature_c": 25.76641112505844, "humidity_pct": 86.421574347831168, "cloud_cover_pct": 87.699566857239802, "wind_speed_ms": 9.7134577746420234, "forecast_datetime": "2026-10-13T04:00:00", "source": "BMKG ADM4 forecast points + IDW", "boundary": "SERPRO Project Area", "interpretation": "Forecast surface clipped to project boundary; not direct station observation" }, "geometry": { "type": "Point", "coordinates": [ 112.706087170060371, -2.996565997333192 ] } },
{ "type": "Feature", "properties": { "precipitation_mm": 0.0, "temperature_c": 25.752148722019633, "humidity_pct": 86.499021319132382, "cloud_cover_pct": 87.693147781136105, "wind_speed_ms": 9.6629313235821694, "forecast_datetime": "2026-10-13T04:00:00", "source": "BMKG ADM4 forecast points + IDW", "boundary": "SERPRO Project Area", "interpretation": "Forecast surface clipped to project boundary; not direct station observation" }, "geometry": { "type": "Point", "coordinates": [ 112.706073185366861, -2.987522968555056 ] } },
{ "type": "Feature", "properties": { "precipitation_mm": 0.0, "temperature_c": 26.096387845968906, "humidity_pct": 84.664212152896155, "cloud_cover_pct": 87.754607523228685, "wind_speed_ms": 10.975735529683597, "forecast_datetime": "2026-10-13T04:00:00", "source": "BMKG ADM4 forecast points + IDW", "boundary": "SERPRO Project Area", "interpretation": "Forecast surface clipped to project boundary; not direct station observation" }, "geometry": { "type": "Point", "coordinates": [ 112.715239561828298, -3.096024622411393 ] } },
{ "type": "Feature", "properties": { "precipitation_mm": 0.0, "temperature_c": 25.845971045131439, "humidity_pct": 86.000236822486215, "cloud_cover_pct": 87.7246113471938, "wind_speed_ms": 10.000941732224987, "forecast_datetime": "2026-10-13T04:00:00", "source": "BMKG ADM4 forecast points + IDW", "boundary": "SERPRO Project Area", "interpretation": "Forecast surface clipped to project boundary; not direct station observation" }, "geometry": { "type": "Point", "coordinates": [ 112.715124533839528, -3.023680828383779 ] } },
{ "type": "Feature", "properties": { "precipitation_mm": 0.0, "temperature_c": 25.825387273303566, "humidity_pct": 86.110572630790202, "cloud_cover_pct": 87.717763676330847, "wind_speed_ms": 9.9260428306510153, "forecast_datetime": "2026-10-13T04:00:00", "source": "BMKG ADM4 forecast points + IDW", "boundary": "SERPRO Project Area", "interpretation": "Forecast surface clipped to project boundary; not direct station observation" }, "geometry": { "type": "Point", "coordinates": [ 112.715110347451841, -3.014637846986353 ] } },
{ "type": "Feature", "properties": { "precipitation_mm": 0.0, "temperature_c": 25.806798192515991, "humidity_pct": 86.210488136510222, "cloud_cover_pct": 87.71116449061779, "wind_speed_ms": 9.858719561996427, "forecast_datetime": "2026-10-13T04:00:00", "source": "BMKG ADM4 forecast points + IDW", "boundary": "SERPRO Project Area", "interpretation": "Forecast surface clipped to project boundary; not direct station observation" }, "geometry": { "type": "Point", "coordinates": [ 112.715096203749624, -3.005594864017041 ] } },
{ "type": "Feature", "properties": { "precipitation_mm": 0.0, "temperature_c": 25.790071147717722, "humidity_pct": 86.300709570855432, "cloud_cover_pct": 87.704931580490438, "wind_speed_ms": 9.7982701319860919, "forecast_datetime": "2026-10-13T04:00:00", "source": "BMKG ADM4 forecast points + IDW", "boundary": "SERPRO Project Area", "interpretation": "Forecast surface clipped to project boundary; not direct station observation" }, "geometry": { "type": "Point", "coordinates": [ 112.715082102731088, -2.996551879480544 ] } },
{ "type": "Feature", "properties": { "precipitation_mm": 0.0, "temperature_c": 25.775070976955305, "humidity_pct": 86.381966876604238, "cloud_cover_pct": 87.699143238937879, "wind_speed_ms": 9.7440409435882938, "forecast_datetime": "2026-10-13T04:00:00", "source": "BMKG ADM4 forecast points + IDW", "boundary": "SERPRO Project Area", "interpretation": "Forecast surface clipped to project boundary; not direct station observation" }, "geometry": { "type": "Point", "coordinates": [ 112.715068044394528, -2.987508893381561 ] } },
{ "type": "Feature", "properties": { "precipitation_mm": 0.0, "temperature_c": 25.829596908773322, "humidity_pct": 86.093846227422048, "cloud_cover_pct": 87.714357369848926, "wind_speed_ms": 9.9431353020386748, "forecast_datetime": "2026-10-13T04:00:00", "source": "BMKG ADM4 forecast points + IDW", "boundary": "SERPRO Project Area", "interpretation": "Forecast surface clipped to project boundary; not direct station observation" }, "geometry": { "type": "Point", "coordinates": [ 112.724091167603262, -3.005580629112073 ] } },
{ "type": "Feature", "properties": { "precipitation_mm": 0.0, "temperature_c": 25.812298000474183, "humidity_pct": 86.187040595979823, "cloud_cover_pct": 87.708983310627758, "wind_speed_ms": 9.8793214506644578, "forecast_datetime": "2026-10-13T04:00:00", "source": "BMKG ADM4 forecast points + IDW", "boundary": "SERPRO Project Area", "interpretation": "Forecast surface clipped to project boundary; not direct station observation" }, "geometry": { "type": "Point", "coordinates": [ 112.724076992719844, -2.996537687479557 ] } },
{ "type": "Feature", "properties": { "precipitation_mm": 0.0, "temperature_c": 26.153209841405197, "humidity_pct": 84.386134163721096, "cloud_cover_pct": 87.695299852085995, "wind_speed_ms": 11.26422557035754, "forecast_datetime": "2026-10-13T04:00:00", "source": "BMKG ADM4 forecast points + IDW", "boundary": "SERPRO Project Area", "interpretation": "Forecast surface clipped to project boundary; not direct station observation" }, "geometry": { "type": "Point", "coordinates": [ 112.760202795924926, -3.086907784536502 ] } },
{ "type": "Feature", "properties": { "precipitation_mm": 0.0, "temperature_c": 26.164557513086663, "humidity_pct": 84.329507131100598, "cloud_cover_pct": 87.687161436216641, "wind_speed_ms": 11.317833185678577, "forecast_datetime": "2026-10-13T04:00:00", "source": "BMKG ADM4 forecast points + IDW", "boundary": "SERPRO Project Area", "interpretation": "Forecast surface clipped to project boundary; not direct station observation" }, "geometry": { "type": "Point", "coordinates": [ 112.769198217772114, -3.086892781541918 ] } },
{ "type": "Feature", "properties": { "precipitation_mm": 0.0, "temperature_c": 26.129718623897123, "humidity_pct": 84.514096566853596, "cloud_cover_pct": 87.697420092958808, "wind_speed_ms": 11.16440828828636, "forecast_datetime": "2026-10-13T04:00:00", "source": "BMKG ADM4 forecast points + IDW", "boundary": "SERPRO Project Area", "interpretation": "Forecast surface clipped to project boundary; not direct station observation" }, "geometry": { "type": "Point", "coordinates": [ 112.769183277299135, -3.077850072102721 ] } },
{ "type": "Feature", "properties": { "precipitation_mm": 0.0, "temperature_c": 26.17353450273324, "humidity_pct": 84.285163823123568, "cloud_cover_pct": 87.680515088608047, "wind_speed_ms": 11.360175547496061, "forecast_datetime": "2026-10-13T04:00:00", "source": "BMKG ADM4 forecast points + IDW", "boundary": "SERPRO Project Area", "interpretation": "Forecast surface clipped to project boundary; not direct station observation" }, "geometry": { "type": "Point", "coordinates": [ 112.778193595577761, -3.086877702168212 ] } },
{ "type": "Feature", "properties": { "precipitation_mm": 0.0, "temperature_c": 26.139839499929362, "humidity_pct": 84.4636226691985, "cloud_cover_pct": 87.691164072572917, "wind_speed_ms": 11.210889010256842, "forecast_datetime": "2026-10-13T04:00:00", "source": "BMKG ADM4 forecast points + IDW", "boundary": "SERPRO Project Area", "interpretation": "Forecast surface clipped to project boundary; not direct station observation" }, "geometry": { "type": "Point", "coordinates": [ 112.778178579238215, -3.077835036984173 ] } },
{ "type": "Feature", "properties": { "precipitation_mm": 0.0, "temperature_c": 26.108069393641198, "humidity_pct": 84.632128034760981, "cloud_cover_pct": 87.69956398763172, "wind_speed_ms": 11.072079391638626, "forecast_datetime": "2026-10-13T04:00:00", "source": "BMKG ADM4 forecast points + IDW", "boundary": "SERPRO Project Area", "interpretation": "Forecast surface clipped to project boundary; not direct station observation" }, "geometry": { "type": "Point", "coordinates": [ 112.778163607162, -3.068792370190438 ] } },
{ "type": "Feature", "properties": { "precipitation_mm": 0.0, "temperature_c": 26.078182683558051, "humidity_pct": 84.790856110080583, "cloud_cover_pct": 87.705997025581482, "wind_speed_ms": 10.94324419966804, "forecast_datetime": "2026-10-13T04:00:00", "source": "BMKG ADM4 forecast points + IDW", "boundary": "SERPRO Project Area", "interpretation": "Forecast surface clipped to project boundary; not direct station observation" }, "geometry": { "type": "Point", "coordinates": [ 112.77814867934724, -3.059749701791719 ] } },
{ "type": "Feature", "properties": { "precipitation_mm": 0.0, "temperature_c": 26.147911497799587, "humidity_pct": 84.423777961123236, "cloud_cover_pct": 87.68606294556055, "wind_speed_ms": 11.247799449634345, "forecast_datetime": "2026-10-13T04:00:00", "source": "BMKG ADM4 forecast points + IDW", "boundary": "SERPRO Project Area", "interpretation": "Forecast surface clipped to project boundary; not direct station observation" }, "geometry": { "type": "Point", "coordinates": [ 112.787173836913965, -3.077819925712515 ] } },
{ "type": "Feature", "properties": { "precipitation_mm": 0.0, "temperature_c": 26.117204411271441, "humidity_pct": 84.586602420879515, "cloud_cover_pct": 87.694783488412867, "wind_speed_ms": 11.11287970236514, "forecast_datetime": "2026-10-13T04:00:00", "source": "BMKG ADM4 forecast points + IDW", "boundary": "SERPRO Project Area", "interpretation": "Forecast surface clipped to project boundary; not direct station observation" }, "geometry": { "type": "Point", "coordinates": [ 112.787158789196653, -3.068777303397372 ] } }
]
}
