{
"type": "FeatureCollection",
"name": "forecast_surface_latest",
"crs": { "type": "name", "properties": { "name": "urn:ogc:def:crs:OGC:1.3:CRS84" } },
"features": [
{ "type": "Feature", "properties": { "precipitation_mm": 0.0, "temperature_c": 24.419764440325334, "humidity_pct": 92.657363281076897, "cloud_cover_pct": 87.348734652550206, "wind_speed_ms": 7.5786752673439306, "forecast_datetime": "2026-10-03T23:00:00", "source": "BMKG ADM4 forecast points + IDW", "boundary": "SERPRO Carbon Project Zone", "interpretation": "Forecast surface clipped to project boundary; not direct station observation" }, "geometry": { "type": "Point", "coordinates": [ 112.284461764970601, -3.176573290485695 ] } },
{ "type": "Feature", "properties": { "precipitation_mm": 0.0, "temperature_c": 24.398988302358898, "humidity_pct": 92.723500943220998, "cloud_cover_pct": 87.337119272569623, "wind_speed_ms": 7.5698855847340294, "forecast_datetime": "2026-10-03T23:00:00", "source": "BMKG ADM4 forecast points + IDW", "boundary": "SERPRO Carbon Project Zone", "interpretation": "Forecast surface clipped to project boundary; not direct station observation" }, "geometry": { "type": "Point", "coordinates": [ 112.284450600949299, -3.167528543461028 ] } },
{ "type": "Feature", "properties": { "precipitation_mm": 0.0, "temperature_c": 24.458753238106333, "humidity_pct": 92.539780877898536, "cloud_cover_pct": 87.370863196696803, "wind_speed_ms": 7.5864984220838014, "forecast_datetime": "2026-10-03T23:00:00", "source": "BMKG ADM4 forecast points + IDW", "boundary": "SERPRO Carbon Project Zone", "interpretation": "Forecast surface clipped to project boundary; not direct station observation" }, "geometry": { "type": "Point", "coordinates": [ 112.293482537579791, -3.194651438127659 ] } },
{ "type": "Feature", "properties": { "precipitation_mm": 0.0, "temperature_c": 24.436707655166106, "humidity_pct": 92.610490047565591, "cloud_cover_pct": 87.359227661783478, "wind_speed_ms": 7.5765015608247248, "forecast_datetime": "2026-10-03T23:00:00", "source": "BMKG ADM4 forecast points + IDW", "boundary": "SERPRO Carbon Project Zone", "interpretation": "Forecast surface clipped to project boundary; not direct station observation" }, "geometry": { "type": "Point", "coordinates": [ 112.293471230963135, -3.185606726533216 ] } },
{ "type": "Feature", "properties": { "precipitation_mm": 0.0, "temperature_c": 24.414291856843874, "humidity_pct": 92.681861442666403, "cloud_cover_pct": 87.346836548694057, "wind_speed_ms": 7.5670186635322612, "forecast_datetime": "2026-10-03T23:00:00", "source": "BMKG ADM4 forecast points + IDW", "boundary": "SERPRO Carbon Project Zone", "interpretation": "Forecast surface clipped to project boundary; not direct station observation" }, "geometry": { "type": "Point", "coordinates": [ 112.29345995656702, -3.176562013307762 ] } },
{ "type": "Feature", "properties": { "precipitation_mm": 0.0, "temperature_c": 24.391744376133147, "humidity_pct": 92.753218193091669, "cloud_cover_pct": 87.333844046893162, "wind_speed_ms": 7.5580466806278563, "forecast_datetime": "2026-10-03T23:00:00", "source": "BMKG ADM4 forecast points + IDW", "boundary": "SERPRO Carbon Project Zone", "interpretation": "Forecast surface clipped to project boundary; not direct station observation" }, "geometry": { "type": "Point", "coordinates": [ 112.293448714390038, -3.167517298455907 ] } },
{ "type": "Feature", "properties": { "precipitation_mm": 0.0, "temperature_c": 24.502339462770198, "humidity_pct": 92.40699749023554, "cloud_cover_pct": 87.394302657726939, "wind_speed_ms": 7.5969357790500656, "forecast_datetime": "2026-10-03T23:00:00", "source": "BMKG ADM4 forecast points + IDW", "boundary": "SERPRO Carbon Project Zone", "interpretation": "Forecast surface clipped to project boundary; not direct station observation" }, "geometry": { "type": "Point", "coordinates": [ 112.302503721714587, -3.212729370960798 ] } },
{ "type": "Feature", "properties": { "precipitation_mm": 0.0, "temperature_c": 24.480280101159515, "humidity_pct": 92.478725391541516, "cloud_cover_pct": 87.383678960258678, "wind_speed_ms": 7.5857074437123249, "forecast_datetime": "2026-10-03T23:00:00", "source": "BMKG ADM4 forecast points + IDW", "boundary": "SERPRO Carbon Project Zone", "interpretation": "Forecast surface clipped to project boundary; not direct station observation" }, "geometry": { "type": "Point", "coordinates": [ 112.302492271602432, -3.20368469504164 ] } },
{ "type": "Feature", "properties": { "precipitation_mm": 0.0, "temperature_c": 24.457326575646373, "humidity_pct": 92.552560027968013, "cloud_cover_pct": 87.371937188422208, "wind_speed_ms": 7.5750515861061922, "forecast_datetime": "2026-10-03T23:00:00", "source": "BMKG ADM4 forecast points + IDW", "boundary": "SERPRO Carbon Project Zone", "interpretation": "Forecast surface clipped to project boundary; not direct station observation" }, "geometry": { "type": "Point", "coordinates": [ 112.302480853937595, -3.194640017481701 ] } },
{ "type": "Feature", "properties": { "precipitation_mm": 0.0, "temperature_c": 24.433633873820817, "humidity_pct": 92.628084376470639, "cloud_cover_pct": 87.35914085504254, "wind_speed_ms": 7.5649376276009841, "forecast_datetime": "2026-10-03T23:00:00", "source": "BMKG ADM4 forecast points + IDW", "boundary": "SERPRO Carbon Project Zone", "interpretation": "Forecast surface clipped to project boundary; not direct station observation" }, "geometry": { "type": "Point", "coordinates": [ 112.302469468718698, -3.185595338285595 ] } },
{ "type": "Feature", "properties": { "precipitation_mm": 0.0, "temperature_c": 24.409409901931692, "humidity_pct": 92.704728491992498, "cloud_cover_pct": 87.345400169836509, "wind_speed_ms": 7.5553387340244837, "forecast_datetime": "2026-10-03T23:00:00", "source": "BMKG ADM4 forecast points + IDW", "boundary": "SERPRO Carbon Project Zone", "interpretation": "Forecast surface clipped to project boundary; not direct station observation" }, "geometry": { "type": "Point", "coordinates": [ 112.302458115944319, -3.176550657457935 ] } },
{ "type": "Feature", "properties": { "precipitation_mm": 0.0, "temperature_c": 24.384918183793637, "humidity_pct": 92.7817564868689, "cloud_cover_pct": 87.330878883902386, "wind_speed_ms": 7.5462378565133497, "forecast_datetime": "2026-10-03T23:00:00", "source": "BMKG ADM4 forecast points + IDW", "boundary": "SERPRO Carbon Project Zone", "interpretation": "Forecast surface clipped to project boundary; not direct station observation" }, "geometry": { "type": "Point", "coordinates": [ 112.302446795613051, -3.167505975003338 ] } },
{ "type": "Feature", "properties": { "precipitation_mm": 0.0, "temperature_c": 24.527010151461415, "humidity_pct": 92.335878883142584, "cloud_cover_pct": 87.408105918124861, "wind_speed_ms": 7.5974811993124174, "forecast_datetime": "2026-10-03T23:00:00", "source": "BMKG ADM4 forecast points + IDW", "boundary": "SERPRO Carbon Project Zone", "interpretation": "Forecast surface clipped to project boundary; not direct station observation" }, "geometry": { "type": "Point", "coordinates": [ 112.311513725333967, -3.22176244759759 ] } },
{ "type": "Feature", "properties": { "precipitation_mm": 0.0, "temperature_c": 24.504828835333509, "humidity_pct": 92.408583564026287, "cloud_cover_pct": 87.398019068140556, "wind_speed_ms": 7.5854910103028645, "forecast_datetime": "2026-10-03T23:00:00", "source": "BMKG ADM4 forecast points + IDW", "boundary": "SERPRO Carbon Project Zone", "interpretation": "Forecast surface clipped to project boundary; not direct station observation" }, "geometry": { "type": "Point", "coordinates": [ 112.311502163500194, -3.212717805948253 ] } },
{ "type": "Feature", "properties": { "precipitation_mm": 0.0, "temperature_c": 24.48144258096502, "humidity_pct": 92.48420984758333, "cloud_cover_pct": 87.38659608133834, "wind_speed_ms": 7.5741587184330115, "forecast_datetime": "2026-10-03T23:00:00", "source": "BMKG ADM4 forecast points + IDW", "boundary": "SERPRO Carbon Project Zone", "interpretation": "Forecast surface clipped to project boundary; not direct station observation" }, "geometry": { "type": "Point", "coordinates": [ 112.311490634339165, -3.203673162652971 ] } },
{ "type": "Feature", "properties": { "precipitation_mm": 0.0, "temperature_c": 24.456950951382911, "humidity_pct": 92.562508841774786, "cloud_cover_pct": 87.373844182858022, "wind_speed_ms": 7.5634400641313713, "forecast_datetime": "2026-10-03T23:00:00", "source": "BMKG ADM4 forecast points + IDW", "boundary": "SERPRO Carbon Project Zone", "interpretation": "Forecast surface clipped to project boundary; not direct station observation" }, "geometry": { "type": "Point", "coordinates": [ 112.311479137849503, -3.194628517716362 ] } },
{ "type": "Feature", "properties": { "precipitation_mm": 0.0, "temperature_c": 24.431509673329405, "humidity_pct": 92.643076983163326, "cloud_cover_pct": 87.359814652646136, "wind_speed_ms": 7.5532861938900595, "forecast_datetime": "2026-10-03T23:00:00", "source": "BMKG ADM4 forecast points + IDW", "boundary": "SERPRO Carbon Project Zone", "interpretation": "Forecast surface clipped to project boundary; not direct station observation" }, "geometry": { "type": "Point", "coordinates": [ 112.311467674029743, -3.185583871143039 ] } },
{ "type": "Feature", "properties": { "precipitation_mm": 0.0, "temperature_c": 24.405338119391285, "humidity_pct": 92.72532880542019, "cloud_cover_pct": 87.344612935974766, "wind_speed_ms": 7.5436504841226277, "forecast_datetime": "2026-10-03T23:00:00", "source": "BMKG ADM4 forecast points + IDW", "boundary": "SERPRO Carbon Project Zone", "interpretation": "Forecast surface clipped to project boundary; not direct station observation" }, "geometry": { "type": "Point", "coordinates": [ 112.311456242878492, -3.176539222937619 ] } },
{ "type": "Feature", "properties": { "precipitation_mm": 0.0, "temperature_c": 24.378724408696311, "humidity_pct": 92.808475401374892, "cloud_cover_pct": 87.328408521803553, "wind_speed_ms": 7.5344964498496081, "forecast_datetime": "2026-10-03T23:00:00", "source": "BMKG ADM4 forecast points + IDW", "boundary": "SERPRO Carbon Project Zone", "interpretation": "Forecast surface clipped to project boundary; not direct station observation" }, "geometry": { "type": "Point", "coordinates": [ 112.311444844394344, -3.167494573104717 ] } },
{ "type": "Feature", "properties": { "precipitation_mm": 0.0, "temperature_c": 24.53196302558327, "humidity_pct": 92.3306525386147, "cloud_cover_pct": 87.413438581237571, "wind_speed_ms": 7.5857674223191935, "forecast_datetime": "2026-10-03T23:00:00", "source": "BMKG ADM4 forecast points + IDW", "boundary": "SERPRO Carbon Project Zone", "interpretation": "Forecast surface clipped to project boundary; not direct station observation" }, "geometry": { "type": "Point", "coordinates": [ 112.320512213718246, -3.221750770169303 ] } },
{ "type": "Feature", "properties": { "precipitation_mm": 0.0, "temperature_c": 24.508674120955074, "humidity_pct": 92.406639903997458, "cloud_cover_pct": 87.402781229560475, "wind_speed_ms": 7.5736710495914048, "forecast_datetime": "2026-10-03T23:00:00", "source": "BMKG ADM4 forecast points + IDW", "boundary": "SERPRO Carbon Project Zone", "interpretation": "Forecast surface clipped to project boundary; not direct station observation" }, "geometry": { "type": "Point", "coordinates": [ 112.320500572613028, -3.212706161368846 ] } },
{ "type": "Feature", "properties": { "precipitation_mm": 0.0, "temperature_c": 24.483948452089212, "humidity_pct": 92.48614405702088, "cloud_cover_pct": 87.390570524866376, "wind_speed_ms": 7.5623081105652652, "forecast_datetime": "2026-10-03T23:00:00", "source": "BMKG ADM4 forecast points + IDW", "boundary": "SERPRO Carbon Project Zone", "interpretation": "Forecast surface clipped to project boundary; not direct station observation" }, "geometry": { "type": "Point", "coordinates": [ 112.320488964404561, -3.203661550921892 ] } },
{ "type": "Feature", "properties": { "precipitation_mm": 0.0, "temperature_c": 24.457872081775697, "humidity_pct": 92.568970023275583, "cloud_cover_pct": 87.376790063688034, "wind_speed_ms": 7.5516158569784757, "forecast_datetime": "2026-10-03T23:00:00", "source": "BMKG ADM4 forecast points + IDW", "boundary": "SERPRO Carbon Project Zone", "interpretation": "Forecast surface clipped to project boundary; not direct station observation" }, "geometry": { "type": "Point", "coordinates": [ 112.320477389091465, -3.194616938833059 ] } },
{ "type": "Feature", "properties": { "precipitation_mm": 0.0, "temperature_c": 24.430596036320821, "humidity_pct": 92.654747308318179, "cloud_cover_pct": 87.361471962388549, "wind_speed_ms": 7.5415225223149145, "forecast_datetime": "2026-10-03T23:00:00", "source": "BMKG ADM4 forecast points + IDW", "boundary": "SERPRO Carbon Project Zone", "interpretation": "Forecast surface clipped to project boundary; not direct station observation" }, "geometry": { "type": "Point", "coordinates": [ 112.320465846672278, -3.185572325106961 ] } },
{ "type": "Feature", "properties": { "precipitation_mm": 0.0, "temperature_c": 24.402347038770785, "humidity_pct": 92.742892010224836, "cloud_cover_pct": 87.344710042429924, "wind_speed_ms": 7.5319557286710559, "forecast_datetime": "2026-10-03T23:00:00", "source": "BMKG ADM4 forecast points + IDW", "boundary": "SERPRO Carbon Project Zone", "interpretation": "Forecast surface clipped to project boundary; not direct station observation" }, "geometry": { "type": "Point", "coordinates": [ 112.320454337145577, -3.17652770974822 ] } },
{ "type": "Feature", "properties": { "precipitation_mm": 0.0, "temperature_c": 24.373435902376805, "humidity_pct": 92.832573855863942, "cloud_cover_pct": 87.326673544653033, "wind_speed_ms": 7.5228526636053141, "forecast_datetime": "2026-10-03T23:00:00", "source": "BMKG ADM4 forecast points + IDW", "boundary": "SERPRO Carbon Project Zone", "interpretation": "Forecast surface clipped to project boundary; not direct station observation" }, "geometry": { "type": "Point", "coordinates": [ 112.320442860509942, -3.167483092761449 ] } },
{ "type": "Feature", "properties": { "precipitation_mm": 0.0, "temperature_c": 24.538450809391051, "humidity_pct": 92.321531132492382, "cloud_cover_pct": 87.419937506084636, "wind_speed_ms": 7.5735019198851221, "forecast_datetime": "2026-10-03T23:00:00", "source": "BMKG ADM4 forecast points + IDW", "boundary": "SERPRO Carbon Project Zone", "interpretation": "Forecast surface clipped to project boundary; not direct station observation" }, "geometry": { "type": "Point", "coordinates": [ 112.329510669204311, -3.221739012951142 ] } },
{ "type": "Feature", "properties": { "precipitation_mm": 0.0, "temperature_c": 24.514099846972719, "humidity_pct": 92.400626115462487, "cloud_cover_pct": 87.408772050811422, "wind_speed_ms": 7.5613612800083443, "forecast_datetime": "2026-10-03T23:00:00", "source": "BMKG ADM4 forecast points + IDW", "boundary": "SERPRO Carbon Project Zone", "interpretation": "Forecast surface clipped to project boundary; not direct station observation" }, "geometry": { "type": "Point", "coordinates": [ 112.329498948829055, -3.212694437224015 ] } },
{ "type": "Feature", "properties": { "precipitation_mm": 0.0, "temperature_c": 24.488052126446533, "humidity_pct": 92.483890595887431, "cloud_cover_pct": 87.395813513799411, "wind_speed_ms": 7.5500552388152, "forecast_datetime": "2026-10-03T23:00:00", "source": "BMKG ADM4 forecast points + IDW", "boundary": "SERPRO Carbon Project Zone", "interpretation": "Forecast surface clipped to project boundary; not direct station observation" }, "geometry": { "type": "Point", "coordinates": [ 112.329487261574627, -3.203649859849835 ] } },
{ "type": "Feature", "properties": { "precipitation_mm": 0.0, "temperature_c": 24.460372760113863, "humidity_pct": 92.571207460624564, "cloud_cover_pct": 87.38101437977177, "wind_speed_ms": 7.5394994245109945, "forecast_datetime": "2026-10-03T23:00:00", "source": "BMKG ADM4 forecast points + IDW", "boundary": "SERPRO Carbon Project Zone", "interpretation": "Forecast surface clipped to project boundary; not direct station observation" }, "geometry": { "type": "Point", "coordinates": [ 112.32947560743952, -3.19460528083322 ] } },
{ "type": "Feature", "properties": { "precipitation_mm": 0.0, "temperature_c": 24.431200942080068, "humidity_pct": 92.662264231509212, "cloud_cover_pct": 87.364379228673798, "wind_speed_ms": 7.5295939897578936, "forecast_datetime": "2026-10-03T23:00:00", "source": "BMKG ADM4 forecast points + IDW", "boundary": "SERPRO Carbon Project Zone", "interpretation": "Forecast surface clipped to project boundary; not direct station observation" }, "geometry": { "type": "Point", "coordinates": [ 112.329463986422311, -3.185560700178788 ] } },
{ "type": "Feature", "properties": { "precipitation_mm": 0.0, "temperature_c": 24.400764739099255, "humidity_pct": 92.756502090597564, "cloud_cover_pct": 87.345981392887083, "wind_speed_ms": 7.520233750884235, "forecast_datetime": "2026-10-03T23:00:00", "source": "BMKG ADM4 forecast points + IDW", "boundary": "SERPRO Carbon Project Zone", "interpretation": "Forecast surface clipped to project boundary; not direct station observation" }, "geometry": { "type": "Point", "coordinates": [ 112.329452398521596, -3.176516117891159 ] } },
{ "type": "Feature", "properties": { "precipitation_mm": 0.0, "temperature_c": 24.369393812902029, "humidity_pct": 92.853068153374409, "cloud_cover_pct": 87.325981299668214, "wind_speed_ms": 7.5113210458516075, "forecast_datetime": "2026-10-03T23:00:00", "source": "BMKG ADM4 forecast points + IDW", "boundary": "SERPRO Carbon Project Zone", "interpretation": "Forecast surface clipped to project boundary; not direct station observation" }, "geometry": { "type": "Point", "coordinates": [ 112.32944084373591, -3.167471533974951 ] } },
{ "type": "Feature", "properties": { "precipitation_mm": 0.0, "temperature_c": 24.337527734324013, "humidity_pct": 92.950778439685479, "cloud_cover_pct": 87.304645018896863, "wind_speed_ms": 7.5027804004050003, "forecast_datetime": "2026-10-03T23:00:00", "source": "BMKG ADM4 forecast points + IDW", "boundary": "SERPRO Carbon Project Zone", "interpretation": "Forecast surface clipped to project boundary; not direct station observation" }, "geometry": { "type": "Point", "coordinates": [ 112.329429322063831, -3.158426948434784 ] } },
{ "type": "Feature", "properties": { "precipitation_mm": 0.0, "temperature_c": 24.546677051218843, "humidity_pct": 92.308075823732182, "cloud_cover_pct": 87.427767967014049, "wind_speed_ms": 7.5605213303407739, "forecast_datetime": "2026-10-03T23:00:00", "source": "BMKG ADM4 forecast points + IDW", "boundary": "SERPRO Carbon Project Zone", "interpretation": "Forecast surface clipped to project boundary; not direct station observation" }, "geometry": { "type": "Point", "coordinates": [ 112.338509091568127, -3.221727175944556 ] } },
{ "type": "Feature", "properties": { "precipitation_mm": 0.0, "temperature_c": 24.521346846586148, "humidity_pct": 92.389993483845331, "cloud_cover_pct": 87.416190164167503, "wind_speed_ms": 7.5484032977411486, "forecast_datetime": "2026-10-03T23:00:00", "source": "BMKG ADM4 forecast points + IDW", "boundary": "SERPRO Carbon Project Zone", "interpretation": "Forecast surface clipped to project boundary; not direct station observation" }, "geometry": { "type": "Point", "coordinates": [ 112.338497291924327, -3.212682633515206 ] } },
{ "type": "Feature", "properties": { "precipitation_mm": 0.0, "temperature_c": 24.494033240044889, "humidity_pct": 92.476779005903595, "cloud_cover_pct": 87.402559679397726, "wind_speed_ms": 7.5372549315283797, "forecast_datetime": "2026-10-03T23:00:00", "source": "BMKG ADM4 forecast points + IDW", "boundary": "SERPRO Carbon Project Zone", "interpretation": "Forecast surface clipped to project boundary; not direct station observation" }, "geometry": { "type": "Point", "coordinates": [ 112.33848552562533, -3.203638089438241 ] } },
{ "type": "Feature", "properties": { "precipitation_mm": 0.0, "temperature_c": 24.464771597270882, "humidity_pct": 92.568420685164, "cloud_cover_pct": 87.386789796546879, "wind_speed_ms": 7.5269673702654742, "forecast_datetime": "2026-10-03T23:00:00", "source": "BMKG ADM4 forecast points + IDW", "boundary": "SERPRO Carbon Project Zone", "interpretation": "Forecast surface clipped to project boundary; not direct station observation" }, "geometry": { "type": "Point", "coordinates": [ 112.338473792669674, -3.194593543718284 ] } },
{ "type": "Feature", "properties": { "precipitation_mm": 0.0, "temperature_c": 24.433680450367277, "humidity_pct": 92.664694208590589, "cloud_cover_pct": 87.368848058140955, "wind_speed_ms": 7.5174071723468057, "forecast_datetime": "2026-10-03T23:00:00", "source": "BMKG ADM4 forecast points + IDW", "boundary": "SERPRO Carbon Project Zone", "interpretation": "Forecast surface clipped to project boundary; not direct station observation" }, "geometry": { "type": "Point", "coordinates": [ 112.338462093055895, -3.18554899635995 ] } },
{ "type": "Feature", "properties": { "precipitation_mm": 0.0, "temperature_c": 24.400981179568664, "humidity_pct": 92.765096152214269, "cloud_cover_pct": 87.348776586722678, "wind_speed_ms": 7.5084282656417951, "forecast_datetime": "2026-10-03T23:00:00", "source": "BMKG ADM4 forecast points + IDW", "boundary": "SERPRO Carbon Project Zone", "interpretation": "Forecast surface clipped to project boundary; not direct station observation" }, "geometry": { "type": "Point", "coordinates": [ 112.338450426782572, -3.176504447367866 ] } },
{ "type": "Feature", "properties": { "precipitation_mm": 0.0, "temperature_c": 24.367016184967614, "humidity_pct": 92.868777922127435, "cloud_cover_pct": 87.326715688262396, "wind_speed_ms": 7.4998878866937346, "forecast_datetime": "2026-10-03T23:00:00", "source": "BMKG ADM4 forecast points + IDW", "boundary": "SERPRO Carbon Project Zone", "interpretation": "Forecast surface clipped to project boundary; not direct station observation" }, "geometry": { "type": "Point", "coordinates": [ 112.338438793848255, -3.167459896746648 ] } },
{ "type": "Feature", "properties": { "precipitation_mm": 0.0, "temperature_c": 24.332262749525317, "humidity_pct": 92.974488922953142, "cloud_cover_pct": 87.302929441822556, "wind_speed_ms": 7.4916655528165306, "forecast_datetime": "2026-10-03T23:00:00", "source": "BMKG ADM4 forecast points + IDW", "boundary": "SERPRO Carbon Project Zone", "interpretation": "Forecast surface clipped to project boundary; not direct station observation" }, "geometry": { "type": "Point", "coordinates": [ 112.338427194251494, -3.158415344500918 ] } },
{ "type": "Feature", "properties": { "precipitation_mm": 0.0, "temperature_c": 24.556847503830003, "humidity_pct": 92.289886283824245, "cloud_cover_pct": 87.437100596902056, "wind_speed_ms": 7.5466115617616722, "forecast_datetime": "2026-10-03T23:00:00", "source": "BMKG ADM4 forecast points + IDW", "boundary": "SERPRO Carbon Project Zone", "interpretation": "Forecast surface clipped to project boundary; not direct station observation" }, "geometry": { "type": "Point", "coordinates": [ 112.347507480585691, -3.221715259151004 ] } },
{ "type": "Feature", "properties": { "precipitation_mm": 0.0, "temperature_c": 24.530665537651348, "humidity_pct": 92.374214878526772, "cloud_cover_pct": 87.425245350546859, "wind_speed_ms": 7.5345832500518508, "forecast_datetime": "2026-10-03T23:00:00", "source": "BMKG ADM4 forecast points + IDW", "boundary": "SERPRO Carbon Project Zone", "interpretation": "Forecast surface clipped to project boundary; not direct station observation" }, "geometry": { "type": "Point", "coordinates": [ 112.347495601674808, -3.212670750243873 ] } },
{ "type": "Feature", "properties": { "precipitation_mm": 0.0, "temperature_c": 24.502190415188632, "humidity_pct": 92.464135948346467, "cloud_cover_pct": 87.411062541829864, "wind_speed_ms": 7.5237036583563688, "forecast_datetime": "2026-10-03T23:00:00", "source": "BMKG ADM4 forecast points + IDW", "boundary": "SERPRO Carbon Project Zone", "interpretation": "Forecast surface clipped to project boundary; not direct station observation" }, "geometry": { "type": "Point", "coordinates": [ 112.347483756332707, -3.203626239688562 ] } },
{ "type": "Feature", "properties": { "precipitation_mm": 0.0, "temperature_c": 24.471417871879257, "humidity_pct": 92.559773254954052, "cloud_cover_pct": 87.394418211619367, "wind_speed_ms": 7.5138372213001849, "forecast_datetime": "2026-10-03T23:00:00", "source": "BMKG ADM4 forecast points + IDW", "boundary": "SERPRO Carbon Project Zone", "interpretation": "Forecast surface clipped to project boundary; not direct station observation" }, "geometry": { "type": "Point", "coordinates": [ 112.347471944557938, -3.194581727489696 ] } },
{ "type": "Feature", "properties": { "precipitation_mm": 0.0, "temperature_c": 24.438435488975252, "humidity_pct": 92.661025073729036, "cloud_cover_pct": 87.375232955898142, "wind_speed_ms": 7.5048113232533824, "forecast_datetime": "2026-10-03T23:00:00", "source": "BMKG ADM4 forecast points + IDW", "boundary": "SERPRO Carbon Project Zone", "interpretation": "Forecast surface clipped to project boundary; not direct station observation" }, "geometry": { "type": "Point", "coordinates": [ 112.347460166349038, -3.185537213651893 ] } },
{ "type": "Feature", "properties": { "precipitation_mm": 0.0, "temperature_c": 24.403448069487933, "humidity_pct": 92.76747989842687, "cloud_cover_pct": 87.353505766722307, "wind_speed_ms": 7.4964300427343717, "forecast_datetime": "2026-10-03T23:00:00", "source": "BMKG ADM4 forecast points + IDW", "boundary": "SERPRO Carbon Project Zone", "interpretation": "Forecast surface clipped to project boundary; not direct station observation" }, "geometry": { "type": "Point", "coordinates": [ 112.347448421704556, -3.176492698179779 ] } },
{ "type": "Feature", "properties": { "precipitation_mm": 0.0, "temperature_c": 24.366802365000215, "humidity_pct": 92.878328550871018, "cloud_cover_pct": 87.329343156890431, "wind_speed_ms": 7.4884935424171974, "forecast_datetime": "2026-10-03T23:00:00", "source": "BMKG ADM4 forecast points + IDW", "boundary": "SERPRO Carbon Project Zone", "interpretation": "Forecast surface clipped to project boundary; not direct station observation" }, "geometry": { "type": "Point", "coordinates": [ 112.347436710623029, -3.167448181077974 ] } },
{ "type": "Feature", "properties": { "precipitation_mm": 0.0, "temperature_c": 24.329007945424294, "humidity_pct": 92.99228261664652, "cloud_cover_pct": 87.302992811941465, "wind_speed_ms": 7.4808221527927516, "forecast_datetime": "2026-10-03T23:00:00", "source": "BMKG ADM4 forecast points + IDW", "boundary": "SERPRO Carbon Project Zone", "interpretation": "Forecast surface clipped to project boundary; not direct station observation" }, "geometry": { "type": "Point", "coordinates": [ 112.347425033103036, -3.158403662351102 ] } },
{ "type": "Feature", "properties": { "precipitation_mm": 0.0, "temperature_c": 24.290749737673945, "humidity_pct": 93.107513708468673, "cloud_cover_pct": 87.274879093332657, "wind_speed_ms": 7.4732831543664311, "forecast_datetime": "2026-10-03T23:00:00", "source": "BMKG ADM4 forecast points + IDW", "boundary": "SERPRO Carbon Project Zone", "interpretation": "Forecast surface clipped to project boundary; not direct station observation" }, "geometry": { "type": "Point", "coordinates": [ 112.347413389143128, -3.149359142003783 ] } },
{ "type": "Feature", "properties": { "precipitation_mm": 0.0, "temperature_c": 24.569160623230601, "humidity_pct": 92.266637623333224, "cloud_cover_pct": 87.448105396498534, "wind_speed_ms": 7.5314975438695093, "forecast_datetime": "2026-10-03T23:00:00", "source": "BMKG ADM4 forecast points + IDW", "boundary": "SERPRO Carbon Project Zone", "interpretation": "Forecast surface clipped to project boundary; not direct station observation" }, "geometry": { "type": "Point", "coordinates": [ 112.356505836032994, -3.221703262571958 ] } },
{ "type": "Feature", "properties": { "precipitation_mm": 0.0, "temperature_c": 24.542305749820798, "humidity_pct": 92.35282601966118, "cloud_cover_pct": 87.436151578888797, "wind_speed_ms": 7.5196189066604777, "forecast_datetime": "2026-10-03T23:00:00", "source": "BMKG ADM4 forecast points + IDW", "boundary": "SERPRO Carbon Project Zone", "interpretation": "Forecast surface clipped to project boundary; not direct station observation" }, "geometry": { "type": "Point", "coordinates": [ 112.356493877856465, -3.212658787411482 ] } },
{ "type": "Feature", "properties": { "precipitation_mm": 0.0, "temperature_c": 24.512830689525487, "humidity_pct": 92.445329871791714, "cloud_cover_pct": 87.421586620969634, "wind_speed_ms": 7.509124014924871, "forecast_datetime": "2026-10-03T23:00:00", "source": "BMKG ADM4 forecast points + IDW", "boundary": "SERPRO Carbon Project Zone", "interpretation": "Forecast surface clipped to project boundary; not direct station observation" }, "geometry": { "type": "Point", "coordinates": [ 112.356481953472738, -3.203614310602259 ] } },
{ "type": "Feature", "properties": { "precipitation_mm": 0.0, "temperature_c": 24.480681032953164, "humidity_pct": 92.544439224772702, "cloud_cover_pct": 87.404222290887958, "wind_speed_ms": 7.4998495061292907, "forecast_datetime": "2026-10-03T23:00:00", "source": "BMKG ADM4 forecast points + IDW", "boundary": "SERPRO Carbon Project Zone", "interpretation": "Forecast surface clipped to project boundary; not direct station observation" }, "geometry": { "type": "Point", "coordinates": [ 112.356470062880305, -3.194569832148914 ] } },
{ "type": "Feature", "properties": { "precipitation_mm": 0.0, "temperature_c": 24.445902208710393, "humidity_pct": 92.65021176065936, "cloud_cover_pct": 87.383923151001653, "wind_speed_ms": 7.4915782928909769, "forecast_datetime": "2026-10-03T23:00:00", "source": "BMKG ADM4 forecast points + IDW", "boundary": "SERPRO Carbon Project Zone", "interpretation": "Forecast surface clipped to project boundary; not direct station observation" }, "geometry": { "type": "Point", "coordinates": [ 112.356458206077747, -3.185525352056068 ] } },
{ "type": "Feature", "properties": { "precipitation_mm": 0.0, "temperature_c": 24.408671290354938, "humidity_pct": 92.762368735064484, "cloud_cover_pct": 87.360633325860704, "wind_speed_ms": 7.4840549872615547, "forecast_datetime": "2026-10-03T23:00:00", "source": "BMKG ADM4 forecast points + IDW", "boundary": "SERPRO Carbon Project Zone", "interpretation": "Forecast surface clipped to project boundary; not direct station observation" }, "geometry": { "type": "Point", "coordinates": [ 112.35644638306357, -3.176480870328347 ] } },
{ "type": "Feature", "properties": { "precipitation_mm": 0.0, "temperature_c": 24.369329253050626, "humidity_pct": 92.880182151123535, "cloud_cover_pct": 87.334410788731887, "wind_speed_ms": 7.4770090924909223, "forecast_datetime": "2026-10-03T23:00:00", "source": "BMKG ADM4 forecast points + IDW", "boundary": "SERPRO Carbon Project Zone", "interpretation": "Forecast surface clipped to project boundary; not direct station observation" }, "geometry": { "type": "Point", "coordinates": [ 112.356434593836298, -3.167436386970375 ] } },
{ "type": "Feature", "properties": { "precipitation_mm": 0.0, "temperature_c": 24.328410133989383, "humidity_pct": 93.002363978681245, "cloud_cover_pct": 87.305469406453298, "wind_speed_ms": 7.4701850544073993, "forecast_datetime": "2026-10-03T23:00:00", "source": "BMKG ADM4 forecast points + IDW", "boundary": "SERPRO Carbon Project Zone", "interpretation": "Forecast surface clipped to project boundary; not direct station observation" }, "geometry": { "type": "Point", "coordinates": [ 112.356422838394508, -3.158391901986774 ] } },
{ "type": "Feature", "properties": { "precipitation_mm": 0.0, "temperature_c": 24.286661953444579, "humidity_pct": 93.126973997102866, "cloud_cover_pct": 87.274226876521553, "wind_speed_ms": 7.463376948850291, "forecast_datetime": "2026-10-03T23:00:00", "source": "BMKG ADM4 forecast points + IDW", "boundary": "SERPRO Carbon Project Zone", "interpretation": "Forecast surface clipped to project boundary; not direct station observation" }, "geometry": { "type": "Point", "coordinates": [ 112.356411116736709, -3.14934741538217 ] } },
{ "type": "Feature", "properties": { "precipitation_mm": 0.0, "temperature_c": 24.58379521594529, "humidity_pct": 92.238125880028463, "cloud_cover_pct": 87.460944249390479, "wind_speed_ms": 7.5148330359733269, "forecast_datetime": "2026-10-03T23:00:00", "source": "BMKG ADM4 forecast points + IDW", "boundary": "SERPRO Carbon Project Zone", "interpretation": "Forecast surface clipped to project boundary; not direct station observation" }, "geometry": { "type": "Point", "coordinates": [ 112.365504157686033, -3.221691186208895 ] } },
{ "type": "Feature", "properties": { "precipitation_mm": 0.0, "temperature_c": 24.556502742683492, "humidity_pct": 92.325478657339133, "cloud_cover_pct": 87.449117643542323, "wind_speed_ms": 7.5031461870001825, "forecast_datetime": "2026-10-03T23:00:00", "source": "BMKG ADM4 forecast points + IDW", "boundary": "SERPRO Carbon Project Zone", "interpretation": "Forecast surface clipped to project boundary; not direct station observation" }, "geometry": { "type": "Point", "coordinates": [ 112.365492120245349, -3.212646745019508 ] } },
{ "type": "Feature", "properties": { "precipitation_mm": 0.0, "temperature_c": 24.526253885675207, "humidity_pct": 92.419831800519333, "cloud_cover_pct": 87.434395791581935, "wind_speed_ms": 7.4931480200536811, "forecast_datetime": "2026-10-03T23:00:00", "source": "BMKG ADM4 forecast points + IDW", "boundary": "SERPRO Carbon Project Zone", "interpretation": "Forecast surface clipped to project boundary; not direct station observation" }, "geometry": { "type": "Point", "coordinates": [ 112.365480116821459, -3.203602302180803 ] } },
{ "type": "Feature", "properties": { "precipitation_mm": 0.0, "temperature_c": 24.492933539407922, "humidity_pct": 92.521670991887163, "cloud_cover_pct": 87.416531383518944, "wind_speed_ms": 7.4846479319852497, "forecast_datetime": "2026-10-03T23:00:00", "source": "BMKG ADM4 forecast points + IDW", "boundary": "SERPRO Carbon Project Zone", "interpretation": "Forecast surface clipped to project boundary; not direct station observation" }, "geometry": { "type": "Point", "coordinates": [ 112.365468147412855, -3.194557857697405 ] } },
{ "type": "Feature", "properties": { "precipitation_mm": 0.0, "temperature_c": 24.45653369777467, "humidity_pct": 92.631249811122331, "cloud_cover_pct": 87.39532643410007, "wind_speed_ms": 7.4773796999240671, "forecast_datetime": "2026-10-03T23:00:00", "source": "BMKG ADM4 forecast points + IDW", "boundary": "SERPRO Carbon Project Zone", "interpretation": "Forecast surface clipped to project boundary; not direct station observation" }, "geometry": { "type": "Point", "coordinates": [ 112.365456212018088, -3.185513411573939 ] } },
{ "type": "Feature", "properties": { "precipitation_mm": 0.0, "temperature_c": 24.417192393610637, "humidity_pct": 92.748464112321884, "cloud_cover_pct": 87.370660908946959, "wind_speed_ms": 7.471018391271949, "forecast_datetime": "2026-10-03T23:00:00", "source": "BMKG ADM4 forecast points + IDW", "boundary": "SERPRO Carbon Project Zone", "interpretation": "Forecast surface clipped to project boundary; not direct station observation" }, "geometry": { "type": "Point", "coordinates": [ 112.365444310635652, -3.17646896381503 ] } },
{ "type": "Feature", "properties": { "precipitation_mm": 0.0, "temperature_c": 24.375234253105411, "humidity_pct": 92.872711708831474, "cloud_cover_pct": 87.34253098737328, "wind_speed_ms": 7.4652077600171429, "forecast_datetime": "2026-10-03T23:00:00", "source": "BMKG ADM4 forecast points + IDW", "boundary": "SERPRO Carbon Project Zone", "interpretation": "Forecast surface clipped to project boundary; not direct station observation" }, "geometry": { "type": "Point", "coordinates": [ 112.365432443264098, -3.167424514425304 ] } },
{ "type": "Feature", "properties": { "precipitation_mm": 0.0, "temperature_c": 24.331208798145386, "humidity_pct": 93.002749004515081, "cloud_cover_pct": 87.311098671903395, "wind_speed_ms": 7.4595972605457099, "forecast_datetime": "2026-10-03T23:00:00", "source": "BMKG ADM4 forecast points + IDW", "boundary": "SERPRO Carbon Project Zone", "interpretation": "Forecast surface clipped to project boundary; not direct station observation" }, "geometry": { "type": "Point", "coordinates": [ 112.365420609901946, -3.158380063409385 ] } },
{ "type": "Feature", "properties": { "precipitation_mm": 0.0, "temperature_c": 24.28592084632621, "humidity_pct": 93.136562804281766, "cloud_cover_pct": 87.276752521804909, "wind_speed_ms": 7.4538861586374701, "forecast_datetime": "2026-10-03T23:00:00", "source": "BMKG ADM4 forecast points + IDW", "boundary": "SERPRO Carbon Project Zone", "interpretation": "Forecast surface clipped to project boundary; not direct station observation" }, "geometry": { "type": "Point", "coordinates": [ 112.365408810547748, -3.149335610771902 ] } },
{ "type": "Feature", "properties": { "precipitation_mm": 0.0, "temperature_c": 24.240445028914998, "humidity_pct": 93.271283970325683, "cloud_cover_pct": 87.240175001337377, "wind_speed_ms": 7.4478703278619474, "forecast_datetime": "2026-10-03T23:00:00", "source": "BMKG ADM4 forecast points + IDW", "boundary": "SERPRO Carbon Project Zone", "interpretation": "Forecast surface clipped to project boundary; not direct station observation" }, "geometry": { "type": "Point", "coordinates": [ 112.365397045200041, -3.140291156517479 ] } },
{ "type": "Feature", "properties": { "precipitation_mm": 0.0, "temperature_c": 24.600895440247157, "humidity_pct": 92.20432070661569, "cloud_cover_pct": 87.475762469085552, "wind_speed_ms": 7.4961915320952297, "forecast_datetime": "2026-10-03T23:00:00", "source": "BMKG ADM4 forecast points + IDW", "boundary": "SERPRO Carbon Project Zone", "interpretation": "Forecast surface clipped to project boundary; not direct station observation" }, "geometry": { "type": "Point", "coordinates": [ 112.374502445320815, -3.221679030063305 ] } },
{ "type": "Feature", "properties": { "precipitation_mm": 0.0, "temperature_c": 24.573459500514218, "humidity_pct": 92.292004596129232, "cloud_cover_pct": 87.464335890731832, "wind_speed_ms": 7.4847062911416637, "forecast_datetime": "2026-10-03T23:00:00", "source": "BMKG ADM4 forecast points + IDW", "boundary": "SERPRO Carbon Project Zone", "interpretation": "Forecast surface clipped to project boundary; not direct station observation" }, "geometry": { "type": "Point", "coordinates": [ 112.374490328617455, -3.212634623069437 ] } },
{ "type": "Feature", "properties": { "precipitation_mm": 0.0, "temperature_c": 24.542731740669947, "humidity_pct": 92.387291820223709, "cloud_cover_pct": 87.449738128009599, "wind_speed_ms": 7.4753005594380451, "forecast_datetime": "2026-10-03T23:00:00", "source": "BMKG ADM4 forecast points + IDW", "boundary": "SERPRO Carbon Project Zone", "interpretation": "Forecast surface clipped to project boundary; not direct station observation" }, "geometry": { "type": "Point", "coordinates": [ 112.374478246154879, -3.203590214425675 ] } },
{ "type": "Feature", "properties": { "precipitation_mm": 0.0, "temperature_c": 24.508526331238876, "humidity_pct": 92.490889403012446, "cloud_cover_pct": 87.431661464957699, "wind_speed_ms": 7.4677592653248652, "forecast_datetime": "2026-10-03T23:00:00", "source": "BMKG ADM4 forecast points + IDW", "boundary": "SERPRO Carbon Project Zone", "interpretation": "Forecast surface clipped to project boundary; not direct station observation" }, "geometry": { "type": "Point", "coordinates": [ 112.374466197931568, -3.194545804136646 ] } },
{ "type": "Feature", "properties": { "precipitation_mm": 0.0, "temperature_c": 24.470771411968524, "humidity_pct": 92.603280007254284, "cloud_cover_pct": 87.409843528273129, "wind_speed_ms": 7.4617632785665631, "forecast_datetime": "2026-10-03T23:00:00", "source": "BMKG ADM4 forecast points + IDW", "boundary": "SERPRO Carbon Project Zone", "interpretation": "Forecast surface clipped to project boundary; not direct station observation" }, "geometry": { "type": "Point", "coordinates": [ 112.374454183946071, -3.185501392206977 ] } },
{ "type": "Feature", "properties": { "precipitation_mm": 0.0, "temperature_c": 24.429555987793474, "humidity_pct": 92.724572655398134, "cloud_cover_pct": 87.384096356249458, "wind_speed_ms": 7.4569075729518195, "forecast_datetime": "2026-10-03T23:00:00", "source": "BMKG ADM4 forecast points + IDW", "boundary": "SERPRO Carbon Project Zone", "interpretation": "Forecast surface clipped to project boundary; not direct station observation" }, "geometry": { "type": "Point", "coordinates": [ 112.374442204196853, -3.176456978641294 ] } },
{ "type": "Feature", "properties": { "precipitation_mm": 0.0, "temperature_c": 24.385179397497609, "humidity_pct": 92.854332622412599, "cloud_cover_pct": 87.354346577168627, "wind_speed_ms": 7.4527334358172279, "forecast_datetime": "2026-10-03T23:00:00", "source": "BMKG ADM4 forecast points + IDW", "boundary": "SERPRO Carbon Project Zone", "interpretation": "Forecast surface clipped to project boundary; not direct station observation" }, "geometry": { "type": "Point", "coordinates": [ 112.374430258682466, -3.167412563444225 ] } },
{ "type": "Feature", "properties": { "precipitation_mm": 0.0, "temperature_c": 24.338198991066079, "humidity_pct": 92.991403544493366, "cloud_cover_pct": 87.32069021571445, "wind_speed_ms": 7.4487738086532111, "forecast_datetime": "2026-10-03T23:00:00", "source": "BMKG ADM4 forecast points + IDW", "boundary": "SERPRO Carbon Project Zone", "interpretation": "Forecast surface clipped to project boundary; not direct station observation" }, "geometry": { "type": "Point", "coordinates": [ 112.374418347401445, -3.158368146620398 ] } },
{ "type": "Feature", "properties": { "precipitation_mm": 0.0, "temperature_c": 24.289469929002738, "humidity_pct": 93.133741623730245, "cloud_cover_pct": 87.283464406878352, "wind_speed_ms": 7.4446087029949979, "forecast_datetime": "2026-10-03T23:00:00", "source": "BMKG ADM4 forecast points + IDW", "boundary": "SERPRO Carbon Project Zone", "interpretation": "Forecast surface clipped to project boundary; not direct station observation" }, "geometry": { "type": "Point", "coordinates": [ 112.374406470352298, -3.149323728174438 ] } },
{ "type": "Feature", "properties": { "precipitation_mm": 0.0, "temperature_c": 24.240168642783086, "humidity_pct": 93.278290719830508, "cloud_cover_pct": 87.24333414330772, "wind_speed_ms": 7.439925336860461, "forecast_datetime": "2026-10-03T23:00:00", "source": "BMKG ADM4 forecast points + IDW", "boundary": "SERPRO Carbon Project Zone", "interpretation": "Forecast surface clipped to project boundary; not direct station observation" }, "geometry": { "type": "Point", "coordinates": [ 112.374394627533562, -3.140279308110974 ] } },
{ "type": "Feature", "properties": { "precipitation_mm": 0.0, "temperature_c": 24.191788120988509, "humidity_pct": 93.42093913180932, "cloud_cover_pct": 87.201383441251949, "wind_speed_ms": 7.4345752498467581, "forecast_datetime": "2026-10-03T23:00:00", "source": "BMKG ADM4 forecast points + IDW", "boundary": "SERPRO Carbon Project Zone", "interpretation": "Forecast surface clipped to project boundary; not direct station observation" }, "geometry": { "type": "Point", "coordinates": [ 112.374382818943772, -3.131234886434635 ] } },
{ "type": "Feature", "properties": { "precipitation_mm": 0.0, "temperature_c": 24.620553811018446, "humidity_pct": 92.165422322788203, "cloud_cover_pct": 87.492680355490251, "wind_speed_ms": 7.4750596484032545, "forecast_datetime": "2026-10-03T23:00:00", "source": "BMKG ADM4 forecast points + IDW", "boundary": "SERPRO Carbon Project Zone", "interpretation": "Forecast surface clipped to project boundary; not direct station observation" }, "geometry": { "type": "Point", "coordinates": [ 112.38350069871332, -3.221666794136686 ] } },
{ "type": "Feature", "properties": { "precipitation_mm": 0.0, "temperature_c": 24.593326030744915, "humidity_pct": 92.252487297033483, "cloud_cover_pct": 87.481970227243991, "wind_speed_ms": 7.4637350068760631, "forecast_datetime": "2026-10-03T23:00:00", "source": "BMKG ADM4 forecast points + IDW", "boundary": "SERPRO Carbon Project Zone", "interpretation": "Forecast surface clipped to project boundary; not direct station observation" }, "geometry": { "type": "Point", "coordinates": [ 112.383488502748804, -3.212622421562763 ] } },
{ "type": "Feature", "properties": { "precipitation_mm": 0.0, "temperature_c": 24.562482520326427, "humidity_pct": 92.347627738190226, "cloud_cover_pct": 87.467828490499002, "wind_speed_ms": 7.4549849010733995, "forecast_datetime": "2026-10-03T23:00:00", "source": "BMKG ADM4 forecast points + IDW", "boundary": "SERPRO Carbon Project Zone", "interpretation": "Forecast surface clipped to project boundary; not direct station observation" }, "geometry": { "type": "Point", "coordinates": [ 112.383476341249022, -3.203578047338365 ] } },
{ "type": "Feature", "properties": { "precipitation_mm": 0.0, "temperature_c": 24.527757451075221, "humidity_pct": 92.451792741761864, "cloud_cover_pct": 87.449890096050225, "wind_speed_ms": 7.4485754062249505, "forecast_datetime": "2026-10-03T23:00:00", "source": "BMKG ADM4 forecast points + IDW", "boundary": "SERPRO Carbon Project Zone", "interpretation": "Forecast surface clipped to project boundary; not direct station observation" }, "geometry": { "type": "Point", "coordinates": [ 112.383464214212509, -3.194533671468123 ] } },
{ "type": "Feature", "properties": { "precipitation_mm": 0.0, "temperature_c": 24.489006218785317, "humidity_pct": 92.565721890021095, "cloud_cover_pct": 87.427833139300589, "wind_speed_ms": 7.444131677004723, "forecast_datetime": "2026-10-03T23:00:00", "source": "BMKG ADM4 forecast points + IDW", "boundary": "SERPRO Carbon Project Zone", "interpretation": "Forecast surface clipped to project boundary; not direct station observation" }, "geometry": { "type": "Point", "coordinates": [ 112.383452121637731, -3.185489293956664 ] } },
{ "type": "Feature", "properties": { "precipitation_mm": 0.0, "temperature_c": 24.446261564060318, "humidity_pct": 92.689768954204709, "cloud_cover_pct": 87.40140694638427, "wind_speed_ms": 7.4411571214043501, "forecast_datetime": "2026-10-03T23:00:00", "source": "BMKG ADM4 forecast points + IDW", "boundary": "SERPRO Carbon Project Zone", "interpretation": "Forecast surface clipped to project boundary; not direct station observation" }, "geometry": { "type": "Point", "coordinates": [ 112.383440063523238, -3.176444914808618 ] } },
{ "type": "Feature", "properties": { "precipitation_mm": 0.0, "temperature_c": 24.399792700956972, "humidity_pct": 92.823698904800651, "cloud_cover_pct": 87.370471455224731, "wind_speed_ms": 7.4390714783222505, "forecast_datetime": "2026-10-03T23:00:00", "source": "BMKG ADM4 forecast points + IDW", "boundary": "SERPRO Carbon Project Zone", "interpretation": "Forecast surface clipped to project boundary; not direct station observation" }, "geometry": { "type": "Point", "coordinates": [ 112.383428039867511, -3.167400534028612 ] } },
{ "type": "Feature", "properties": { "precipitation_mm": 0.0, "temperature_c": 24.350162037549733, "humidity_pct": 92.966474449506208, "cloud_cover_pct": 87.335053234660549, "wind_speed_ms": 7.4372666461243702, "forecast_datetime": "2026-10-03T23:00:00", "source": "BMKG ADM4 forecast points + IDW", "boundary": "SERPRO Carbon Project Zone", "interpretation": "Forecast surface clipped to project boundary; not direct station observation" }, "geometry": { "type": "Point", "coordinates": [ 112.383416050669069, -3.158356151621278 ] } },
{ "type": "Feature", "properties": { "precipitation_mm": 0.0, "temperature_c": 24.29827269105035, "humidity_pct": 93.116054880400696, "cloud_cover_pct": 87.295423513026719, "wind_speed_ms": 7.4351761435635408, "forecast_datetime": "2026-10-03T23:00:00", "source": "BMKG ADM4 forecast points + IDW", "boundary": "SERPRO Carbon Project Zone", "interpretation": "Forecast surface clipped to project boundary; not direct station observation" }, "geometry": { "type": "Point", "coordinates": [ 112.383404095926423, -3.14931176759124 ] } },
{ "type": "Feature", "properties": { "precipitation_mm": 0.0, "temperature_c": 24.245398272243445, "humidity_pct": 93.269237546941511, "cloud_cover_pct": 87.252200537835236, "wind_speed_ms": 7.4323512040034272, "forecast_datetime": "2026-10-03T23:00:00", "source": "BMKG ADM4 forecast points + IDW", "boundary": "SERPRO Carbon Project Zone", "interpretation": "Forecast surface clipped to project boundary; not direct station observation" }, "geometry": { "type": "Point", "coordinates": [ 112.383392175638107, -3.140267381943132 ] } },
{ "type": "Feature", "properties": { "precipitation_mm": 0.0, "temperature_c": 24.193183375164317, "humidity_pct": 93.421583470563633, "cloud_cover_pct": 87.206469680604684, "wind_speed_ms": 7.4285339388803857, "forecast_datetime": "2026-10-03T23:00:00", "source": "BMKG ADM4 forecast points + IDW", "boundary": "SERPRO Carbon Project Zone", "interpretation": "Forecast surface clipped to project boundary; not direct station observation" }, "geometry": { "type": "Point", "coordinates": [ 112.383380289802659, -3.131222994681582 ] } },
{ "type": "Feature", "properties": { "precipitation_mm": 0.0, "temperature_c": 24.143598172905886, "humidity_pct": 93.567485699608824, "cloud_cover_pct": 87.159897133664742, "wind_speed_ms": 7.4237156722557023, "forecast_datetime": "2026-10-03T23:00:00", "source": "BMKG ADM4 forecast points + IDW", "boundary": "SERPRO Carbon Project Zone", "interpretation": "Forecast surface clipped to project boundary; not direct station observation" }, "geometry": { "type": "Point", "coordinates": [ 112.383368438418586, -3.122178605811219 ] } },
{ "type": "Feature", "properties": { "precipitation_mm": 0.0, "temperature_c": 24.642793322917804, "humidity_pct": 92.12191816615865, "cloud_cover_pct": 87.511786168224759, "wind_speed_ms": 7.4508346935746452, "forecast_datetime": "2026-10-03T23:00:00", "source": "BMKG ADM4 forecast points + IDW", "boundary": "SERPRO Carbon Project Zone", "interpretation": "Forecast surface clipped to project boundary; not direct station observation" }, "geometry": { "type": "Point", "coordinates": [ 112.392498917639557, -3.221654478430549 ] } },
{ "type": "Feature", "properties": { "precipitation_mm": 0.0, "temperature_c": 24.616177132741672, "humidity_pct": 92.207335355282311, "cloud_cover_pct": 87.502145390741305, "wind_speed_ms": 7.4395561052676316, "forecast_datetime": "2026-10-03T23:00:00", "source": "BMKG ADM4 forecast points + IDW", "boundary": "SERPRO Carbon Project Zone", "interpretation": "Forecast surface clipped to project boundary; not direct station observation" }, "geometry": { "type": "Point", "coordinates": [ 112.392486642415363, -3.212610140500989 ] } },
{ "type": "Feature", "properties": { "precipitation_mm": 0.0, "temperature_c": 24.585643012556591, "humidity_pct": 92.301118624894329, "cloud_cover_pct": 87.488831393199206, "wind_speed_ms": 7.4314726620021458, "forecast_datetime": "2026-10-03T23:00:00", "source": "BMKG ADM4 forecast points + IDW", "boundary": "SERPRO Carbon Project Zone", "interpretation": "Forecast surface clipped to project boundary; not direct station observation" }, "geometry": { "type": "Point", "coordinates": [ 112.392474401879909, -3.203565800920374 ] } },
{ "type": "Feature", "properties": { "precipitation_mm": 0.0, "temperature_c": 24.550836134636519, "humidity_pct": 92.404475385192413, "cloud_cover_pct": 87.471429355908811, "wind_speed_ms": 7.4263408718407007, "forecast_datetime": "2026-10-03T23:00:00", "source": "BMKG ADM4 forecast points + IDW", "boundary": "SERPRO Carbon Project Zone", "interpretation": "Forecast surface clipped to project boundary; not direct station observation" }, "geometry": { "type": "Point", "coordinates": [ 112.392462196031673, -3.194521459693332 ] } },
{ "type": "Feature", "properties": { "precipitation_mm": 0.0, "temperature_c": 24.511531611755068, "humidity_pct": 92.518425176116125, "cloud_cover_pct": 87.449570675504503, "wind_speed_ms": 7.4237282074296074, "forecast_datetime": "2026-10-03T23:00:00", "source": "BMKG ADM4 forecast points + IDW", "boundary": "SERPRO Carbon Project Zone", "interpretation": "Forecast surface clipped to project boundary; not direct station observation" }, "geometry": { "type": "Point", "coordinates": [ 112.392450024869163, -3.185477116824493 ] } },
{ "type": "Feature", "properties": { "precipitation_mm": 0.0, "temperature_c": 24.467702018279539, "humidity_pct": 92.643590398213973, "cloud_cover_pct": 87.422959144471363, "wind_speed_ms": 7.4230330031184897, "forecast_datetime": "2026-10-03T23:00:00", "source": "BMKG ADM4 forecast points + IDW", "boundary": "SERPRO Carbon Project Zone", "interpretation": "Forecast surface clipped to project boundary; not direct station observation" }, "geometry": { "type": "Point", "coordinates": [ 112.392437888390859, -3.176432772318489 ] } },
{ "type": "Feature", "properties": { "precipitation_mm": 0.0, "temperature_c": 24.419587590082905, "humidity_pct": 92.779954714596414, "cloud_cover_pct": 87.391406684295447, "wind_speed_ms": 7.423530196116511, "forecast_datetime": "2026-10-03T23:00:00", "source": "BMKG ADM4 forecast points + IDW", "boundary": "SERPRO Carbon Project Zone", "interpretation": "Forecast surface clipped to project boundary; not direct station observation" }, "geometry": { "type": "Point", "coordinates": [ 112.392425786595254, -3.16738842617995 ] } },
{ "type": "Feature", "properties": { "precipitation_mm": 0.0, "temperature_c": 24.367761518417115, "humidity_pct": 92.926612017154554, "cloud_cover_pct": 87.354885360861559, "wind_speed_ms": 7.424441234131252, "forecast_datetime": "2026-10-03T23:00:00", "source": "BMKG ADM4 forecast points + IDW", "boundary": "SERPRO Carbon Project Zone", "interpretation": "Forecast surface clipped to project boundary; not direct station observation" }, "geometry": { "type": "Point", "coordinates": [ 112.392413719480871, -3.158344078413504 ] } },
{ "type": "Feature", "properties": { "precipitation_mm": 0.0, "temperature_c": 24.313181910258628, "humidity_pct": 93.081535148749211, "cloud_cover_pct": 87.313604161672245, "wind_speed_ms": 7.4250220333560923, "forecast_datetime": "2026-10-03T23:00:00", "source": "BMKG ADM4 forecast points + IDW", "boundary": "SERPRO Carbon Project Zone", "interpretation": "Forecast surface clipped to project boundary; not direct station observation" }, "geometry": { "type": "Point", "coordinates": [ 112.392401687046231, -3.149299729023786 ] } },
{ "type": "Feature", "properties": { "precipitation_mm": 0.0, "temperature_c": 24.257221790211979, "humidity_pct": 93.241397563059039, "cloud_cover_pct": 87.268118093360272, "wind_speed_ms": 7.4246589590643319, "forecast_datetime": "2026-10-03T23:00:00", "source": "BMKG ADM4 forecast points + IDW", "boundary": "SERPRO Carbon Project Zone", "interpretation": "Forecast surface clipped to project boundary; not direct station observation" }, "geometry": { "type": "Point", "coordinates": [ 112.392389689289814, -3.140255378015424 ] } },
{ "type": "Feature", "properties": { "precipitation_mm": 0.0, "temperature_c": 24.201667430971984, "humidity_pct": 93.401486738720635, "cloud_cover_pct": 87.21946987769023, "wind_speed_ms": 7.4229601226948052, "forecast_datetime": "2026-10-03T23:00:00", "source": "BMKG ADM4 forecast points + IDW", "boundary": "SERPRO Carbon Project Zone", "interpretation": "Forecast surface clipped to project boundary; not direct station observation" }, "geometry": { "type": "Point", "coordinates": [ 112.392377726210157, -3.13121102539305 ] } },
{ "type": "Feature", "properties": { "precipitation_mm": 0.0, "temperature_c": 24.148671041248434, "humidity_pct": 93.555762271327808, "cloud_cover_pct": 87.169345745284019, "wind_speed_ms": 7.4198278353468927, "forecast_datetime": "2026-10-03T23:00:00", "source": "BMKG ADM4 forecast points + IDW", "boundary": "SERPRO Carbon Project Zone", "interpretation": "Forecast surface clipped to project boundary; not direct station observation" }, "geometry": { "type": "Point", "coordinates": [ 112.39236579780578, -3.122166671161295 ] } },
{ "type": "Feature", "properties": { "precipitation_mm": 0.0, "temperature_c": 24.100635852522618, "humidity_pct": 93.697136731481564, "cloud_cover_pct": 87.120192961652421, "wind_speed_ms": 7.4154970726507257, "forecast_datetime": "2026-10-03T23:00:00", "source": "BMKG ADM4 forecast points + IDW", "boundary": "SERPRO Carbon Project Zone", "interpretation": "Forecast surface clipped to project boundary; not direct station observation" }, "geometry": { "type": "Point", "coordinates": [ 112.392353904075208, -3.11312231532479 ] } },
{ "type": "Feature", "properties": { "precipitation_mm": 0.0, "temperature_c": 24.060005793482595, "humidity_pct": 93.818077105885024, "cloud_cover_pct": 87.075204149486609, "wind_speed_ms": 7.4105239789586381, "forecast_datetime": "2026-10-03T23:00:00", "source": "BMKG ADM4 forecast points + IDW", "boundary": "SERPRO Carbon Project Zone", "interpretation": "Forecast surface clipped to project boundary; not direct station observation" }, "geometry": { "type": "Point", "coordinates": [ 112.392342045016974, -3.104077957888167 ] } },
{ "type": "Feature", "properties": { "precipitation_mm": 0.0, "temperature_c": 24.028943996086525, "humidity_pct": 93.911590605393798, "cloud_cover_pct": 87.038050844324303, "wind_speed_ms": 7.4057103422239638, "forecast_datetime": "2026-10-03T23:00:00", "source": "BMKG ADM4 forecast points + IDW", "boundary": "SERPRO Carbon Project Zone", "interpretation": "Forecast surface clipped to project boundary; not direct station observation" }, "geometry": { "type": "Point", "coordinates": [ 112.392330220629617, -3.095033598856058 ] } },
{ "type": "Feature", "properties": { "precipitation_mm": 0.0, "temperature_c": 24.002591299963669, "humidity_pct": 93.991907367136946, "cloud_cover_pct": 87.003873039129829, "wind_speed_ms": 7.4006864327474391, "forecast_datetime": "2026-10-03T23:00:00", "source": "BMKG ADM4 forecast points + IDW", "boundary": "SERPRO Carbon Project Zone", "interpretation": "Forecast surface clipped to project boundary; not direct station observation" }, "geometry": { "type": "Point", "coordinates": [ 112.392294955478192, -3.067900512233131 ] } },
{ "type": "Feature", "properties": { "precipitation_mm": 0.0, "temperature_c": 24.013657292087569, "humidity_pct": 93.957044068498504, "cloud_cover_pct": 87.021115104411493, "wind_speed_ms": 7.4039332630653467, "forecast_datetime": "2026-10-03T23:00:00", "source": "BMKG ADM4 forecast points + IDW", "boundary": "SERPRO Carbon Project Zone", "interpretation": "Forecast surface clipped to project boundary; not direct station observation" }, "geometry": { "type": "Point", "coordinates": [ 112.392283269759773, -3.058856146865395 ] } },
{ "type": "Feature", "properties": { "precipitation_mm": 0.0, "temperature_c": 24.031175474484375, "humidity_pct": 93.901266062733086, "cloud_cover_pct": 87.049563180743306, "wind_speed_ms": 7.4097088475815172, "forecast_datetime": "2026-10-03T23:00:00", "source": "BMKG ADM4 forecast points + IDW", "boundary": "SERPRO Carbon Project Zone", "interpretation": "Forecast surface clipped to project boundary; not direct station observation" }, "geometry": { "type": "Point", "coordinates": [ 112.392271618704967, -3.049811779925334 ] } },
{ "type": "Feature", "properties": { "precipitation_mm": 0.0, "temperature_c": 24.052662168948746, "humidity_pct": 93.832102186331682, "cloud_cover_pct": 87.08554378348218, "wind_speed_ms": 7.4176528705953046, "forecast_datetime": "2026-10-03T23:00:00", "source": "BMKG ADM4 forecast points + IDW", "boundary": "SERPRO Carbon Project Zone", "interpretation": "Forecast surface clipped to project boundary; not direct station observation" }, "geometry": { "type": "Point", "coordinates": [ 112.392260002312327, -3.04076741141758 ] } },
{ "type": "Feature", "properties": { "precipitation_mm": 0.0, "temperature_c": 24.667550151259192, "humidity_pct": 92.074633383024988, "cloud_cover_pct": 87.533132157515169, "wind_speed_ms": 7.422828412088073, "forecast_datetime": "2026-10-03T23:00:00", "source": "BMKG ADM4 forecast points + IDW", "boundary": "SERPRO Carbon Project Zone", "interpretation": "Forecast surface clipped to project boundary; not direct station observation" }, "geometry": { "type": "Point", "coordinates": [ 112.401497101875549, -3.221642082946411 ] } },
{ "type": "Feature", "properties": { "precipitation_mm": 0.0, "temperature_c": 24.641990724009904, "humidity_pct": 92.157350148585323, "cloud_cover_pct": 87.524940091225858, "wind_speed_ms": 7.4113809359698983, "forecast_datetime": "2026-10-03T23:00:00", "source": "BMKG ADM4 forecast points + IDW", "boundary": "SERPRO Carbon Project Zone", "interpretation": "Forecast surface clipped to project boundary; not direct station observation" }, "geometry": { "type": "Point", "coordinates": [ 112.401484747393212, -3.212597779885632 ] } },
{ "type": "Feature", "properties": { "precipitation_mm": 0.0, "temperature_c": 24.61224091809213, "humidity_pct": 92.248492508285366, "cloud_cover_pct": 87.512847947973697, "wind_speed_ms": 7.4039007679341653, "forecast_datetime": "2026-10-03T23:00:00", "source": "BMKG ADM4 forecast points + IDW", "boundary": "SERPRO Carbon Project Zone", "interpretation": "Forecast surface clipped to project boundary; not direct station observation" }, "geometry": { "type": "Point", "coordinates": [ 112.401472427823592, -3.20355347517321 ] } },
{ "type": "Feature", "properties": { "precipitation_mm": 0.0, "temperature_c": 24.577846676031506, "humidity_pct": 92.349540889918643, "cloud_cover_pct": 87.496401934645789, "wind_speed_ms": 7.400149150747688, "forecast_datetime": "2026-10-03T23:00:00", "source": "BMKG ADM4 forecast points + IDW", "boundary": "SERPRO Carbon Project Zone", "interpretation": "Forecast surface clipped to project boundary; not direct station observation" }, "geometry": { "type": "Point", "coordinates": [ 112.401460143165139, -3.194509168813778 ] } },
{ "type": "Feature", "properties": { "precipitation_mm": 0.0, "temperature_c": 24.538495029211774, "humidity_pct": 92.461817750527175, "cloud_cover_pct": 87.475207352034019, "wind_speed_ms": 7.3996345868571636, "forecast_datetime": "2026-10-03T23:00:00", "source": "BMKG ADM4 forecast points + IDW", "boundary": "SERPRO Carbon Project Zone", "interpretation": "Forecast surface clipped to project boundary; not direct station observation" }, "geometry": { "type": "Point", "coordinates": [ 112.401447893416375, -3.185464860811965 ] } },
{ "type": "Feature", "properties": { "precipitation_mm": 0.0, "temperature_c": 24.494096606530775, "humidity_pct": 92.58623547124806, "cloud_cover_pct": 87.448952991085946, "wind_speed_ms": 7.4016329420240448, "forecast_datetime": "2026-10-03T23:00:00", "source": "BMKG ADM4 forecast points + IDW", "boundary": "SERPRO Carbon Project Zone", "interpretation": "Forecast surface clipped to project boundary; not direct station observation" }, "geometry": { "type": "Point", "coordinates": [ 112.401435678575766, -3.176420551172404 ] } },
{ "type": "Feature", "properties": { "precipitation_mm": 0.0, "temperature_c": 24.444869674372882, "humidity_pct": 92.723005449176227, "cloud_cover_pct": 87.41744086193917, "wind_speed_ms": 7.4052436845234935, "forecast_datetime": "2026-10-03T23:00:00", "source": "BMKG ADM4 forecast points + IDW", "boundary": "SERPRO Carbon Project Zone", "interpretation": "Forecast surface clipped to project boundary; not direct station observation" }, "geometry": { "type": "Point", "coordinates": [ 112.40142349864179, -3.167376239899728 ] } },
{ "type": "Feature", "properties": { "precipitation_mm": 0.0, "temperature_c": 24.391414166219612, "humidity_pct": 92.871343504540903, "cloud_cover_pct": 87.380628501005233, "wind_speed_ms": 7.4094796950743129, "forecast_datetime": "2026-10-03T23:00:00", "source": "BMKG ADM4 forecast points + IDW", "boundary": "SERPRO Carbon Project Zone", "interpretation": "Forecast surface clipped to project boundary; not direct station observation" }, "geometry": { "type": "Point", "coordinates": [ 112.401411353612971, -3.158331926998569 ] } },
{ "type": "Feature", "properties": { "precipitation_mm": 0.0, "temperature_c": 24.334763865523701, "humidity_pct": 93.029213731994588, "cloud_cover_pct": 87.338694787663499, "wind_speed_ms": 7.4133810680619181, "forecast_datetime": "2026-10-03T23:00:00", "source": "BMKG ADM4 forecast points + IDW", "boundary": "SERPRO Carbon Project Zone", "interpretation": "Forecast surface clipped to project boundary; not direct station observation" }, "geometry": { "type": "Point", "coordinates": [ 112.401399243487788, -3.149287612473558 ] } },
{ "type": "Feature", "properties": { "precipitation_mm": 0.0, "temperature_c": 24.276407175487762, "humidity_pct": 93.19315142746045, "cloud_cover_pct": 87.292142136495087, "wind_speed_ms": 7.4161375087207064, "forecast_datetime": "2026-10-03T23:00:00", "source": "BMKG ADM4 forecast points + IDW", "boundary": "SERPRO Carbon Project Zone", "interpretation": "Forecast surface clipped to project boundary; not direct station observation" }, "geometry": { "type": "Point", "coordinates": [ 112.401387168264762, -3.140243296329329 ] } },
{ "type": "Feature", "properties": { "precipitation_mm": 0.0, "temperature_c": 24.218269868148827, "humidity_pct": 93.358199827754831, "cloud_cover_pct": 87.241944041472138, "wind_speed_ms": 7.4172009884281787, "forecast_datetime": "2026-10-03T23:00:00", "source": "BMKG ADM4 forecast points + IDW", "boundary": "SERPRO Carbon Project Zone", "interpretation": "Forecast surface clipped to project boundary; not direct station observation" }, "geometry": { "type": "Point", "coordinates": [ 112.401375127942373, -3.131198978570514 ] } },
{ "type": "Feature", "properties": { "precipitation_mm": 0.0, "temperature_c": 24.162652715216634, "humidity_pct": 93.517996942282068, "cloud_cover_pct": 87.189730177699673, "wind_speed_ms": 7.4163707312303089, "forecast_datetime": "2026-10-03T23:00:00", "source": "BMKG ADM4 forecast points + IDW", "boundary": "SERPRO Carbon Project Zone", "interpretation": "Forecast surface clipped to project boundary; not direct station observation" }, "geometry": { "type": "Point", "coordinates": [ 112.401363122519172, -3.122154659201746 ] } },
{ "type": "Feature", "properties": { "precipitation_mm": 0.0, "temperature_c": 24.11210903765291, "humidity_pct": 93.6650707602533, "cloud_cover_pct": 87.137963351146666, "wind_speed_ms": 7.4138349765660774, "forecast_datetime": "2026-10-03T23:00:00", "source": "BMKG ADM4 forecast points + IDW", "boundary": "SERPRO Carbon Project Zone", "interpretation": "Forecast surface clipped to project boundary; not direct station observation" }, "geometry": { "type": "Point", "coordinates": [ 112.401351151993651, -3.113110338227658 ] } },
{ "type": "Feature", "properties": { "precipitation_mm": 0.0, "temperature_c": 24.069234670467186, "humidity_pct": 93.791438243204368, "cloud_cover_pct": 87.090003174104453, "wind_speed_ms": 7.410155992593511, "forecast_datetime": "2026-10-03T23:00:00", "source": "BMKG ADM4 forecast points + IDW", "boundary": "SERPRO Carbon Project Zone", "interpretation": "Forecast surface clipped to project boundary; not direct station observation" }, "geometry": { "type": "Point", "coordinates": [ 112.401339216364335, -3.104066015652885 ] } },
{ "type": "Feature", "properties": { "precipitation_mm": 0.0, "temperature_c": 24.036342830941006, "humidity_pct": 93.889605520197065, "cloud_cover_pct": 87.049897610592836, "wind_speed_ms": 7.4061867358217635, "forecast_datetime": "2026-10-03T23:00:00", "source": "BMKG ADM4 forecast points + IDW", "boundary": "SERPRO Carbon Project Zone", "interpretation": "Forecast surface clipped to project boundary; not direct station observation" }, "geometry": { "type": "Point", "coordinates": [ 112.401327315629743, -3.095021691482057 ] } },
{ "type": "Feature", "properties": { "precipitation_mm": 0.0, "temperature_c": 24.015038215262226, "humidity_pct": 93.953940787457924, "cloud_cover_pct": 87.021766246630008, "wind_speed_ms": 7.4029158853194179, "forecast_datetime": "2026-10-03T23:00:00", "source": "BMKG ADM4 forecast points + IDW", "boundary": "SERPRO Carbon Project Zone", "interpretation": "Forecast surface clipped to project boundary; not direct station observation" }, "geometry": { "type": "Point", "coordinates": [ 112.401315449788441, -3.08597736571981 ] } },
{ "type": "Feature", "properties": { "precipitation_mm": 0.0, "temperature_c": 24.005799143490055, "humidity_pct": 93.982093336152886, "cloud_cover_pct": 87.00881760856447, "wind_speed_ms": 7.4012622544506304, "forecast_datetime": "2026-10-03T23:00:00", "source": "BMKG ADM4 forecast points + IDW", "boundary": "SERPRO Carbon Project Zone", "interpretation": "Forecast surface clipped to project boundary; not direct station observation" }, "geometry": { "type": "Point", "coordinates": [ 112.401303618838909, -3.076933038370776 ] } },
{ "type": "Feature", "properties": { "precipitation_mm": 0.0, "temperature_c": 24.007766908807838, "humidity_pct": 93.97582635010545, "cloud_cover_pct": 87.01234343529002, "wind_speed_ms": 7.4018763739386033, "forecast_datetime": "2026-10-03T23:00:00", "source": "BMKG ADM4 forecast points + IDW", "boundary": "SERPRO Carbon Project Zone", "interpretation": "Forecast surface clipped to project boundary; not direct station observation" }, "geometry": { "type": "Point", "coordinates": [ 112.401291822779726, -3.067888709439591 ] } },
{ "type": "Feature", "properties": { "precipitation_mm": 0.0, "temperature_c": 24.018912560791467, "humidity_pct": 93.940682750203933, "cloud_cover_pct": 87.031216213910156, "wind_speed_ms": 7.4050265363963881, "forecast_datetime": "2026-10-03T23:00:00", "source": "BMKG ADM4 forecast points + IDW", "boundary": "SERPRO Carbon Project Zone", "interpretation": "Forecast surface clipped to project boundary; not direct station observation" }, "geometry": { "type": "Point", "coordinates": [ 112.401280061609413, -3.058844378930886 ] } },
{ "type": "Feature", "properties": { "precipitation_mm": 0.0, "temperature_c": 24.036559857913527, "humidity_pct": 93.884481337168424, "cloud_cover_pct": 87.062217803201264, "wind_speed_ms": 7.410615226287983, "forecast_datetime": "2026-10-03T23:00:00", "source": "BMKG ADM4 forecast points + IDW", "boundary": "SERPRO Carbon Project Zone", "interpretation": "Forecast surface clipped to project boundary; not direct station observation" }, "geometry": { "type": "Point", "coordinates": [ 112.401268335326534, -3.049800046849297 ] } },
{ "type": "Feature", "properties": { "precipitation_mm": 0.0, "temperature_c": 24.058028767486093, "humidity_pct": 93.815336933511347, "cloud_cover_pct": 87.101029988171248, "wind_speed_ms": 7.418301623167082, "forecast_datetime": "2026-10-03T23:00:00", "source": "BMKG ADM4 forecast points + IDW", "boundary": "SERPRO Carbon Project Zone", "interpretation": "Forecast surface clipped to project boundary; not direct station observation" }, "geometry": { "type": "Point", "coordinates": [ 112.401256643929628, -3.040755713199458 ] } },
{ "type": "Feature", "properties": { "precipitation_mm": 0.0, "temperature_c": 24.714892394847407, "humidity_pct": 91.952306297453717, "cloud_cover_pct": 87.559497116464414, "wind_speed_ms": 7.4070661077627467, "forecast_datetime": "2026-10-03T23:00:00", "source": "BMKG ADM4 forecast points + IDW", "boundary": "SERPRO Carbon Project Zone", "interpretation": "Forecast surface clipped to project boundary; not direct station observation" }, "geometry": { "type": "Point", "coordinates": [ 112.410507720074477, -3.230673873996517 ] } },
{ "type": "Feature", "properties": { "precipitation_mm": 0.0, "temperature_c": 24.694658444807668, "humidity_pct": 92.024768729474772, "cloud_cover_pct": 87.556735091428109, "wind_speed_ms": 7.3902792534967006, "forecast_datetime": "2026-10-03T23:00:00", "source": "BMKG ADM4 forecast points + IDW", "boundary": "SERPRO Carbon Project Zone", "interpretation": "Forecast surface clipped to project boundary; not direct station observation" }, "geometry": { "type": "Point", "coordinates": [ 112.410495251197304, -3.221629607685799 ] } },
{ "type": "Feature", "properties": { "precipitation_mm": 0.0, "temperature_c": 24.670629006642429, "humidity_pct": 92.103779190569441, "cloud_cover_pct": 87.550386744381555, "wind_speed_ms": 7.3783164559766012, "forecast_datetime": "2026-10-03T23:00:00", "source": "BMKG ADM4 forecast points + IDW", "boundary": "SERPRO Carbon Project Zone", "interpretation": "Forecast surface clipped to project boundary; not direct station observation" }, "geometry": { "type": "Point", "coordinates": [ 112.410482817458345, -3.212585339718215 ] } },
{ "type": "Feature", "properties": { "precipitation_mm": 0.0, "temperature_c": 24.642171219381297, "humidity_pct": 92.190995887018417, "cloud_cover_pct": 87.539911340595779, "wind_speed_ms": 7.3712777989756919, "forecast_datetime": "2026-10-03T23:00:00", "source": "BMKG ADM4 forecast points + IDW", "boundary": "SERPRO Carbon Project Zone", "interpretation": "Forecast surface clipped to project boundary; not direct station observation" }, "geometry": { "type": "Point", "coordinates": [ 112.410470418856065, -3.203541070098396 ] } },
{ "type": "Feature", "properties": { "precipitation_mm": 0.0, "temperature_c": 24.608717725133165, "humidity_pct": 92.288190560912369, "cloud_cover_pct": 87.524827218647914, "wind_speed_ms": 7.3689509721580793, "forecast_datetime": "2026-10-03T23:00:00", "source": "BMKG ADM4 forecast points + IDW", "boundary": "SERPRO Carbon Project Zone", "interpretation": "Forecast surface clipped to project boundary; not direct station observation" }, "geometry": { "type": "Point", "coordinates": [ 112.410458055388943, -3.194496798830977 ] } },
{ "type": "Feature", "properties": { "precipitation_mm": 0.0, "temperature_c": 24.569856088229738, "humidity_pct": 92.397020921079402, "cloud_cover_pct": 87.504739801215251, "wind_speed_ms": 7.3707850487675568, "forecast_datetime": "2026-10-03T23:00:00", "source": "BMKG ADM4 forecast points + IDW", "boundary": "SERPRO Carbon Project Zone", "interpretation": "Forecast surface clipped to project boundary; not direct station observation" }, "geometry": { "type": "Point", "coordinates": [ 112.410445727055418, -3.185452525920591 ] } },
{ "type": "Feature", "properties": { "precipitation_mm": 0.0, "temperature_c": 24.525431673522046, "humidity_pct": 92.518721091323087, "cloud_cover_pct": 87.479365738883871, "wind_speed_ms": 7.375909671323134, "forecast_datetime": "2026-10-03T23:00:00", "source": "BMKG ADM4 forecast points + IDW", "boundary": "SERPRO Carbon Project Zone", "interpretation": "Forecast surface clipped to project boundary; not direct station observation" }, "geometry": { "type": "Point", "coordinates": [ 112.410433433854024, -3.176408251371871 ] } },
{ "type": "Feature", "properties": { "precipitation_mm": 0.0, "temperature_c": 24.475650274658356, "humidity_pct": 92.653743511432879, "cloud_cover_pct": 87.448555144443517, "wind_speed_ms": 7.3832059625757251, "forecast_datetime": "2026-10-03T23:00:00", "source": "BMKG ADM4 forecast points + IDW", "boundary": "SERPRO Carbon Project Zone", "interpretation": "Forecast surface clipped to project boundary; not direct station observation" }, "geometry": { "type": "Point", "coordinates": [ 112.410421175783185, -3.167363975189452 ] } },
{ "type": "Feature", "properties": { "precipitation_mm": 0.0, "temperature_c": 24.42116252067375, "humidity_pct": 92.801407337949129, "cloud_cover_pct": 87.412318617203226, "wind_speed_ms": 7.3914252511486991, "forecast_datetime": "2026-10-03T23:00:00", "source": "BMKG ADM4 forecast points + IDW", "boundary": "SERPRO Carbon Project Zone", "interpretation": "Forecast surface clipped to project boundary; not direct station observation" }, "geometry": { "type": "Point", "coordinates": [ 112.410408952841408, -3.158319697377967 ] } },
{ "type": "Feature", "properties": { "precipitation_mm": 0.0, "temperature_c": 24.363112178770471, "humidity_pct": 92.959618199788139, "cloud_cover_pct": 87.37087142485899, "wind_speed_ms": 7.3993403618174041, "forecast_datetime": "2026-10-03T23:00:00", "source": "BMKG ADM4 forecast points + IDW", "boundary": "SERPRO Carbon Project Zone", "interpretation": "Forecast surface clipped to project boundary; not direct station observation" }, "geometry": { "type": "Point", "coordinates": [ 112.410396765027201, -3.149275417942051 ] } },
{ "type": "Feature", "properties": { "precipitation_mm": 0.0, "temperature_c": 24.303136168091189, "humidity_pct": 93.124715635072349, "cloud_cover_pct": 87.324712224464264, "wind_speed_ms": 7.4059051104091411, "forecast_datetime": "2026-10-03T23:00:00", "source": "BMKG ADM4 forecast points + IDW", "boundary": "SERPRO Carbon Project Zone", "interpretation": "Forecast surface clipped to project boundary; not direct station observation" }, "geometry": { "type": "Point", "coordinates": [ 112.410384612339044, -3.140231136886336 ] } },
{ "type": "Feature", "properties": { "precipitation_mm": 0.0, "temperature_c": 24.243313437699705, "humidity_pct": 93.291480618884307, "cloud_cover_pct": 87.274754176744707, "wind_speed_ms": 7.4103940875896459, "forecast_datetime": "2026-10-03T23:00:00", "source": "BMKG ADM4 forecast points + IDW", "boundary": "SERPRO Carbon Project Zone", "interpretation": "Forecast surface clipped to project boundary; not direct station observation" }, "geometry": { "type": "Point", "coordinates": [ 112.41037249477543, -3.13118685421546 ] } },
{ "type": "Feature", "properties": { "precipitation_mm": 0.0, "temperature_c": 24.186066678647325, "humidity_pct": 93.453313158680714, "cloud_cover_pct": 87.222514343694016, "wind_speed_ms": 7.4124982940831377, "forecast_datetime": "2026-10-03T23:00:00", "source": "BMKG ADM4 forecast points + IDW", "boundary": "SERPRO Carbon Project Zone", "interpretation": "Forecast surface clipped to project boundary; not direct station observation" }, "geometry": { "type": "Point", "coordinates": [ 112.410360412334867, -3.122142569934053 ] } },
{ "type": "Feature", "properties": { "precipitation_mm": 0.0, "temperature_c": 24.134017099725924, "humidity_pct": 93.602594534948878, "cloud_cover_pct": 87.170330869765422, "wind_speed_ms": 7.4123607271665302, "forecast_datetime": "2026-10-03T23:00:00", "source": "BMKG ADM4 forecast points + IDW", "boundary": "SERPRO Carbon Project Zone", "interpretation": "Forecast surface clipped to project boundary; not direct station observation" }, "geometry": { "type": "Point", "coordinates": [ 112.410348365015878, -3.113098284046755 ] } },
{ "type": "Feature", "properties": { "precipitation_mm": 0.0, "temperature_c": 24.089775893690046, "humidity_pct": 93.731292149672001, "cloud_cover_pct": 87.121507931588752, "wind_speed_ms": 7.4105446902712764, "forecast_datetime": "2026-10-03T23:00:00", "source": "BMKG ADM4 forecast points + IDW", "boundary": "SERPRO Carbon Project Zone", "interpretation": "Forecast surface clipped to project boundary; not direct station observation" }, "geometry": { "type": "Point", "coordinates": [ 112.410336352816955, -3.104053996558197 ] } },
{ "type": "Feature", "properties": { "precipitation_mm": 0.0, "temperature_c": 24.055641535203566, "humidity_pct": 93.8319071698225, "cloud_cover_pct": 87.080203820841618, "wind_speed_ms": 7.4079327293971016, "forecast_datetime": "2026-10-03T23:00:00", "source": "BMKG ADM4 forecast points + IDW", "boundary": "SERPRO Carbon Project Zone", "interpretation": "Forecast surface clipped to project boundary; not direct station observation" }, "geometry": { "type": "Point", "coordinates": [ 112.410324375736622, -3.095009707473015 ] } },
{ "type": "Feature", "properties": { "precipitation_mm": 0.0, "temperature_c": 24.033196179205891, "humidity_pct": 93.898794775104648, "cloud_cover_pct": 87.050856356075485, "wind_speed_ms": 7.4055595600995208, "forecast_datetime": "2026-10-03T23:00:00", "source": "BMKG ADM4 forecast points + IDW", "boundary": "SERPRO Carbon Project Zone", "interpretation": "Forecast surface clipped to project boundary; not direct station observation" }, "geometry": { "type": "Point", "coordinates": [ 112.410312433773385, -3.085965416795845 ] } },
{ "type": "Feature", "properties": { "precipitation_mm": 0.0, "temperature_c": 24.022887132864874, "humidity_pct": 93.929600256613725, "cloud_cover_pct": 87.037108407950967, "wind_speed_ms": 7.4043998659806869, "forecast_datetime": "2026-10-03T23:00:00", "source": "BMKG ADM4 forecast points + IDW", "boundary": "SERPRO Carbon Project Zone", "interpretation": "Forecast surface clipped to project boundary; not direct station observation" }, "geometry": { "type": "Point", "coordinates": [ 112.410300526925795, -3.076921124531322 ] } },
{ "type": "Feature", "properties": { "precipitation_mm": 0.0, "temperature_c": 24.023796802323531, "humidity_pct": 93.926169099018381, "cloud_cover_pct": 87.040579855423658, "wind_speed_ms": 7.4051650559791309, "forecast_datetime": "2026-10-03T23:00:00", "source": "BMKG ADM4 forecast points + IDW", "boundary": "SERPRO Carbon Project Zone", "interpretation": "Forecast surface clipped to project boundary; not direct station observation" }, "geometry": { "type": "Point", "coordinates": [ 112.410288655192375, -3.06787683068408 ] } },
{ "type": "Feature", "properties": { "precipitation_mm": 0.0, "temperature_c": 24.033806548192562, "humidity_pct": 93.894240725470581, "cloud_cover_pct": 87.060155059118259, "wind_speed_ms": 7.4081857503500004, "forecast_datetime": "2026-10-03T23:00:00", "source": "BMKG ADM4 forecast points + IDW", "boundary": "SERPRO Carbon Project Zone", "interpretation": "Forecast surface clipped to project boundary; not direct station observation" }, "geometry": { "type": "Point", "coordinates": [ 112.410276818571631, -3.058832535258756 ] } },
{ "type": "Feature", "properties": { "precipitation_mm": 0.0, "temperature_c": 24.050156189860665, "humidity_pct": 93.841843108137496, "cloud_cover_pct": 87.092288193244769, "wind_speed_ms": 7.4134284273940905, "forecast_datetime": "2026-10-03T23:00:00", "source": "BMKG ADM4 forecast points + IDW", "boundary": "SERPRO Carbon Project Zone", "interpretation": "Forecast surface clipped to project boundary; not direct station observation" }, "geometry": { "type": "Point", "coordinates": [ 112.41026501706213, -3.049788238259985 ] } },
{ "type": "Feature", "properties": { "precipitation_mm": 0.0, "temperature_c": 24.070137921120455, "humidity_pct": 93.777153887488865, "cloud_cover_pct": 87.13217570985924, "wind_speed_ms": 7.4206205369173848, "forecast_datetime": "2026-10-03T23:00:00", "source": "BMKG ADM4 forecast points + IDW", "boundary": "SERPRO Carbon Project Zone", "interpretation": "Forecast surface clipped to project boundary; not direct station observation" }, "geometry": { "type": "Point", "coordinates": [ 112.410253250662421, -3.040743939692404 ] } },
{ "type": "Feature", "properties": { "precipitation_mm": 0.0, "temperature_c": 24.091602207998118, "humidity_pct": 93.706851325753178, "cloud_cover_pct": 87.175111687515098, "wind_speed_ms": 7.4294033713937528, "forecast_datetime": "2026-10-03T23:00:00", "source": "BMKG ADM4 forecast points + IDW", "boundary": "SERPRO Carbon Project Zone", "interpretation": "Forecast surface clipped to project boundary; not direct station observation" }, "geometry": { "type": "Point", "coordinates": [ 112.410241519371027, -3.031699639560648 ] } },
{ "type": "Feature", "properties": { "precipitation_mm": 0.0, "temperature_c": 24.113132891741646, "humidity_pct": 93.635461538140348, "cloud_cover_pct": 87.217402056998623, "wind_speed_ms": 7.4394422849262911, "forecast_datetime": "2026-10-03T23:00:00", "source": "BMKG ADM4 forecast points + IDW", "boundary": "SERPRO Carbon Project Zone", "interpretation": "Forecast surface clipped to project boundary; not direct station observation" }, "geometry": { "type": "Point", "coordinates": [ 112.410229823186498, -3.022655337869354 ] } },
{ "type": "Feature", "properties": { "precipitation_mm": 0.0, "temperature_c": 24.756989755771876, "humidity_pct": 91.840962481329925, "cloud_cover_pct": 87.580088868455746, "wind_speed_ms": 7.395355033764254, "forecast_datetime": "2026-10-03T23:00:00", "source": "BMKG ADM4 forecast points + IDW", "boundary": "SERPRO Carbon Project Zone", "interpretation": "Forecast surface clipped to project boundary; not direct station observation" }, "geometry": { "type": "Point", "coordinates": [ 112.419518497457062, -3.239705512973198 ] } },
{ "type": "Feature", "properties": { "precipitation_mm": 0.0, "temperature_c": 24.741981886408908, "humidity_pct": 91.905287760345644, "cloud_cover_pct": 87.582901023484581, "wind_speed_ms": 7.3712229929584892, "forecast_datetime": "2026-10-03T23:00:00", "source": "BMKG ADM4 forecast points + IDW", "boundary": "SERPRO Carbon Project Zone", "interpretation": "Forecast surface clipped to project boundary; not direct station observation" }, "geometry": { "type": "Point", "coordinates": [ 112.419505913737083, -3.230661283642775 ] } },
{ "type": "Feature", "properties": { "precipitation_mm": 0.0, "temperature_c": 24.723838364296697, "humidity_pct": 91.973919703472419, "cloud_cover_pct": 87.582581821679227, "wind_speed_ms": 7.3523762270765127, "forecast_datetime": "2026-10-03T23:00:00", "source": "BMKG ADM4 forecast points + IDW", "boundary": "SERPRO Carbon Project Zone", "interpretation": "Forecast surface clipped to project boundary; not direct station observation" }, "geometry": { "type": "Point", "coordinates": [ 112.419493365380845, -3.221617052650254 ] } },
{ "type": "Feature", "properties": { "precipitation_mm": 0.0, "temperature_c": 24.701824241872774, "humidity_pct": 92.048347746579026, "cloud_cover_pct": 87.578479694394503, "wind_speed_ms": 7.3393842770389348, "forecast_datetime": "2026-10-03T23:00:00", "source": "BMKG ADM4 forecast points + IDW", "boundary": "SERPRO Carbon Project Zone", "interpretation": "Forecast surface clipped to project boundary; not direct station observation" }, "geometry": { "type": "Point", "coordinates": [ 112.419480852386798, -3.212572820000271 ] } },
{ "type": "Feature", "properties": { "precipitation_mm": 0.0, "temperature_c": 24.675179528797901, "humidity_pct": 92.13043433110704, "cloud_cover_pct": 87.569994665416672, "wind_speed_ms": 7.3325019810012728, "forecast_datetime": "2026-10-03T23:00:00", "source": "BMKG ADM4 forecast points + IDW", "boundary": "SERPRO Carbon Project Zone", "interpretation": "Forecast surface clipped to project boundary; not direct station observation" }, "geometry": { "type": "Point", "coordinates": [ 112.419468374753393, -3.203528585697459 ] } },
{ "type": "Feature", "properties": { "precipitation_mm": 0.0, "temperature_c": 24.643202298510658, "humidity_pct": 92.22227005642074, "cloud_cover_pct": 87.556624061928161, "wind_speed_ms": 7.3315767387884154, "forecast_datetime": "2026-10-03T23:00:00", "source": "BMKG ADM4 forecast points + IDW", "boundary": "SERPRO Carbon Project Zone", "interpretation": "Forecast surface clipped to project boundary; not direct station observation" }, "geometry": { "type": "Point", "coordinates": [ 112.41945593247911, -3.194484349746455 ] } },
{ "type": "Feature", "properties": { "precipitation_mm": 0.0, "temperature_c": 24.60536098245634, "humidity_pct": 92.32590246520347, "cloud_cover_pct": 87.538001358937876, "wind_speed_ms": 7.3359994491106759, "forecast_datetime": "2026-10-03T23:00:00", "source": "BMKG ADM4 forecast points + IDW", "boundary": "SERPRO Carbon Project Zone", "interpretation": "Forecast surface clipped to project boundary; not direct station observation" }, "geometry": { "type": "Point", "coordinates": [ 112.419443525562372, -3.185440112151891 ] } },
{ "type": "Feature", "properties": { "precipitation_mm": 0.0, "temperature_c": 24.561424955735038, "humidity_pct": 92.44294963534243, "cloud_cover_pct": 87.513923007328486, "wind_speed_ms": 7.3447204808701452, "forecast_datetime": "2026-10-03T23:00:00", "source": "BMKG ADM4 forecast points + IDW", "boundary": "SERPRO Carbon Project Zone", "interpretation": "Forecast surface clipped to project boundary; not direct station observation" }, "geometry": { "type": "Point", "coordinates": [ 112.419431154001686, -3.176395872918405 ] } },
{ "type": "Feature", "properties": { "precipitation_mm": 0.0, "temperature_c": 24.511592802259717, "humidity_pct": 92.574148256146728, "cloud_cover_pct": 87.484362218851786, "wind_speed_ms": 7.3563412287920471, "forecast_datetime": "2026-10-03T23:00:00", "source": "BMKG ADM4 forecast points + IDW", "boundary": "SERPRO Carbon Project Zone", "interpretation": "Forecast surface clipped to project boundary; not direct station observation" }, "geometry": { "type": "Point", "coordinates": [ 112.419418817795517, -3.167351632050632 ] } },
{ "type": "Feature", "properties": { "precipitation_mm": 0.0, "temperature_c": 24.45659075126111, "humidity_pct": 92.718921138814025, "cloud_cover_pct": 87.449475024360666, "wind_speed_ms": 7.3692752381266429, "forecast_datetime": "2026-10-03T23:00:00", "source": "BMKG ADM4 forecast points + IDW", "boundary": "SERPRO Carbon Project Zone", "interpretation": "Forecast surface clipped to project boundary; not direct station observation" }, "geometry": { "type": "Point", "coordinates": [ 112.419406516942303, -3.158307389553208 ] } },
{ "type": "Feature", "properties": { "precipitation_mm": 0.0, "temperature_c": 24.397714104386278, "humidity_pct": 92.87506464202734, "cloud_cover_pct": 87.409611809786838, "wind_speed_ms": 7.3819545336764589, "forecast_datetime": "2026-10-03T23:00:00", "source": "BMKG ADM4 forecast points + IDW", "boundary": "SERPRO Carbon Project Zone", "interpretation": "Forecast surface clipped to project boundary; not direct station observation" }, "geometry": { "type": "Point", "coordinates": [ 112.419394251440565, -3.149263145430767 ] } },
{ "type": "Feature", "properties": { "precipitation_mm": 0.0, "temperature_c": 24.336794794453898, "humidity_pct": 93.038639127993918, "cloud_cover_pct": 87.365355501750358, "wind_speed_ms": 7.393042490373241, "forecast_datetime": "2026-10-03T23:00:00", "source": "BMKG ADM4 forecast points + IDW", "boundary": "SERPRO Carbon Project Zone", "interpretation": "Forecast surface clipped to project boundary; not direct station observation" }, "geometry": { "type": "Point", "coordinates": [ 112.419382021288797, -3.140218899687946 ] } },
{ "type": "Feature", "properties": { "precipitation_mm": 0.0, "temperature_c": 24.276096448096645, "humidity_pct": 93.204096420053517, "cloud_cover_pct": 87.317612140154864, "wind_speed_ms": 7.4016102081110926, "forecast_datetime": "2026-10-03T23:00:00", "source": "BMKG ADM4 forecast points + IDW", "boundary": "SERPRO Carbon Project Zone", "interpretation": "Forecast surface clipped to project boundary; not direct station observation" }, "geometry": { "type": "Point", "coordinates": [ 112.41936982648545, -3.131174652329381 ] } },
{ "type": "Feature", "properties": { "precipitation_mm": 0.0, "temperature_c": 24.218155745303665, "humidity_pct": 93.364620462141446, "cloud_cover_pct": 87.267773159456965, "wind_speed_ms": 7.4072417566025663, "forecast_datetime": "2026-10-03T23:00:00", "source": "BMKG ADM4 forecast points + IDW", "boundary": "SERPRO Carbon Project Zone", "interpretation": "Forecast surface clipped to project boundary; not direct station observation" }, "geometry": { "type": "Point", "coordinates": [ 112.419357667029033, -3.122130403359709 ] } },
{ "type": "Feature", "properties": { "precipitation_mm": 0.0, "temperature_c": 24.165592841615737, "humidity_pct": 93.512630825148605, "cloud_cover_pct": 87.217938024055059, "wind_speed_ms": 7.4100518741053953, "forecast_datetime": "2026-10-03T23:00:00", "source": "BMKG ADM4 forecast points + IDW", "boundary": "SERPRO Carbon Project Zone", "interpretation": "Forecast surface clipped to project boundary; not direct station observation" }, "geometry": { "type": "Point", "coordinates": [ 112.419345542918037, -3.113086152783566 ] } },
{ "type": "Feature", "properties": { "precipitation_mm": 0.0, "temperature_c": 24.120896531758618, "humidity_pct": 93.640433859118332, "cloud_cover_pct": 87.171116080138702, "wind_speed_ms": 7.4106192561724384, "forecast_datetime": "2026-10-03T23:00:00", "source": "BMKG ADM4 forecast points + IDW", "boundary": "SERPRO Carbon Project Zone", "interpretation": "Forecast surface clipped to project boundary; not direct station observation" }, "geometry": { "type": "Point", "coordinates": [ 112.419333454150987, -3.104041900605587 ] } },
{ "type": "Feature", "properties": { "precipitation_mm": 0.0, "temperature_c": 24.08616252614312, "humidity_pct": 93.741080128675904, "cloud_cover_pct": 87.131222765897348, "wind_speed_ms": 7.4098507834065002, "forecast_datetime": "2026-10-03T23:00:00", "source": "BMKG ADM4 forecast points + IDW", "boundary": "SERPRO Carbon Project Zone", "interpretation": "Forecast surface clipped to project boundary; not direct station observation" }, "geometry": { "type": "Point", "coordinates": [ 112.419321400726375, -3.094997646830411 ] } },
{ "type": "Feature", "properties": { "precipitation_mm": 0.0, "temperature_c": 24.062763431659231, "humidity_pct": 93.809488419985357, "cloud_cover_pct": 87.102618025543606, "wind_speed_ms": 7.4087963605487444, "forecast_datetime": "2026-10-03T23:00:00", "source": "BMKG ADM4 forecast points + IDW", "boundary": "SERPRO Carbon Project Zone", "interpretation": "Forecast surface clipped to project boundary; not direct station observation" }, "geometry": { "type": "Point", "coordinates": [ 112.419309382642709, -3.085953391462674 ] } },
{ "type": "Feature", "properties": { "precipitation_mm": 0.0, "temperature_c": 24.051000514302444, "humidity_pct": 93.843681927975609, "cloud_cover_pct": 87.08905924065688, "wind_speed_ms": 7.4084412592878008, "forecast_datetime": "2026-10-03T23:00:00", "source": "BMKG ADM4 forecast points + IDW", "boundary": "SERPRO Carbon Project Zone", "interpretation": "Forecast surface clipped to project boundary; not direct station observation" }, "geometry": { "type": "Point", "coordinates": [ 112.419297399898511, -3.076909134507012 ] } },
{ "type": "Feature", "properties": { "precipitation_mm": 0.0, "temperature_c": 24.049908901972909, "humidity_pct": 93.84559449461797, "cloud_cover_pct": 87.092358114594575, "wind_speed_ms": 7.4095221103372078, "forecast_datetime": "2026-10-03T23:00:00", "source": "BMKG ADM4 forecast points + IDW", "boundary": "SERPRO Carbon Project Zone", "interpretation": "Forecast surface clipped to project boundary; not direct station observation" }, "geometry": { "type": "Point", "coordinates": [ 112.419285452492318, -3.067864875968064 ] } },
{ "type": "Feature", "properties": { "precipitation_mm": 0.0, "temperature_c": 24.057420846154795, "humidity_pct": 93.820765471701193, "cloud_cover_pct": 87.111488147590109, "wind_speed_ms": 7.4124276142385357, "forecast_datetime": "2026-10-03T23:00:00", "source": "BMKG ADM4 forecast points + IDW", "boundary": "SERPRO Carbon Project Zone", "interpretation": "Forecast surface clipped to project boundary; not direct station observation" }, "geometry": { "type": "Point", "coordinates": [ 112.419273540422608, -3.058820615850465 ] } },
{ "type": "Feature", "properties": { "precipitation_mm": 0.0, "temperature_c": 24.070908595452011, "humidity_pct": 93.776781944735831, "cloud_cover_pct": 87.142813685767379, "wind_speed_ms": 7.4172199116017987, "forecast_datetime": "2026-10-03T23:00:00", "source": "BMKG ADM4 forecast points + IDW", "boundary": "SERPRO Carbon Project Zone", "interpretation": "Forecast surface clipped to project boundary; not direct station observation" }, "geometry": { "type": "Point", "coordinates": [ 112.419261663687962, -3.049776354158855 ] } },
{ "type": "Feature", "properties": { "precipitation_mm": 0.0, "temperature_c": 24.08785315739269, "humidity_pct": 93.721210716523103, "cloud_cover_pct": 87.181355957588138, "wind_speed_ms": 7.4237479205548258, "forecast_datetime": "2026-10-03T23:00:00", "source": "BMKG ADM4 forecast points + IDW", "boundary": "SERPRO Carbon Project Zone", "interpretation": "Forecast surface clipped to project boundary; not direct station observation" }, "geometry": { "type": "Point", "coordinates": [ 112.419249822286872, -3.040732090897869 ] } },
{ "type": "Feature", "properties": { "precipitation_mm": 0.0, "temperature_c": 24.106311710472102, "humidity_pct": 93.660061369806812, "cloud_cover_pct": 87.22230137402893, "wind_speed_ms": 7.4317780206099666, "forecast_datetime": "2026-10-03T23:00:00", "source": "BMKG ADM4 forecast points + IDW", "boundary": "SERPRO Carbon Project Zone", "interpretation": "Forecast surface clipped to project boundary; not direct station observation" }, "geometry": { "type": "Point", "coordinates": [ 112.419238016217903, -3.031687826072147 ] } },
{ "type": "Feature", "properties": { "precipitation_mm": 0.0, "temperature_c": 24.125048369838005, "humidity_pct": 93.597268425016296, "cloud_cover_pct": 87.261992102016535, "wind_speed_ms": 7.4410823488020803, "forecast_datetime": "2026-10-03T23:00:00", "source": "BMKG ADM4 forecast points + IDW", "boundary": "SERPRO Carbon Project Zone", "interpretation": "Forecast surface clipped to project boundary; not direct station observation" }, "geometry": { "type": "Point", "coordinates": [ 112.419226245479578, -3.022643559686325 ] } },
{ "type": "Feature", "properties": { "precipitation_mm": 0.0, "temperature_c": 24.14341744510838, "humidity_pct": 93.534968747456773, "cloud_cover_pct": 87.298195438157691, "wind_speed_ms": 7.451472544524262, "forecast_datetime": "2026-10-03T23:00:00", "source": "BMKG ADM4 forecast points + IDW", "boundary": "SERPRO Carbon Project Zone", "interpretation": "Forecast surface clipped to project boundary; not direct station observation" }, "geometry": { "type": "Point", "coordinates": [ 112.419214510070447, -3.013599291745042 ] } },
{ "type": "Feature", "properties": { "precipitation_mm": 0.0, "temperature_c": 24.161160642541017, "humidity_pct": 93.474087167468937, "cloud_cover_pct": 87.329887640131773, "wind_speed_ms": 7.4627985329246771, "forecast_datetime": "2026-10-03T23:00:00", "source": "BMKG ADM4 forecast points + IDW", "boundary": "SERPRO Carbon Project Zone", "interpretation": "Forecast surface clipped to project boundary; not direct station observation" }, "geometry": { "type": "Point", "coordinates": [ 112.419202809989088, -3.004555022252936 ] } },
{ "type": "Feature", "properties": { "precipitation_mm": 0.0, "temperature_c": 24.178227857930999, "humidity_pct": 93.414879241911052, "cloud_cover_pct": 87.356869581661883, "wind_speed_ms": 7.4749353579241262, "forecast_datetime": "2026-10-03T23:00:00", "source": "BMKG ADM4 forecast points + IDW", "boundary": "SERPRO Carbon Project Zone", "interpretation": "Forecast surface clipped to project boundary; not direct station observation" }, "geometry": { "type": "Point", "coordinates": [ 112.419191145234024, -2.995510751214646 ] } },
{ "type": "Feature", "properties": { "precipitation_mm": 0.0, "temperature_c": 24.194658104004109, "humidity_pct": 93.357302309223627, "cloud_cover_pct": 87.379413488975629, "wind_speed_ms": 7.4877711926851047, "forecast_datetime": "2026-10-03T23:00:00", "source": "BMKG ADM4 forecast points + IDW", "boundary": "SERPRO Carbon Project Zone", "interpretation": "Forecast surface clipped to project boundary; not direct station observation" }, "geometry": { "type": "Point", "coordinates": [ 112.419179515803819, -2.98646647863481 ] } },
{ "type": "Feature", "properties": { "precipitation_mm": 0.0, "temperature_c": 24.782916614191628, "humidity_pct": 91.798189116737859, "cloud_cover_pct": 87.60220910655579, "wind_speed_ms": 7.3581772842173327, "forecast_datetime": "2026-10-03T23:00:00", "source": "BMKG ADM4 forecast points + IDW", "boundary": "SERPRO Carbon Project Zone", "interpretation": "Forecast surface clipped to project boundary; not direct station observation" }, "geometry": { "type": "Point", "coordinates": [ 112.428516735457421, -3.239692807078455 ] } },
{ "type": "Feature", "properties": { "precipitation_mm": 0.0, "temperature_c": 24.77031903180405, "humidity_pct": 91.859549807617938, "cloud_cover_pct": 87.608055434492826, "wind_speed_ms": 7.3301337526964661, "forecast_datetime": "2026-10-03T23:00:00", "source": "BMKG ADM4 forecast points + IDW", "boundary": "SERPRO Carbon Project Zone", "interpretation": "Forecast surface clipped to project boundary; not direct station observation" }, "geometry": { "type": "Point", "coordinates": [ 112.428504072035949, -3.23064861329124 ] } },
{ "type": "Feature", "properties": { "precipitation_mm": 0.0, "temperature_c": 24.754687765816865, "humidity_pct": 91.924071234956472, "cloud_cover_pct": 87.61063860933173, "wind_speed_ms": 7.3082989552241777, "forecast_datetime": "2026-10-03T23:00:00", "source": "BMKG ADM4 forecast points + IDW", "boundary": "SERPRO Carbon Project Zone", "interpretation": "Forecast surface clipped to project boundary; not direct station observation" }, "geometry": { "type": "Point", "coordinates": [ 112.42849144420218, -3.221604417841323 ] } },
{ "type": "Feature", "properties": { "precipitation_mm": 0.0, "temperature_c": 24.735169592129537, "humidity_pct": 91.993263689265873, "cloud_cover_pct": 87.609191714132621, "wind_speed_ms": 7.2935545556821086, "forecast_datetime": "2026-10-03T23:00:00", "source": "BMKG ADM4 forecast points + IDW", "boundary": "SERPRO Carbon Project Zone", "interpretation": "Forecast surface clipped to project boundary; not direct station observation" }, "geometry": { "type": "Point", "coordinates": [ 112.428478851954608, -3.212560220733345 ] } },
{ "type": "Feature", "properties": { "precipitation_mm": 0.0, "temperature_c": 24.710853370993387, "humidity_pct": 92.069178393338859, "cloud_cover_pct": 87.603032408290218, "wind_speed_ms": 7.2863938295578157, "forecast_datetime": "2026-10-03T23:00:00", "source": "BMKG ADM4 forecast points + IDW", "boundary": "SERPRO Carbon Project Zone", "interpretation": "Forecast surface clipped to project boundary; not direct station observation" }, "geometry": { "type": "Point", "coordinates": [ 112.428466295291628, -3.20351602197194 ] } },
{ "type": "Feature", "properties": { "precipitation_mm": 0.0, "temperature_c": 24.680870852065883, "humidity_pct": 92.154264681931906, "cloud_cover_pct": 87.591633867762397, "wind_speed_ms": 7.2867753266781907, "forecast_datetime": "2026-10-03T23:00:00", "source": "BMKG ADM4 forecast points + IDW", "boundary": "SERPRO Carbon Project Zone", "interpretation": "Forecast surface clipped to project boundary; not direct station observation" }, "geometry": { "type": "Point", "coordinates": [ 112.428453774211704, -3.194471821561745 ] } },
{ "type": "Feature", "properties": { "precipitation_mm": 0.0, "temperature_c": 24.644538469858549, "humidity_pct": 92.251049728861403, "cloud_cover_pct": 87.574682706024134, "wind_speed_ms": 7.2940365212198222, "forecast_datetime": "2026-10-03T23:00:00", "source": "BMKG ADM4 forecast points + IDW", "boundary": "SERPRO Carbon Project Zone", "interpretation": "Forecast surface clipped to project boundary; not direct station observation" }, "geometry": { "type": "Point", "coordinates": [ 112.428441288713302, -3.185427619507398 ] } },
{ "type": "Feature", "properties": { "precipitation_mm": 0.0, "temperature_c": 24.601524899946526, "humidity_pct": 92.361651568060395, "cloud_cover_pct": 87.552112437408013, "wind_speed_ms": 7.3069024742225777, "forecast_datetime": "2026-10-03T23:00:00", "source": "BMKG ADM4 forecast points + IDW", "boundary": "SERPRO Carbon Project Zone", "interpretation": "Forecast surface clipped to project boundary; not direct station observation" }, "geometry": { "type": "Point", "coordinates": [ 112.428428838794858, -3.176383415813533 ] } },
{ "type": "Feature", "properties": { "precipitation_mm": 0.0, "temperature_c": 24.55201424377314, "humidity_pct": 92.487196772570684, "cloud_cover_pct": 87.524107055418909, "wind_speed_ms": 7.323606888112054, "forecast_datetime": "2026-10-03T23:00:00", "source": "BMKG ADM4 forecast points + IDW", "boundary": "SERPRO Carbon Project Zone", "interpretation": "Forecast surface clipped to project boundary; not direct station observation" }, "geometry": { "type": "Point", "coordinates": [ 112.428416424454852, -3.167339210484792 ] } },
{ "type": "Feature", "properties": { "precipitation_mm": 0.0, "temperature_c": 24.496824117342538, "humidity_pct": 92.627270485393936, "cloud_cover_pct": 87.491078634761976, "wind_speed_ms": 7.3421157133677513, "forecast_datetime": "2026-10-03T23:00:00", "source": "BMKG ADM4 forecast points + IDW", "boundary": "SERPRO Carbon Project Zone", "interpretation": "Forecast surface clipped to project boundary; not direct station observation" }, "geometry": { "type": "Point", "coordinates": [ 112.428404045691735, -3.158295003525807 ] } },
{ "type": "Feature", "properties": { "precipitation_mm": 0.0, "temperature_c": 24.437438710917547, "humidity_pct": 92.779550921058103, "cloud_cover_pct": 87.453633973516375, "wind_speed_ms": 7.3604140248849763, "forecast_datetime": "2026-10-03T23:00:00", "source": "BMKG ADM4 forecast points + IDW", "boundary": "SERPRO Carbon Project Zone", "interpretation": "Forecast surface clipped to project boundary; not direct station observation" }, "geometry": { "type": "Point", "coordinates": [ 112.428391702504001, -3.14925079494122 ] } },
{ "type": "Feature", "properties": { "precipitation_mm": 0.0, "temperature_c": 24.375933673364617, "humidity_pct": 92.939750720100719, "cloud_cover_pct": 87.4125561196673, "wind_speed_ms": 7.3767952403740527, "forecast_datetime": "2026-10-03T23:00:00", "source": "BMKG ADM4 forecast points + IDW", "boundary": "SERPRO Carbon Project Zone", "interpretation": "Forecast surface clipped to project boundary; not direct station observation" }, "geometry": { "type": "Point", "coordinates": [ 112.428379394890086, -3.140206584735666 ] } },
{ "type": "Feature", "properties": { "precipitation_mm": 0.0, "temperature_c": 24.314799649902714, "humidity_pct": 93.101903898610715, "cloud_cover_pct": 87.368833782673605, "wind_speed_ms": 7.3900873496738457, "forecast_datetime": "2026-10-03T23:00:00", "source": "BMKG ADM4 forecast points + IDW", "boundary": "SERPRO Carbon Project Zone", "interpretation": "Forecast surface clipped to project boundary; not direct station observation" }, "geometry": { "type": "Point", "coordinates": [ 112.428367122848513, -3.131162372913784 ] } },
{ "type": "Feature", "properties": { "precipitation_mm": 0.0, "temperature_c": 24.256701841668825, "humidity_pct": 93.258933297493854, "cloud_cover_pct": 87.323768555668423, "wind_speed_ms": 7.3997676704344739, "forecast_datetime": "2026-10-03T23:00:00", "source": "BMKG ADM4 forecast points + IDW", "boundary": "SERPRO Carbon Project Zone", "interpretation": "Forecast surface clipped to project boundary; not direct station observation" }, "geometry": { "type": "Point", "coordinates": [ 112.428354886377733, -3.122118159480211 ] } },
{ "type": "Feature", "properties": { "precipitation_mm": 0.0, "temperature_c": 24.204226054743319, "humidity_pct": 93.403367188118949, "cloud_cover_pct": 87.279164839128171, "wind_speed_ms": 7.4059502270304671, "forecast_datetime": "2026-10-03T23:00:00", "source": "BMKG ADM4 forecast points + IDW", "boundary": "SERPRO Carbon Project Zone", "interpretation": "Forecast surface clipped to project boundary; not direct station observation" }, "geometry": { "type": "Point", "coordinates": [ 112.428342685476267, -3.113073944439586 ] } },
{ "type": "Feature", "properties": { "precipitation_mm": 0.0, "temperature_c": 24.159645642772631, "humidity_pct": 93.528092391399454, "cloud_cover_pct": 87.237544740670842, "wind_speed_ms": 7.4092641825065613, "forecast_datetime": "2026-10-03T23:00:00", "source": "BMKG ADM4 forecast points + IDW", "boundary": "SERPRO Carbon Project Zone", "interpretation": "Forecast surface clipped to project boundary; not direct station observation" }, "geometry": { "type": "Point", "coordinates": [ 112.42833052014258, -3.104029727796546 ] } },
{ "type": "Feature", "properties": { "precipitation_mm": 0.0, "temperature_c": 24.124706892449016, "humidity_pct": 93.62712448291613, "cloud_cover_pct": 87.202226009337153, "wind_speed_ms": 7.4106633869348544, "forecast_datetime": "2026-10-03T23:00:00", "source": "BMKG ADM4 forecast points + IDW", "boundary": "SERPRO Carbon Project Zone", "interpretation": "Forecast surface clipped to project boundary; not direct station observation" }, "geometry": { "type": "Point", "coordinates": [ 112.428318390375182, -3.094985509555731 ] } },
{ "type": "Feature", "properties": { "precipitation_mm": 0.0, "temperature_c": 24.100408249098642, "humidity_pct": 93.69644317458696, "cloud_cover_pct": 87.177007043626361, "wind_speed_ms": 7.4112114455873748, "forecast_datetime": "2026-10-03T23:00:00", "source": "BMKG ADM4 forecast points + IDW", "boundary": "SERPRO Carbon Project Zone", "interpretation": "Forecast surface clipped to project boundary; not direct station observation" }, "geometry": { "type": "Point", "coordinates": [ 112.428306296172579, -3.085941289721778 ] } },
{ "type": "Feature", "properties": { "precipitation_mm": 0.0, "temperature_c": 24.08678757772876, "humidity_pct": 93.734832849078089, "cloud_cover_pct": 87.165271062292504, "wind_speed_ms": 7.4118824006997297, "forecast_datetime": "2026-10-03T23:00:00", "source": "BMKG ADM4 forecast points + IDW", "boundary": "SERPRO Carbon Project Zone", "interpretation": "Forecast surface clipped to project boundary; not direct station observation" }, "geometry": { "type": "Point", "coordinates": [ 112.428294237533251, -3.076897068299327 ] } },
{ "type": "Feature", "properties": { "precipitation_mm": 0.0, "temperature_c": 24.082828814893883, "humidity_pct": 93.744369403045425, "cloud_cover_pct": 87.168705768933918, "wind_speed_ms": 7.4134150709910793, "forecast_datetime": "2026-10-03T23:00:00", "source": "BMKG ADM4 forecast points + IDW", "boundary": "SERPRO Carbon Project Zone", "interpretation": "Forecast surface clipped to project boundary; not direct station observation" }, "geometry": { "type": "Point", "coordinates": [ 112.428282214455749, -3.067852845293016 ] } },
{ "type": "Feature", "properties": { "precipitation_mm": 0.0, "temperature_c": 24.086643718094646, "humidity_pct": 93.730034582211985, "cloud_cover_pct": 87.186356709665901, "wind_speed_ms": 7.4162538857054683, "forecast_datetime": "2026-10-03T23:00:00", "source": "BMKG ADM4 forecast points + IDW", "boundary": "SERPRO Carbon Project Zone", "interpretation": "Forecast surface clipped to project boundary; not direct station observation" }, "geometry": { "type": "Point", "coordinates": [ 112.428270226938551, -3.058808620707484 ] } },
{ "type": "Feature", "properties": { "precipitation_mm": 0.0, "temperature_c": 24.095947698304595, "humidity_pct": 93.698341717939442, "cloud_cover_pct": 87.214768797904043, "wind_speed_ms": 7.4205822881060772, "forecast_datetime": "2026-10-03T23:00:00", "source": "BMKG ADM4 forecast points + IDW", "boundary": "SERPRO Carbon Project Zone", "interpretation": "Forecast surface clipped to project boundary; not direct station observation" }, "geometry": { "type": "Point", "coordinates": [ 112.428258274980195, -3.049764394547371 ] } },
{ "type": "Feature", "properties": { "precipitation_mm": 0.0, "temperature_c": 24.108616622258964, "humidity_pct": 93.655601814838477, "cloud_cover_pct": 87.249216561735565, "wind_speed_ms": 7.4264119871342569, "forecast_datetime": "2026-10-03T23:00:00", "source": "BMKG ADM4 forecast points + IDW", "boundary": "SERPRO Carbon Project Zone", "interpretation": "Forecast surface clipped to project boundary; not direct station observation" }, "geometry": { "type": "Point", "coordinates": [ 112.428246358579216, -3.040720166817315 ] } },
{ "type": "Feature", "properties": { "precipitation_mm": 0.0, "temperature_c": 24.123049746964, "humidity_pct": 93.606711894809479, "cloud_cover_pct": 87.285209796464372, "wind_speed_ms": 7.4336716429575418, "forecast_datetime": "2026-10-03T23:00:00", "source": "BMKG ADM4 forecast points + IDW", "boundary": "SERPRO Carbon Project Zone", "interpretation": "Forecast surface clipped to project boundary; not direct station observation" }, "geometry": { "type": "Point", "coordinates": [ 112.428234477734122, -3.031675937521956 ] } },
{ "type": "Feature", "properties": { "precipitation_mm": 0.0, "temperature_c": 24.138239772280411, "humidity_pct": 93.554836333571714, "cloud_cover_pct": 87.319455943146835, "wind_speed_ms": 7.442260780317218, "forecast_datetime": "2026-10-03T23:00:00", "source": "BMKG ADM4 forecast points + IDW", "boundary": "SERPRO Carbon Project Zone", "interpretation": "Forecast surface clipped to project boundary; not direct station observation" }, "geometry": { "type": "Point", "coordinates": [ 112.42822263244345, -3.022631706665934 ] } },
{ "type": "Feature", "properties": { "precipitation_mm": 0.0, "temperature_c": 24.153646565199875, "humidity_pct": 93.501726428055605, "cloud_cover_pct": 87.3500713704818, "wind_speed_ms": 7.4520696865966185, "forecast_datetime": "2026-10-03T23:00:00", "source": "BMKG ADM4 forecast points + IDW", "boundary": "SERPRO Carbon Project Zone", "interpretation": "Forecast surface clipped to project boundary; not direct station observation" }, "geometry": { "type": "Point", "coordinates": [ 112.428210822705751, -3.013587474253888 ] } },
{ "type": "Feature", "properties": { "precipitation_mm": 0.0, "temperature_c": 24.169019619399723, "humidity_pct": 93.448236148397697, "cloud_cover_pct": 87.376313428060172, "wind_speed_ms": 7.4629821842140442, "forecast_datetime": "2026-10-03T23:00:00", "source": "BMKG ADM4 forecast points + IDW", "boundary": "SERPRO Carbon Project Zone", "interpretation": "Forecast surface clipped to project boundary; not direct station observation" }, "geometry": { "type": "Point", "coordinates": [ 112.428199048519545, -3.004543240290458 ] } },
{ "type": "Feature", "properties": { "precipitation_mm": 0.0, "temperature_c": 24.184255799018398, "humidity_pct": 93.394753155904141, "cloud_cover_pct": 87.398174234066374, "wind_speed_ms": 7.4748749751629795, "forecast_datetime": "2026-10-03T23:00:00", "source": "BMKG ADM4 forecast points + IDW", "boundary": "SERPRO Carbon Project Zone", "interpretation": "Forecast surface clipped to project boundary; not direct station observation" }, "geometry": { "type": "Point", "coordinates": [ 112.428187309883398, -2.995499004780285 ] } },
{ "type": "Feature", "properties": { "precipitation_mm": 0.0, "temperature_c": 24.199312870649926, "humidity_pct": 93.341467521355511, "cloud_cover_pct": 87.416032927506137, "wind_speed_ms": 7.4876189344433044, "forecast_datetime": "2026-10-03T23:00:00", "source": "BMKG ADM4 forecast points + IDW", "boundary": "SERPRO Carbon Project Zone", "interpretation": "Forecast surface clipped to project boundary; not direct station observation" }, "geometry": { "type": "Point", "coordinates": [ 112.428175606795861, -2.986454767728008 ] } },
{ "type": "Feature", "properties": { "precipitation_mm": 0.0, "temperature_c": 24.214166891661947, "humidity_pct": 93.288506890049703, "cloud_cover_pct": 87.430422532453221, "wind_speed_ms": 7.5010825334484688, "forecast_datetime": "2026-10-03T23:00:00", "source": "BMKG ADM4 forecast points + IDW", "boundary": "SERPRO Carbon Project Zone", "interpretation": "Forecast surface clipped to project boundary; not direct station observation" }, "geometry": { "type": "Point", "coordinates": [ 112.428163939255455, -2.977410529138267 ] } },
{ "type": "Feature", "properties": { "precipitation_mm": 0.0, "temperature_c": 24.786677033242956, "humidity_pct": 91.877561463752784, "cloud_cover_pct": 87.640859994675139, "wind_speed_ms": 7.2572817227817179, "forecast_datetime": "2026-10-03T23:00:00", "source": "BMKG ADM4 forecast points + IDW", "boundary": "SERPRO Carbon Project Zone", "interpretation": "Forecast surface clipped to project boundary; not direct station observation" }, "geometry": { "type": "Point", "coordinates": [ 112.437489487437375, -3.221591703260565 ] } },
{ "type": "Feature", "properties": { "precipitation_mm": 0.0, "temperature_c": 24.770113692381663, "humidity_pct": 91.941192448225266, "cloud_cover_pct": 87.64249496529095, "wind_speed_ms": 7.2398017418288187, "forecast_datetime": "2026-10-03T23:00:00", "source": "BMKG ADM4 forecast points + IDW", "boundary": "SERPRO Carbon Project Zone", "interpretation": "Forecast surface clipped to project boundary; not direct station observation" }, "geometry": { "type": "Point", "coordinates": [ 112.437476815937799, -3.21254754191899 ] } },
{ "type": "Feature", "properties": { "precipitation_mm": 0.0, "temperature_c": 24.7486191466623, "humidity_pct": 92.010135060439012, "cloud_cover_pct": 87.638952142420706, "wind_speed_ms": 7.2317495712286295, "forecast_datetime": "2026-10-03T23:00:00", "source": "BMKG ADM4 forecast points + IDW", "boundary": "SERPRO Carbon Project Zone", "interpretation": "Forecast surface clipped to project boundary; not direct station observation" }, "geometry": { "type": "Point", "coordinates": [ 112.437464180246806, -3.203503378923387 ] } },
{ "type": "Feature", "properties": { "precipitation_mm": 0.0, "temperature_c": 24.72111444433385, "humidity_pct": 92.087246280791277, "cloud_cover_pct": 87.629661101999702, "wind_speed_ms": 7.2332742714430385, "forecast_datetime": "2026-10-03T23:00:00", "source": "BMKG ADM4 forecast points + IDW", "boundary": "SERPRO Carbon Project Zone", "interpretation": "Forecast surface clipped to project boundary; not direct station observation" }, "geometry": { "type": "Point", "coordinates": [ 112.437451580362804, -3.194459214278394 ] } },
{ "type": "Feature", "properties": { "precipitation_mm": 0.0, "temperature_c": 24.686714518617958, "humidity_pct": 92.175666794472832, "cloud_cover_pct": 87.614380459751288, "wind_speed_ms": 7.2436702135982989, "forecast_datetime": "2026-10-03T23:00:00", "source": "BMKG ADM4 forecast points + IDW", "boundary": "SERPRO Carbon Project Zone", "interpretation": "Forecast surface clipped to project boundary; not direct station observation" }, "geometry": { "type": "Point", "coordinates": [ 112.437439016284259, -3.185415047988649 ] } },
{ "type": "Feature", "properties": { "precipitation_mm": 0.0, "temperature_c": 24.644943848940176, "humidity_pct": 92.278205614490261, "cloud_cover_pct": 87.593242215675275, "wind_speed_ms": 7.2613721869521664, "forecast_datetime": "2026-10-03T23:00:00", "source": "BMKG ADM4 forecast points + IDW", "boundary": "SERPRO Carbon Project Zone", "interpretation": "Forecast surface clipped to project boundary; not direct station observation" }, "geometry": { "type": "Point", "coordinates": [ 112.437426488009606, -3.176370880058792 ] } },
{ "type": "Feature", "properties": { "precipitation_mm": 0.0, "temperature_c": 24.595945675002945, "humidity_pct": 92.396578851610101, "cloud_cover_pct": 87.566739999697432, "wind_speed_ms": 7.2841203959319838, "forecast_datetime": "2026-10-03T23:00:00", "source": "BMKG ADM4 forecast points + IDW", "boundary": "SERPRO Carbon Project Zone", "interpretation": "Forecast surface clipped to project boundary; not direct station observation" }, "geometry": { "type": "Point", "coordinates": [ 112.437413995537298, -3.167326710493461 ] } },
{ "type": "Feature", "properties": { "precipitation_mm": 0.0, "temperature_c": 24.540626655582926, "humidity_pct": 92.530690459952197, "cloud_cover_pct": 87.535665503314306, "wind_speed_ms": 7.3092772741777265, "forecast_datetime": "2026-10-03T23:00:00", "source": "BMKG ADM4 forecast points + IDW", "boundary": "SERPRO Carbon Project Zone", "interpretation": "Forecast surface clipped to project boundary; not direct station observation" }, "geometry": { "type": "Point", "coordinates": [ 112.437401538865799, -3.158282539297296 ] } },
{ "type": "Feature", "properties": { "precipitation_mm": 0.0, "temperature_c": 24.480681230988289, "humidity_pct": 92.678178592909759, "cloud_cover_pct": 87.501014052175208, "wind_speed_ms": 7.3342314200702576, "forecast_datetime": "2026-10-03T23:00:00", "source": "BMKG ADM4 forecast points + IDW", "boundary": "SERPRO Carbon Project Zone", "interpretation": "Forecast surface clipped to project boundary; not direct station observation" }, "geometry": { "type": "Point", "coordinates": [ 112.437389117993575, -3.149238366474933 ] } },
{ "type": "Feature", "properties": { "precipitation_mm": 0.0, "temperature_c": 24.418466001995494, "humidity_pct": 92.834401851811862, "cloud_cover_pct": 87.463893940248298, "wind_speed_ms": 7.3567934579879051, "forecast_datetime": "2026-10-03T23:00:00", "source": "BMKG ADM4 forecast points + IDW", "boundary": "SERPRO Carbon Project Zone", "interpretation": "Forecast surface clipped to project boundary; not direct station observation" }, "geometry": { "type": "Point", "coordinates": [ 112.437376732919077, -3.140194192031016 ] } },
{ "type": "Feature", "properties": { "precipitation_mm": 0.0, "temperature_c": 24.356739290341984, "humidity_pct": 92.992908557498566, "cloud_cover_pct": 87.425481020687542, "wind_speed_ms": 7.3754877068441997, "forecast_datetime": "2026-10-03T23:00:00", "source": "BMKG ADM4 forecast points + IDW", "boundary": "SERPRO Carbon Project Zone", "interpretation": "Forecast surface clipped to project boundary; not direct station observation" }, "geometry": { "type": "Point", "coordinates": [ 112.437364383640784, -3.131150015970181 ] } },
{ "type": "Feature", "properties": { "precipitation_mm": 0.0, "temperature_c": 24.298326090919414, "humidity_pct": 93.146271707802057, "cloud_cover_pct": 87.387055167668407, "wind_speed_ms": 7.3896754456357474, "forecast_datetime": "2026-10-03T23:00:00", "source": "BMKG ADM4 forecast points + IDW", "boundary": "SERPRO Carbon Project Zone", "interpretation": "Forecast surface clipped to project boundary; not direct station observation" }, "geometry": { "type": "Point", "coordinates": [ 112.437352070157161, -3.122105838297069 ] } },
{ "type": "Feature", "properties": { "precipitation_mm": 0.0, "temperature_c": 24.245789446025341, "humidity_pct": 93.28706454125853, "cloud_cover_pct": 87.350130945391527, "wind_speed_ms": 7.3994988131643389, "forecast_datetime": "2026-10-03T23:00:00", "source": "BMKG ADM4 forecast points + IDW", "boundary": "SERPRO Carbon Project Zone", "interpretation": "Forecast surface clipped to project boundary; not direct station observation" }, "geometry": { "type": "Point", "coordinates": [ 112.437339792466702, -3.113061659016321 ] } },
{ "type": "Feature", "properties": { "precipitation_mm": 0.0, "temperature_c": 24.201171975686105, "humidity_pct": 93.408757737131182, "cloud_cover_pct": 87.316640770416996, "wind_speed_ms": 7.4056863779529181, "forecast_datetime": "2026-10-03T23:00:00", "source": "BMKG ADM4 forecast points + IDW", "boundary": "SERPRO Carbon Project Zone", "interpretation": "Forecast surface clipped to project boundary; not direct station observation" }, "geometry": { "type": "Point", "coordinates": [ 112.437327550567886, -3.104017478132575 ] } },
{ "type": "Feature", "properties": { "precipitation_mm": 0.0, "temperature_c": 24.165826075251779, "humidity_pct": 93.50642886562855, "cloud_cover_pct": 87.289040664093335, "wind_speed_ms": 7.4092913914942011, "forecast_datetime": "2026-10-03T23:00:00", "source": "BMKG ADM4 forecast points + IDW", "boundary": "SERPRO Carbon Project Zone", "interpretation": "Forecast surface clipped to project boundary; not direct station observation" }, "geometry": { "type": "Point", "coordinates": [ 112.437315344459194, -3.094973295650471 ] } },
{ "type": "Feature", "properties": { "precipitation_mm": 0.0, "temperature_c": 24.140312510349002, "humidity_pct": 93.577292362995451, "cloud_cover_pct": 87.270121037105113, "wind_speed_ms": 7.4114355463529771, "forecast_datetime": "2026-10-03T23:00:00", "source": "BMKG ADM4 forecast points + IDW", "boundary": "SERPRO Carbon Project Zone", "interpretation": "Forecast surface clipped to project boundary; not direct station observation" }, "geometry": { "type": "Point", "coordinates": [ 112.437303174139132, -3.085929111574651 ] } },
{ "type": "Feature", "properties": { "precipitation_mm": 0.0, "temperature_c": 24.124354377785426, "humidity_pct": 93.62105375577795, "cloud_cover_pct": 87.262338305826162, "wind_speed_ms": 7.4131137460434697, "forecast_datetime": "2026-10-03T23:00:00", "source": "BMKG ADM4 forecast points + IDW", "boundary": "SERPRO Carbon Project Zone", "interpretation": "Forecast surface clipped to project boundary; not direct station observation" }, "geometry": { "type": "Point", "coordinates": [ 112.437291039606194, -3.076884925909753 ] } },
{ "type": "Feature", "properties": { "precipitation_mm": 0.0, "temperature_c": 24.116888849410579, "humidity_pct": 93.639935749587053, "cloud_cover_pct": 87.266789117827514, "wind_speed_ms": 7.4150902536848369, "forecast_datetime": "2026-10-03T23:00:00", "source": "BMKG ADM4 forecast points + IDW", "boundary": "SERPRO Carbon Project Zone", "interpretation": "Forecast surface clipped to project boundary; not direct station observation" }, "geometry": { "type": "Point", "coordinates": [ 112.437278940858846, -3.06784073866042 ] } },
{ "type": "Feature", "properties": { "precipitation_mm": 0.0, "temperature_c": 24.116288739555994, "humidity_pct": 93.638129399753296, "cloud_cover_pct": 87.282420490704368, "wind_speed_ms": 7.4178862540401145, "forecast_datetime": "2026-10-03T23:00:00", "source": "BMKG ADM4 forecast points + IDW", "boundary": "SERPRO Carbon Project Zone", "interpretation": "Forecast surface clipped to project boundary; not direct station observation" }, "geometry": { "type": "Point", "coordinates": [ 112.437266877895652, -3.058796549831292 ] } },
{ "type": "Feature", "properties": { "precipitation_mm": 0.0, "temperature_c": 24.120741310236262, "humidity_pct": 93.620680179608385, "cloud_cover_pct": 87.306156995487271, "wind_speed_ms": 7.4218267144395824, "forecast_datetime": "2026-10-03T23:00:00", "source": "BMKG ADM4 forecast points + IDW", "boundary": "SERPRO Carbon Project Zone", "interpretation": "Forecast surface clipped to project boundary; not direct station observation" }, "geometry": { "type": "Point", "coordinates": [ 112.437254850715078, -3.049752359427008 ] } },
{ "type": "Feature", "properties": { "precipitation_mm": 0.0, "temperature_c": 24.128630296237297, "humidity_pct": 93.592278921413183, "cloud_cover_pct": 87.333976164236034, "wind_speed_ms": 7.4270992050377345, "forecast_datetime": "2026-10-03T23:00:00", "source": "BMKG ADM4 forecast points + IDW", "boundary": "SERPRO Carbon Project Zone", "interpretation": "Forecast surface clipped to project boundary; not direct station observation" }, "geometry": { "type": "Point", "coordinates": [ 112.43724285931566, -3.040708167452211 ] } },
{ "type": "Feature", "properties": { "precipitation_mm": 0.0, "temperature_c": 24.138748596721001, "humidity_pct": 93.556525923138153, "cloud_cover_pct": 87.362204261525619, "wind_speed_ms": 7.4337937141080337, "forecast_datetime": "2026-10-03T23:00:00", "source": "BMKG ADM4 forecast points + IDW", "boundary": "SERPRO Carbon Project Zone", "interpretation": "Forecast surface clipped to project boundary; not direct station observation" }, "geometry": { "type": "Point", "coordinates": [ 112.437230903695919, -3.031663973911541 ] } },
{ "type": "Feature", "properties": { "precipitation_mm": 0.0, "temperature_c": 24.150304982147741, "humidity_pct": 93.5158312674277, "cloud_cover_pct": 87.388294673738912, "wind_speed_ms": 7.4419222748376059, "forecast_datetime": "2026-10-03T23:00:00", "source": "BMKG ADM4 forecast points + IDW", "boundary": "SERPRO Carbon Project Zone", "interpretation": "Forecast surface clipped to project boundary; not direct station observation" }, "geometry": { "type": "Point", "coordinates": [ 112.437218983854365, -3.022619778809641 ] } },
{ "type": "Feature", "properties": { "precipitation_mm": 0.0, "temperature_c": 24.162814569393536, "humidity_pct": 93.47170167463905, "cloud_cover_pct": 87.41093070173774, "wind_speed_ms": 7.4514314975866354, "forecast_datetime": "2026-10-03T23:00:00", "source": "BMKG ADM4 forecast points + IDW", "boundary": "SERPRO Carbon Project Zone", "interpretation": "Forecast surface clipped to project boundary; not direct station observation" }, "geometry": { "type": "Point", "coordinates": [ 112.437207099789532, -3.013575582151151 ] } },
{ "type": "Feature", "properties": { "precipitation_mm": 0.0, "temperature_c": 24.175975540708453, "humidity_pct": 93.425097008672495, "cloud_cover_pct": 87.429731188798598, "wind_speed_ms": 7.4622168102204629, "forecast_datetime": "2026-10-03T23:00:00", "source": "BMKG ADM4 forecast points + IDW", "boundary": "SERPRO Carbon Project Zone", "interpretation": "Forecast surface clipped to project boundary; not direct station observation" }, "geometry": { "type": "Point", "coordinates": [ 112.437195251499944, -3.004531383940711 ] } },
{ "type": "Feature", "properties": { "precipitation_mm": 0.0, "temperature_c": 24.189581587257187, "humidity_pct": 93.376691918756919, "cloud_cover_pct": 87.444873245560913, "wind_speed_ms": 7.4741390113316655, "forecast_datetime": "2026-10-03T23:00:00", "source": "BMKG ADM4 forecast points + IDW", "boundary": "SERPRO Carbon Project Zone", "interpretation": "Forecast surface clipped to project boundary; not direct station observation" }, "geometry": { "type": "Point", "coordinates": [ 112.437183438984178, -2.995487184182967 ] } },
{ "type": "Feature", "properties": { "precipitation_mm": 0.0, "temperature_c": 24.203474059477593, "humidity_pct": 93.327020603652969, "cloud_cover_pct": 87.456794709194511, "wind_speed_ms": 7.4870402835046033, "forecast_datetime": "2026-10-03T23:00:00", "source": "BMKG ADM4 forecast points + IDW", "boundary": "SERPRO Carbon Project Zone", "interpretation": "Forecast surface clipped to project boundary; not direct station observation" }, "geometry": { "type": "Point", "coordinates": [ 112.437171662240701, -2.986442982882557 ] } },
{ "type": "Feature", "properties": { "precipitation_mm": 0.0, "temperature_c": 24.21752067623618, "humidity_pct": 93.276540685249586, "cloud_cover_pct": 87.466009236394811, "wind_speed_ms": 7.5007573311882121, "forecast_datetime": "2026-10-03T23:00:00", "source": "BMKG ADM4 forecast points + IDW", "boundary": "SERPRO Carbon Project Zone", "interpretation": "Forecast surface clipped to project boundary; not direct station observation" }, "geometry": { "type": "Point", "coordinates": [ 112.437159921268133, -2.977398780044125 ] } },
{ "type": "Feature", "properties": { "precipitation_mm": 0.0, "temperature_c": 24.231607779283578, "humidity_pct": 93.225655112696927, "cloud_cover_pct": 87.473010294637959, "wind_speed_ms": 7.5151308432162018, "forecast_datetime": "2026-10-03T23:00:00", "source": "BMKG ADM4 forecast points + IDW", "boundary": "SERPRO Carbon Project Zone", "interpretation": "Forecast surface clipped to project boundary; not direct station observation" }, "geometry": { "type": "Point", "coordinates": [ 112.437148216064983, -2.968354575672312 ] } },
{ "type": "Feature", "properties": { "precipitation_mm": 0.0, "temperature_c": 24.835527718155124, "humidity_pct": 91.722485625577022, "cloud_cover_pct": 87.649485653570864, "wind_speed_ms": 7.2708033046895864, "forecast_datetime": "2026-10-03T23:00:00", "source": "BMKG ADM4 forecast points + IDW", "boundary": "SERPRO Carbon Project Zone", "interpretation": "Forecast surface clipped to project boundary; not direct station observation" }, "geometry": { "type": "Point", "coordinates": [ 112.446513104466263, -3.239667154628635 ] } },
{ "type": "Feature", "properties": { "precipitation_mm": 0.0, "temperature_c": 24.828623879691978, "humidity_pct": 91.779831156205631, "cloud_cover_pct": 87.663157676503786, "wind_speed_ms": 7.2305800330380743, "forecast_datetime": "2026-10-03T23:00:00", "source": "BMKG ADM4 forecast points + IDW", "boundary": "SERPRO Carbon Project Zone", "interpretation": "Forecast surface clipped to project boundary; not direct station observation" }, "geometry": { "type": "Point", "coordinates": [ 112.446500281646522, -3.230623032601047 ] } },
{ "type": "Feature", "properties": { "precipitation_mm": 0.0, "temperature_c": 24.819146027741056, "humidity_pct": 91.837003323544337, "cloud_cover_pct": 87.673188684255592, "wind_speed_ms": 7.1987152332639246, "forecast_datetime": "2026-10-03T23:00:00", "source": "BMKG ADM4 forecast points + IDW", "boundary": "SERPRO Carbon Project Zone", "interpretation": "Forecast surface clipped to project boundary; not direct station observation" }, "geometry": { "type": "Point", "coordinates": [ 112.446487494862438, -3.221578908909545 ] } },
{ "type": "Feature", "properties": { "precipitation_mm": 0.0, "temperature_c": 24.805956084575769, "humidity_pct": 91.8951964410237, "cloud_cover_pct": 87.678377345039536, "wind_speed_ms": 7.1771958307791142, "forecast_datetime": "2026-10-03T23:00:00", "source": "BMKG ADM4 forecast points + IDW", "boundary": "SERPRO Carbon Project Zone", "interpretation": "Forecast surface clipped to project boundary; not direct station observation" }, "geometry": { "type": "Point", "coordinates": [ 112.446474744112436, -3.21253478355877 ] } },
{ "type": "Feature", "properties": { "precipitation_mm": 0.0, "temperature_c": 24.787739292475933, "humidity_pct": 91.956686655639885, "cloud_cover_pct": 87.677706135935438, "wind_speed_ms": 7.1674289843493577, "forecast_datetime": "2026-10-03T23:00:00", "source": "BMKG ADM4 forecast points + IDW", "boundary": "SERPRO Carbon Project Zone", "interpretation": "Forecast surface clipped to project boundary; not direct station observation" }, "geometry": { "type": "Point", "coordinates": [ 112.446462029394979, -3.203490656553359 ] } },
{ "type": "Feature", "properties": { "precipitation_mm": 0.0, "temperature_c": 24.763148991671482, "humidity_pct": 92.024783401761511, "cloud_cover_pct": 87.670518832125012, "wind_speed_ms": 7.169874864331093, "forecast_datetime": "2026-10-03T23:00:00", "source": "BMKG ADM4 forecast points + IDW", "boundary": "SERPRO Carbon Project Zone", "interpretation": "Forecast surface clipped to project boundary; not direct station observation" }, "geometry": { "type": "Point", "coordinates": [ 112.446449350708448, -3.194446527897954 ] } },
{ "type": "Feature", "properties": { "precipitation_mm": 0.0, "temperature_c": 24.731032229245798, "humidity_pct": 92.103420739888747, "cloud_cover_pct": 87.656658668305298, "wind_speed_ms": 7.1838010039879219, "forecast_datetime": "2026-10-03T23:00:00", "source": "BMKG ADM4 forecast points + IDW", "boundary": "SERPRO Carbon Project Zone", "interpretation": "Forecast surface clipped to project boundary; not direct station observation" }, "geometry": { "type": "Point", "coordinates": [ 112.446436708051309, -3.185402397597197 ] } },
{ "type": "Feature", "properties": { "precipitation_mm": 0.0, "temperature_c": 24.690706616213475, "humidity_pct": 92.196380116363969, "cloud_cover_pct": 87.636526864972822, "wind_speed_ms": 7.2072562161489149, "forecast_datetime": "2026-10-03T23:00:00", "source": "BMKG ADM4 forecast points + IDW", "boundary": "SERPRO Carbon Project Zone", "interpretation": "Forecast surface clipped to project boundary; not direct station observation" }, "geometry": { "type": "Point", "coordinates": [ 112.446424101421997, -3.176358265655726 ] } },
{ "type": "Feature", "properties": { "precipitation_mm": 0.0, "temperature_c": 24.642227671160015, "humidity_pct": 92.306284973082086, "cloud_cover_pct": 87.611042627367112, "wind_speed_ms": 7.2373059686666528, "forecast_datetime": "2026-10-03T23:00:00", "source": "BMKG ADM4 forecast points + IDW", "boundary": "SERPRO Carbon Project Zone", "interpretation": "Forecast surface clipped to project boundary; not direct station observation" }, "geometry": { "type": "Point", "coordinates": [ 112.446411530818935, -3.167314132078181 ] } },
{ "type": "Feature", "properties": { "precipitation_mm": 0.0, "temperature_c": 24.586566795704687, "humidity_pct": 92.433640961642809, "cloud_cover_pct": 87.58151508219774, "wind_speed_ms": 7.2704915407883695, "forecast_datetime": "2026-10-03T23:00:00", "source": "BMKG ADM4 forecast points + IDW", "boundary": "SERPRO Carbon Project Zone", "interpretation": "Forecast surface clipped to project boundary; not direct station observation" }, "geometry": { "type": "Point", "coordinates": [ 112.446398996240603, -3.158269996869206 ] } },
{ "type": "Feature", "properties": { "precipitation_mm": 0.0, "temperature_c": 24.525626753612027, "humidity_pct": 92.576242443002414, "cloud_cover_pct": 87.549463803943397, "wind_speed_ms": 7.3034030350879284, "forecast_datetime": "2026-10-03T23:00:00", "source": "BMKG ADM4 forecast points + IDW", "boundary": "SERPRO Carbon Project Zone", "interpretation": "Forecast surface clipped to project boundary; not direct station observation" }, "geometry": { "type": "Point", "coordinates": [ 112.44638649768541, -3.149225860033439 ] } },
{ "type": "Feature", "properties": { "precipitation_mm": 0.0, "temperature_c": 24.462060512309463, "humidity_pct": 92.729183149883582, "cloud_cover_pct": 87.516439829358546, "wind_speed_ms": 7.3332190077313006, "forecast_datetime": "2026-10-03T23:00:00", "source": "BMKG ADM4 forecast points + IDW", "boundary": "SERPRO Carbon Project Zone", "interpretation": "Forecast surface clipped to project boundary; not direct station observation" }, "geometry": { "type": "Point", "coordinates": [ 112.446374035151848, -3.140181721575522 ] } },
{ "type": "Feature", "properties": { "precipitation_mm": 0.0, "temperature_c": 24.398921501885383, "humidity_pct": 92.885512556971349, "cloud_cover_pct": 87.483900044993291, "wind_speed_ms": 7.3580776898608073, "forecast_datetime": "2026-10-03T23:00:00", "source": "BMKG ADM4 forecast points + IDW", "boundary": "SERPRO Carbon Project Zone", "interpretation": "Forecast surface clipped to project boundary; not direct station observation" }, "geometry": { "type": "Point", "coordinates": [ 112.446361608638369, -3.131137581500097 ] } },
{ "type": "Feature", "properties": { "precipitation_mm": 0.0, "temperature_c": 24.339232463855797, "humidity_pct": 93.037352492484459, "cloud_cover_pct": 87.453173314618653, "wind_speed_ms": 7.3772028872109221, "forecast_datetime": "2026-10-03T23:00:00", "source": "BMKG ADM4 forecast points + IDW", "boundary": "SERPRO Carbon Project Zone", "interpretation": "Forecast surface clipped to project boundary; not direct station observation" }, "geometry": { "type": "Point", "coordinates": [ 112.446349218143425, -3.122093439811804 ] } },
{ "type": "Feature", "properties": { "precipitation_mm": 0.0, "temperature_c": 24.285585022593747, "humidity_pct": 93.177143205792802, "cloud_cover_pct": 87.425525667384676, "wind_speed_ms": 7.3907886872171478, "forecast_datetime": "2026-10-03T23:00:00", "source": "BMKG ADM4 forecast points + IDW", "boundary": "SERPRO Carbon Project Zone", "interpretation": "Forecast surface clipped to project boundary; not direct station observation" }, "geometry": { "type": "Point", "coordinates": [ 112.446336863665508, -3.113049296515286 ] } },
{ "type": "Feature", "properties": { "precipitation_mm": 0.0, "temperature_c": 24.239858904475383, "humidity_pct": 93.298695325796814, "cloud_cover_pct": 87.402283333047649, "wind_speed_ms": 7.3997172324755631, "forecast_datetime": "2026-10-03T23:00:00", "source": "BMKG ADM4 forecast points + IDW", "boundary": "SERPRO Carbon Project Zone", "interpretation": "Forecast surface clipped to project boundary; not direct station observation" }, "geometry": { "type": "Point", "coordinates": [ 112.446324545203069, -3.104005151615183 ] } },
{ "type": "Feature", "properties": { "precipitation_mm": 0.0, "temperature_c": 24.203094219092971, "humidity_pct": 93.397860459296425, "cloud_cover_pct": 87.384909827933257, "wind_speed_ms": 7.4052168577939543, "forecast_datetime": "2026-10-03T23:00:00", "source": "BMKG ADM4 forecast points + IDW", "boundary": "SERPRO Carbon Project Zone", "interpretation": "Forecast surface clipped to project boundary; not direct station observation" }, "geometry": { "type": "Point", "coordinates": [ 112.446312262754603, -3.094961005116137 ] } },
{ "type": "Feature", "properties": { "precipitation_mm": 0.0, "temperature_c": 24.175498741241455, "humidity_pct": 93.472794643806381, "cloud_cover_pct": 87.374883445997327, "wind_speed_ms": 7.4085598337658558, "forecast_datetime": "2026-10-03T23:00:00", "source": "BMKG ADM4 forecast points + IDW", "boundary": "SERPRO Carbon Project Zone", "interpretation": "Forecast surface clipped to project boundary; not direct station observation" }, "geometry": { "type": "Point", "coordinates": [ 112.446300016318574, -3.085916857022792 ] } },
{ "type": "Feature", "properties": { "precipitation_mm": 0.0, "temperature_c": 24.156555397240314, "humidity_pct": 93.523867653994273, "cloud_cover_pct": 87.373263050254366, "wind_speed_ms": 7.4108639125034399, "forecast_datetime": "2026-10-03T23:00:00", "source": "BMKG ADM4 forecast points + IDW", "boundary": "SERPRO Carbon Project Zone", "interpretation": "Forecast surface clipped to project boundary; not direct station observation" }, "geometry": { "type": "Point", "coordinates": [ 112.446287805893505, -3.076872707339788 ] } },
{ "type": "Feature", "properties": { "precipitation_mm": 0.0, "temperature_c": 24.145210613580023, "humidity_pct": 93.55325218275739, "cloud_cover_pct": 87.38005490632527, "wind_speed_ms": 7.4130149884880625, "forecast_datetime": "2026-10-03T23:00:00", "source": "BMKG ADM4 forecast points + IDW", "boundary": "SERPRO Carbon Project Zone", "interpretation": "Forecast surface clipped to project boundary; not direct station observation" }, "geometry": { "type": "Point", "coordinates": [ 112.446275631477846, -3.067828556071768 ] } },
{ "type": "Feature", "properties": { "precipitation_mm": 0.0, "temperature_c": 24.140129796085834, "humidity_pct": 93.564226454100094, "cloud_cover_pct": 87.393808335272922, "wind_speed_ms": 7.4156800573856696, "forecast_datetime": "2026-10-03T23:00:00", "source": "BMKG ADM4 forecast points + IDW", "boundary": "SERPRO Carbon Project Zone", "interpretation": "Forecast surface clipped to project boundary; not direct station observation" }, "geometry": { "type": "Point", "coordinates": [ 112.44626349307012, -3.058784403223374 ] } },
{ "type": "Feature", "properties": { "precipitation_mm": 0.0, "temperature_c": 24.139968682676358, "humidity_pct": 93.56035149360261, "cloud_cover_pct": 87.411879654826393, "wind_speed_ms": 7.4193502317041311, "forecast_datetime": "2026-10-03T23:00:00", "source": "BMKG ADM4 forecast points + IDW", "boundary": "SERPRO Carbon Project Zone", "interpretation": "Forecast surface clipped to project boundary; not direct station observation" }, "geometry": { "type": "Point", "coordinates": [ 112.44625139066882, -3.04974024879925 ] } },
{ "type": "Feature", "properties": { "precipitation_mm": 0.0, "temperature_c": 24.143571592562736, "humidity_pct": 93.544818580899857, "cloud_cover_pct": 87.431297202116198, "wind_speed_ms": 7.4243669051829739, "forecast_datetime": "2026-10-03T23:00:00", "source": "BMKG ADM4 forecast points + IDW", "boundary": "SERPRO Carbon Project Zone", "interpretation": "Forecast surface clipped to project boundary; not direct station observation" }, "geometry": { "type": "Point", "coordinates": [ 112.446239324272454, -3.040696092804036 ] } },
{ "type": "Feature", "properties": { "precipitation_mm": 0.0, "temperature_c": 24.150041434011698, "humidity_pct": 93.520172199511663, "cloud_cover_pct": 87.449648108881661, "wind_speed_ms": 7.4309274433497885, "forecast_datetime": "2026-10-03T23:00:00", "source": "BMKG ADM4 forecast points + IDW", "boundary": "SERPRO Carbon Project Zone", "interpretation": "Forecast surface clipped to project boundary; not direct station observation" }, "geometry": { "type": "Point", "coordinates": [ 112.446227293879531, -3.031651935242378 ] } },
{ "type": "Feature", "properties": { "precipitation_mm": 0.0, "temperature_c": 24.158707570599137, "humidity_pct": 93.488356986696061, "cloud_cover_pct": 87.465494767950332, "wind_speed_ms": 7.4390927985442952, "forecast_datetime": "2026-10-03T23:00:00", "source": "BMKG ADM4 forecast points + IDW", "boundary": "SERPRO Carbon Project Zone", "interpretation": "Forecast surface clipped to project boundary; not direct station observation" }, "geometry": { "type": "Point", "coordinates": [ 112.446215299488557, -3.022607776118917 ] } },
{ "type": "Feature", "properties": { "precipitation_mm": 0.0, "temperature_c": 24.16905836401919, "humidity_pct": 93.450891888707034, "cloud_cover_pct": 87.478300315045274, "wind_speed_ms": 7.4488105953236978, "forecast_datetime": "2026-10-03T23:00:00", "source": "BMKG ADM4 forecast points + IDW", "boundary": "SERPRO Carbon Project Zone", "interpretation": "Forecast surface clipped to project boundary; not direct station observation" }, "geometry": { "type": "Point", "coordinates": [ 112.446203341098069, -3.013563615438295 ] } },
{ "type": "Feature", "properties": { "precipitation_mm": 0.0, "temperature_c": 24.180685243367851, "humidity_pct": 93.409022506175518, "cloud_cover_pct": 87.488126247958775, "wind_speed_ms": 7.4599490592961928, "forecast_datetime": "2026-10-03T23:00:00", "source": "BMKG ADM4 forecast points + IDW", "boundary": "SERPRO Carbon Project Zone", "interpretation": "Forecast surface clipped to project boundary; not direct station observation" }, "geometry": { "type": "Point", "coordinates": [ 112.446191418706562, -3.004519453205159 ] } },
{ "type": "Feature", "properties": { "precipitation_mm": 0.0, "temperature_c": 24.193250094026791, "humidity_pct": 93.363808490854524, "cloud_cover_pct": 87.495333285149485, "wind_speed_ms": 7.4723309604368078, "forecast_datetime": "2026-10-03T23:00:00", "source": "BMKG ADM4 forecast points + IDW", "boundary": "SERPRO Carbon Project Zone", "interpretation": "Forecast surface clipped to project boundary; not direct station observation" }, "geometry": { "type": "Point", "coordinates": [ 112.446179532312598, -2.99547528942415 ] } },
{ "type": "Feature", "properties": { "precipitation_mm": 0.0, "temperature_c": 24.206469484746957, "humidity_pct": 93.316162152377927, "cloud_cover_pct": 87.500377680955324, "wind_speed_ms": 7.4857606050859911, "forecast_datetime": "2026-10-03T23:00:00", "source": "BMKG ADM4 forecast points + IDW", "boundary": "SERPRO Carbon Project Zone", "interpretation": "Forecast surface clipped to project boundary; not direct station observation" }, "geometry": { "type": "Point", "coordinates": [ 112.446167681914702, -2.986431124099911 ] } },
{ "type": "Feature", "properties": { "precipitation_mm": 0.0, "temperature_c": 24.220106943270846, "humidity_pct": 93.266864141696729, "cloud_cover_pct": 87.503702076312862, "wind_speed_ms": 7.5000422168013845, "forecast_datetime": "2026-10-03T23:00:00", "source": "BMKG ADM4 forecast points + IDW", "boundary": "SERPRO Carbon Project Zone", "interpretation": "Forecast surface clipped to project boundary; not direct station observation" }, "geometry": { "type": "Point", "coordinates": [ 112.446155867511393, -2.977386957237087 ] } },
{ "type": "Feature", "properties": { "precipitation_mm": 0.0, "temperature_c": 24.23396786239833, "humidity_pct": 93.216572717814827, "cloud_cover_pct": 87.50568989298614, "wind_speed_ms": 7.5149909839741103, "forecast_datetime": "2026-10-03T23:00:00", "source": "BMKG ADM4 forecast points + IDW", "boundary": "SERPRO Carbon Project Zone", "interpretation": "Forecast surface clipped to project boundary; not direct station observation" }, "geometry": { "type": "Point", "coordinates": [ 112.44614408910121, -2.968342788840321 ] } },
{ "type": "Feature", "properties": { "precipitation_mm": 0.0, "temperature_c": 24.247894809754367, "humidity_pct": 93.165833402711812, "cloud_cover_pct": 87.506654312752033, "wind_speed_ms": 7.5304388431664364, "forecast_datetime": "2026-10-03T23:00:00", "source": "BMKG ADM4 forecast points + IDW", "boundary": "SERPRO Carbon Project Zone", "interpretation": "Forecast surface clipped to project boundary; not direct station observation" }, "geometry": { "type": "Point", "coordinates": [ 112.446132346682731, -2.959298618914258 ] } },
{ "type": "Feature", "properties": { "precipitation_mm": 0.0, "temperature_c": 24.261762728295267, "humidity_pct": 93.115090433455663, "cloud_cover_pct": 87.506842992363161, "wind_speed_ms": 7.5462368409863654, "forecast_datetime": "2026-10-03T23:00:00", "source": "BMKG ADM4 forecast points + IDW", "boundary": "SERPRO Carbon Project Zone", "interpretation": "Forecast surface clipped to project boundary; not direct station observation" }, "geometry": { "type": "Point", "coordinates": [ 112.446120640254463, -2.950254447463541 ] } },
{ "type": "Feature", "properties": { "precipitation_mm": 0.0, "temperature_c": 24.863585826721927, "humidity_pct": 91.632837858911159, "cloud_cover_pct": 87.652960048559962, "wind_speed_ms": 7.2770273001590571, "forecast_datetime": "2026-10-03T23:00:00", "source": "BMKG ADM4 forecast points + IDW", "boundary": "SERPRO Carbon Project Zone", "interpretation": "Forecast surface clipped to project boundary; not direct station observation" }, "geometry": { "type": "Point", "coordinates": [ 112.455524173804562, -3.248698292218726 ] } },
{ "type": "Feature", "properties": { "precipitation_mm": 0.0, "temperature_c": 24.861039119714778, "humidity_pct": 91.69239950995339, "cloud_cover_pct": 87.673997363433813, "wind_speed_ms": 7.2212905726847989, "forecast_datetime": "2026-10-03T23:00:00", "source": "BMKG ADM4 forecast points + IDW", "boundary": "SERPRO Carbon Project Zone", "interpretation": "Forecast surface clipped to project boundary; not direct station observation" }, "geometry": { "type": "Point", "coordinates": [ 112.455511235026805, -3.239654208076721 ] } },
{ "type": "Feature", "properties": { "precipitation_mm": 0.0, "temperature_c": 24.857267567422486, "humidity_pct": 91.749962234112957, "cloud_cover_pct": 87.692716782623819, "wind_speed_ms": 7.1720334967500001, "forecast_datetime": "2026-10-03T23:00:00", "source": "BMKG ADM4 forecast points + IDW", "boundary": "SERPRO Carbon Project Zone", "interpretation": "Forecast surface clipped to project boundary; not direct station observation" }, "geometry": { "type": "Point", "coordinates": [ 112.455498332510274, -3.230610122265545 ] } },
{ "type": "Feature", "properties": { "precipitation_mm": 0.0, "temperature_c": 24.851302591580243, "humidity_pct": 91.805140000668942, "cloud_cover_pct": 87.707531638352705, "wind_speed_ms": 7.1323099523509441, "forecast_datetime": "2026-10-03T23:00:00", "source": "BMKG ADM4 forecast points + IDW", "boundary": "SERPRO Carbon Project Zone", "interpretation": "Forecast surface clipped to project boundary; not direct station observation" }, "geometry": { "type": "Point", "coordinates": [ 112.455485466253393, -3.221566034789843 ] } },
{ "type": "Feature", "properties": { "precipitation_mm": 0.0, "temperature_c": 24.841840464983235, "humidity_pct": 91.858621058705765, "cloud_cover_pct": 87.716837755240576, "wind_speed_ms": 7.105054803059903, "forecast_datetime": "2026-10-03T23:00:00", "source": "BMKG ADM4 forecast points + IDW", "boundary": "SERPRO Carbon Project Zone", "interpretation": "Forecast surface clipped to project boundary; not direct station observation" }, "geometry": { "type": "Point", "coordinates": [ 112.455472636254555, -3.212521945654256 ] } },
{ "type": "Feature", "properties": { "precipitation_mm": 0.0, "temperature_c": 24.827302681592823, "humidity_pct": 91.912588451063087, "cloud_cover_pct": 87.71928346582132, "wind_speed_ms": 7.0925056534651798, "forecast_datetime": "2026-10-03T23:00:00", "source": "BMKG ADM4 forecast points + IDW", "boundary": "SERPRO Carbon Project Zone", "interpretation": "Forecast surface clipped to project boundary; not direct station observation" }, "geometry": { "type": "Point", "coordinates": [ 112.455459842512184, -3.203477854863424 ] } },
{ "type": "Feature", "properties": { "precipitation_mm": 0.0, "temperature_c": 24.806007853120885, "humidity_pct": 91.970819809650607, "cloud_cover_pct": 87.714055113340493, "wind_speed_ms": 7.0956128059772281, "forecast_datetime": "2026-10-03T23:00:00", "source": "BMKG ADM4 forecast points + IDW", "boundary": "SERPRO Carbon Project Zone", "interpretation": "Forecast surface clipped to project boundary; not direct station observation" }, "geometry": { "type": "Point", "coordinates": [ 112.455447085024716, -3.194433762421992 ] } },
{ "type": "Feature", "properties": { "precipitation_mm": 0.0, "temperature_c": 24.776456068079433, "humidity_pct": 92.038264274571702, "cloud_cover_pct": 87.701092583000019, "wind_speed_ms": 7.1136335937773039, "forecast_datetime": "2026-10-03T23:00:00", "source": "BMKG ADM4 forecast points + IDW", "boundary": "SERPRO Carbon Project Zone", "interpretation": "Forecast surface clipped to project boundary; not direct station observation" }, "geometry": { "type": "Point", "coordinates": [ 112.455434363790545, -3.1853896683346 ] } },
{ "type": "Feature", "properties": { "precipitation_mm": 0.0, "temperature_c": 24.737682227825147, "humidity_pct": 92.120058631896399, "cloud_cover_pct": 87.681161521860503, "wind_speed_ms": 7.1440800981633013, "forecast_datetime": "2026-10-03T23:00:00", "source": "BMKG ADM4 forecast points + IDW", "boundary": "SERPRO Carbon Project Zone", "interpretation": "Forecast surface clipped to project boundary; not direct station observation" }, "geometry": { "type": "Point", "coordinates": [ 112.455421678808122, -3.176345572605891 ] } },
{ "type": "Feature", "properties": { "precipitation_mm": 0.0, "temperature_c": 24.689592798382922, "humidity_pct": 92.220185163242306, "cloud_cover_pct": 87.655756190253342, "wind_speed_ms": 7.1830776591616683, "forecast_datetime": "2026-10-03T23:00:00", "source": "BMKG ADM4 forecast points + IDW", "boundary": "SERPRO Carbon Project Zone", "interpretation": "Forecast surface clipped to project boundary; not direct station observation" }, "geometry": { "type": "Point", "coordinates": [ 112.45540903007587, -3.167301475240505 ] } },
{ "type": "Feature", "properties": { "precipitation_mm": 0.0, "temperature_c": 24.633180734912614, "humidity_pct": 92.340173650519318, "cloud_cover_pct": 87.626864766697139, "wind_speed_ms": 7.2260482006547191, "forecast_datetime": "2026-10-03T23:00:00", "source": "BMKG ADM4 forecast points + IDW", "boundary": "SERPRO Carbon Project Zone", "interpretation": "Forecast surface clipped to project boundary; not direct station observation" }, "geometry": { "type": "Point", "coordinates": [ 112.455396417592226, -3.158257376243087 ] } },
{ "type": "Feature", "properties": { "precipitation_mm": 0.0, "temperature_c": 24.570530213993869, "humidity_pct": 92.478299207729194, "cloud_cover_pct": 87.596669225299337, "wind_speed_ms": 7.268525290741799, "forecast_datetime": "2026-10-03T23:00:00", "source": "BMKG ADM4 forecast points + IDW", "boundary": "SERPRO Carbon Project Zone", "interpretation": "Forecast surface clipped to project boundary; not direct station observation" }, "geometry": { "type": "Point", "coordinates": [ 112.455383841355641, -3.149213275618279 ] } },
{ "type": "Feature", "properties": { "precipitation_mm": 0.0, "temperature_c": 24.504578332826529, "humidity_pct": 92.629585012960277, "cloud_cover_pct": 87.567261913018882, "wind_speed_ms": 7.3068773655539641, "forecast_datetime": "2026-10-03T23:00:00", "source": "BMKG ADM4 forecast points + IDW", "boundary": "SERPRO Carbon Project Zone", "interpretation": "Forecast surface clipped to project boundary; not direct station observation" }, "geometry": { "type": "Point", "coordinates": [ 112.455371301364565, -3.140169173370723 ] } },
{ "type": "Feature", "properties": { "precipitation_mm": 0.0, "temperature_c": 24.438679833859776, "humidity_pct": 92.786635524412389, "cloud_cover_pct": 87.540444272092742, "wind_speed_ms": 7.3387630861090489, "forecast_datetime": "2026-10-03T23:00:00", "source": "BMKG ADM4 forecast points + IDW", "boundary": "SERPRO Carbon Project Zone", "interpretation": "Forecast surface clipped to project boundary; not direct station observation" }, "geometry": { "type": "Point", "coordinates": [ 112.455358797617407, -3.131125069505064 ] } },
{ "type": "Feature", "properties": { "precipitation_mm": 0.0, "temperature_c": 24.376090437363242, "humidity_pct": 92.941026778881593, "cloud_cover_pct": 87.517638890786017, "wind_speed_ms": 7.3632429910126955, "forecast_datetime": "2026-10-03T23:00:00", "source": "BMKG ADM4 forecast points + IDW", "boundary": "SERPRO Carbon Project Zone", "interpretation": "Forecast surface clipped to project boundary; not direct station observation" }, "geometry": { "type": "Point", "coordinates": [ 112.455346330112675, -3.122080964025943 ] } },
{ "type": "Feature", "properties": { "precipitation_mm": 0.0, "temperature_c": 24.319509128650594, "humidity_pct": 93.084807017494569, "cloud_cover_pct": 87.499902306112389, "wind_speed_ms": 7.3805844449302151, "forecast_datetime": "2026-10-03T23:00:00", "source": "BMKG ADM4 forecast points + IDW", "boundary": "SERPRO Carbon Project Zone", "interpretation": "Forecast surface clipped to project boundary; not direct station observation" }, "geometry": { "type": "Point", "coordinates": [ 112.455333898848821, -3.113036856938004 ] } },
{ "type": "Feature", "properties": { "precipitation_mm": 0.0, "temperature_c": 24.270787025003898, "humidity_pct": 93.211686043139707, "cloud_cover_pct": 87.487981160939611, "wind_speed_ms": 7.3918798606474301, "forecast_datetime": "2026-10-03T23:00:00", "source": "BMKG ADM4 forecast points + IDW", "boundary": "SERPRO Carbon Project Zone", "interpretation": "Forecast surface clipped to project boundary; not direct station observation" }, "geometry": { "type": "Point", "coordinates": [ 112.455321503824294, -3.10399274824589 ] } },
{ "type": "Feature", "properties": { "precipitation_mm": 0.0, "temperature_c": 24.230842020870952, "humidity_pct": 93.317671907498564, "cloud_cover_pct": 87.482322247133268, "wind_speed_ms": 7.3986247153869646, "forecast_datetime": "2026-10-03T23:00:00", "source": "BMKG ADM4 forecast points + IDW", "boundary": "SERPRO Carbon Project Zone", "interpretation": "Forecast surface clipped to project boundary; not direct station observation" }, "geometry": { "type": "Point", "coordinates": [ 112.455309145037546, -3.094948637954245 ] } },
{ "type": "Feature", "properties": { "precipitation_mm": 0.0, "temperature_c": 24.199753497889688, "humidity_pct": 93.401128898469665, "cloud_cover_pct": 87.482954995032372, "wind_speed_ms": 7.4023737982827953, "forecast_datetime": "2026-10-03T23:00:00", "source": "BMKG ADM4 forecast points + IDW", "boundary": "SERPRO Carbon Project Zone", "interpretation": "Forecast surface clipped to project boundary; not direct station observation" }, "geometry": { "type": "Point", "coordinates": [ 112.455296822487085, -3.085904526067712 ] } },
{ "type": "Feature", "properties": { "precipitation_mm": 0.0, "temperature_c": 24.176975572610672, "humidity_pct": 93.46238255261953, "cloud_cover_pct": 87.489253502663061, "wind_speed_ms": 7.4045337008472218, "forecast_datetime": "2026-10-03T23:00:00", "source": "BMKG ADM4 forecast points + IDW", "boundary": "SERPRO Carbon Project Zone", "interpretation": "Forecast surface clipped to project boundary; not direct station observation" }, "geometry": { "type": "Point", "coordinates": [ 112.455284536171391, -3.076860412590937 ] } },
{ "type": "Feature", "properties": { "precipitation_mm": 0.0, "temperature_c": 24.161597474733586, "humidity_pct": 93.503071142033619, "cloud_cover_pct": 87.499753192225867, "wind_speed_ms": 7.4062822443897085, "forecast_datetime": "2026-10-03T23:00:00", "source": "BMKG ADM4 forecast points + IDW", "boundary": "SERPRO Carbon Project Zone", "interpretation": "Forecast surface clipped to project boundary; not direct station observation" }, "geometry": { "type": "Point", "coordinates": [ 112.455272286088899, -3.067816297528561 ] } },
{ "type": "Feature", "properties": { "precipitation_mm": 0.0, "temperature_c": 24.15258060186801, "humidity_pct": 93.525472509687134, "cloud_cover_pct": 87.512297230925299, "wind_speed_ms": 7.4085569694141844, "forecast_datetime": "2026-10-03T23:00:00", "source": "BMKG ADM4 forecast points + IDW", "boundary": "SERPRO Carbon Project Zone", "interpretation": "Forecast surface clipped to project boundary; not direct station observation" }, "geometry": { "type": "Point", "coordinates": [ 112.455260072238161, -3.058772180885231 ] } },
{ "type": "Feature", "properties": { "precipitation_mm": 0.0, "temperature_c": 24.14891637694766, "humidity_pct": 93.532009751052328, "cloud_cover_pct": 87.524597081436269, "wind_speed_ms": 7.412052689927668, "forecast_datetime": "2026-10-03T23:00:00", "source": "BMKG ADM4 forecast points + IDW", "boundary": "SERPRO Carbon Project Zone", "interpretation": "Forecast surface clipped to project boundary; not direct station observation" }, "geometry": { "type": "Point", "coordinates": [ 112.455247894617614, -3.049728062665589 ] } },
{ "type": "Feature", "properties": { "precipitation_mm": 0.0, "temperature_c": 24.149690369307326, "humidity_pct": 93.525016802836603, "cloud_cover_pct": 87.53490087922043, "wind_speed_ms": 7.4172124075783969, "forecast_datetime": "2026-10-03T23:00:00", "source": "BMKG ADM4 forecast points + IDW", "boundary": "SERPRO Carbon Project Zone", "interpretation": "Forecast surface clipped to project boundary; not direct station observation" }, "geometry": { "type": "Point", "coordinates": [ 112.455235753225793, -3.04068394287428 ] } },
{ "type": "Feature", "properties": { "precipitation_mm": 0.0, "temperature_c": 24.15408599863667, "humidity_pct": 93.506686820041466, "cloud_cover_pct": 87.542342139647118, "wind_speed_ms": 7.4242355420789652, "forecast_datetime": "2026-10-03T23:00:00", "source": "BMKG ADM4 forecast points + IDW", "boundary": "SERPRO Carbon Project Zone", "interpretation": "Forecast surface clipped to project boundary; not direct station observation" }, "geometry": { "type": "Point", "coordinates": [ 112.455223648061178, -3.031639821515949 ] } },
{ "type": "Feature", "properties": { "precipitation_mm": 0.0, "temperature_c": 24.161373632474142, "humidity_pct": 93.479071067024904, "cloud_cover_pct": 87.546849900500078, "wind_speed_ms": 7.4331204155355195, "forecast_datetime": "2026-10-03T23:00:00", "source": "BMKG ADM4 forecast points + IDW", "boundary": "SERPRO Carbon Project Zone", "interpretation": "Forecast surface clipped to project boundary; not direct station observation" }, "geometry": { "type": "Point", "coordinates": [ 112.455211579122277, -3.02259569859524 ] } },
{ "type": "Feature", "properties": { "precipitation_mm": 0.0, "temperature_c": 24.170907385365922, "humidity_pct": 93.444058939977211, "cloud_cover_pct": 87.548828531792012, "wind_speed_ms": 7.4437284738637395, "forecast_datetime": "2026-10-03T23:00:00", "source": "BMKG ADM4 forecast points + IDW", "boundary": "SERPRO Carbon Project Zone", "interpretation": "Forecast surface clipped to project boundary; not direct station observation" }, "geometry": { "type": "Point", "coordinates": [ 112.455199546407599, -3.013551574116799 ] } },
{ "type": "Feature", "properties": { "precipitation_mm": 0.0, "temperature_c": 24.182128058189107, "humidity_pct": 93.403342546104724, "cloud_cover_pct": 87.54885102146838, "wind_speed_ms": 7.4558466424067857, "forecast_datetime": "2026-10-03T23:00:00", "source": "BMKG ADM4 forecast points + IDW", "boundary": "SERPRO Carbon Project Zone", "interpretation": "Forecast surface clipped to project boundary; not direct station observation" }, "geometry": { "type": "Point", "coordinates": [ 112.455187549915664, -3.00450744808527 ] } },
{ "type": "Feature", "properties": { "precipitation_mm": 0.0, "temperature_c": 24.194564544375716, "humidity_pct": 93.358389810686845, "cloud_cover_pct": 87.54747054455099, "wind_speed_ms": 7.4692337904209269, "forecast_datetime": "2026-10-03T23:00:00", "source": "BMKG ADM4 forecast points + IDW", "boundary": "SERPRO Carbon Project Zone", "interpretation": "Forecast surface clipped to project boundary; not direct station observation" }, "geometry": { "type": "Point", "coordinates": [ 112.455175589644981, -2.9954633205053 ] } },
{ "type": "Feature", "properties": { "precipitation_mm": 0.0, "temperature_c": 24.207830126800054, "humidity_pct": 93.310437872387794, "cloud_cover_pct": 87.545141607826849, "wind_speed_ms": 7.4836495671409438, "forecast_datetime": "2026-10-03T23:00:00", "source": "BMKG ADM4 forecast points + IDW", "boundary": "SERPRO Carbon Project Zone", "interpretation": "Forecast surface clipped to project boundary; not direct station observation" }, "geometry": { "type": "Point", "coordinates": [ 112.455163665594085, -2.986419191381532 ] } },
{ "type": "Feature", "properties": { "precipitation_mm": 0.0, "temperature_c": 24.221614321410055, "humidity_pct": 93.260504841123165, "cloud_cover_pct": 87.542206441876488, "wind_speed_ms": 7.4988698040703641, "forecast_datetime": "2026-10-03T23:00:00", "source": "BMKG ADM4 forecast points + IDW", "boundary": "SERPRO Carbon Project Zone", "interpretation": "Forecast surface clipped to project boundary; not direct station observation" }, "geometry": { "type": "Point", "coordinates": [ 112.455151777761515, -2.977375060718611 ] } },
{ "type": "Feature", "properties": { "precipitation_mm": 0.0, "temperature_c": 24.235672414741831, "humidity_pct": 93.209412734675567, "cloud_cover_pct": 87.538909678001289, "wind_speed_ms": 7.5146933985162603, "forecast_datetime": "2026-10-03T23:00:00", "source": "BMKG ADM4 forecast points + IDW", "boundary": "SERPRO Carbon Project Zone", "interpretation": "Forecast surface clipped to project boundary; not direct station observation" }, "geometry": { "type": "Point", "coordinates": [ 112.455139926145762, -2.968330928521185 ] } },
{ "type": "Feature", "properties": { "precipitation_mm": 0.0, "temperature_c": 24.249814591286682, "humidity_pct": 93.157814890686993, "cloud_cover_pct": 87.535420491910557, "wind_speed_ms": 7.5309443511296417, "forecast_datetime": "2026-10-03T23:00:00", "source": "BMKG ADM4 forecast points + IDW", "boundary": "SERPRO Carbon Project Zone", "interpretation": "Forecast surface clipped to project boundary; not direct station observation" }, "geometry": { "type": "Point", "coordinates": [ 112.455128110745392, -2.959286794793899 ] } },
{ "type": "Feature", "properties": { "precipitation_mm": 0.0, "temperature_c": 24.263895812420358, "humidity_pct": 93.106223417774501, "cloud_cover_pct": 87.531853214233422, "wind_speed_ms": 7.5474712533482853, "forecast_datetime": "2026-10-03T23:00:00", "source": "BMKG ADM4 forecast points + IDW", "boundary": "SERPRO Carbon Project Zone", "interpretation": "Forecast surface clipped to project boundary; not direct station observation" }, "geometry": { "type": "Point", "coordinates": [ 112.455116331558955, -2.950242659541399 ] } },
{ "type": "Feature", "properties": { "precipitation_mm": 0.0, "temperature_c": 24.885061294643304, "humidity_pct": 91.604918236989249, "cloud_cover_pct": 87.67149603162035, "wind_speed_ms": 7.2366484707704855, "forecast_datetime": "2026-10-03T23:00:00", "source": "BMKG ADM4 forecast points + IDW", "boundary": "SERPRO Carbon Project Zone", "interpretation": "Forecast surface clipped to project boundary; not direct station observation" }, "geometry": { "type": "Point", "coordinates": [ 112.464522348023024, -3.248685229009508 ] } },
{ "type": "Feature", "properties": { "precipitation_mm": 0.0, "temperature_c": 24.885132209606088, "humidity_pct": 91.668736057889959, "cloud_cover_pct": 87.698347351011307, "wind_speed_ms": 7.1693575733097301, "forecast_datetime": "2026-10-03T23:00:00", "source": "BMKG ADM4 forecast points + IDW", "boundary": "SERPRO Carbon Project Zone", "interpretation": "Forecast surface clipped to project boundary; not direct station observation" }, "geometry": { "type": "Point", "coordinates": [ 112.464509329326106, -3.239641181308926 ] } },
{ "type": "Feature", "properties": { "precipitation_mm": 0.0, "temperature_c": 24.884527038368748, "humidity_pct": 91.729120011174615, "cloud_cover_pct": 87.723119481290368, "wind_speed_ms": 7.108516570199666, "forecast_datetime": "2026-10-03T23:00:00", "source": "BMKG ADM4 forecast points + IDW", "boundary": "SERPRO Carbon Project Zone", "interpretation": "Forecast surface clipped to project boundary; not direct station observation" }, "geometry": { "type": "Point", "coordinates": [ 112.464496347114391, -3.230597131938558 ] } },
{ "type": "Feature", "properties": { "precipitation_mm": 0.0, "temperature_c": 24.882224133574081, "humidity_pct": 91.784584943780729, "cloud_cover_pct": 87.743687857068025, "wind_speed_ms": 7.0583615465092411, "forecast_datetime": "2026-10-03T23:00:00", "source": "BMKG ADM4 forecast points + IDW", "boundary": "SERPRO Carbon Project Zone", "interpretation": "Forecast surface clipped to project boundary; not direct station observation" }, "geometry": { "type": "Point", "coordinates": [ 112.464483401386303, -3.221553080903045 ] } },
{ "type": "Feature", "properties": { "precipitation_mm": 0.0, "temperature_c": 24.876744933479962, "humidity_pct": 91.834880194540304, "cloud_cover_pct": 87.757832784669716, "wind_speed_ms": 7.0232041887628966, "forecast_datetime": "2026-10-03T23:00:00", "source": "BMKG ADM4 forecast points + IDW", "boundary": "SERPRO Carbon Project Zone", "interpretation": "Forecast surface clipped to project boundary; not direct station observation" }, "geometry": { "type": "Point", "coordinates": [ 112.464470492140208, -3.212509028207033 ] } },
{ "type": "Feature", "properties": { "precipitation_mm": 0.0, "temperature_c": 24.866203511307685, "humidity_pct": 91.881783729310598, "cloud_cover_pct": 87.763670680937096, "wind_speed_ms": 7.006531748862348, "forecast_datetime": "2026-10-03T23:00:00", "source": "BMKG ADM4 forecast points + IDW", "boundary": "SERPRO Carbon Project Zone", "interpretation": "Forecast surface clipped to project boundary; not direct station observation" }, "geometry": { "type": "Point", "coordinates": [ 112.464457619374528, -3.203464973855163 ] } },
{ "type": "Feature", "properties": { "precipitation_mm": 0.0, "temperature_c": 24.848511836827871, "humidity_pct": 91.929491175550652, "cloud_cover_pct": 87.760121841618698, "wind_speed_ms": 7.010043196635567, "forecast_datetime": "2026-10-03T23:00:00", "source": "BMKG ADM4 forecast points + IDW", "boundary": "SERPRO Carbon Project Zone", "interpretation": "Forecast surface clipped to project boundary; not direct station observation" }, "geometry": { "type": "Point", "coordinates": [ 112.464444783087671, -3.194420917852081 ] } },
{ "type": "Feature", "properties": { "precipitation_mm": 0.0, "temperature_c": 24.821740496980347, "humidity_pct": 91.984226929831721, "cloud_cover_pct": 87.747248736360277, "wind_speed_ms": 7.0329832493720916, "forecast_datetime": "2026-10-03T23:00:00", "source": "BMKG ADM4 forecast points + IDW", "boundary": "SERPRO Carbon Project Zone", "interpretation": "Forecast surface clipped to project boundary; not direct station observation" }, "geometry": { "type": "Point", "coordinates": [ 112.464431983278047, -3.185376860202428 ] } },
{ "type": "Feature", "properties": { "precipitation_mm": 0.0, "temperature_c": 24.784566168450343, "humidity_pct": 92.052982598204963, "cloud_cover_pct": 87.72633019498069, "wind_speed_ms": 7.072074013839365, "forecast_datetime": "2026-10-03T23:00:00", "source": "BMKG ADM4 forecast points + IDW", "boundary": "SERPRO Carbon Project Zone", "interpretation": "Forecast surface clipped to project boundary; not direct station observation" }, "geometry": { "type": "Point", "coordinates": [ 112.464419219944077, -3.17633280091085 ] } },
{ "type": "Feature", "properties": { "precipitation_mm": 0.0, "temperature_c": 24.736684341415344, "humidity_pct": 92.141695897803771, "cloud_cover_pct": 87.699645988711609, "wind_speed_ms": 7.1221062332071945, "forecast_datetime": "2026-10-03T23:00:00", "source": "BMKG ADM4 forecast points + IDW", "boundary": "SERPRO Carbon Project Zone", "interpretation": "Forecast surface clipped to project boundary; not direct station observation" }, "geometry": { "type": "Point", "coordinates": [ 112.464406493084198, -3.167288739981991 ] } },
{ "type": "Feature", "properties": { "precipitation_mm": 0.0, "temperature_c": 24.679056170698562, "humidity_pct": 92.253480110836065, "cloud_cover_pct": 87.670062128091132, "wind_speed_ms": 7.1769855052532527, "forecast_datetime": "2026-10-03T23:00:00", "source": "BMKG ADM4 forecast points + IDW", "boundary": "SERPRO Carbon Project Zone", "interpretation": "Forecast surface clipped to project boundary; not direct station observation" }, "geometry": { "type": "Point", "coordinates": [ 112.464393802696804, -3.158244677420494 ] } },
{ "type": "Feature", "properties": { "precipitation_mm": 0.0, "temperature_c": 24.613896114952507, "humidity_pct": 92.387532199101031, "cloud_cover_pct": 87.640561495037545, "wind_speed_ms": 7.230886166637414, "forecast_datetime": "2026-10-03T23:00:00", "source": "BMKG ADM4 forecast points + IDW", "boundary": "SERPRO Carbon Project Zone", "interpretation": "Forecast surface clipped to project boundary; not direct station observation" }, "geometry": { "type": "Point", "coordinates": [ 112.464381148780362, -3.149200613231005 ] } },
{ "type": "Feature", "properties": { "precipitation_mm": 0.0, "temperature_c": 24.544380034432507, "humidity_pct": 92.539092939191733, "cloud_cover_pct": 87.613846249529516, "wind_speed_ms": 7.2791868691500694, "forecast_datetime": "2026-10-03T23:00:00", "source": "BMKG ADM4 forecast points + IDW", "boundary": "SERPRO Carbon Project Zone", "interpretation": "Forecast surface clipped to project boundary; not direct station observation" }, "geometry": { "type": "Point", "coordinates": [ 112.464368531333307, -3.140156547418166 ] } },
{ "type": "Feature", "properties": { "precipitation_mm": 0.0, "temperature_c": 24.47414099541243, "humidity_pct": 92.700437799645641, "cloud_cover_pct": 87.592080886781886, "wind_speed_ms": 7.3189892728999952, "forecast_datetime": "2026-10-03T23:00:00", "source": "BMKG ADM4 forecast points + IDW", "boundary": "SERPRO Carbon Project Zone", "interpretation": "Forecast surface clipped to project boundary; not direct station observation" }, "geometry": { "type": "Point", "coordinates": [ 112.464355950354062, -3.131112479986624 ] } },
{ "type": "Feature", "properties": { "precipitation_mm": 0.0, "temperature_c": 24.406691345201903, "humidity_pct": 92.862515374108625, "cloud_cover_pct": 87.576781104853794, "wind_speed_ms": 7.3491794203817085, "forecast_datetime": "2026-10-03T23:00:00", "source": "BMKG ADM4 forecast points + IDW", "boundary": "SERPRO Carbon Project Zone", "interpretation": "Forecast surface clipped to project boundary; not direct station observation" }, "geometry": { "type": "Point", "coordinates": [ 112.464343405841063, -3.122068410941023 ] } },
{ "type": "Feature", "properties": { "precipitation_mm": 0.0, "temperature_c": 24.344931059159066, "humidity_pct": 93.016668178496289, "cloud_cover_pct": 87.568799248593251, "wind_speed_ms": 7.3701271848035521, "forecast_datetime": "2026-10-03T23:00:00", "source": "BMKG ADM4 forecast points + IDW", "boundary": "SERPRO Carbon Project Zone", "interpretation": "Forecast surface clipped to project boundary; not direct station observation" }, "geometry": { "type": "Point", "coordinates": [ 112.464330897792806, -3.11302434028601 ] } },
{ "type": "Feature", "properties": { "precipitation_mm": 0.0, "temperature_c": 24.290861264435812, "humidity_pct": 93.155928402521539, "cloud_cover_pct": 87.56832178200942, "wind_speed_ms": 7.3831985844416392, "forecast_datetime": "2026-10-03T23:00:00", "source": "BMKG ADM4 forecast points + IDW", "boundary": "SERPRO Carbon Project Zone", "interpretation": "Forecast surface clipped to project boundary; not direct station observation" }, "geometry": { "type": "Point", "coordinates": [ 112.464318426207697, -3.103980268026226 ] } },
{ "type": "Feature", "properties": { "precipitation_mm": 0.0, "temperature_c": 24.245540299540863, "humidity_pct": 93.275619326547627, "cloud_cover_pct": 87.574797802563083, "wind_speed_ms": 7.3902626598660719, "forecast_datetime": "2026-10-03T23:00:00", "source": "BMKG ADM4 forecast points + IDW", "boundary": "SERPRO Carbon Project Zone", "interpretation": "Forecast surface clipped to project boundary; not direct station observation" }, "geometry": { "type": "Point", "coordinates": [ 112.464305991084217, -3.094936194166319 ] } },
{ "type": "Feature", "properties": { "precipitation_mm": 0.0, "temperature_c": 24.209237119745541, "humidity_pct": 93.373281827704119, "cloud_cover_pct": 87.586791403182644, "wind_speed_ms": 7.393317458672974, "forecast_datetime": "2026-10-03T23:00:00", "source": "BMKG ADM4 forecast points + IDW", "boundary": "SERPRO Carbon Project Zone", "interpretation": "Forecast surface clipped to project boundary; not direct station observation" }, "geometry": { "type": "Point", "coordinates": [ 112.464293592420844, -3.085892118710934 ] } },
{ "type": "Feature", "properties": { "precipitation_mm": 0.0, "temperature_c": 24.181681387027766, "humidity_pct": 93.44817510570708, "cloud_cover_pct": 87.60190346564228, "wind_speed_ms": 7.3942674317057051, "forecast_datetime": "2026-10-03T23:00:00", "source": "BMKG ADM4 forecast points + IDW", "boundary": "SERPRO Carbon Project Zone", "interpretation": "Forecast surface clipped to project boundary; not direct station observation" }, "geometry": { "type": "Point", "coordinates": [ 112.464281230216031, -3.076848041664716 ] } },
{ "type": "Feature", "properties": { "precipitation_mm": 0.0, "temperature_c": 24.162293812517174, "humidity_pct": 93.500708114436975, "cloud_cover_pct": 87.617038068663263, "wind_speed_ms": 7.3947994319572095, "forecast_datetime": "2026-10-03T23:00:00", "source": "BMKG ADM4 forecast points + IDW", "boundary": "SERPRO Carbon Project Zone", "interpretation": "Forecast surface clipped to project boundary; not direct station observation" }, "geometry": { "type": "Point", "coordinates": [ 112.464268904468241, -3.067803963032313 ] } },
{ "type": "Feature", "properties": { "precipitation_mm": 0.0, "temperature_c": 24.150317303200278, "humidity_pct": 93.532085009647702, "cloud_cover_pct": 87.629159136174835, "wind_speed_ms": 7.3962788091304938, "forecast_datetime": "2026-10-03T23:00:00", "source": "BMKG ADM4 forecast points + IDW", "boundary": "SERPRO Carbon Project Zone", "interpretation": "Forecast surface clipped to project boundary; not direct station observation" }, "geometry": { "type": "Point", "coordinates": [ 112.464256615175984, -3.058759882818367 ] } },
{ "type": "Feature", "properties": { "precipitation_mm": 0.0, "temperature_c": 24.14485534602596, "humidity_pct": 93.544193043788297, "cloud_cover_pct": 87.636229876891122, "wind_speed_ms": 7.3996460363962431, "forecast_datetime": "2026-10-03T23:00:00", "source": "BMKG ADM4 forecast points + IDW", "boundary": "SERPRO Carbon Project Zone", "interpretation": "Forecast surface clipped to project boundary; not direct station observation" }, "geometry": { "type": "Point", "coordinates": [ 112.464244362337709, -3.049715801027527 ] } },
{ "type": "Feature", "properties": { "precipitation_mm": 0.0, "temperature_c": 24.144894561877909, "humidity_pct": 93.539523467015343, "cloud_cover_pct": 87.637718362341985, "wind_speed_ms": 7.405371663460147, "forecast_datetime": "2026-10-03T23:00:00", "source": "BMKG ADM4 forecast points + IDW", "boundary": "SERPRO Carbon Project Zone", "interpretation": "Forecast surface clipped to project boundary; not direct station observation" }, "geometry": { "type": "Point", "coordinates": [ 112.464232145951939, -3.040671717664439 ] } },
{ "type": "Feature", "properties": { "precipitation_mm": 0.0, "temperature_c": 24.149370564685569, "humidity_pct": 93.520945381733952, "cloud_cover_pct": 87.634373568963454, "wind_speed_ms": 7.4135188418626372, "forecast_datetime": "2026-10-03T23:00:00", "source": "BMKG ADM4 forecast points + IDW", "boundary": "SERPRO Carbon Project Zone", "interpretation": "Forecast surface clipped to project boundary; not direct station observation" }, "geometry": { "type": "Point", "coordinates": [ 112.464219966017112, -3.031627632733747 ] } },
{ "type": "Feature", "properties": { "precipitation_mm": 0.0, "temperature_c": 24.157263605578361, "humidity_pct": 93.49137160069985, "cloud_cover_pct": 87.627572470668824, "wind_speed_ms": 7.4238827698204526, "forecast_datetime": "2026-10-03T23:00:00", "source": "BMKG ADM4 forecast points + IDW", "boundary": "SERPRO Carbon Project Zone", "interpretation": "Forecast surface clipped to project boundary; not direct station observation" }, "geometry": { "type": "Point", "coordinates": [ 112.464207822531762, -3.022583546240101 ] } },
{ "type": "Feature", "properties": { "precipitation_mm": 0.0, "temperature_c": 24.167676576238044, "humidity_pct": 93.453469780561079, "cloud_cover_pct": 87.618720115289065, "wind_speed_ms": 7.4361334147511329, "forecast_datetime": "2026-10-03T23:00:00", "source": "BMKG ADM4 forecast points + IDW", "boundary": "SERPRO Carbon Project Zone", "interpretation": "Forecast surface clipped to project boundary; not direct station observation" }, "geometry": { "type": "Point", "coordinates": [ 112.464195715494398, -3.013539458188144 ] } },
{ "type": "Feature", "properties": { "precipitation_mm": 0.0, "temperature_c": 24.179870340851426, "humidity_pct": 93.409507716995279, "cloud_cover_pct": 87.608932879433866, "wind_speed_ms": 7.4499143367334177, "forecast_datetime": "2026-10-03T23:00:00", "source": "BMKG ADM4 forecast points + IDW", "boundary": "SERPRO Carbon Project Zone", "interpretation": "Forecast surface clipped to project boundary; not direct station observation" }, "geometry": { "type": "Point", "coordinates": [ 112.4641836449035, -3.004495368582526 ] } },
{ "type": "Feature", "properties": { "precipitation_mm": 0.0, "temperature_c": 24.193262424403702, "humidity_pct": 93.3613215515185, "cloud_cover_pct": 87.598968626106839, "wind_speed_ms": 7.4648932152697922, "forecast_datetime": "2026-10-03T23:00:00", "source": "BMKG ADM4 forecast points + IDW", "boundary": "SERPRO Carbon Project Zone", "interpretation": "Forecast surface clipped to project boundary; not direct station observation" }, "geometry": { "type": "Point", "coordinates": [ 112.464171610757589, -2.995451277427891 ] } },
{ "type": "Feature", "properties": { "precipitation_mm": 0.0, "temperature_c": 24.207406397794927, "humidity_pct": 93.310354630782484, "cloud_cover_pct": 87.589281933966902, "wind_speed_ms": 7.4807800483798443, "forecast_datetime": "2026-10-03T23:00:00", "source": "BMKG ADM4 forecast points + IDW", "boundary": "SERPRO Carbon Project Zone", "interpretation": "Forecast surface clipped to project boundary; not direct station observation" }, "geometry": { "type": "Point", "coordinates": [ 112.464159613055187, -2.986407184728889 ] } },
{ "type": "Feature", "properties": { "precipitation_mm": 0.0, "temperature_c": 24.221965826349685, "humidity_pct": 93.257722174489743, "cloud_cover_pct": 87.580112274485359, "wind_speed_ms": 7.4973292152877606, "forecast_datetime": "2026-10-03T23:00:00", "source": "BMKG ADM4 forecast points + IDW", "boundary": "SERPRO Carbon Project Zone", "interpretation": "Forecast surface clipped to project boundary; not direct station observation" }, "geometry": { "type": "Point", "coordinates": [ 112.464147651794789, -2.977363090490164 ] } },
{ "type": "Feature", "properties": { "precipitation_mm": 0.0, "temperature_c": 24.236689946585667, "humidity_pct": 93.204276922333122, "cloud_cover_pct": 87.571562190482226, "wind_speed_ms": 7.5143353658564411, "forecast_datetime": "2026-10-03T23:00:00", "source": "BMKG ADM4 forecast points + IDW", "boundary": "SERPRO Carbon Project Zone", "interpretation": "Forecast surface clipped to project boundary; not direct station observation" }, "geometry": { "type": "Point", "coordinates": [ 112.464135726974916, -2.968318994716365 ] } },
{ "type": "Feature", "properties": { "precipitation_mm": 0.0, "temperature_c": 24.251393532311496, "humidity_pct": 93.150665934312471, "cloud_cover_pct": 87.563653921113698, "wind_speed_ms": 7.5316278238381376, "forecast_datetime": "2026-10-03T23:00:00", "source": "BMKG ADM4 forecast points + IDW", "boundary": "SERPRO Carbon Project Zone", "interpretation": "Forecast surface clipped to project boundary; not direct station observation" }, "geometry": { "type": "Point", "coordinates": [ 112.464123838594134, -2.959274897412139 ] } },
{ "type": "Feature", "properties": { "precipitation_mm": 0.0, "temperature_c": 24.265941120456496, "humidity_pct": 93.097376475046602, "cloud_cover_pct": 87.55636627417087, "wind_speed_ms": 7.5490652599190522, "forecast_datetime": "2026-10-03T23:00:00", "source": "BMKG ADM4 forecast points + IDW", "boundary": "SERPRO Carbon Project Zone", "interpretation": "Forecast surface clipped to project boundary; not direct station observation" }, "geometry": { "type": "Point", "coordinates": [ 112.464111986650963, -2.950230798582135 ] } },
{ "type": "Feature", "properties": { "precipitation_mm": 0.0, "temperature_c": 24.904639368183378, "humidity_pct": 91.579955306194805, "cloud_cover_pct": 87.687867000600889, "wind_speed_ms": 7.1985911057481413, "forecast_datetime": "2026-10-03T23:00:00", "source": "BMKG ADM4 forecast points + IDW", "boundary": "SERPRO Carbon Project Zone", "interpretation": "Forecast surface clipped to project boundary; not direct station observation" }, "geometry": { "type": "Point", "coordinates": [ 112.473520485754648, -3.248672085361624 ] } },
{ "type": "Feature", "properties": { "precipitation_mm": 0.0, "temperature_c": 24.907103390377124, "humidity_pct": 91.651299634062212, "cloud_cover_pct": 87.721534856435198, "wind_speed_ms": 7.1173434442388466, "forecast_datetime": "2026-10-03T23:00:00", "source": "BMKG ADM4 forecast points + IDW", "boundary": "SERPRO Carbon Project Zone", "interpretation": "Forecast surface clipped to project boundary; not direct station observation" }, "geometry": { "type": "Point", "coordinates": [ 112.473507387140188, -3.23962807432686 ] } },
{ "type": "Feature", "properties": { "precipitation_mm": 0.0, "temperature_c": 24.909527050191347, "humidity_pct": 91.718147774851985, "cloud_cover_pct": 87.753604572168271, "wind_speed_ms": 7.0419298214935448, "forecast_datetime": "2026-10-03T23:00:00", "source": "BMKG ADM4 forecast points + IDW", "boundary": "SERPRO Carbon Project Zone", "interpretation": "Forecast surface clipped to project boundary; not direct station observation" }, "geometry": { "type": "Point", "coordinates": [ 112.47349432523491, -3.230584061621687 ] } },
{ "type": "Feature", "properties": { "precipitation_mm": 0.0, "temperature_c": 24.910867971658302, "humidity_pct": 91.777352766460083, "cloud_cover_pct": 87.78118750625417, "wind_speed_ms": 6.9781851266248518, "forecast_datetime": "2026-10-03T23:00:00", "source": "BMKG ADM4 forecast points + IDW", "boundary": "SERPRO Carbon Project Zone", "interpretation": "Forecast surface clipped to project boundary; not direct station observation" }, "geometry": { "type": "Point", "coordinates": [ 112.473481300037193, -3.22154004725075 ] } },
{ "type": "Feature", "properties": { "precipitation_mm": 0.0, "temperature_c": 24.909473883914558, "humidity_pct": 91.827039845766251, "cloud_cover_pct": 87.801129111662533, "wind_speed_ms": 6.9324224264682748, "forecast_datetime": "2026-10-03T23:00:00", "source": "BMKG ADM4 forecast points + IDW", "boundary": "SERPRO Carbon Project Zone", "interpretation": "Forecast surface clipped to project boundary; not direct station observation" }, "geometry": { "type": "Point", "coordinates": [ 112.473468311545446, -3.212496031218693 ] } },
{ "type": "Feature", "properties": { "precipitation_mm": 0.0, "temperature_c": 24.903111293213264, "humidity_pct": 91.868030351596374, "cloud_cover_pct": 87.810709627964883, "wind_speed_ms": 6.9100070736485479, "forecast_datetime": "2026-10-03T23:00:00", "source": "BMKG ADM4 forecast points + IDW", "boundary": "SERPRO Carbon Project Zone", "interpretation": "Forecast surface clipped to project boundary; not direct station observation" }, "geometry": { "type": "Point", "coordinates": [ 112.473455359758034, -3.203452013530162 ] } },
{ "type": "Feature", "properties": { "precipitation_mm": 0.0, "temperature_c": 24.889215970869873, "humidity_pct": 91.904774659122566, "cloud_cover_pct": 87.808428737708638, "wind_speed_ms": 6.9137487141296106, "forecast_datetime": "2026-10-03T23:00:00", "source": "BMKG ADM4 forecast points + IDW", "boundary": "SERPRO Carbon Project Zone", "interpretation": "Forecast surface clipped to project boundary; not direct station observation" }, "geometry": { "type": "Point", "coordinates": [ 112.473442444673381, -3.194407994189803 ] } },
{ "type": "Feature", "properties": { "precipitation_mm": 0.0, "temperature_c": 24.865357492894333, "humidity_pct": 91.945083177285028, "cloud_cover_pct": 87.794540338006925, "wind_speed_ms": 6.9428107032180755, "forecast_datetime": "2026-10-03T23:00:00", "source": "BMKG ADM4 forecast points + IDW", "boundary": "SERPRO Carbon Project Zone", "interpretation": "Forecast surface clipped to project boundary; not direct station observation" }, "geometry": { "type": "Point", "coordinates": [ 112.473429566289894, -3.185363973202261 ] } },
{ "type": "Feature", "properties": { "precipitation_mm": 0.0, "temperature_c": 24.829800448452385, "humidity_pct": 91.998453181171001, "cloud_cover_pct": 87.77108677632188, "wind_speed_ms": 6.9926841725683433, "forecast_datetime": "2026-10-03T23:00:00", "source": "BMKG ADM4 forecast points + IDW", "boundary": "SERPRO Carbon Project Zone", "interpretation": "Forecast surface clipped to project boundary; not direct station observation" }, "geometry": { "type": "Point", "coordinates": [ 112.473416724605968, -3.176319950572181 ] } },
{ "type": "Feature", "properties": { "precipitation_mm": 0.0, "temperature_c": 24.781987555414499, "humidity_pct": 92.073531282473709, "cloud_cover_pct": 87.741440046863985, "wind_speed_ms": 7.0562397218268282, "forecast_datetime": "2026-10-03T23:00:00", "source": "BMKG ADM4 forecast points + IDW", "boundary": "SERPRO Carbon Project Zone", "interpretation": "Forecast surface clipped to project boundary; not direct station observation" }, "geometry": { "type": "Point", "coordinates": [ 112.473403919620011, -3.167275926304209 ] } },
{ "type": "Feature", "properties": { "precipitation_mm": 0.0, "temperature_c": 24.722796039283764, "humidity_pct": 92.175686482626375, "cloud_cover_pct": 87.709585744044858, "wind_speed_ms": 7.1253671898399036, "forecast_datetime": "2026-10-03T23:00:00", "source": "BMKG ADM4 forecast points + IDW", "boundary": "SERPRO Carbon Project Zone", "interpretation": "Forecast surface clipped to project boundary; not direct station observation" }, "geometry": { "type": "Point", "coordinates": [ 112.473391151330461, -3.158231900402993 ] } },
{ "type": "Feature", "properties": { "precipitation_mm": 0.0, "temperature_c": 24.654494397387584, "humidity_pct": 92.305554983694549, "cloud_cover_pct": 87.679429846908235, "wind_speed_ms": 7.1925782328280912, "forecast_datetime": "2026-10-03T23:00:00", "source": "BMKG ADM4 forecast points + IDW", "boundary": "SERPRO Carbon Project Zone", "interpretation": "Forecast surface clipped to project boundary; not direct station observation" }, "geometry": { "type": "Point", "coordinates": [ 112.473378419735724, -3.149187872873177 ] } },
{ "type": "Feature", "properties": { "precipitation_mm": 0.0, "temperature_c": 24.580409374962322, "humidity_pct": 92.45894523093996, "cloud_cover_pct": 87.654301019851857, "wind_speed_ms": 7.2521383928901608, "forecast_datetime": "2026-10-03T23:00:00", "source": "BMKG ADM4 forecast points + IDW", "boundary": "SERPRO Carbon Project Zone", "interpretation": "Forecast surface clipped to project boundary; not direct station observation" }, "geometry": { "type": "Point", "coordinates": [ 112.473365724834238, -3.140143843719407 ] } },
{ "type": "Feature", "properties": { "precipitation_mm": 0.0, "temperature_c": 24.504388314486249, "humidity_pct": 92.627968896789582, "cloud_cover_pct": 87.636684862163335, "wind_speed_ms": 7.3005766748195482, "forecast_datetime": "2026-10-03T23:00:00", "source": "BMKG ADM4 forecast points + IDW", "boundary": "SERPRO Carbon Project Zone", "interpretation": "Forecast surface clipped to project boundary; not direct station observation" }, "geometry": { "type": "Point", "coordinates": [ 112.473353066624426, -3.131099812946331 ] } },
{ "type": "Feature", "properties": { "precipitation_mm": 0.0, "temperature_c": 24.430201330423362, "humidity_pct": 92.802883049524397, "cloud_cover_pct": 87.628134309422833, "wind_speed_ms": 7.336633846502405, "forecast_datetime": "2026-10-03T23:00:00", "source": "BMKG ADM4 forecast points + IDW", "boundary": "SERPRO Carbon Project Zone", "interpretation": "Forecast surface clipped to project boundary; not direct station observation" }, "geometry": { "type": "Point", "coordinates": [ 112.473340445104753, -3.122055780558594 ] } },
{ "type": "Feature", "properties": { "precipitation_mm": 0.0, "temperature_c": 24.36104664844224, "humidity_pct": 92.973977340195702, "cloud_cover_pct": 87.629254921433613, "wind_speed_ms": 7.360830637304324, "forecast_datetime": "2026-10-03T23:00:00", "source": "BMKG ADM4 forecast points + IDW", "boundary": "SERPRO Carbon Project Zone", "interpretation": "Forecast surface clipped to project boundary; not direct station observation" }, "geometry": { "type": "Point", "coordinates": [ 112.473327860273614, -3.113011746560845 ] } },
{ "type": "Feature", "properties": { "precipitation_mm": 0.0, "temperature_c": 24.299281020287918, "humidity_pct": 93.132941082702814, "cloud_cover_pct": 87.639655018518312, "wind_speed_ms": 7.3748805768657411, "forecast_datetime": "2026-10-03T23:00:00", "source": "BMKG ADM4 forecast points + IDW", "boundary": "SERPRO Carbon Project Zone", "interpretation": "Forecast surface clipped to project boundary; not direct station observation" }, "geometry": { "type": "Point", "coordinates": [ 112.473315312129486, -3.103967710957728 ] } },
{ "type": "Feature", "properties": { "precipitation_mm": 0.0, "temperature_c": 24.246406163717769, "humidity_pct": 93.273443930807204, "cloud_cover_pct": 87.657796598040406, "wind_speed_ms": 7.3811460918778495, "forecast_datetime": "2026-10-03T23:00:00", "source": "BMKG ADM4 forecast points + IDW", "boundary": "SERPRO Carbon Project Zone", "interpretation": "Forecast surface clipped to project boundary; not direct station observation" }, "geometry": { "type": "Point", "coordinates": [ 112.473302800670822, -3.094923673753892 ] } },
{ "type": "Feature", "properties": { "precipitation_mm": 0.0, "temperature_c": 24.203237522310097, "humidity_pct": 93.391040236546317, "cloud_cover_pct": 87.680820000379086, "wind_speed_ms": 7.3822475707003257, "forecast_datetime": "2026-10-03T23:00:00", "source": "BMKG ADM4 forecast points + IDW", "boundary": "SERPRO Carbon Project Zone", "interpretation": "Forecast surface clipped to project boundary; not direct station observation" }, "geometry": { "type": "Point", "coordinates": [ 112.473290325896059, -3.085879634953985 ] } },
{ "type": "Feature", "properties": { "precipitation_mm": 0.0, "temperature_c": 24.170105449214955, "humidity_pct": 93.482816302223284, "cloud_cover_pct": 87.70462326196936, "wind_speed_ms": 7.380811745262978, "forecast_datetime": "2026-10-03T23:00:00", "source": "BMKG ADM4 forecast points + IDW", "boundary": "SERPRO Carbon Project Zone", "interpretation": "Forecast surface clipped to project boundary; not direct station observation" }, "geometry": { "type": "Point", "coordinates": [ 112.473277887803661, -3.076835594562651 ] } },
{ "type": "Feature", "properties": { "precipitation_mm": 0.0, "temperature_c": 24.146940572111461, "humidity_pct": 93.547266435372777, "cloud_cover_pct": 87.724559124840098, "wind_speed_ms": 7.3792528086670615, "forecast_datetime": "2026-10-03T23:00:00", "source": "BMKG ADM4 forecast points + IDW", "boundary": "SERPRO Carbon Project Zone", "interpretation": "Forecast surface clipped to project boundary; not direct station observation" }, "geometry": { "type": "Point", "coordinates": [ 112.47326548639208, -3.067791552584541 ] } },
{ "type": "Feature", "properties": { "precipitation_mm": 0.0, "temperature_c": 24.133213342005753, "humidity_pct": 93.584557117633153, "cloud_cover_pct": 87.736759920935157, "wind_speed_ms": 7.3795047812512777, "forecast_datetime": "2026-10-03T23:00:00", "source": "BMKG ADM4 forecast points + IDW", "boundary": "SERPRO Carbon Project Zone", "interpretation": "Forecast surface clipped to project boundary; not direct station observation" }, "geometry": { "type": "Point", "coordinates": [ 112.473253121659823, -3.0587475090243 ] } },
{ "type": "Feature", "properties": { "precipitation_mm": 0.0, "temperature_c": 24.1278670368172, "humidity_pct": 93.596795800635519, "cloud_cover_pct": 87.739414116567104, "wind_speed_ms": 7.3827714453182312, "forecast_datetime": "2026-10-03T23:00:00", "source": "BMKG ADM4 forecast points + IDW", "boundary": "SERPRO Carbon Project Zone", "interpretation": "Forecast surface clipped to project boundary; not direct station observation" }, "geometry": { "type": "Point", "coordinates": [ 112.473240793605328, -3.049703463886577 ] } },
{ "type": "Feature", "properties": { "precipitation_mm": 0.0, "temperature_c": 24.129415697628968, "humidity_pct": 93.587766022847944, "cloud_cover_pct": 87.733106868505203, "wind_speed_ms": 7.3894588081983814, "forecast_datetime": "2026-10-03T23:00:00", "source": "BMKG ADM4 forecast points + IDW", "boundary": "SERPRO Carbon Project Zone", "interpretation": "Forecast surface clipped to project boundary; not direct station observation" }, "geometry": { "type": "Point", "coordinates": [ 112.473228502227087, -3.04065941717602 ] } },
{ "type": "Feature", "properties": { "precipitation_mm": 0.0, "temperature_c": 24.136210835413507, "humidity_pct": 93.562085885835074, "cloud_cover_pct": 87.720066940033959, "wind_speed_ms": 7.399349915259398, "forecast_datetime": "2026-10-03T23:00:00", "source": "BMKG ADM4 forecast points + IDW", "boundary": "SERPRO Carbon Project Zone", "interpretation": "Forecast surface clipped to project boundary; not direct station observation" }, "geometry": { "type": "Point", "coordinates": [ 112.473216247523581, -3.031615368897277 ] } },
{ "type": "Feature", "properties": { "precipitation_mm": 0.0, "temperature_c": 24.146722501846437, "humidity_pct": 93.524267841976581, "cloud_cover_pct": 87.703002799763922, "wind_speed_ms": 7.4118999402820194, "forecast_datetime": "2026-10-03T23:00:00", "source": "BMKG ADM4 forecast points + IDW", "boundary": "SERPRO Carbon Project Zone", "interpretation": "Forecast surface clipped to project boundary; not direct station observation" }, "geometry": { "type": "Point", "coordinates": [ 112.473204029493289, -3.022571319054996 ] } },
{ "type": "Feature", "properties": { "precipitation_mm": 0.0, "temperature_c": 24.159703375540509, "humidity_pct": 93.478120608982024, "cloud_cover_pct": 87.684249245769564, "wind_speed_ms": 7.4264885321818896, "forecast_datetime": "2026-10-03T23:00:00", "source": "BMKG ADM4 forecast points + IDW", "boundary": "SERPRO Carbon Project Zone", "interpretation": "Forecast surface clipped to project boundary; not direct station observation" }, "geometry": { "type": "Point", "coordinates": [ 112.473191848134718, -3.013527267653826 ] } },
{ "type": "Feature", "properties": { "precipitation_mm": 0.0, "temperature_c": 24.174221522602998, "humidity_pct": 93.426570814781726, "cloud_cover_pct": 87.6654387837511, "wind_speed_ms": 7.4425592074947593, "forecast_datetime": "2026-10-03T23:00:00", "source": "BMKG ADM4 forecast points + IDW", "boundary": "SERPRO Carbon Project Zone", "interpretation": "Forecast surface clipped to project boundary; not direct station observation" }, "geometry": { "type": "Point", "coordinates": [ 112.473179703446348, -3.004483214698414 ] } },
{ "type": "Feature", "properties": { "precipitation_mm": 0.0, "temperature_c": 24.189616474201848, "humidity_pct": 93.371747591565097, "cloud_cover_pct": 87.647535760226759, "wind_speed_ms": 7.4596643759890657, "forecast_datetime": "2026-10-03T23:00:00", "source": "BMKG ADM4 forecast points + IDW", "boundary": "SERPRO Carbon Project Zone", "interpretation": "Forecast surface clipped to project boundary; not direct station observation" }, "geometry": { "type": "Point", "coordinates": [ 112.473167595426688, -2.99543916019341 ] } },
{ "type": "Feature", "properties": { "precipitation_mm": 0.0, "temperature_c": 24.205432818943581, "humidity_pct": 93.315159101345898, "cloud_cover_pct": 87.631011080335014, "wind_speed_ms": 7.4774607741999786, "forecast_datetime": "2026-10-03T23:00:00", "source": "BMKG ADM4 forecast points + IDW", "boundary": "SERPRO Carbon Project Zone", "interpretation": "Forecast surface clipped to project boundary; not direct station observation" }, "geometry": { "type": "Point", "coordinates": [ 112.473155524074244, -2.986395104143463 ] } },
{ "type": "Feature", "properties": { "precipitation_mm": 0.0, "temperature_c": 24.221360020370998, "humidity_pct": 93.257864306970461, "cloud_cover_pct": 87.616022343145247, "wind_speed_ms": 7.4956885140693847, "forecast_datetime": "2026-10-03T23:00:00", "source": "BMKG ADM4 forecast points + IDW", "boundary": "SERPRO Carbon Project Zone", "interpretation": "Forecast surface clipped to project boundary; not direct station observation" }, "geometry": { "type": "Point", "coordinates": [ 112.473143489387525, -2.97735104655322 ] } },
{ "type": "Feature", "properties": { "precipitation_mm": 0.0, "temperature_c": 24.237186987371118, "humidity_pct": 93.200607105039623, "cloud_cover_pct": 87.602550321080443, "wind_speed_ms": 7.5141497044150736, "forecast_datetime": "2026-10-03T23:00:00", "source": "BMKG ADM4 forecast points + IDW", "boundary": "SERPRO Carbon Project Zone", "interpretation": "Forecast surface clipped to project boundary; not direct station observation" }, "geometry": { "type": "Point", "coordinates": [ 112.473131491365024, -2.968306987427332 ] } },
{ "type": "Feature", "properties": { "precipitation_mm": 0.0, "temperature_c": 24.25277051984456, "humidity_pct": 93.143911547684553, "cloud_cover_pct": 87.590487916877038, "wind_speed_ms": 7.5326916768932621, "forecast_datetime": "2026-10-03T23:00:00", "source": "BMKG ADM4 forecast points + IDW", "boundary": "SERPRO Carbon Project Zone", "interpretation": "Forecast surface clipped to project boundary; not direct station observation" }, "geometry": { "type": "Point", "coordinates": [ 112.473119530005292, -2.959262926770447 ] } },
{ "type": "Feature", "properties": { "precipitation_mm": 0.0, "temperature_c": 24.268014136149585, "humidity_pct": 93.088146849890649, "cloud_cover_pct": 87.579692785237924, "wind_speed_ms": 7.5511950886315926, "forecast_datetime": "2026-10-03T23:00:00", "source": "BMKG ADM4 forecast points + IDW", "boundary": "SERPRO Carbon Project Zone", "interpretation": "Forecast surface clipped to project boundary; not direct station observation" }, "geometry": { "type": "Point", "coordinates": [ 112.473107605306836, -2.950218864587216 ] } },
{ "type": "Feature", "properties": { "precipitation_mm": 0.0, "temperature_c": 24.918479474364382, "humidity_pct": 91.472725818306714, "cloud_cover_pct": 87.660909663972461, "wind_speed_ms": 7.2629169264814166, "forecast_datetime": "2026-10-03T23:00:00", "source": "BMKG ADM4 forecast points + IDW", "boundary": "SERPRO Carbon Project Zone", "interpretation": "Forecast surface clipped to project boundary; not direct station observation" }, "geometry": { "type": "Point", "coordinates": [ 112.482531802240629, -3.257702833745574 ] } },
{ "type": "Feature", "properties": { "precipitation_mm": 0.0, "temperature_c": 24.921845386187631, "humidity_pct": 91.555413301537826, "cloud_cover_pct": 87.700378213009117, "wind_speed_ms": 7.1666979323841105, "forecast_datetime": "2026-10-03T23:00:00", "source": "BMKG ADM4 forecast points + IDW", "boundary": "SERPRO Carbon Project Zone", "interpretation": "Forecast surface clipped to project boundary; not direct station observation" }, "geometry": { "type": "Point", "coordinates": [ 112.482518586775484, -3.248658861276697 ] } },
{ "type": "Feature", "properties": { "precipitation_mm": 0.0, "temperature_c": 24.926282107343301, "humidity_pct": 91.63816417031876, "cloud_cover_pct": 87.741916702686012, "wind_speed_ms": 7.0691541334904064, "forecast_datetime": "2026-10-03T23:00:00", "source": "BMKG ADM4 forecast points + IDW", "boundary": "SERPRO Carbon Project Zone", "interpretation": "Forecast surface clipped to project boundary; not direct station observation" }, "geometry": { "type": "Point", "coordinates": [ 112.482505408245089, -3.239614887132139 ] } },
{ "type": "Feature", "properties": { "precipitation_mm": 0.0, "temperature_c": 24.931371962642292, "humidity_pct": 91.716217805486224, "cloud_cover_pct": 87.782765187163236, "wind_speed_ms": 6.9758795637368731, "forecast_datetime": "2026-10-03T23:00:00", "source": "BMKG ADM4 forecast points + IDW", "boundary": "SERPRO Carbon Project Zone", "interpretation": "Forecast surface clipped to project boundary; not direct station observation" }, "geometry": { "type": "Point", "coordinates": [ 112.482492266647867, -3.230570911316545 ] } },
{ "type": "Feature", "properties": { "precipitation_mm": 0.0, "temperature_c": 24.936102618618587, "humidity_pct": 91.784016881744435, "cloud_cover_pct": 87.818975790733504, "wind_speed_ms": 6.8948237700749413, "forecast_datetime": "2026-10-03T23:00:00", "source": "BMKG ADM4 forecast points + IDW", "boundary": "SERPRO Carbon Project Zone", "interpretation": "Forecast surface clipped to project boundary; not direct station observation" }, "geometry": { "type": "Point", "coordinates": [ 112.482479161982141, -3.221526933834562 ] } },
{ "type": "Feature", "properties": { "precipitation_mm": 0.0, "temperature_c": 24.938665335821945, "humidity_pct": 91.837007418926945, "cloud_cover_pct": 87.845984525074996, "wind_speed_ms": 6.8352015724216288, "forecast_datetime": "2026-10-03T23:00:00", "source": "BMKG ADM4 forecast points + IDW", "boundary": "SERPRO Carbon Project Zone", "interpretation": "Forecast surface clipped to project boundary; not direct station observation" }, "geometry": { "type": "Point", "coordinates": [ 112.482466094246334, -3.212482954690838 ] } },
{ "type": "Feature", "properties": { "precipitation_mm": 0.0, "temperature_c": 24.936448076635088, "humidity_pct": 91.874125270803503, "cloud_cover_pct": 87.859768752771132, "wind_speed_ms": 6.805197080799223, "forecast_datetime": "2026-10-03T23:00:00", "source": "BMKG ADM4 forecast points + IDW", "boundary": "SERPRO Carbon Project Zone", "interpretation": "Forecast surface clipped to project boundary; not direct station observation" }, "geometry": { "type": "Point", "coordinates": [ 112.482453063438797, -3.203438973890019 ] } },
{ "type": "Feature", "properties": { "precipitation_mm": 0.0, "temperature_c": 24.926353007805208, "humidity_pct": 91.899745463646994, "cloud_cover_pct": 87.858197865011164, "wind_speed_ms": 6.8092179140796096, "forecast_datetime": "2026-10-03T23:00:00", "source": "BMKG ADM4 forecast points + IDW", "boundary": "SERPRO Carbon Project Zone", "interpretation": "Forecast surface clipped to project boundary; not direct station observation" }, "geometry": { "type": "Point", "coordinates": [ 112.482440069557953, -3.194394991436754 ] } },
{ "type": "Feature", "properties": { "precipitation_mm": 0.0, "temperature_c": 24.905408411410701, "humidity_pct": 91.923677699575492, "cloud_cover_pct": 87.841882767614592, "wind_speed_ms": 6.8461133977083444, "forecast_datetime": "2026-10-03T23:00:00", "source": "BMKG ADM4 forecast points + IDW", "boundary": "SERPRO Carbon Project Zone", "interpretation": "Forecast surface clipped to project boundary; not direct station observation" }, "geometry": { "type": "Point", "coordinates": [ 112.482427112602181, -3.185351007335686 ] } },
{ "type": "Feature", "properties": { "precipitation_mm": 0.0, "temperature_c": 24.87146255565532, "humidity_pct": 91.95880080763024, "cloud_cover_pct": 87.814052934877083, "wind_speed_ms": 6.9093788041113635, "forecast_datetime": "2026-10-03T23:00:00", "source": "BMKG ADM4 forecast points + IDW", "boundary": "SERPRO Carbon Project Zone", "interpretation": "Forecast surface clipped to project boundary; not direct station observation" }, "geometry": { "type": "Point", "coordinates": [ 112.482414192569863, -3.176307021591466 ] } },
{ "type": "Feature", "properties": { "precipitation_mm": 0.0, "temperature_c": 24.823707313959101, "humidity_pct": 92.017387550635206, "cloud_cover_pct": 87.779607664067441, "wind_speed_ms": 6.9891253411950451, "forecast_datetime": "2026-10-03T23:00:00", "source": "BMKG ADM4 forecast points + IDW", "boundary": "SERPRO Carbon Project Zone", "interpretation": "Forecast surface clipped to project boundary; not direct station observation" }, "geometry": { "type": "Point", "coordinates": [ 112.482401309459419, -3.167263034208741 ] } },
{ "type": "Feature", "properties": { "precipitation_mm": 0.0, "temperature_c": 24.762894523916778, "humidity_pct": 92.107779894131468, "cloud_cover_pct": 87.743915456198152, "wind_speed_ms": 7.0746692053510483, "forecast_datetime": "2026-10-03T23:00:00", "source": "BMKG ADM4 forecast points + IDW", "boundary": "SERPRO Carbon Project Zone", "interpretation": "Forecast surface clipped to project boundary; not direct station observation" }, "geometry": { "type": "Point", "coordinates": [ 112.482388463269274, -3.158219045192159 ] } },
{ "type": "Feature", "properties": { "precipitation_mm": 0.0, "temperature_c": 24.691241096703266, "humidity_pct": 92.232556254489097, "cloud_cover_pct": 87.71186451354275, "wind_speed_ms": 7.1566563952710247, "forecast_datetime": "2026-10-03T23:00:00", "source": "BMKG ADM4 forecast points + IDW", "boundary": "SERPRO Carbon Project Zone", "interpretation": "Forecast surface clipped to project boundary; not direct station observation" }, "geometry": { "type": "Point", "coordinates": [ 112.482375653997835, -3.149175054546366 ] } },
{ "type": "Feature", "properties": { "precipitation_mm": 0.0, "temperature_c": 24.612082817379207, "humidity_pct": 92.388440159647942, "cloud_cover_pct": 87.687335766361898, "wind_speed_ms": 7.2282672491241335, "forecast_datetime": "2026-10-03T23:00:00", "source": "BMKG ADM4 forecast points + IDW", "boundary": "SERPRO Carbon Project Zone", "interpretation": "Forecast surface clipped to project boundary; not direct station observation" }, "geometry": { "type": "Point", "coordinates": [ 112.482362881643482, -3.140131062276012 ] } },
{ "type": "Feature", "properties": { "precipitation_mm": 0.0, "temperature_c": 24.529363088648854, "humidity_pct": 92.567572131305255, "cloud_cover_pct": 87.673015802156556, "wind_speed_ms": 7.2855620176461633, "forecast_datetime": "2026-10-03T23:00:00", "source": "BMKG ADM4 forecast points + IDW", "boundary": "SERPRO Carbon Project Zone", "interpretation": "Forecast surface clipped to project boundary; not direct station observation" }, "geometry": { "type": "Point", "coordinates": [ 112.482350146204695, -3.131087068385744 ] } },
{ "type": "Feature", "properties": { "precipitation_mm": 0.0, "temperature_c": 24.447075878749139, "humidity_pct": 92.759484229264814, "cloud_cover_pct": 87.670383174362101, "wind_speed_ms": 7.3272283464414327, "forecast_datetime": "2026-10-03T23:00:00", "source": "BMKG ADM4 forecast points + IDW", "boundary": "SERPRO Carbon Project Zone", "interpretation": "Forecast surface clipped to project boundary; not direct station observation" }, "geometry": { "type": "Point", "coordinates": [ 112.482337447679853, -3.122043072880212 ] } },
{ "type": "Feature", "properties": { "precipitation_mm": 0.0, "temperature_c": 24.368806076632328, "humidity_pct": 92.953066748574628, "cloud_cover_pct": 87.67971166470474, "wind_speed_ms": 7.3540073112959572, "forecast_datetime": "2026-10-03T23:00:00", "source": "BMKG ADM4 forecast points + IDW", "boundary": "SERPRO Carbon Project Zone", "interpretation": "Forecast surface clipped to project boundary; not direct station observation" }, "geometry": { "type": "Point", "coordinates": [ 112.482324786067423, -3.112999075764063 ] } },
{ "type": "Feature", "properties": { "precipitation_mm": 0.0, "temperature_c": 24.297482421938238, "humidity_pct": 93.137965611771946, "cloud_cover_pct": 87.69997679547204, "wind_speed_ms": 7.3680386838094227, "forecast_datetime": "2026-10-03T23:00:00", "source": "BMKG ADM4 forecast points + IDW", "boundary": "SERPRO Carbon Project Zone", "interpretation": "Forecast surface clipped to project boundary; not direct station observation" }, "geometry": { "type": "Point", "coordinates": [ 112.482312161365812, -3.103955077041946 ] } },
{ "type": "Feature", "properties": { "precipitation_mm": 0.0, "temperature_c": 24.235364590577454, "humidity_pct": 93.305192650984424, "cloud_cover_pct": 87.728643761008911, "wind_speed_ms": 7.3723020828529044, "forecast_datetime": "2026-10-03T23:00:00", "source": "BMKG ADM4 forecast points + IDW", "boundary": "SERPRO Carbon Project Zone", "interpretation": "Forecast surface clipped to project boundary; not direct station observation" }, "geometry": { "type": "Point", "coordinates": [ 112.482299573573485, -3.09491107671851 ] } },
{ "type": "Feature", "properties": { "precipitation_mm": 0.0, "temperature_c": 24.18415882179475, "humidity_pct": 93.447185971759154, "cloud_cover_pct": 87.761501198680094, "wind_speed_ms": 7.3702195757245974, "forecast_datetime": "2026-10-03T23:00:00", "source": "BMKG ADM4 forecast points + IDW", "boundary": "SERPRO Carbon Project Zone", "interpretation": "Forecast surface clipped to project boundary; not direct station observation" }, "geometry": { "type": "Point", "coordinates": [ 112.48228702268888, -3.085867074798404 ] } },
{ "type": "Feature", "properties": { "precipitation_mm": 0.0, "temperature_c": 24.145067014061816, "humidity_pct": 93.557913718899073, "cloud_cover_pct": 87.792934878092169, "wind_speed_ms": 7.3653444508897579, "forecast_datetime": "2026-10-03T23:00:00", "source": "BMKG ADM4 forecast points + IDW", "boundary": "SERPRO Carbon Project Zone", "interpretation": "Forecast surface clipped to project boundary; not direct station observation" }, "geometry": { "type": "Point", "coordinates": [ 112.482274508710432, -3.076823071286276 ] } },
{ "type": "Feature", "properties": { "precipitation_mm": 0.0, "temperature_c": 24.118623146149233, "humidity_pct": 93.633538743072734, "cloud_cover_pct": 87.817032859404378, "wind_speed_ms": 7.3609838492198287, "forecast_datetime": "2026-10-03T23:00:00", "source": "BMKG ADM4 forecast points + IDW", "boundary": "SERPRO Carbon Project Zone", "interpretation": "Forecast surface clipped to project boundary; not direct station observation" }, "geometry": { "type": "Point", "coordinates": [ 112.482262031636608, -3.067779066186776 ] } },
{ "type": "Feature", "properties": { "precipitation_mm": 0.0, "temperature_c": 24.104400601423755, "humidity_pct": 93.673470419396608, "cloud_cover_pct": 87.829357091939784, "wind_speed_ms": 7.3597090713902746, "forecast_datetime": "2026-10-03T23:00:00", "source": "BMKG ADM4 forecast points + IDW", "boundary": "SERPRO Carbon Project Zone", "interpretation": "Forecast surface clipped to project boundary; not direct station observation" }, "geometry": { "type": "Point", "coordinates": [ 112.482249591465873, -3.058735059504554 ] } },
{ "type": "Feature", "properties": { "precipitation_mm": 0.0, "temperature_c": 24.100901467041709, "humidity_pct": 93.680858953552473, "cloud_cover_pct": 87.828402567782746, "wind_speed_ms": 7.3629482621516447, "forecast_datetime": "2026-10-03T23:00:00", "source": "BMKG ADM4 forecast points + IDW", "boundary": "SERPRO Carbon Project Zone", "interpretation": "Forecast surface clipped to project boundary; not direct station observation" }, "geometry": { "type": "Point", "coordinates": [ 112.482237188196692, -3.04969105124426 ] } },
{ "type": "Feature", "properties": { "precipitation_mm": 0.0, "temperature_c": 24.1058531785052, "humidity_pct": 93.661767108250444, "cloud_cover_pct": 87.81572203884464, "wind_speed_ms": 7.3709364374995463, "forecast_datetime": "2026-10-03T23:00:00", "source": "BMKG ADM4 forecast points + IDW", "boundary": "SERPRO Carbon Project Zone", "interpretation": "Forecast surface clipped to project boundary; not direct station observation" }, "geometry": { "type": "Point", "coordinates": [ 112.482224821827515, -3.040647041410541 ] } },
{ "type": "Feature", "properties": { "precipitation_mm": 0.0, "temperature_c": 24.116777566091191, "humidity_pct": 93.623375587992726, "cloud_cover_pct": 87.794738495636224, "wind_speed_ms": 7.3830565285776277, "forecast_datetime": "2026-10-03T23:00:00", "source": "BMKG ADM4 forecast points + IDW", "boundary": "SERPRO Carbon Project Zone", "interpretation": "Forecast surface clipped to project boundary; not direct station observation" }, "geometry": { "type": "Point", "coordinates": [ 112.482212492356837, -3.031603030008049 ] } },
{ "type": "Feature", "properties": { "precipitation_mm": 0.0, "temperature_c": 24.131493329675394, "humidity_pct": 93.572296081686787, "cloud_cover_pct": 87.769211834935888, "wind_speed_ms": 7.3983253184228328, "forecast_datetime": "2026-10-03T23:00:00", "source": "BMKG ADM4 forecast points + IDW", "boundary": "SERPRO Carbon Project Zone", "interpretation": "Forecast surface clipped to project boundary; not direct station observation" }, "geometry": { "type": "Point", "coordinates": [ 112.482200199783108, -3.022559017041434 ] } },
{ "type": "Feature", "properties": { "precipitation_mm": 0.0, "temperature_c": 24.148351265062676, "humidity_pct": 93.513691263094088, "cloud_cover_pct": 87.742216444847543, "wind_speed_ms": 7.415766452947258, "forecast_datetime": "2026-10-03T23:00:00", "source": "BMKG ADM4 forecast points + IDW", "boundary": "SERPRO Carbon Project Zone", "interpretation": "Forecast surface clipped to project boundary; not direct station observation" }, "geometry": { "type": "Point", "coordinates": [ 112.482187944104837, -3.013515002515345 ] } },
{ "type": "Feature", "properties": { "precipitation_mm": 0.0, "temperature_c": 24.1662317986743, "humidity_pct": 93.451167466267947, "cloud_cover_pct": 87.715810683864277, "wind_speed_ms": 7.4345870352590904, "forecast_datetime": "2026-10-03T23:00:00", "source": "BMKG ADM4 forecast points + IDW", "boundary": "SERPRO Carbon Project Zone", "interpretation": "Forecast surface clipped to project boundary; not direct station observation" }, "geometry": { "type": "Point", "coordinates": [ 112.482175725320502, -3.004470986434434 ] } },
{ "type": "Feature", "properties": { "precipitation_mm": 0.0, "temperature_c": 24.18442945280059, "humidity_pct": 93.387066681288147, "cloud_cover_pct": 87.691146661995333, "wind_speed_ms": 7.4542089726093756, "forecast_datetime": "2026-10-03T23:00:00", "source": "BMKG ADM4 forecast points + IDW", "boundary": "SERPRO Carbon Project Zone", "interpretation": "Forecast surface clipped to project boundary; not direct station observation" }, "geometry": { "type": "Point", "coordinates": [ 112.482163543428584, -2.995426968803349 ] } },
{ "type": "Feature", "properties": { "precipitation_mm": 0.0, "temperature_c": 24.202521718837716, "humidity_pct": 93.322843276814538, "cloud_cover_pct": 87.668731519411196, "wind_speed_ms": 7.4742336938996221, "forecast_datetime": "2026-10-03T23:00:00", "source": "BMKG ADM4 forecast points + IDW", "boundary": "SERPRO Carbon Project Zone", "interpretation": "Forecast surface clipped to project boundary; not direct station observation" }, "geometry": { "type": "Point", "coordinates": [ 112.48215139842759, -2.986382949626744 ] } },
{ "type": "Feature", "properties": { "precipitation_mm": 0.0, "temperature_c": 24.220264692022571, "humidity_pct": 93.259377923616398, "cloud_cover_pct": 87.648675992902014, "wind_speed_ms": 7.4943921688371677, "forecast_datetime": "2026-10-03T23:00:00", "source": "BMKG ADM4 forecast points + IDW", "boundary": "SERPRO Carbon Project Zone", "interpretation": "Forecast surface clipped to project boundary; not direct station observation" }, "geometry": { "type": "Point", "coordinates": [ 112.482139290316013, -2.977338928909265 ] } },
{ "type": "Feature", "properties": { "precipitation_mm": 0.0, "temperature_c": 24.237522268043321, "humidity_pct": 93.197196409072021, "cloud_cover_pct": 87.630876109390627, "wind_speed_ms": 7.5145022984657031, "forecast_datetime": "2026-10-03T23:00:00", "source": "BMKG ADM4 forecast points + IDW", "boundary": "SERPRO Carbon Project Zone", "interpretation": "Forecast surface clipped to project boundary; not direct station observation" }, "geometry": { "type": "Point", "coordinates": [ 112.482127219092376, -2.968294906655566 ] } },
{ "type": "Feature", "properties": { "precipitation_mm": 0.0, "temperature_c": 24.254222064693341, "humidity_pct": 93.136608671384352, "cloud_cover_pct": 87.615128616089351, "wind_speed_ms": 7.5344386151418643, "forecast_datetime": "2026-10-03T23:00:00", "source": "BMKG ADM4 forecast points + IDW", "boundary": "SERPRO Carbon Project Zone", "interpretation": "Forecast surface clipped to project boundary; not direct station observation" }, "geometry": { "type": "Point", "coordinates": [ 112.482115184755173, -2.959250882870298 ] } },
{ "type": "Feature", "properties": { "precipitation_mm": 0.0, "temperature_c": 24.270329227818902, "humidity_pct": 93.077792955391018, "cloud_cover_pct": 87.601197509227148, "wind_speed_ms": 7.554112564431291, "forecast_datetime": "2026-10-03T23:00:00", "source": "BMKG ADM4 forecast points + IDW", "boundary": "SERPRO Carbon Project Zone", "interpretation": "Forecast surface clipped to project boundary; not direct station observation" }, "geometry": { "type": "Point", "coordinates": [ 112.482103187302911, -2.950206857558111 ] } },
{ "type": "Feature", "properties": { "precipitation_mm": 0.0, "temperature_c": 24.936349481431428, "humidity_pct": 91.526463710609747, "cloud_cover_pct": 87.7065257535032, "wind_speed_ms": 7.1464823977218028, "forecast_datetime": "2026-10-03T23:00:00", "source": "BMKG ADM4 forecast points + IDW", "boundary": "SERPRO Carbon Project Zone", "interpretation": "Forecast surface clipped to project boundary; not direct station observation" }, "geometry": { "type": "Point", "coordinates": [ 112.491516650861541, -3.248645556756356 ] } },
{ "type": "Feature", "properties": { "precipitation_mm": 0.0, "temperature_c": 24.942119157416084, "humidity_pct": 91.624633291347635, "cloud_cover_pct": 87.756826440636615, "wind_speed_ms": 7.0309109647977195, "forecast_datetime": "2026-10-03T23:00:00", "source": "BMKG ADM4 forecast points + IDW", "boundary": "SERPRO Carbon Project Zone", "interpretation": "Forecast surface clipped to project boundary; not direct station observation" }, "geometry": { "type": "Point", "coordinates": [ 112.49150339241686, -3.239601619726387 ] } },
{ "type": "Feature", "properties": { "precipitation_mm": 0.0, "temperature_c": 24.949233206966838, "humidity_pct": 91.719511126403589, "cloud_cover_pct": 87.808047916682554, "wind_speed_ms": 6.9166034903381926, "forecast_datetime": "2026-10-03T23:00:00", "source": "BMKG ADM4 forecast points + IDW", "boundary": "SERPRO Carbon Project Zone", "interpretation": "Forecast surface clipped to project boundary; not direct station observation" }, "geometry": { "type": "Point", "coordinates": [ 112.491490171129286, -3.230557681024753 ] } },
{ "type": "Feature", "properties": { "precipitation_mm": 0.0, "temperature_c": 24.956781592659816, "humidity_pct": 91.802230705311388, "cloud_cover_pct": 87.854835568604912, "wind_speed_ms": 6.8141833921016222, "forecast_datetime": "2026-10-03T23:00:00", "source": "BMKG ADM4 forecast points + IDW", "boundary": "SERPRO Carbon Project Zone", "interpretation": "Forecast surface clipped to project boundary; not direct station observation" }, "geometry": { "type": "Point", "coordinates": [ 112.491476986997199, -3.2215137406561 ] } },
{ "type": "Feature", "properties": { "precipitation_mm": 0.0, "temperature_c": 24.96284118935451, "humidity_pct": 91.863996733706884, "cloud_cover_pct": 87.890529070005343, "wind_speed_ms": 6.7370229475829504, "forecast_datetime": "2026-10-03T23:00:00", "source": "BMKG ADM4 forecast points + IDW", "boundary": "SERPRO Carbon Project Zone", "interpretation": "Forecast surface clipped to project boundary; not direct station observation" }, "geometry": { "type": "Point", "coordinates": [ 112.491463840018923, -3.212469798625082 ] } },
{ "type": "Feature", "properties": { "precipitation_mm": 0.0, "temperature_c": 24.964409817058261, "humidity_pct": 91.900357013037365, "cloud_cover_pct": 87.909093746426393, "wind_speed_ms": 6.6975126647340977, "forecast_datetime": "2026-10-03T23:00:00", "source": "BMKG ADM4 forecast points + IDW", "boundary": "SERPRO Carbon Project Zone", "interpretation": "Forecast surface clipped to project boundary; not direct station observation" }, "geometry": { "type": "Point", "coordinates": [ 112.491450730192881, -3.203425854936342 ] } },
{ "type": "Feature", "properties": { "precipitation_mm": 0.0, "temperature_c": 24.957826259310526, "humidity_pct": 91.915060866915695, "cloud_cover_pct": 87.907500686035519, "wind_speed_ms": 6.702274431452798, "forecast_datetime": "2026-10-03T23:00:00", "source": "BMKG ADM4 forecast points + IDW", "boundary": "SERPRO Carbon Project Zone", "interpretation": "Forecast surface clipped to project boundary; not direct station observation" }, "geometry": { "type": "Point", "coordinates": [ 112.491437657517437, -3.194381909594534 ] } },
{ "type": "Feature", "properties": { "precipitation_mm": 0.0, "temperature_c": 24.939594636912922, "humidity_pct": 91.920554935118389, "cloud_cover_pct": 87.887071920114465, "wind_speed_ms": 6.7492732758197809, "forecast_datetime": "2026-10-03T23:00:00", "source": "BMKG ADM4 forecast points + IDW", "boundary": "SERPRO Carbon Project Zone", "interpretation": "Forecast surface clipped to project boundary; not direct station observation" }, "geometry": { "type": "Point", "coordinates": [ 112.491424621990973, -3.185337962604303 ] } },
{ "type": "Feature", "properties": { "precipitation_mm": 0.0, "temperature_c": 24.907220654898129, "humidity_pct": 91.934318005239888, "cloud_cover_pct": 87.852908971210681, "wind_speed_ms": 6.828748109339335, "forecast_datetime": "2026-10-03T23:00:00", "source": "BMKG ADM4 forecast points + IDW", "boundary": "SERPRO Carbon Project Zone", "interpretation": "Forecast surface clipped to project boundary; not direct station observation" }, "geometry": { "type": "Point", "coordinates": [ 112.491411623611882, -3.176294013970301 ] } },
{ "type": "Feature", "properties": { "precipitation_mm": 0.0, "temperature_c": 24.859705932693554, "humidity_pct": 91.973296983319713, "cloud_cover_pct": 87.811998882426025, "wind_speed_ms": 6.9269587052643491, "forecast_datetime": "2026-10-03T23:00:00", "source": "BMKG ADM4 forecast points + IDW", "boundary": "SERPRO Carbon Project Zone", "interpretation": "Forecast surface clipped to project boundary; not direct station observation" }, "geometry": { "type": "Point", "coordinates": [ 112.491398662378558, -3.167250063697175 ] } },
{ "type": "Feature", "properties": { "precipitation_mm": 0.0, "temperature_c": 24.797645409948991, "humidity_pct": 92.049414898959853, "cloud_cover_pct": 87.771299929060675, "wind_speed_ms": 7.0301830300367678, "forecast_datetime": "2026-10-03T23:00:00", "source": "BMKG ADM4 forecast points + IDW", "boundary": "SERPRO Carbon Project Zone", "interpretation": "Forecast surface clipped to project boundary; not direct station observation" }, "geometry": { "type": "Point", "coordinates": [ 112.491385738289409, -3.158206111789577 ] } },
{ "type": "Feature", "properties": { "precipitation_mm": 0.0, "temperature_c": 24.723063793533413, "humidity_pct": 92.167514277481956, "cloud_cover_pct": 87.736594267366243, "wind_speed_ms": 7.1272735324186556, "forecast_datetime": "2026-10-03T23:00:00", "source": "BMKG ADM4 forecast points + IDW", "boundary": "SERPRO Carbon Project Zone", "interpretation": "Forecast surface clipped to project boundary; not direct station observation" }, "geometry": { "type": "Point", "coordinates": [ 112.491372851342817, -3.149162158252154 ] } },
{ "type": "Feature", "properties": { "precipitation_mm": 0.0, "temperature_c": 24.639107150940891, "humidity_pct": 92.325470227181626, "cloud_cover_pct": 87.712102352854373, "wind_speed_ms": 7.2106169371858559, "forecast_datetime": "2026-10-03T23:00:00", "source": "BMKG ADM4 forecast points + IDW", "boundary": "SERPRO Carbon Project Zone", "interpretation": "Forecast surface clipped to project boundary; not direct station observation" }, "geometry": { "type": "Point", "coordinates": [ 112.491360001537203, -3.140118203089557 ] } },
{ "type": "Feature", "properties": { "precipitation_mm": 0.0, "temperature_c": 24.549640009608872, "humidity_pct": 92.51563725608554, "cloud_cover_pct": 87.700504507398406, "wind_speed_ms": 7.2760707953277688, "forecast_datetime": "2026-10-03T23:00:00", "source": "BMKG ADM4 forecast points + IDW", "boundary": "SERPRO Carbon Project Zone", "interpretation": "Forecast surface clipped to project boundary; not direct station observation" }, "geometry": { "type": "Point", "coordinates": [ 112.491347188870989, -3.131074246306437 ] } },
{ "type": "Feature", "properties": { "precipitation_mm": 0.0, "temperature_c": 24.458803154558993, "humidity_pct": 92.726844775254889, "cloud_cover_pct": 87.703051769356236, "wind_speed_ms": 7.3224249967123649, "forecast_datetime": "2026-10-03T23:00:00", "source": "BMKG ADM4 forecast points + IDW", "boundary": "SERPRO Carbon Project Zone", "interpretation": "Forecast surface clipped to project boundary; not direct station observation" }, "geometry": { "type": "Point", "coordinates": [ 112.491334413342585, -3.122030287907444 ] } },
{ "type": "Feature", "properties": { "precipitation_mm": 0.0, "temperature_c": 24.370630675385843, "humidity_pct": 92.946305320669325, "cloud_cover_pct": 87.719583537972468, "wind_speed_ms": 7.3507149546953192, "forecast_datetime": "2026-10-03T23:00:00", "source": "BMKG ADM4 forecast points + IDW", "boundary": "SERPRO Carbon Project Zone", "interpretation": "Forecast surface clipped to project boundary; not direct station observation" }, "geometry": { "type": "Point", "coordinates": [ 112.491321674950399, -3.112986327897227 ] } },
{ "type": "Feature", "properties": { "precipitation_mm": 0.0, "temperature_c": 24.288822706992139, "humidity_pct": 93.160986767730279, "cloud_cover_pct": 87.748380839298818, "wind_speed_ms": 7.3635685870213079, "forecast_datetime": "2026-10-03T23:00:00", "source": "BMKG ADM4 forecast points + IDW", "boundary": "SERPRO Carbon Project Zone", "interpretation": "Forecast surface clipped to project boundary; not direct station observation" }, "geometry": { "type": "Point", "coordinates": [ 112.491308973692881, -3.103942366280437 ] } },
{ "type": "Feature", "properties": { "precipitation_mm": 0.0, "temperature_c": 24.21668143985622, "humidity_pct": 93.358346472414198, "cloud_cover_pct": 87.785912382704936, "wind_speed_ms": 7.3646842384828277, "forecast_datetime": "2026-10-03T23:00:00", "source": "BMKG ADM4 forecast points + IDW", "boundary": "SERPRO Carbon Project Zone", "interpretation": "Forecast surface clipped to project boundary; not direct station observation" }, "geometry": { "type": "Point", "coordinates": [ 112.491296309568455, -3.094898403061723 ] } },
{ "type": "Feature", "properties": { "precipitation_mm": 0.0, "temperature_c": 24.157077569689985, "humidity_pct": 93.526806966282152, "cloud_cover_pct": 87.826737622744986, "wind_speed_ms": 7.3584286975379367, "forecast_datetime": "2026-10-03T23:00:00", "source": "BMKG ADM4 forecast points + IDW", "boundary": "SERPRO Carbon Project Zone", "interpretation": "Forecast surface clipped to project boundary; not direct station observation" }, "geometry": { "type": "Point", "coordinates": [ 112.491283682575542, -3.08585443824574 ] } },
{ "type": "Feature", "properties": { "precipitation_mm": 0.0, "temperature_c": 24.112235643686709, "humidity_pct": 93.656664566043702, "cloud_cover_pct": 87.864029941148289, "wind_speed_ms": 7.3494158442023041, "forecast_datetime": "2026-10-03T23:00:00", "source": "BMKG ADM4 forecast points + IDW", "boundary": "SERPRO Carbon Project Zone", "interpretation": "Forecast surface clipped to project boundary; not direct station observation" }, "geometry": { "type": "Point", "coordinates": [ 112.491271092712594, -3.076810471837134 ] } },
{ "type": "Feature", "properties": { "precipitation_mm": 0.0, "temperature_c": 24.083255492502641, "humidity_pct": 93.74178399193184, "cloud_cover_pct": 87.891049424239768, "wind_speed_ms": 7.3419036572025602, "forecast_datetime": "2026-10-03T23:00:00", "source": "BMKG ADM4 forecast points + IDW", "boundary": "SERPRO Carbon Project Zone", "interpretation": "Forecast surface clipped to project boundary; not direct station observation" }, "geometry": { "type": "Point", "coordinates": [ 112.491258539978062, -3.06776650384056 ] } },
{ "type": "Feature", "properties": { "precipitation_mm": 0.0, "temperature_c": 24.069621587791591, "humidity_pct": 93.781373812234364, "cloud_cover_pct": 87.903180125253542, "wind_speed_ms": 7.3390567213640168, "forecast_datetime": "2026-10-03T23:00:00", "source": "BMKG ADM4 forecast points + IDW", "boundary": "SERPRO Carbon Project Zone", "interpretation": "Forecast surface clipped to project boundary; not direct station observation" }, "geometry": { "type": "Point", "coordinates": [ 112.491246024370398, -3.058722534260665 ] } },
{ "type": "Feature", "properties": { "precipitation_mm": 0.0, "temperature_c": 24.069161642099672, "humidity_pct": 93.780370076869872, "cloud_cover_pct": 87.899358884787162, "wind_speed_ms": 7.3424211183822923, "forecast_datetime": "2026-10-03T23:00:00", "source": "BMKG ADM4 forecast points + IDW", "boundary": "SERPRO Carbon Project Zone", "interpretation": "Forecast surface clipped to project boundary; not direct station observation" }, "geometry": { "type": "Point", "coordinates": [ 112.491233545888036, -3.049678563102104 ] } },
{ "type": "Feature", "properties": { "precipitation_mm": 0.0, "temperature_c": 24.078643034906484, "humidity_pct": 93.747711135978264, "cloud_cover_pct": 87.881922716453133, "wind_speed_ms": 7.3519558364064759, "forecast_datetime": "2026-10-03T23:00:00", "source": "BMKG ADM4 forecast points + IDW", "boundary": "SERPRO Carbon Project Zone", "interpretation": "Forecast surface clipped to project boundary; not direct station observation" }, "geometry": { "type": "Point", "coordinates": [ 112.491221104529458, -3.040634590369526 ] } },
{ "type": "Feature", "properties": { "precipitation_mm": 0.0, "temperature_c": 24.09467324202457, "humidity_pct": 93.69346869204962, "cloud_cover_pct": 87.855116817112602, "wind_speed_ms": 7.3665750777329064, "forecast_datetime": "2026-10-03T23:00:00", "source": "BMKG ADM4 forecast points + IDW", "boundary": "SERPRO Carbon Project Zone", "interpretation": "Forecast surface clipped to project boundary; not direct station observation" }, "geometry": { "type": "Point", "coordinates": [ 112.491208700293114, -3.031590616067585 ] } },
{ "type": "Feature", "properties": { "precipitation_mm": 0.0, "temperature_c": 24.114399207432069, "humidity_pct": 93.626470139899396, "cloud_cover_pct": 87.823378554656017, "wind_speed_ms": 7.3848232440535089, "forecast_datetime": "2026-10-03T23:00:00", "source": "BMKG ADM4 forecast points + IDW", "boundary": "SERPRO Carbon Project Zone", "interpretation": "Forecast surface clipped to project boundary; not direct station observation" }, "geometry": { "type": "Point", "coordinates": [ 112.49119633317747, -3.022546640200931 ] } },
{ "type": "Feature", "properties": { "precipitation_mm": 0.0, "temperature_c": 24.135780423928729, "humidity_pct": 93.55323473862542, "cloud_cover_pct": 87.790258800741668, "wind_speed_ms": 7.4053534368487535, "forecast_datetime": "2026-10-03T23:00:00", "source": "BMKG ADM4 forecast points + IDW", "boundary": "SERPRO Carbon Project Zone", "interpretation": "Forecast surface clipped to project boundary; not direct station observation" }, "geometry": { "type": "Point", "coordinates": [ 112.491184003181019, -3.013502662774215 ] } },
{ "type": "Feature", "properties": { "precipitation_mm": 0.0, "temperature_c": 24.157530601801476, "humidity_pct": 93.478004125524961, "cloud_cover_pct": 87.758107278247593, "wind_speed_ms": 7.4271300971918883, "forecast_datetime": "2026-10-03T23:00:00", "source": "BMKG ADM4 forecast points + IDW", "boundary": "SERPRO Carbon Project Zone", "interpretation": "Forecast surface clipped to project boundary; not direct station observation" }, "geometry": { "type": "Point", "coordinates": [ 112.491171710302211, -3.004458683792092 ] } },
{ "type": "Feature", "properties": { "precipitation_mm": 0.0, "temperature_c": 24.178921739709153, "humidity_pct": 93.403273578683084, "cloud_cover_pct": 87.728225080324165, "wind_speed_ms": 7.4494420365902352, "forecast_datetime": "2026-10-03T23:00:00", "source": "BMKG ADM4 forecast points + IDW", "boundary": "SERPRO Carbon Project Zone", "interpretation": "Forecast surface clipped to project boundary; not direct station observation" }, "geometry": { "type": "Point", "coordinates": [ 112.491159454539542, -2.995414703259212 ] } },
{ "type": "Feature", "properties": { "precipitation_mm": 0.0, "temperature_c": 24.199585293733268, "humidity_pct": 93.330382108420167, "cloud_cover_pct": 87.701171245083515, "wind_speed_ms": 7.4718351036799637, "forecast_datetime": "2026-10-03T23:00:00", "source": "BMKG ADM4 forecast points + IDW", "boundary": "SERPRO Carbon Project Zone", "interpretation": "Forecast surface clipped to project boundary; not direct station observation" }, "geometry": { "type": "Point", "coordinates": [ 112.491147235891503, -2.986370721180228 ] } },
{ "type": "Feature", "properties": { "precipitation_mm": 0.0, "temperature_c": 24.219362685751378, "humidity_pct": 93.259974195241369, "cloud_cover_pct": 87.677048882822504, "wind_speed_ms": 7.4940326653044904, "forecast_datetime": "2026-10-03T23:00:00", "source": "BMKG ADM4 forecast points + IDW", "boundary": "SERPRO Carbon Project Zone", "interpretation": "Forecast surface clipped to project boundary; not direct station observation" }, "geometry": { "type": "Point", "coordinates": [ 112.49113505435659, -2.977326737559792 ] } },
{ "type": "Feature", "properties": { "precipitation_mm": 0.0, "temperature_c": 24.238208841281683, "humidity_pct": 93.19230592923256, "cloud_cover_pct": 87.655714046802018, "wind_speed_ms": 7.5158712538047263, "forecast_datetime": "2026-10-03T23:00:00", "source": "BMKG ADM4 forecast points + IDW", "boundary": "SERPRO Carbon Project Zone", "interpretation": "Forecast surface clipped to project boundary; not direct station observation" }, "geometry": { "type": "Point", "coordinates": [ 112.491122909933281, -2.968282752402557 ] } },
{ "type": "Feature", "properties": { "precipitation_mm": 0.0, "temperature_c": 24.256135589464076, "humidity_pct": 93.127428923189427, "cloud_cover_pct": 87.636908973603212, "wind_speed_ms": 7.5372561837475027, "forecast_datetime": "2026-10-03T23:00:00", "source": "BMKG ADM4 forecast points + IDW", "boundary": "SERPRO Carbon Project Zone", "interpretation": "Forecast surface clipped to project boundary; not direct station observation" }, "geometry": { "type": "Point", "coordinates": [ 112.491110802620085, -2.959238765713175 ] } },
{ "type": "Feature", "properties": { "precipitation_mm": 0.0, "temperature_c": 24.954317276824842, "humidity_pct": 91.601919584533348, "cloud_cover_pct": 87.762076665275828, "wind_speed_ms": 7.0116471425932962, "forecast_datetime": "2026-10-03T23:00:00", "source": "BMKG ADM4 forecast points + IDW", "boundary": "SERPRO Carbon Project Zone", "interpretation": "Forecast surface clipped to project boundary; not direct station observation" }, "geometry": { "type": "Point", "coordinates": [ 112.500501339431523, -3.239588272111241 ] } },
{ "type": "Feature", "properties": { "precipitation_mm": 0.0, "temperature_c": 24.962498994791851, "humidity_pct": 91.71924454756919, "cloud_cover_pct": 87.824983713981297, "wind_speed_ms": 6.8742162015547015, "forecast_datetime": "2026-10-03T23:00:00", "source": "BMKG ADM4 forecast points + IDW", "boundary": "SERPRO Carbon Project Zone", "interpretation": "Forecast surface clipped to project boundary; not direct station observation" }, "geometry": { "type": "Point", "coordinates": [ 112.500488038455259, -3.230544370747941 ] } },
{ "type": "Feature", "properties": { "precipitation_mm": 0.0, "temperature_c": 24.971894627867893, "humidity_pct": 91.82425704331061, "cloud_cover_pct": 87.884403646115928, "wind_speed_ms": 6.7467562109237251, "forecast_datetime": "2026-10-03T23:00:00", "source": "BMKG ADM4 forecast points + IDW", "boundary": "SERPRO Carbon Project Zone", "interpretation": "Forecast surface clipped to project boundary; not direct station observation" }, "geometry": { "type": "Point", "coordinates": [ 112.500474774858404, -3.221500467716991 ] } },
{ "type": "Feature", "properties": { "precipitation_mm": 0.0, "temperature_c": 24.980548355783743, "humidity_pct": 91.901774488164236, "cloud_cover_pct": 87.930653524745694, "wind_speed_ms": 6.6484004538215, "forecast_datetime": "2026-10-03T23:00:00", "source": "BMKG ADM4 forecast points + IDW", "boundary": "SERPRO Carbon Project Zone", "interpretation": "Forecast surface clipped to project boundary; not direct station observation" }, "geometry": { "type": "Point", "coordinates": [ 112.500461548639308, -3.212456563023044 ] } },
{ "type": "Feature", "properties": { "precipitation_mm": 0.0, "temperature_c": 24.985099290199262, "humidity_pct": 91.941645554453174, "cloud_cover_pct": 87.954648064216542, "wind_speed_ms": 6.5976962818599514, "forecast_datetime": "2026-10-03T23:00:00", "source": "BMKG ADM4 forecast points + IDW", "boundary": "SERPRO Carbon Project Zone", "interpretation": "Forecast surface clipped to project boundary; not direct station observation" }, "geometry": { "type": "Point", "coordinates": [ 112.500448359796366, -3.203412656670749 ] } },
{ "type": "Feature", "properties": { "precipitation_mm": 0.0, "temperature_c": 24.98134966050819, "humidity_pct": 91.946185290686898, "cloud_cover_pct": 87.952151099271305, "wind_speed_ms": 6.6041741153255646, "forecast_datetime": "2026-10-03T23:00:00", "source": "BMKG ADM4 forecast points + IDW", "boundary": "SERPRO Carbon Project Zone", "interpretation": "Forecast surface clipped to project boundary; not direct station observation" }, "geometry": { "type": "Point", "coordinates": [ 112.500435208327943, -3.194368748664758 ] } },
{ "type": "Feature", "properties": { "precipitation_mm": 0.0, "temperature_c": 24.965383199702739, "humidity_pct": 91.931531294196333, "cloud_cover_pct": 87.925863711340185, "wind_speed_ms": 6.663769484249336, "forecast_datetime": "2026-10-03T23:00:00", "source": "BMKG ADM4 forecast points + IDW", "boundary": "SERPRO Carbon Project Zone", "interpretation": "Forecast surface clipped to project boundary; not direct station observation" }, "geometry": { "type": "Point", "coordinates": [ 112.50042209423242, -3.18532483900972 ] } },
{ "type": "Feature", "properties": { "precipitation_mm": 0.0, "temperature_c": 24.934524847125349, "humidity_pct": 91.921411777100246, "cloud_cover_pct": 87.883753248499048, "wind_speed_ms": 6.7616219747004154, "forecast_datetime": "2026-10-03T23:00:00", "source": "BMKG ADM4 forecast points + IDW", "boundary": "SERPRO Carbon Project Zone", "interpretation": "Forecast surface clipped to project boundary; not direct station observation" }, "geometry": { "type": "Point", "coordinates": [ 112.500409017508147, -3.176280927710287 ] } },
{ "type": "Feature", "properties": { "precipitation_mm": 0.0, "temperature_c": 24.887688137019833, "humidity_pct": 91.938452703172274, "cloud_cover_pct": 87.8354695044914, "wind_speed_ms": 6.8790130447770341, "forecast_datetime": "2026-10-03T23:00:00", "source": "BMKG ADM4 forecast points + IDW", "boundary": "SERPRO Carbon Project Zone", "interpretation": "Forecast surface clipped to project boundary; not direct station observation" }, "geometry": { "type": "Point", "coordinates": [ 112.500395978153534, -3.16723701477111 ] } },
{ "type": "Feature", "properties": { "precipitation_mm": 0.0, "temperature_c": 24.825268497290061, "humidity_pct": 91.998373278962177, "cloud_cover_pct": 87.789549461971944, "wind_speed_ms": 6.999132731180187, "forecast_datetime": "2026-10-03T23:00:00", "source": "BMKG ADM4 forecast points + IDW", "boundary": "SERPRO Carbon Project Zone", "interpretation": "Forecast surface clipped to project boundary; not direct station observation" }, "geometry": { "type": "Point", "coordinates": [ 112.500382976166975, -3.158193100196839 ] } },
{ "type": "Feature", "properties": { "precipitation_mm": 0.0, "temperature_c": 24.748923620537624, "humidity_pct": 92.10819608187316, "cloud_cover_pct": 87.752334965197818, "wind_speed_ms": 7.1095932954003711, "forecast_datetime": "2026-10-03T23:00:00", "source": "BMKG ADM4 forecast points + IDW", "boundary": "SERPRO Carbon Project Zone", "interpretation": "Forecast surface clipped to project boundary; not direct station observation" }, "geometry": { "type": "Point", "coordinates": [ 112.500370011546835, -3.149149183992129 ] } },
{ "type": "Feature", "properties": { "precipitation_mm": 0.0, "temperature_c": 24.661376838532092, "humidity_pct": 92.266951454002935, "cloud_cover_pct": 87.728016246795022, "wind_speed_ms": 7.2025973202213853, "forecast_datetime": "2026-10-03T23:00:00", "source": "BMKG ADM4 forecast points + IDW", "boundary": "SERPRO Carbon Project Zone", "interpretation": "Forecast surface clipped to project boundary; not direct station observation" }, "geometry": { "type": "Point", "coordinates": [ 112.500357084291537, -3.140105266161628 ] } },
{ "type": "Feature", "properties": { "precipitation_mm": 0.0, "temperature_c": 24.566206623834852, "humidity_pct": 92.467349726988303, "cloud_cover_pct": 87.718998234555542, "wind_speed_ms": 7.2741998854336751, "forecast_datetime": "2026-10-03T23:00:00", "source": "BMKG ADM4 forecast points + IDW", "boundary": "SERPRO Carbon Project Zone", "interpretation": "Forecast surface clipped to project boundary; not direct station observation" }, "geometry": { "type": "Point", "coordinates": [ 112.500344194399489, -3.13106134670999 ] } },
{ "type": "Feature", "properties": { "precipitation_mm": 0.0, "temperature_c": 24.467586573293044, "humidity_pct": 92.697632828985036, "cloud_cover_pct": 87.726147807108489, "wind_speed_ms": 7.3234658342395722, "forecast_datetime": "2026-10-03T23:00:00", "source": "BMKG ADM4 forecast points + IDW", "boundary": "SERPRO Carbon Project Zone", "interpretation": "Forecast surface clipped to project boundary; not direct station observation" }, "geometry": { "type": "Point", "coordinates": [ 112.500331341869071, -3.122017425641865 ] } },
{ "type": "Feature", "properties": { "precipitation_mm": 0.0, "temperature_c": 24.370015005874837, "humidity_pct": 92.943232684860121, "cloud_cover_pct": 87.748791667218228, "wind_speed_ms": 7.351763851438907, "forecast_datetime": "2026-10-03T23:00:00", "source": "BMKG ADM4 forecast points + IDW", "boundary": "SERPRO Carbon Project Zone", "interpretation": "Forecast surface clipped to project boundary; not direct station observation" }, "geometry": { "type": "Point", "coordinates": [ 112.50031852669872, -3.112973502961907 ] } },
{ "type": "Feature", "properties": { "precipitation_mm": 0.0, "temperature_c": 24.278097076201256, "humidity_pct": 93.188046529870192, "cloud_cover_pct": 87.784497053532832, "wind_speed_ms": 7.3622188776918378, "forecast_datetime": "2026-10-03T23:00:00", "source": "BMKG ADM4 forecast points + IDW", "boundary": "SERPRO Carbon Project Zone", "interpretation": "Forecast surface clipped to project boundary; not direct station observation" }, "geometry": { "type": "Point", "coordinates": [ 112.500305748886845, -3.103929578674766 ] } },
{ "type": "Feature", "properties": { "precipitation_mm": 0.0, "temperature_c": 24.196363797394003, "humidity_pct": 93.415421000598201, "cloud_cover_pct": 87.828803608184444, "wind_speed_ms": 7.3592832962995773, "forecast_datetime": "2026-10-03T23:00:00", "source": "BMKG ADM4 forecast points + IDW", "boundary": "SERPRO Carbon Project Zone", "interpretation": "Forecast surface clipped to project boundary; not direct station observation" }, "geometry": { "type": "Point", "coordinates": [ 112.500293008431882, -3.094885652785096 ] } },
{ "type": "Feature", "properties": { "precipitation_mm": 0.0, "temperature_c": 24.128982967850146, "humidity_pct": 93.609342167132283, "cloud_cover_pct": 87.875261695217887, "wind_speed_ms": 7.3483180201916456, "forecast_datetime": "2026-10-03T23:00:00", "source": "BMKG ADM4 forecast points + IDW", "boundary": "SERPRO Carbon Project Zone", "interpretation": "Forecast surface clipped to project boundary; not direct station observation" }, "geometry": { "type": "Point", "coordinates": [ 112.500280305332225, -3.08584172529755 ] } },
{ "type": "Feature", "properties": { "precipitation_mm": 0.0, "temperature_c": 24.079189741891518, "humidity_pct": 93.756449329720283, "cloud_cover_pct": 87.916242208782265, "wind_speed_ms": 7.3349999236251522, "forecast_datetime": "2026-10-03T23:00:00", "source": "BMKG ADM4 forecast points + IDW", "boundary": "SERPRO Carbon Project Zone", "interpretation": "Forecast surface clipped to project boundary; not direct station observation" }, "geometry": { "type": "Point", "coordinates": [ 112.500267639586355, -3.076797796216779 ] } },
{ "type": "Feature", "properties": { "precipitation_mm": 0.0, "temperature_c": 24.048492419505138, "humidity_pct": 93.848803873405274, "cloud_cover_pct": 87.944691467790761, "wind_speed_ms": 7.3244458980954628, "forecast_datetime": "2026-10-03T23:00:00", "source": "BMKG ADM4 forecast points + IDW", "boundary": "SERPRO Carbon Project Zone", "interpretation": "Forecast surface clipped to project boundary; not direct station observation" }, "geometry": { "type": "Point", "coordinates": [ 112.50025501119265, -3.067753865547437 ] } },
{ "type": "Feature", "properties": { "precipitation_mm": 0.0, "temperature_c": 24.036090682280545, "humidity_pct": 93.886081097910875, "cloud_cover_pct": 87.956219177435401, "wind_speed_ms": 7.3202524513434462, "forecast_datetime": "2026-10-03T23:00:00", "source": "BMKG ADM4 forecast points + IDW", "boundary": "SERPRO Carbon Project Zone", "interpretation": "Forecast surface clipped to project boundary; not direct station observation" }, "geometry": { "type": "Point", "coordinates": [ 112.50024242014959, -3.058709933294176 ] } },
{ "type": "Feature", "properties": { "precipitation_mm": 0.0, "temperature_c": 24.039029980945728, "humidity_pct": 93.875433336761049, "cloud_cover_pct": 87.95029958161966, "wind_speed_ms": 7.3239351928674052, "forecast_datetime": "2026-10-03T23:00:00", "source": "BMKG ADM4 forecast points + IDW", "boundary": "SERPRO Carbon Project Zone", "interpretation": "Forecast surface clipped to project boundary; not direct station observation" }, "geometry": { "type": "Point", "coordinates": [ 112.500229866455612, -3.04966599946165 ] } },
{ "type": "Feature", "properties": { "precipitation_mm": 0.0, "temperature_c": 24.053137633034421, "humidity_pct": 93.828704572782385, "cloud_cover_pct": 87.929824190921977, "wind_speed_ms": 7.3351049834671382, "forecast_datetime": "2026-10-03T23:00:00", "source": "BMKG ADM4 forecast points + IDW", "boundary": "SERPRO Carbon Project Zone", "interpretation": "Forecast surface clipped to project boundary; not direct station observation" }, "geometry": { "type": "Point", "coordinates": [ 112.500217350109153, -3.040622064054511 ] } },
{ "type": "Feature", "properties": { "precipitation_mm": 0.0, "temperature_c": 24.074201913514699, "humidity_pct": 93.758624219111312, "cloud_cover_pct": 87.8994593559066, "wind_speed_ms": 7.3522107809012063, "forecast_datetime": "2026-10-03T23:00:00", "source": "BMKG ADM4 forecast points + IDW", "boundary": "SERPRO Carbon Project Zone", "interpretation": "Forecast surface clipped to project boundary; not direct station observation" }, "geometry": { "type": "Point", "coordinates": [ 112.500204871108693, -3.031578127077414 ] } },
{ "type": "Feature", "properties": { "precipitation_mm": 0.0, "temperature_c": 24.098796497142768, "humidity_pct": 93.675959714938841, "cloud_cover_pct": 87.863929992571855, "wind_speed_ms": 7.3733637464140367, "forecast_datetime": "2026-10-03T23:00:00", "source": "BMKG ADM4 forecast points + IDW", "boundary": "SERPRO Carbon Project Zone", "interpretation": "Forecast surface clipped to project boundary; not direct station observation" }, "geometry": { "type": "Point", "coordinates": [ 112.500192429452667, -3.022534188535012 ] } },
{ "type": "Feature", "properties": { "precipitation_mm": 0.0, "temperature_c": 24.124554059834058, "humidity_pct": 93.588395843310437, "cloud_cover_pct": 87.826987451011192, "wind_speed_ms": 7.396885465952252, "forecast_datetime": "2026-10-03T23:00:00", "source": "BMKG ADM4 forecast points + IDW", "boundary": "SERPRO Carbon Project Zone", "interpretation": "Forecast surface clipped to project boundary; not direct station observation" }, "geometry": { "type": "Point", "coordinates": [ 112.500180025139542, -3.013490248431958 ] } },
{ "type": "Feature", "properties": { "precipitation_mm": 0.0, "temperature_c": 24.15005017851832, "humidity_pct": 93.500720147843865, "cloud_cover_pct": 87.791125599997258, "wind_speed_ms": 7.4215219427773969, "forecast_datetime": "2026-10-03T23:00:00", "source": "BMKG ADM4 forecast points + IDW", "boundary": "SERPRO Carbon Project Zone", "interpretation": "Forecast surface clipped to project boundary; not direct station observation" }, "geometry": { "type": "Point", "coordinates": [ 112.500167658167783, -3.004446306772905 ] } },
{ "type": "Feature", "properties": { "precipitation_mm": 0.0, "temperature_c": 24.174539865577849, "humidity_pct": 93.41556011750788, "cloud_cover_pct": 87.757744921742159, "wind_speed_ms": 7.4464387756666728, "forecast_datetime": "2026-10-03T23:00:00", "source": "BMKG ADM4 forecast points + IDW", "boundary": "SERPRO Carbon Project Zone", "interpretation": "Forecast surface clipped to project boundary; not direct station observation" }, "geometry": { "type": "Point", "coordinates": [ 112.500155328535897, -2.99540236356251 ] } },
{ "type": "Feature", "properties": { "precipitation_mm": 0.0, "temperature_c": 24.197703705878904, "humidity_pct": 93.33415008281311, "cloud_cover_pct": 87.727464797996916, "wind_speed_ms": 7.4711273264328026, "forecast_datetime": "2026-10-03T23:00:00", "source": "BMKG ADM4 forecast points + IDW", "boundary": "SERPRO Carbon Project Zone", "interpretation": "Forecast surface clipped to project boundary; not direct station observation" }, "geometry": { "type": "Point", "coordinates": [ 112.500143036242306, -2.986358418805425 ] } },
{ "type": "Feature", "properties": { "precipitation_mm": 0.0, "temperature_c": 24.219461013058158, "humidity_pct": 93.256917476495801, "cloud_cover_pct": 87.700416469712053, "wind_speed_ms": 7.4953006778266538, "forecast_datetime": "2026-10-03T23:00:00", "source": "BMKG ADM4 forecast points + IDW", "boundary": "SERPRO Carbon Project Zone", "interpretation": "Forecast surface clipped to project boundary; not direct station observation" }, "geometry": { "type": "Point", "coordinates": [ 112.500130781285549, -2.977314472506304 ] } },
{ "type": "Feature", "properties": { "precipitation_mm": 0.0, "temperature_c": 24.239851194421419, "humidity_pct": 93.183865607447927, "cloud_cover_pct": 87.676460188965407, "wind_speed_ms": 7.518810539738582, "forecast_datetime": "2026-10-03T23:00:00", "source": "BMKG ADM4 forecast points + IDW", "boundary": "SERPRO Carbon Project Zone", "interpretation": "Forecast surface clipped to project boundary; not direct station observation" }, "geometry": { "type": "Point", "coordinates": [ 112.500118563664074, -2.9682705246698 ] } },
{ "type": "Feature", "properties": { "precipitation_mm": 0.0, "temperature_c": 24.25896562560688, "humidity_pct": 93.11479931024364, "cloud_cover_pct": 87.655326520770544, "wind_speed_ms": 7.5415901188086316, "forecast_datetime": "2026-10-03T23:00:00", "source": "BMKG ADM4 forecast points + IDW", "boundary": "SERPRO Carbon Project Zone", "interpretation": "Forecast surface clipped to project boundary; not direct station observation" }, "geometry": { "type": "Point", "coordinates": [ 112.500106383376391, -2.959226575300572 ] } },
{ "type": "Feature", "properties": { "precipitation_mm": 0.0, "temperature_c": 24.951290859604505, "humidity_pct": 91.200707390637461, "cloud_cover_pct": 87.583357167234269, "wind_speed_ms": 7.4175908434663178, "forecast_datetime": "2026-10-03T23:00:00", "source": "BMKG ADM4 forecast points + IDW", "boundary": "SERPRO Carbon Project Zone", "interpretation": "Forecast surface clipped to project boundary; not direct station observation" }, "geometry": { "type": "Point", "coordinates": [ 112.509539616691811, -3.266706425633908 ] } },
{ "type": "Feature", "properties": { "precipitation_mm": 0.0, "temperature_c": 24.953493914539102, "humidity_pct": 91.302121244232083, "cloud_cover_pct": 87.628361427125284, "wind_speed_ms": 7.303593919019935, "forecast_datetime": "2026-10-03T23:00:00", "source": "BMKG ADM4 forecast points + IDW", "boundary": "SERPRO Carbon Project Zone", "interpretation": "Forecast surface clipped to project boundary; not direct station observation" }, "geometry": { "type": "Point", "coordinates": [ 112.509526123208488, -3.257662566866077 ] } },
{ "type": "Feature", "properties": { "precipitation_mm": 0.0, "temperature_c": 24.957253317345906, "humidity_pct": 91.420918452557061, "cloud_cover_pct": 87.684396258459259, "wind_speed_ms": 7.1722862456581291, "forecast_datetime": "2026-10-03T23:00:00", "source": "BMKG ADM4 forecast points + IDW", "boundary": "SERPRO Carbon Project Zone", "interpretation": "Forecast surface clipped to project boundary; not direct station observation" }, "geometry": { "type": "Point", "coordinates": [ 112.509512667333482, -3.248618706416005 ] } },
{ "type": "Feature", "properties": { "precipitation_mm": 0.0, "temperature_c": 24.963003166434927, "humidity_pct": 91.555911846949328, "cloud_cover_pct": 87.751487866810521, "wind_speed_ms": 7.0236571496062892, "forecast_datetime": "2026-10-03T23:00:00", "source": "BMKG ADM4 forecast points + IDW", "boundary": "SERPRO Carbon Project Zone", "interpretation": "Forecast surface clipped to project boundary; not direct station observation" }, "geometry": { "type": "Point", "coordinates": [ 112.509499249065129, -3.239574844288346 ] } },
{ "type": "Feature", "properties": { "precipitation_mm": 0.0, "temperature_c": 24.971009926533387, "humidity_pct": 91.699157658636324, "cloud_cover_pct": 87.826192236777743, "wind_speed_ms": 6.8640052511437917, "forecast_datetime": "2026-10-03T23:00:00", "source": "BMKG ADM4 forecast points + IDW", "boundary": "SERPRO Carbon Project Zone", "interpretation": "Forecast surface clipped to project boundary; not direct station observation" }, "geometry": { "type": "Point", "coordinates": [ 112.509485868401811, -3.230530980487751 ] } },
{ "type": "Feature", "properties": { "precipitation_mm": 0.0, "temperature_c": 24.980847235531787, "humidity_pct": 91.833263463759195, "cloud_cover_pct": 87.899682467026537, "wind_speed_ms": 6.7098817162309192, "forecast_datetime": "2026-10-03T23:00:00", "source": "BMKG ADM4 forecast points + IDW", "boundary": "SERPRO Carbon Project Zone", "interpretation": "Forecast surface clipped to project boundary; not direct station observation" }, "geometry": { "type": "Point", "coordinates": [ 112.509472525341835, -3.221487115018871 ] } },
{ "type": "Feature", "properties": { "precipitation_mm": 0.0, "temperature_c": 24.990668824733969, "humidity_pct": 91.934190573501951, "cloud_cover_pct": 87.958218170561381, "wind_speed_ms": 6.5877870361755626, "forecast_datetime": "2026-10-03T23:00:00", "source": "BMKG ADM4 forecast points + IDW", "boundary": "SERPRO Carbon Project Zone", "interpretation": "Forecast surface clipped to project boundary; not direct station observation" }, "geometry": { "type": "Point", "coordinates": [ 112.509459219883567, -3.212443247886359 ] } },
{ "type": "Feature", "properties": { "precipitation_mm": 0.0, "temperature_c": 24.996880373005027, "humidity_pct": 91.982867385845779, "cloud_cover_pct": 87.988292469946842, "wind_speed_ms": 6.5248321559579567, "forecast_datetime": "2026-10-03T23:00:00", "source": "BMKG ADM4 forecast points + IDW", "boundary": "SERPRO Carbon Project Zone", "interpretation": "Forecast surface clipped to project boundary; not direct station observation" }, "geometry": { "type": "Point", "coordinates": [ 112.509445952025345, -3.203399379094867 ] } },
{ "type": "Feature", "properties": { "precipitation_mm": 0.0, "temperature_c": 24.994883177318446, "humidity_pct": 91.979102880524337, "cloud_cover_pct": 87.98416549304919, "wind_speed_ms": 6.5340757005929806, "forecast_datetime": "2026-10-03T23:00:00", "source": "BMKG ADM4 forecast points + IDW", "boundary": "SERPRO Carbon Project Zone", "interpretation": "Forecast surface clipped to project boundary; not direct station observation" }, "geometry": { "type": "Point", "coordinates": [ 112.509432721765563, -3.194355508649048 ] } },
{ "type": "Feature", "properties": { "precipitation_mm": 0.0, "temperature_c": 24.980547381223246, "humidity_pct": 91.944287290572206, "cloud_cover_pct": 87.950957607443058, "wind_speed_ms": 6.6076031552369736, "forecast_datetime": "2026-10-03T23:00:00", "source": "BMKG ADM4 forecast points + IDW", "boundary": "SERPRO Carbon Project Zone", "interpretation": "Forecast surface clipped to project boundary; not direct station observation" }, "geometry": { "type": "Point", "coordinates": [ 112.509419529102573, -3.185311636553554 ] } },
{ "type": "Feature", "properties": { "precipitation_mm": 0.0, "temperature_c": 24.951222781290777, "humidity_pct": 91.91024313302249, "cloud_cover_pct": 87.900633544121277, "wind_speed_ms": 6.7233901357901917, "forecast_datetime": "2026-10-03T23:00:00", "source": "BMKG ADM4 forecast points + IDW", "boundary": "SERPRO Carbon Project Zone", "interpretation": "Forecast surface clipped to project boundary; not direct station observation" }, "geometry": { "type": "Point", "coordinates": [ 112.509406374034754, -3.176267762813039 ] } },
{ "type": "Feature", "properties": { "precipitation_mm": 0.0, "temperature_c": 24.905806262472421, "humidity_pct": 91.905747007646397, "cloud_cover_pct": 87.845775051369387, "wind_speed_ms": 6.8572260465120785, "forecast_datetime": "2026-10-03T23:00:00", "source": "BMKG ADM4 forecast points + IDW", "boundary": "SERPRO Carbon Project Zone", "interpretation": "Forecast surface clipped to project boundary; not direct station observation" }, "geometry": { "type": "Point", "coordinates": [ 112.509393256560458, -3.167223887432154 ] } },
{ "type": "Feature", "properties": { "precipitation_mm": 0.0, "temperature_c": 24.844403615734596, "humidity_pct": 91.949765586907276, "cloud_cover_pct": 87.796058695273103, "wind_speed_ms": 6.9900080882341253, "forecast_datetime": "2026-10-03T23:00:00", "source": "BMKG ADM4 forecast points + IDW", "boundary": "SERPRO Carbon Project Zone", "interpretation": "Forecast surface clipped to project boundary; not direct station observation" }, "geometry": { "type": "Point", "coordinates": [ 112.509380176678079, -3.158180010415554 ] } },
{ "type": "Feature", "properties": { "precipitation_mm": 0.0, "temperature_c": 24.76812093558198, "humidity_pct": 92.050867822371671, "cloud_cover_pct": 87.757782871817554, "wind_speed_ms": 7.1092023185658144, "forecast_datetime": "2026-10-03T23:00:00", "source": "BMKG ADM4 forecast points + IDW", "boundary": "SERPRO Carbon Project Zone", "interpretation": "Forecast surface clipped to project boundary; not direct station observation" }, "geometry": { "type": "Point", "coordinates": [ 112.509367134386011, -3.149136131767891 ] } },
{ "type": "Feature", "properties": { "precipitation_mm": 0.0, "temperature_c": 24.679052404375092, "humidity_pct": 92.208984978455135, "cloud_cover_pct": 87.734657544619296, "wind_speed_ms": 7.2076145701929475, "forecast_datetime": "2026-10-03T23:00:00", "source": "BMKG ADM4 forecast points + IDW", "boundary": "SERPRO Carbon Project Zone", "interpretation": "Forecast surface clipped to project boundary; not direct station observation" }, "geometry": { "type": "Point", "coordinates": [ 112.509354129682634, -3.140092251493818 ] } },
{ "type": "Feature", "properties": { "precipitation_mm": 0.0, "temperature_c": 24.580309011899772, "humidity_pct": 92.417290473270114, "cloud_cover_pct": 87.728567462684438, "wind_speed_ms": 7.281875301296834, "forecast_datetime": "2026-10-03T23:00:00", "source": "BMKG ADM4 forecast points + IDW", "boundary": "SERPRO Carbon Project Zone", "interpretation": "Forecast surface clipped to project boundary; not direct station observation" }, "geometry": { "type": "Point", "coordinates": [ 112.509341162566315, -3.131048369597991 ] } },
{ "type": "Feature", "properties": { "precipitation_mm": 0.0, "temperature_c": 24.475971724588106, "humidity_pct": 92.6636920890288, "cloud_cover_pct": 87.739899273326046, "wind_speed_ms": 7.3314132916060908, "forecast_datetime": "2026-10-03T23:00:00", "source": "BMKG ADM4 forecast points + IDW", "boundary": "SERPRO Carbon Project Zone", "interpretation": "Forecast surface clipped to project boundary; not direct station observation" }, "geometry": { "type": "Point", "coordinates": [ 112.509328233035504, -3.122004486085062 ] } },
{ "type": "Feature", "properties": { "precipitation_mm": 0.0, "temperature_c": 24.370950312424782, "humidity_pct": 92.932036061092035, "cloud_cover_pct": 87.767462917905704, "wind_speed_ms": 7.3578812161493135, "forecast_datetime": "2026-10-03T23:00:00", "source": "BMKG ADM4 forecast points + IDW", "boundary": "SERPRO Carbon Project Zone", "interpretation": "Forecast surface clipped to project boundary; not direct station observation" }, "geometry": { "type": "Point", "coordinates": [ 112.50931534108858, -3.112960600959684 ] } },
{ "type": "Feature", "properties": { "precipitation_mm": 0.0, "temperature_c": 24.270760145108415, "humidity_pct": 93.203217679653093, "cloud_cover_pct": 87.808186730543284, "wind_speed_ms": 7.3648185030953162, "forecast_datetime": "2026-10-03T23:00:00", "source": "BMKG ADM4 forecast points + IDW", "boundary": "SERPRO Carbon Project Zone", "interpretation": "Forecast surface clipped to project boundary; not direct station observation" }, "geometry": { "type": "Point", "coordinates": [ 112.509302486723925, -3.103916714226511 ] } },
{ "type": "Feature", "properties": { "precipitation_mm": 0.0, "temperature_c": 24.181166044409618, "humidity_pct": 93.456536111194808, "cloud_cover_pct": 87.856870529784274, "wind_speed_ms": 7.3573517565346229, "forecast_datetime": "2026-10-03T23:00:00", "source": "BMKG ADM4 forecast points + IDW", "boundary": "SERPRO Carbon Project Zone", "interpretation": "Forecast surface clipped to project boundary; not direct station observation" }, "geometry": { "type": "Point", "coordinates": [ 112.509289669939989, -3.0948728258902 ] } },
{ "type": "Feature", "properties": { "precipitation_mm": 0.0, "temperature_c": 24.107560922296436, "humidity_pct": 93.671830069683025, "cloud_cover_pct": 87.906407061300811, "wind_speed_ms": 7.3417311286232376, "forecast_datetime": "2026-10-03T23:00:00", "source": "BMKG ADM4 forecast points + IDW", "boundary": "SERPRO Carbon Project Zone", "interpretation": "Forecast surface clipped to project boundary; not direct station observation" }, "geometry": { "type": "Point", "coordinates": [ 112.50927689073518, -3.085828935955402 ] } },
{ "type": "Feature", "properties": { "precipitation_mm": 0.0, "temperature_c": 24.054013751067959, "humidity_pct": 93.832712761883244, "cloud_cover_pct": 87.948861211773874, "wind_speed_ms": 7.3245193914039346, "forecast_datetime": "2026-10-03T23:00:00", "source": "BMKG ADM4 forecast points + IDW", "boundary": "SERPRO Carbon Project Zone", "interpretation": "Forecast surface clipped to project boundary; not direct station observation" }, "geometry": { "type": "Point", "coordinates": [ 112.509264149107906, -3.076785044426773 ] } },
{ "type": "Feature", "properties": { "precipitation_mm": 0.0, "temperature_c": 24.0222346801954, "humidity_pct": 93.930210238404158, "cloud_cover_pct": 87.977366640640952, "wind_speed_ms": 7.3114453917314499, "forecast_datetime": "2026-10-03T23:00:00", "source": "BMKG ADM4 forecast points + IDW", "boundary": "SERPRO Carbon Project Zone", "interpretation": "Forecast surface clipped to project boundary; not direct station observation" }, "geometry": { "type": "Point", "coordinates": [ 112.509251445056606, -3.067741151308968 ] } },
{ "type": "Feature", "properties": { "precipitation_mm": 0.0, "temperature_c": 24.011037885206996, "humidity_pct": 93.964937812341887, "cloud_cover_pct": 87.988059419971563, "wind_speed_ms": 7.306298655193836, "forecast_datetime": "2026-10-03T23:00:00", "source": "BMKG ADM4 forecast points + IDW", "boundary": "SERPRO Carbon Project Zone", "interpretation": "Forecast surface clipped to project boundary; not direct station observation" }, "geometry": { "type": "Point", "coordinates": [ 112.509238778579714, -3.058697256606641 ] } },
{ "type": "Feature", "properties": { "precipitation_mm": 0.0, "temperature_c": 24.016767952851236, "humidity_pct": 93.946160709912348, "cloud_cover_pct": 87.98093598914825, "wind_speed_ms": 7.3104270819125903, "forecast_datetime": "2026-10-03T23:00:00", "source": "BMKG ADM4 forecast points + IDW", "boundary": "SERPRO Carbon Project Zone", "interpretation": "Forecast surface clipped to project boundary; not direct station observation" }, "geometry": { "type": "Point", "coordinates": [ 112.509226149675655, -3.049653360324446 ] } },
{ "type": "Feature", "properties": { "precipitation_mm": 0.0, "temperature_c": 24.034528700687758, "humidity_pct": 93.888053864174978, "cloud_cover_pct": 87.959167405952456, "wind_speed_ms": 7.323087062415083, "forecast_datetime": "2026-10-03T23:00:00", "source": "BMKG ADM4 forecast points + IDW", "boundary": "SERPRO Carbon Project Zone", "interpretation": "Forecast surface clipped to project boundary; not direct station observation" }, "geometry": { "type": "Point", "coordinates": [ 112.509213558342879, -3.04060946246704 ] } },
{ "type": "Feature", "properties": { "precipitation_mm": 0.0, "temperature_c": 24.059529112902656, "humidity_pct": 93.805298399341027, "cloud_cover_pct": 87.927463296544232, "wind_speed_ms": 7.3423426628578428, "forecast_datetime": "2026-10-03T23:00:00", "source": "BMKG ADM4 forecast points + IDW", "boundary": "SERPRO Carbon Project Zone", "interpretation": "Forecast surface clipped to project boundary; not direct station observation" }, "geometry": { "type": "Point", "coordinates": [ 112.509201004579822, -3.031565563039077 ] } },
{ "type": "Feature", "properties": { "precipitation_mm": 0.0, "temperature_c": 24.087948170431563, "humidity_pct": 93.710046182099617, "cloud_cover_pct": 87.890494537554105, "wind_speed_ms": 7.365973319307705, "forecast_datetime": "2026-10-03T23:00:00", "source": "BMKG ADM4 forecast points + IDW", "boundary": "SERPRO Carbon Project Zone", "interpretation": "Forecast surface clipped to project boundary; not direct station observation" }, "geometry": { "type": "Point", "coordinates": [ 112.509188488384936, -3.022521662045212 ] } },
{ "type": "Feature", "properties": { "precipitation_mm": 0.0, "temperature_c": 24.117185448211934, "humidity_pct": 93.610838505498137, "cloud_cover_pct": 87.851974238195638, "wind_speed_ms": 7.3920491324301354, "forecast_datetime": "2026-10-03T23:00:00", "source": "BMKG ADM4 forecast points + IDW", "boundary": "SERPRO Carbon Project Zone", "interpretation": "Forecast surface clipped to project boundary; not direct station observation" }, "geometry": { "type": "Point", "coordinates": [ 112.509176009756686, -3.013477759490101 ] } },
{ "type": "Feature", "properties": { "precipitation_mm": 0.0, "temperature_c": 24.145704816922244, "humidity_pct": 93.512906911655435, "cloud_cover_pct": 87.814409110888775, "wind_speed_ms": 7.4191441201940194, "forecast_datetime": "2026-10-03T23:00:00", "source": "BMKG ADM4 forecast points + IDW", "boundary": "SERPRO Carbon Project Zone", "interpretation": "Forecast surface clipped to project boundary; not direct station observation" }, "geometry": { "type": "Point", "coordinates": [ 112.509163568693523, -3.0044338553784 ] } },
{ "type": "Feature", "properties": { "precipitation_mm": 0.0, "temperature_c": 24.172732055926989, "humidity_pct": 93.419033531324772, "cloud_cover_pct": 87.779249580722919, "wind_speed_ms": 7.4463193511477481, "forecast_datetime": "2026-10-03T23:00:00", "source": "BMKG ADM4 forecast points + IDW", "boundary": "SERPRO Carbon Project Zone", "interpretation": "Forecast surface clipped to project boundary; not direct station observation" }, "geometry": { "type": "Point", "coordinates": [ 112.509151165193913, -2.995389949714764 ] } },
{ "type": "Feature", "properties": { "precipitation_mm": 0.0, "temperature_c": 24.197968886830079, "humidity_pct": 93.330424412417301, "cloud_cover_pct": 87.747176803164052, "wind_speed_ms": 7.4730132897161106, "forecast_datetime": "2026-10-03T23:00:00", "source": "BMKG ADM4 forecast points + IDW", "boundary": "SERPRO Carbon Project Zone", "interpretation": "Forecast surface clipped to project boundary; not direct station observation" }, "geometry": { "type": "Point", "coordinates": [ 112.50913879925632, -2.986346042503849 ] } },
{ "type": "Feature", "properties": { "precipitation_mm": 0.0, "temperature_c": 24.221382240743658, "humidity_pct": 93.24737736824494, "cloud_cover_pct": 87.7183776119859, "wind_speed_ms": 7.4989221665759445, "forecast_datetime": "2026-10-03T23:00:00", "source": "BMKG ADM4 forecast points + IDW", "boundary": "SERPRO Carbon Project Zone", "interpretation": "Forecast surface clipped to project boundary; not direct station observation" }, "geometry": { "type": "Point", "coordinates": [ 112.50912647087921, -2.977302133750312 ] } },
{ "type": "Feature", "properties": { "precipitation_mm": 0.0, "temperature_c": 24.243069528360301, "humidity_pct": 93.169721137789509, "cloud_cover_pct": 87.692753741072252, "wind_speed_ms": 7.5239037414875787, "forecast_datetime": "2026-10-03T23:00:00", "source": "BMKG ADM4 forecast points + IDW", "boundary": "SERPRO Carbon Project Zone", "interpretation": "Forecast surface clipped to project boundary; not direct station observation" }, "geometry": { "type": "Point", "coordinates": [ 112.50911418006109, -2.968258223458807 ] } },
{ "type": "Feature", "properties": { "precipitation_mm": 0.0, "temperature_c": 24.26318076026898, "humidity_pct": 93.097076227199025, "cloud_cover_pct": 87.670062115146919, "wind_speed_ms": 7.5479102721814302, "forecast_datetime": "2026-10-03T23:00:00", "source": "BMKG ADM4 forecast points + IDW", "boundary": "SERPRO Carbon Project Zone", "interpretation": "Forecast surface clipped to project boundary; not direct station observation" }, "geometry": { "type": "Point", "coordinates": [ 112.509101926800412, -2.959214311633993 ] } },
{ "type": "Feature", "properties": { "precipitation_mm": 0.0, "temperature_c": 24.960315338763785, "humidity_pct": 91.016670745316361, "cloud_cover_pct": 87.515875604888848, "wind_speed_ms": 7.5741064829706275, "forecast_datetime": "2026-10-03T23:00:00", "source": "BMKG ADM4 forecast points + IDW", "boundary": "SERPRO Carbon Project Zone", "interpretation": "Forecast surface clipped to project boundary; not direct station observation" }, "geometry": { "type": "Point", "coordinates": [ 112.518551340794929, -3.275736623531146 ] } },
{ "type": "Feature", "properties": { "precipitation_mm": 0.0, "temperature_c": 24.960671202014758, "humidity_pct": 91.098627041331781, "cloud_cover_pct": 87.547909246752653, "wind_speed_ms": 7.4787089538293925, "forecast_datetime": "2026-10-03T23:00:00", "source": "BMKG ADM4 forecast points + IDW", "boundary": "SERPRO Carbon Project Zone", "interpretation": "Forecast surface clipped to project boundary; not direct station observation" }, "geometry": { "type": "Point", "coordinates": [ 112.518537729120339, -3.266692804239853 ] } },
{ "type": "Feature", "properties": { "precipitation_mm": 0.0, "temperature_c": 24.961986517489237, "humidity_pct": 91.198170402557892, "cloud_cover_pct": 87.590364463130129, "wind_speed_ms": 7.3677313182185129, "forecast_datetime": "2026-10-03T23:00:00", "source": "BMKG ADM4 forecast points + IDW", "boundary": "SERPRO Carbon Project Zone", "interpretation": "Forecast surface clipped to project boundary; not direct station observation" }, "geometry": { "type": "Point", "coordinates": [ 112.518524155279749, -3.257648983261022 ] } },
{ "type": "Feature", "properties": { "precipitation_mm": 0.0, "temperature_c": 24.964581976566606, "humidity_pct": 91.320236451580584, "cloud_cover_pct": 87.646121414770874, "wind_speed_ms": 7.2363731310638215, "forecast_datetime": "2026-10-03T23:00:00", "source": "BMKG ADM4 forecast points + IDW", "boundary": "SERPRO Carbon Project Zone", "interpretation": "Forecast surface clipped to project boundary; not direct station observation" }, "geometry": { "type": "Point", "coordinates": [ 112.518510619271424, -3.248605160599306 ] } },
{ "type": "Feature", "properties": { "precipitation_mm": 0.0, "temperature_c": 24.96890107165644, "humidity_pct": 91.467251822475347, "cloud_cover_pct": 87.716937878905668, "wind_speed_ms": 7.0814632911756146, "forecast_datetime": "2026-10-03T23:00:00", "source": "BMKG ADM4 forecast points + IDW", "boundary": "SERPRO Carbon Project Zone", "interpretation": "Forecast surface clipped to project boundary; not direct station observation" }, "geometry": { "type": "Point", "coordinates": [ 112.518497121093745, -3.239561336259359 ] } },
{ "type": "Feature", "properties": { "precipitation_mm": 0.0, "temperature_c": 24.975376467872191, "humidity_pct": 91.633633736661224, "cloud_cover_pct": 87.80064472839905, "wind_speed_ms": 6.9066023813760271, "forecast_datetime": "2026-10-03T23:00:00", "source": "BMKG ADM4 forecast points + IDW", "boundary": "SERPRO Carbon Project Zone", "interpretation": "Forecast surface clipped to project boundary; not direct station observation" }, "geometry": { "type": "Point", "coordinates": [ 112.518483660745005, -3.230517510245834 ] } },
{ "type": "Feature", "properties": { "precipitation_mm": 0.0, "temperature_c": 24.98391875337305, "humidity_pct": 91.799173106452841, "cloud_cover_pct": 87.887391467787836, "wind_speed_ms": 6.7294873949998362, "forecast_datetime": "2026-10-03T23:00:00", "source": "BMKG ADM4 forecast points + IDW", "boundary": "SERPRO Carbon Project Zone", "interpretation": "Forecast surface clipped to project boundary; not direct station observation" }, "geometry": { "type": "Point", "coordinates": [ 112.518470238223557, -3.221473682563385 ] } },
{ "type": "Feature", "properties": { "precipitation_mm": 0.0, "temperature_c": 24.993002836609183, "humidity_pct": 91.929450668771153, "cloud_cover_pct": 87.958822710798628, "wind_speed_ms": 6.5843967281167206, "forecast_datetime": "2026-10-03T23:00:00", "source": "BMKG ADM4 forecast points + IDW", "boundary": "SERPRO Carbon Project Zone", "interpretation": "Forecast surface clipped to project boundary; not direct station observation" }, "geometry": { "type": "Point", "coordinates": [ 112.518456853527738, -3.212429853216667 ] } },
{ "type": "Feature", "properties": { "precipitation_mm": 0.0, "temperature_c": 24.99909838861835, "humidity_pct": 91.992958569347522, "cloud_cover_pct": 87.995654866587174, "wind_speed_ms": 6.5090144708439679, "forecast_datetime": "2026-10-03T23:00:00", "source": "BMKG ADM4 forecast points + IDW", "boundary": "SERPRO Carbon Project Zone", "interpretation": "Forecast surface clipped to project boundary; not direct station observation" }, "geometry": { "type": "Point", "coordinates": [ 112.518443506655913, -3.203386022210332 ] } },
{ "type": "Feature", "properties": { "precipitation_mm": 0.0, "temperature_c": 24.997518358762722, "humidity_pct": 91.985633361658742, "cloud_cover_pct": 87.990403603104753, "wind_speed_ms": 6.5202753348171516, "forecast_datetime": "2026-10-03T23:00:00", "source": "BMKG ADM4 forecast points + IDW", "boundary": "SERPRO Carbon Project Zone", "interpretation": "Forecast surface clipped to project boundary; not direct station observation" }, "geometry": { "type": "Point", "coordinates": [ 112.518430197606392, -3.194342189549037 ] } },
{ "type": "Feature", "properties": { "precipitation_mm": 0.0, "temperature_c": 24.984194646701596, "humidity_pct": 91.935497611658903, "cloud_cover_pct": 87.951645163545066, "wind_speed_ms": 6.6046482922099941, "forecast_datetime": "2026-10-03T23:00:00", "source": "BMKG ADM4 forecast points + IDW", "boundary": "SERPRO Carbon Project Zone", "interpretation": "Forecast surface clipped to project boundary; not direct station observation" }, "geometry": { "type": "Point", "coordinates": [ 112.518416926377583, -3.185298355237435 ] } },
{ "type": "Feature", "properties": { "precipitation_mm": 0.0, "temperature_c": 24.95662652093462, "humidity_pct": 91.883324227410739, "cloud_cover_pct": 87.895903591661693, "wind_speed_ms": 6.7320722034276184, "forecast_datetime": "2026-10-03T23:00:00", "source": "BMKG ADM4 forecast points + IDW", "boundary": "SERPRO Carbon Project Zone", "interpretation": "Forecast surface clipped to project boundary; not direct station observation" }, "geometry": { "type": "Point", "coordinates": [ 112.518403692967823, -3.17625451928018 ] } },
{ "type": "Feature", "properties": { "precipitation_mm": 0.0, "temperature_c": 24.913633422002498, "humidity_pct": 91.863124640423749, "cloud_cover_pct": 87.838145394910683, "wind_speed_ms": 6.8739728666500577, "forecast_datetime": "2026-10-03T23:00:00", "source": "BMKG ADM4 forecast points + IDW", "boundary": "SERPRO Carbon Project Zone", "interpretation": "Forecast surface clipped to project boundary; not direct station observation" }, "geometry": { "type": "Point", "coordinates": [ 112.518390497375478, -3.167210681681928 ] } },
{ "type": "Feature", "properties": { "precipitation_mm": 0.0, "temperature_c": 24.854887478666353, "humidity_pct": 91.895652227671647, "cloud_cover_pct": 87.788263981522746, "wind_speed_ms": 7.0107256100014901, "forecast_datetime": "2026-10-03T23:00:00", "source": "BMKG ADM4 forecast points + IDW", "boundary": "SERPRO Carbon Project Zone", "interpretation": "Forecast surface clipped to project boundary; not direct station observation" }, "geometry": { "type": "Point", "coordinates": [ 112.518377339598914, -3.158166842447332 ] } },
{ "type": "Feature", "properties": { "precipitation_mm": 0.0, "temperature_c": 24.780813822399026, "humidity_pct": 91.990060434557762, "cloud_cover_pct": 87.751844201158448, "wind_speed_ms": 7.1308999454478794, "forecast_datetime": "2026-10-03T23:00:00", "source": "BMKG ADM4 forecast points + IDW", "boundary": "SERPRO Carbon Project Zone", "interpretation": "Forecast surface clipped to project boundary; not direct station observation" }, "geometry": { "type": "Point", "coordinates": [ 112.51836421963651, -3.14912300158105 ] } },
{ "type": "Feature", "properties": { "precipitation_mm": 0.0, "temperature_c": 24.692781422779056, "humidity_pct": 92.146887329828715, "cloud_cover_pct": 87.731801529994087, "wind_speed_ms": 7.2284503962052344, "forecast_datetime": "2026-10-03T23:00:00", "source": "BMKG ADM4 forecast points + IDW", "boundary": "SERPRO Carbon Project Zone", "interpretation": "Forecast surface clipped to project boundary; not direct station observation" }, "geometry": { "type": "Point", "coordinates": [ 112.518351137486633, -3.140079159087734 ] } },
{ "type": "Feature", "properties": { "precipitation_mm": 0.0, "temperature_c": 24.593345890593799, "humidity_pct": 92.359944037209701, "cloud_cover_pct": 87.729418360734087, "wind_speed_ms": 7.3006751401484404, "forecast_datetime": "2026-10-03T23:00:00", "source": "BMKG ADM4 forecast points + IDW", "boundary": "SERPRO Carbon Project Zone", "interpretation": "Forecast surface clipped to project boundary; not direct station observation" }, "geometry": { "type": "Point", "coordinates": [ 112.51833809314769, -3.131035314972043 ] } },
{ "type": "Feature", "properties": { "precipitation_mm": 0.0, "temperature_c": 24.48639258856776, "humidity_pct": 92.61723805275642, "cloud_cover_pct": 87.74463589119398, "wind_speed_ms": 7.3472559683410514, "forecast_datetime": "2026-10-03T23:00:00", "source": "BMKG ADM4 forecast points + IDW", "boundary": "SERPRO Carbon Project Zone", "interpretation": "Forecast surface clipped to project boundary; not direct station observation" }, "geometry": { "type": "Point", "coordinates": [ 112.518325086618049, -3.121991469238628 ] } },
{ "type": "Feature", "properties": { "precipitation_mm": 0.0, "temperature_c": 24.377113631627701, "humidity_pct": 92.901597929553105, "cloud_cover_pct": 87.775855142708181, "wind_speed_ms": 7.3699544637427001, "forecast_datetime": "2026-10-03T23:00:00", "source": "BMKG ADM4 forecast points + IDW", "boundary": "SERPRO Carbon Project Zone", "interpretation": "Forecast surface clipped to project boundary; not direct station observation" }, "geometry": { "type": "Point", "coordinates": [ 112.518312117896116, -3.11294762189215 ] } },
{ "type": "Feature", "properties": { "precipitation_mm": 0.0, "temperature_c": 24.271766209663891, "humidity_pct": 93.191597905872584, "cloud_cover_pct": 87.819562462207955, "wind_speed_ms": 7.3725324080317218, "forecast_datetime": "2026-10-03T23:00:00", "source": "BMKG ADM4 forecast points + IDW", "boundary": "SERPRO Carbon Project Zone", "interpretation": "Forecast surface clipped to project boundary; not direct station observation" }, "geometry": { "type": "Point", "coordinates": [ 112.5182991869803, -3.10390377293726 ] } },
{ "type": "Feature", "properties": { "precipitation_mm": 0.0, "temperature_c": 24.177119540692988, "humidity_pct": 93.463346952869585, "cloud_cover_pct": 87.870144426134743, "wind_speed_ms": 7.3605692232337718, "forecast_datetime": "2026-10-03T23:00:00", "source": "BMKG ADM4 forecast points + IDW", "boundary": "SERPRO Carbon Project Zone", "interpretation": "Forecast surface clipped to project boundary; not direct station observation" }, "geometry": { "type": "Point", "coordinates": [ 112.518286293868982, -3.094859922378616 ] } },
{ "type": "Feature", "properties": { "precipitation_mm": 0.0, "temperature_c": 24.099499118236754, "humidity_pct": 93.693603537419477, "cloud_cover_pct": 87.920299875680314, "wind_speed_ms": 7.3409189226331364, "forecast_datetime": "2026-10-03T23:00:00", "source": "BMKG ADM4 forecast points + IDW", "boundary": "SERPRO Carbon Project Zone", "interpretation": "Forecast surface clipped to project boundary; not direct station observation" }, "geometry": { "type": "Point", "coordinates": [ 112.51827343856057, -3.085816070220873 ] } },
{ "type": "Feature", "properties": { "precipitation_mm": 0.0, "temperature_c": 24.043516083183047, "humidity_pct": 93.864060505327558, "cloud_cover_pct": 87.962303159742788, "wind_speed_ms": 7.3206771458924518, "forecast_datetime": "2026-10-03T23:00:00", "source": "BMKG ADM4 forecast points + IDW", "boundary": "SERPRO Carbon Project Zone", "interpretation": "Forecast surface clipped to project boundary; not direct station observation" }, "geometry": { "type": "Point", "coordinates": [ 112.518260621053486, -3.07677221646869 ] } },
{ "type": "Feature", "properties": { "precipitation_mm": 0.0, "temperature_c": 24.010918241406905, "humidity_pct": 93.965454159663125, "cloud_cover_pct": 87.989872545783498, "wind_speed_ms": 7.3058309411654161, "forecast_datetime": "2026-10-03T23:00:00", "source": "BMKG ADM4 forecast points + IDW", "boundary": "SERPRO Carbon Project Zone", "interpretation": "Forecast surface clipped to project boundary; not direct station observation" }, "geometry": { "type": "Point", "coordinates": [ 112.518247841346167, -3.06772836112672 ] } },
{ "type": "Feature", "properties": { "precipitation_mm": 0.0, "temperature_c": 24.000196994880326, "humidity_pct": 93.999369536450061, "cloud_cover_pct": 87.999806231849917, "wind_speed_ms": 7.3001158793129672, "forecast_datetime": "2026-10-03T23:00:00", "source": "BMKG ADM4 forecast points + IDW", "boundary": "SERPRO Carbon Project Zone", "interpretation": "Forecast surface clipped to project boundary; not direct station observation" }, "geometry": { "type": "Point", "coordinates": [ 112.518235099436993, -3.058684504199622 ] } },
{ "type": "Feature", "properties": { "precipitation_mm": 0.0, "temperature_c": 24.007266656997608, "humidity_pct": 93.976503812019843, "cloud_cover_pct": 87.992490880677323, "wind_speed_ms": 7.304636001196239, "forecast_datetime": "2026-10-03T23:00:00", "source": "BMKG ADM4 forecast points + IDW", "boundary": "SERPRO Carbon Project Zone", "interpretation": "Forecast surface clipped to project boundary; not direct station observation" }, "geometry": { "type": "Point", "coordinates": [ 112.518222395324429, -3.049640645692052 ] } },
{ "type": "Feature", "properties": { "precipitation_mm": 0.0, "temperature_c": 24.026864290346502, "humidity_pct": 93.91232848733604, "cloud_cover_pct": 87.971091166764282, "wind_speed_ms": 7.3183637145902773, "forecast_datetime": "2026-10-03T23:00:00", "source": "BMKG ADM4 forecast points + IDW", "boundary": "SERPRO Carbon Project Zone", "interpretation": "Forecast surface clipped to project boundary; not direct station observation" }, "geometry": { "type": "Point", "coordinates": [ 112.51820972900687, -3.040596785608666 ] } },
{ "type": "Feature", "properties": { "precipitation_mm": 0.0, "temperature_c": 24.053934510198978, "humidity_pct": 93.822503913214987, "cloud_cover_pct": 87.940050085402916, "wind_speed_ms": 7.3391180529258726, "forecast_datetime": "2026-10-03T23:00:00", "source": "BMKG ADM4 forecast points + IDW", "boundary": "SERPRO Carbon Project Zone", "interpretation": "Forecast surface clipped to project boundary; not direct station observation" }, "geometry": { "type": "Point", "coordinates": [ 112.51819710048278, -3.031552923954121 ] } },
{ "type": "Feature", "properties": { "precipitation_mm": 0.0, "temperature_c": 24.084469213609701, "humidity_pct": 93.719892365269885, "cloud_cover_pct": 87.90372924775852, "wind_speed_ms": 7.3644850124308787, "forecast_datetime": "2026-10-03T23:00:00", "source": "BMKG ADM4 forecast points + IDW", "boundary": "SERPRO Carbon Project Zone", "interpretation": "Forecast surface clipped to project boundary; not direct station observation" }, "geometry": { "type": "Point", "coordinates": [ 112.518184509750597, -3.022509060733076 ] } },
{ "type": "Feature", "properties": { "precipitation_mm": 0.0, "temperature_c": 24.115733488612296, "humidity_pct": 93.61354816882762, "cloud_cover_pct": 87.865628522992367, "wind_speed_ms": 7.3923836756654113, "forecast_datetime": "2026-10-03T23:00:00", "source": "BMKG ADM4 forecast points + IDW", "boundary": "SERPRO Carbon Project Zone", "interpretation": "Forecast surface clipped to project boundary; not direct station observation" }, "geometry": { "type": "Point", "coordinates": [ 112.518171956808757, -3.013465195950186 ] } },
{ "type": "Feature", "properties": { "precipitation_mm": 0.0, "temperature_c": 24.146099555706147, "humidity_pct": 93.509053200598316, "cloud_cover_pct": 87.828167462212718, "wind_speed_ms": 7.4212729565807463, "forecast_datetime": "2026-10-03T23:00:00", "source": "BMKG ADM4 forecast points + IDW", "boundary": "SERPRO Carbon Project Zone", "interpretation": "Forecast surface clipped to project boundary; not direct station observation" }, "geometry": { "type": "Point", "coordinates": [ 112.518159441655698, -3.004421329610109 ] } },
{ "type": "Feature", "properties": { "precipitation_mm": 0.0, "temperature_c": 24.174740170931539, "humidity_pct": 93.409396402574842, "cloud_cover_pct": 87.792803782027477, "wind_speed_ms": 7.4501322185279895, "forecast_datetime": "2026-10-03T23:00:00", "source": "BMKG ADM4 forecast points + IDW", "boundary": "SERPRO Carbon Project Zone", "interpretation": "Forecast surface clipped to project boundary; not direct station observation" }, "geometry": { "type": "Point", "coordinates": [ 112.518146964289912, -2.995377461717504 ] } },
{ "type": "Feature", "properties": { "precipitation_mm": 0.0, "temperature_c": 24.201336621300371, "humidity_pct": 93.315871490534278, "cloud_cover_pct": 87.760275590853936, "wind_speed_ms": 7.4783486622248088, "forecast_datetime": "2026-10-03T23:00:00", "source": "BMKG ADM4 forecast points + IDW", "boundary": "SERPRO Carbon Project Zone", "interpretation": "Forecast surface clipped to project boundary; not direct station observation" }, "geometry": { "type": "Point", "coordinates": [ 112.518134524709822, -2.986333592277027 ] } },
{ "type": "Feature", "properties": { "precipitation_mm": 0.0, "temperature_c": 24.225859501815492, "humidity_pct": 93.228776042502005, "cloud_cover_pct": 87.730841973691398, "wind_speed_ms": 7.5055926153001211, "forecast_datetime": "2026-10-03T23:00:00", "source": "BMKG ADM4 forecast points + IDW", "boundary": "SERPRO Carbon Project Zone", "interpretation": "Forecast surface clipped to project boundary; not direct station observation" }, "geometry": { "type": "Point", "coordinates": [ 112.518122122913908, -2.977289721293336 ] } },
{ "type": "Feature", "properties": { "precipitation_mm": 0.0, "temperature_c": 24.248425170054553, "humidity_pct": 93.147882118271085, "cloud_cover_pct": 87.704472675271774, "wind_speed_ms": 7.5317149644301953, "forecast_datetime": "2026-10-03T23:00:00", "source": "BMKG ADM4 forecast points + IDW", "boundary": "SERPRO Carbon Project Zone", "interpretation": "Forecast surface clipped to project boundary; not direct station observation" }, "geometry": { "type": "Point", "coordinates": [ 112.51810975890065, -2.968245848771091 ] } },
{ "type": "Feature", "properties": { "precipitation_mm": 0.0, "temperature_c": 24.269210494838163, "humidity_pct": 93.072723240770642, "cloud_cover_pct": 87.680980150302844, "wind_speed_ms": 7.5566739431545917, "forecast_datetime": "2026-10-03T23:00:00", "source": "BMKG ADM4 forecast points + IDW", "boundary": "SERPRO Carbon Project Zone", "interpretation": "Forecast surface clipped to project boundary; not direct station observation" }, "geometry": { "type": "Point", "coordinates": [ 112.518097432668498, -2.959201974714947 ] } },
{ "type": "Feature", "properties": { "precipitation_mm": 0.0, "temperature_c": 24.971012016330832, "humidity_pct": 90.842007874280483, "cloud_cover_pct": 87.457080546898965, "wind_speed_ms": 7.7239654864958593, "forecast_datetime": "2026-10-03T23:00:00", "source": "BMKG ADM4 forecast points + IDW", "boundary": "SERPRO Carbon Project Zone", "interpretation": "Forecast surface clipped to project boundary; not direct station observation" }, "geometry": { "type": "Point", "coordinates": [ 112.527563226282837, -3.284766662829961 ] } },
{ "type": "Feature", "properties": { "precipitation_mm": 0.0, "temperature_c": 24.969999658612643, "humidity_pct": 90.901810903996946, "cloud_cover_pct": 87.475204764410819, "wind_speed_ms": 7.647282152681071, "forecast_datetime": "2026-10-03T23:00:00", "source": "BMKG ADM4 forecast points + IDW", "boundary": "SERPRO Carbon Project Zone", "interpretation": "Forecast surface clipped to project boundary; not direct station observation" }, "geometry": { "type": "Point", "coordinates": [ 112.527549495969055, -3.275722883245535 ] } },
{ "type": "Feature", "properties": { "precipitation_mm": 0.0, "temperature_c": 24.969582551154456, "humidity_pct": 90.972622484601757, "cloud_cover_pct": 87.500080420531276, "wind_speed_ms": 7.561583678705035, "forecast_datetime": "2026-10-03T23:00:00", "source": "BMKG ADM4 forecast points + IDW", "boundary": "SERPRO Carbon Project Zone", "interpretation": "Forecast surface clipped to project boundary; not direct station observation" }, "geometry": { "type": "Point", "coordinates": [ 112.527535803714912, -3.266679101968265 ] } },
{ "type": "Feature", "properties": { "precipitation_mm": 0.0, "temperature_c": 24.9698755398983, "humidity_pct": 91.060188247173144, "cloud_cover_pct": 87.534852875577229, "wind_speed_ms": 7.4623406311468878, "forecast_datetime": "2026-10-03T23:00:00", "source": "BMKG ADM4 forecast points + IDW", "boundary": "SERPRO Carbon Project Zone", "interpretation": "Forecast surface clipped to project boundary; not direct station observation" }, "geometry": { "type": "Point", "coordinates": [ 112.527522149518717, -3.257635319002806 ] } },
{ "type": "Feature", "properties": { "precipitation_mm": 0.0, "temperature_c": 24.971045548131102, "humidity_pct": 91.172056122565138, "cloud_cover_pct": 87.583546290551013, "wind_speed_ms": 7.3431894604037611, "forecast_datetime": "2026-10-03T23:00:00", "source": "BMKG ADM4 forecast points + IDW", "boundary": "SERPRO Carbon Project Zone", "interpretation": "Forecast surface clipped to project boundary; not direct station observation" }, "geometry": { "type": "Point", "coordinates": [ 112.52750853337875, -3.248591534353814 ] } },
{ "type": "Feature", "properties": { "precipitation_mm": 0.0, "temperature_c": 24.973374991874032, "humidity_pct": 91.315381300334522, "cloud_cover_pct": 87.650035363990796, "wind_speed_ms": 7.1974932379322611, "forecast_datetime": "2026-10-03T23:00:00", "source": "BMKG ADM4 forecast points + IDW", "boundary": "SERPRO Carbon Project Zone", "interpretation": "Forecast surface clipped to project boundary; not direct station observation" }, "geometry": { "type": "Point", "coordinates": [ 112.527494955293378, -3.239547748025944 ] } },
{ "type": "Feature", "properties": { "precipitation_mm": 0.0, "temperature_c": 24.977254463066068, "humidity_pct": 91.490292757551543, "cloud_cover_pct": 87.734803504762965, "wind_speed_ms": 7.0239380668437601, "forecast_datetime": "2026-10-03T23:00:00", "source": "BMKG ADM4 forecast points + IDW", "boundary": "SERPRO Carbon Project Zone", "interpretation": "Forecast surface clipped to project boundary; not direct station observation" }, "geometry": { "type": "Point", "coordinates": [ 112.527481415260908, -3.230503960023851 ] } },
{ "type": "Feature", "properties": { "precipitation_mm": 0.0, "temperature_c": 24.982840604444817, "humidity_pct": 91.67847886044305, "cloud_cover_pct": 87.829062266475447, "wind_speed_ms": 6.837376499050376, "forecast_datetime": "2026-10-03T23:00:00", "source": "BMKG ADM4 forecast points + IDW", "boundary": "SERPRO Carbon Project Zone", "interpretation": "Forecast surface clipped to project boundary; not direct station observation" }, "geometry": { "type": "Point", "coordinates": [ 112.527467913279636, -3.22146017035219 ] } },
{ "type": "Feature", "properties": { "precipitation_mm": 0.0, "temperature_c": 24.98914605736238, "humidity_pct": 91.837681047657028, "cloud_cover_pct": 87.91116382217001, "wind_speed_ms": 6.6765692971990926, "forecast_datetime": "2026-10-03T23:00:00", "source": "BMKG ADM4 forecast points + IDW", "boundary": "SERPRO Carbon Project Zone", "interpretation": "Forecast surface clipped to project boundary; not direct station observation" }, "geometry": { "type": "Point", "coordinates": [ 112.527454449347928, -3.212416379015619 ] } },
{ "type": "Feature", "properties": { "precipitation_mm": 0.0, "temperature_c": 24.993207459524257, "humidity_pct": 91.922601464390183, "cloud_cover_pct": 87.955860159569752, "wind_speed_ms": 6.589042231644485, "forecast_datetime": "2026-10-03T23:00:00", "source": "BMKG ADM4 forecast points + IDW", "boundary": "SERPRO Carbon Project Zone", "interpretation": "Forecast surface clipped to project boundary; not direct station observation" }, "geometry": { "type": "Point", "coordinates": [ 112.527441023464135, -3.203372586018791 ] } },
{ "type": "Feature", "properties": { "precipitation_mm": 0.0, "temperature_c": 24.990761000400465, "humidity_pct": 91.923233884433458, "cloud_cover_pct": 87.953512985628407, "wind_speed_ms": 6.5958715216549857, "forecast_datetime": "2026-10-03T23:00:00", "source": "BMKG ADM4 forecast points + IDW", "boundary": "SERPRO Carbon Project Zone", "interpretation": "Forecast surface clipped to project boundary; not direct station observation" }, "geometry": { "type": "Point", "coordinates": [ 112.527427635626552, -3.194328791366367 ] } },
{ "type": "Feature", "properties": { "precipitation_mm": 0.0, "temperature_c": 24.978038918444341, "humidity_pct": 91.872653174550393, "cloud_cover_pct": 87.915722114547862, "wind_speed_ms": 6.6788699346750535, "forecast_datetime": "2026-10-03T23:00:00", "source": "BMKG ADM4 forecast points + IDW", "boundary": "SERPRO Carbon Project Zone", "interpretation": "Forecast surface clipped to project boundary; not direct station observation" }, "geometry": { "type": "Point", "coordinates": [ 112.527414285833544, -3.185284995062998 ] } },
{ "type": "Feature", "properties": { "precipitation_mm": 0.0, "temperature_c": 24.952607270901609, "humidity_pct": 91.817960758583965, "cloud_cover_pct": 87.862244182751695, "wind_speed_ms": 6.8027494792019558, "forecast_datetime": "2026-10-03T23:00:00", "source": "BMKG ADM4 forecast points + IDW", "boundary": "SERPRO Carbon Project Zone", "interpretation": "Forecast surface clipped to project boundary; not direct station observation" }, "geometry": { "type": "Point", "coordinates": [ 112.527400974083477, -3.176241197113343 ] } },
{ "type": "Feature", "properties": { "precipitation_mm": 0.0, "temperature_c": 24.913005710915101, "humidity_pct": 91.795526667773416, "cloud_cover_pct": 87.80881227540597, "wind_speed_ms": 6.9378330340467942, "forecast_datetime": "2026-10-03T23:00:00", "source": "BMKG ADM4 forecast points + IDW", "boundary": "SERPRO Carbon Project Zone", "interpretation": "Forecast surface clipped to project boundary; not direct station observation" }, "geometry": { "type": "Point", "coordinates": [ 112.527387700374703, -3.167197397522056 ] } },
{ "type": "Feature", "properties": { "precipitation_mm": 0.0, "temperature_c": 24.858353818437735, "humidity_pct": 91.826164560094341, "cloud_cover_pct": 87.76455468346775, "wind_speed_ms": 7.0659153347125523, "forecast_datetime": "2026-10-03T23:00:00", "source": "BMKG ADM4 forecast points + IDW", "boundary": "SERPRO Carbon Project Zone", "interpretation": "Forecast surface clipped to project boundary; not direct station observation" }, "geometry": { "type": "Point", "coordinates": [ 112.527374464705574, -3.158153596293799 ] } },
{ "type": "Feature", "properties": { "precipitation_mm": 0.0, "temperature_c": 24.788401513385409, "humidity_pct": 91.919071182338499, "cloud_cover_pct": 87.734067897826634, "wind_speed_ms": 7.1771963218824215, "forecast_datetime": "2026-10-03T23:00:00", "source": "BMKG ADM4 forecast points + IDW", "boundary": "SERPRO Carbon Project Zone", "interpretation": "Forecast surface clipped to project boundary; not direct station observation" }, "geometry": { "type": "Point", "coordinates": [ 112.527361267074454, -3.149109793433224 ] } },
{ "type": "Feature", "properties": { "precipitation_mm": 0.0, "temperature_c": 24.703854758105194, "humidity_pct": 92.075491519298225, "cloud_cover_pct": 87.719562983864733, "wind_speed_ms": 7.2665802487712492, "forecast_datetime": "2026-10-03T23:00:00", "source": "BMKG ADM4 forecast points + IDW", "boundary": "SERPRO Carbon Project Zone", "interpretation": "Forecast surface clipped to project boundary; not direct station observation" }, "geometry": { "type": "Point", "coordinates": [ 112.52734810747971, -3.140065988944989 ] } },
{ "type": "Feature", "properties": { "precipitation_mm": 0.0, "temperature_c": 24.606745430091411, "humidity_pct": 92.290270309553463, "cloud_cover_pct": 87.721910492688394, "wind_speed_ms": 7.3316482570238444, "forecast_datetime": "2026-10-03T23:00:00", "source": "BMKG ADM4 forecast points + IDW", "boundary": "SERPRO Carbon Project Zone", "interpretation": "Forecast surface clipped to project boundary; not direct station observation" }, "geometry": { "type": "Point", "coordinates": [ 112.527334985919722, -3.131022182833753 ] } },
{ "type": "Feature", "properties": { "precipitation_mm": 0.0, "temperature_c": 24.500699761907626, "humidity_pct": 92.552134969786493, "cloud_cover_pct": 87.740803150246094, "wind_speed_ms": 7.3719879049956019, "forecast_datetime": "2026-10-03T23:00:00", "source": "BMKG ADM4 forecast points + IDW", "boundary": "SERPRO Carbon Project Zone", "interpretation": "Forecast surface clipped to project boundary; not direct station observation" }, "geometry": { "type": "Point", "coordinates": [ 112.527321902392899, -3.121978375104171 ] } },
{ "type": "Feature", "properties": { "precipitation_mm": 0.0, "temperature_c": 24.390998429624979, "humidity_pct": 92.843796486875178, "cloud_cover_pct": 87.774452699388064, "wind_speed_ms": 7.3891850913049462, "forecast_datetime": "2026-10-03T23:00:00", "source": "BMKG ADM4 forecast points + IDW", "boundary": "SERPRO Carbon Project Zone", "interpretation": "Forecast surface clipped to project boundary; not direct station observation" }, "geometry": { "type": "Point", "coordinates": [ 112.527308856897577, -3.112934565760903 ] } },
{ "type": "Feature", "properties": { "precipitation_mm": 0.0, "temperature_c": 24.284309987491703, "humidity_pct": 93.142749040014067, "cloud_cover_pct": 87.81920309967893, "wind_speed_ms": 7.3869455810932259, "forecast_datetime": "2026-10-03T23:00:00", "source": "BMKG ADM4 forecast points + IDW", "boundary": "SERPRO Carbon Project Zone", "interpretation": "Forecast surface clipped to project boundary; not direct station observation" }, "geometry": { "type": "Point", "coordinates": [ 112.52729584943215, -3.103890754808604 ] } },
{ "type": "Feature", "properties": { "precipitation_mm": 0.0, "temperature_c": 24.187972280515794, "humidity_pct": 93.423462421847816, "cloud_cover_pct": 87.86944429482763, "wind_speed_ms": 7.3709629733554234, "forecast_datetime": "2026-10-03T23:00:00", "source": "BMKG ADM4 forecast points + IDW", "boundary": "SERPRO Carbon Project Zone", "interpretation": "Forecast surface clipped to project boundary; not direct station observation" }, "geometry": { "type": "Point", "coordinates": [ 112.527282879995042, -3.094846942251932 ] } },
{ "type": "Feature", "properties": { "precipitation_mm": 0.0, "temperature_c": 24.108791105950111, "humidity_pct": 93.661253083788779, "cloud_cover_pct": 87.918175706038113, "wind_speed_ms": 7.3482716018857737, "forecast_datetime": "2026-10-03T23:00:00", "source": "BMKG ADM4 forecast points + IDW", "boundary": "SERPRO Carbon Project Zone", "interpretation": "Forecast surface clipped to project boundary; not direct station observation" }, "geometry": { "type": "Point", "coordinates": [ 112.527269948584646, -3.085803128095548 ] } },
{ "type": "Feature", "properties": { "precipitation_mm": 0.0, "temperature_c": 24.051593474782756, "humidity_pct": 93.837186785748443, "cloud_cover_pct": 87.958322984300096, "wind_speed_ms": 7.3260443528190544, "forecast_datetime": "2026-10-03T23:00:00", "source": "BMKG ADM4 forecast points + IDW", "boundary": "SERPRO Carbon Project Zone", "interpretation": "Forecast surface clipped to project boundary; not direct station observation" }, "geometry": { "type": "Point", "coordinates": [ 112.527257055199343, -3.076759312344108 ] } },
{ "type": "Feature", "properties": { "precipitation_mm": 0.0, "temperature_c": 24.018094013659702, "humidity_pct": 93.942214908690374, "cloud_cover_pct": 87.984427970870811, "wind_speed_ms": 7.3101532972613015, "forecast_datetime": "2026-10-03T23:00:00", "source": "BMKG ADM4 forecast points + IDW", "boundary": "SERPRO Carbon Project Zone", "interpretation": "Forecast surface clipped to project boundary; not direct station observation" }, "geometry": { "type": "Point", "coordinates": [ 112.527244199837554, -3.06771549500227 ] } },
{ "type": "Feature", "properties": { "precipitation_mm": 0.0, "temperature_c": 24.006668217113454, "humidity_pct": 93.978475257420328, "cloud_cover_pct": 87.993934227185505, "wind_speed_ms": 7.3040879119719309, "forecast_datetime": "2026-10-03T23:00:00", "source": "BMKG ADM4 forecast points + IDW", "boundary": "SERPRO Carbon Project Zone", "interpretation": "Forecast surface clipped to project boundary; not direct station observation" }, "geometry": { "type": "Point", "coordinates": [ 112.527231382497675, -3.058671676074691 ] } },
{ "type": "Feature", "properties": { "precipitation_mm": 0.0, "temperature_c": 24.013179831157593, "humidity_pct": 93.957044439669303, "cloud_cover_pct": 87.987425120734258, "wind_speed_ms": 7.3087091274556286, "forecast_datetime": "2026-10-03T23:00:00", "source": "BMKG ADM4 forecast points + IDW", "boundary": "SERPRO Carbon Project Zone", "interpretation": "Forecast surface clipped to project boundary; not direct station observation" }, "geometry": { "type": "Point", "coordinates": [ 112.52721860317817, -3.049627855566032 ] } },
{ "type": "Feature", "properties": { "precipitation_mm": 0.0, "temperature_c": 24.032400688138686, "humidity_pct": 93.893477962917913, "cloud_cover_pct": 87.967814480498916, "wind_speed_ms": 7.3228313211268663, "forecast_datetime": "2026-10-03T23:00:00", "source": "BMKG ADM4 forecast points + IDW", "boundary": "SERPRO Carbon Project Zone", "interpretation": "Forecast surface clipped to project boundary; not direct station observation" }, "geometry": { "type": "Point", "coordinates": [ 112.527205861877405, -3.04058403348095 ] } },
{ "type": "Feature", "properties": { "precipitation_mm": 0.0, "temperature_c": 24.059327932037576, "humidity_pct": 93.803408280581124, "cloud_cover_pct": 87.939064878862737, "wind_speed_ms": 7.3441933903076562, "forecast_datetime": "2026-10-03T23:00:00", "source": "BMKG ADM4 forecast points + IDW", "boundary": "SERPRO Carbon Project Zone", "interpretation": "Forecast surface clipped to project boundary; not direct station observation" }, "geometry": { "type": "Point", "coordinates": [ 112.527193158593846, -3.031540209824105 ] } },
{ "type": "Feature", "properties": { "precipitation_mm": 0.0, "temperature_c": 24.089963677154685, "humidity_pct": 93.699750704166235, "cloud_cover_pct": 87.905069288354966, "wind_speed_ms": 7.370332765837956, "forecast_datetime": "2026-10-03T23:00:00", "source": "BMKG ADM4 forecast points + IDW", "boundary": "SERPRO Carbon Project Zone", "interpretation": "Forecast surface clipped to project boundary; not direct station observation" }, "geometry": { "type": "Point", "coordinates": [ 112.527180493325901, -3.022496384600156 ] } },
{ "type": "Feature", "properties": { "precipitation_mm": 0.0, "temperature_c": 24.121530121486185, "humidity_pct": 93.591744451440334, "cloud_cover_pct": 87.869005550119311, "wind_speed_ms": 7.3991186763070651, "forecast_datetime": "2026-10-03T23:00:00", "source": "BMKG ADM4 forecast points + IDW", "boundary": "SERPRO Carbon Project Zone", "interpretation": "Forecast surface clipped to project boundary; not direct station observation" }, "geometry": { "type": "Point", "coordinates": [ 112.52716786607202, -3.01345255781376 ] } },
{ "type": "Feature", "properties": { "precipitation_mm": 0.0, "temperature_c": 24.152326037880574, "humidity_pct": 93.485231924359624, "cloud_cover_pct": 87.833138685352637, "wind_speed_ms": 7.4289522881186967, "forecast_datetime": "2026-10-03T23:00:00", "source": "BMKG ADM4 forecast points + IDW", "boundary": "SERPRO Carbon Project Zone", "interpretation": "Forecast surface clipped to project boundary; not direct station observation" }, "geometry": { "type": "Point", "coordinates": [ 112.527155276830641, -3.004408729469579 ] } },
{ "type": "Feature", "properties": { "precipitation_mm": 0.0, "temperature_c": 24.181447617902819, "humidity_pct": 93.383460383215137, "cloud_cover_pct": 87.798898894922715, "wind_speed_ms": 7.4587550738245065, "forecast_datetime": "2026-10-03T23:00:00", "source": "BMKG ADM4 forecast points + IDW", "boundary": "SERPRO Carbon Project Zone", "interpretation": "Forecast surface clipped to project boundary; not direct station observation" }, "geometry": { "type": "Point", "coordinates": [ 112.5271427256002, -2.99536489957227 ] } },
{ "type": "Feature", "properties": { "precipitation_mm": 0.0, "temperature_c": 24.208513878510932, "humidity_pct": 93.287928967516251, "cloud_cover_pct": 87.767070399241092, "wind_speed_ms": 7.4878653159171504, "forecast_datetime": "2026-10-03T23:00:00", "source": "BMKG ADM4 forecast points + IDW", "boundary": "SERPRO Carbon Project Zone", "interpretation": "Forecast surface clipped to project boundary; not direct station observation" }, "geometry": { "type": "Point", "coordinates": [ 112.527130212379163, -2.986321068126494 ] } },
{ "type": "Feature", "properties": { "precipitation_mm": 0.0, "temperature_c": 24.233453409289108, "humidity_pct": 93.199071114327026, "cloud_cover_pct": 87.737989589877827, "wind_speed_ms": 7.515918235341875, "forecast_datetime": "2026-10-03T23:00:00", "source": "BMKG ADM4 forecast points + IDW", "boundary": "SERPRO Carbon Project Zone", "interpretation": "Forecast surface clipped to project boundary; not direct station observation" }, "geometry": { "type": "Point", "coordinates": [ 112.527117737165966, -2.977277235136909 ] } },
{ "type": "Feature", "properties": { "precipitation_mm": 0.0, "temperature_c": 24.25635947818677, "humidity_pct": 93.116730893909576, "cloud_cover_pct": 87.711708410673864, "wind_speed_ms": 7.5427438419341621, "forecast_datetime": "2026-10-03T23:00:00", "source": "BMKG ADM4 forecast points + IDW", "boundary": "SERPRO Carbon Project Zone", "interpretation": "Forecast surface clipped to project boundary; not direct station observation" }, "geometry": { "type": "Point", "coordinates": [ 112.527105299959089, -2.968233400608177 ] } },
{ "type": "Feature", "properties": { "precipitation_mm": 0.0, "temperature_c": 24.277400370954837, "humidity_pct": 93.040465132389414, "cloud_cover_pct": 87.688113178850358, "wind_speed_ms": 7.5682915114057598, "forecast_datetime": "2026-10-03T23:00:00", "source": "BMKG ADM4 forecast points + IDW", "boundary": "SERPRO Carbon Project Zone", "interpretation": "Forecast surface clipped to project boundary; not direct station observation" }, "geometry": { "type": "Point", "coordinates": [ 112.527092900756983, -2.959189564544957 ] } },
{ "type": "Feature", "properties": { "precipitation_mm": 0.0, "temperature_c": 24.979533652659363, "humidity_pct": 90.772997115188431, "cloud_cover_pct": 87.427466470421649, "wind_speed_ms": 7.7329760465762041, "forecast_datetime": "2026-10-03T23:00:00", "source": "BMKG ADM4 forecast points + IDW", "boundary": "SERPRO Carbon Project Zone", "interpretation": "Forecast surface clipped to project boundary; not direct station observation" }, "geometry": { "type": "Point", "coordinates": [ 112.536547613083556, -3.275709061859708 ] } },
{ "type": "Feature", "properties": { "precipitation_mm": 0.0, "temperature_c": 24.978350615874024, "humidity_pct": 90.825830642215806, "cloud_cover_pct": 87.441567056867541, "wind_speed_ms": 7.661827867181799, "forecast_datetime": "2026-10-03T23:00:00", "source": "BMKG ADM4 forecast points + IDW", "boundary": "SERPRO Carbon Project Zone", "interpretation": "Forecast surface clipped to project boundary; not direct station observation" }, "geometry": { "type": "Point", "coordinates": [ 112.536533840251536, -3.266665318820831 ] } },
{ "type": "Feature", "properties": { "precipitation_mm": 0.0, "temperature_c": 24.977718596052625, "humidity_pct": 90.890185783027107, "cloud_cover_pct": 87.463042221417794, "wind_speed_ms": 7.5826513556331498, "forecast_datetime": "2026-10-03T23:00:00", "source": "BMKG ADM4 forecast points + IDW", "boundary": "SERPRO Carbon Project Zone", "interpretation": "Forecast surface clipped to project boundary; not direct station observation" }, "geometry": { "type": "Point", "coordinates": [ 112.536520105701413, -3.257621574093114 ] } },
{ "type": "Feature", "properties": { "precipitation_mm": 0.0, "temperature_c": 24.977629777098933, "humidity_pct": 90.974486462303105, "cloud_cover_pct": 87.496269672603376, "wind_speed_ms": 7.4892440882857638, "forecast_datetime": "2026-10-03T23:00:00", "source": "BMKG ADM4 forecast points + IDW", "boundary": "SERPRO Carbon Project Zone", "interpretation": "Forecast surface clipped to project boundary; not direct station observation" }, "geometry": { "type": "Point", "coordinates": [ 112.53650640943151, -3.248577827681209 ] } },
{ "type": "Feature", "properties": { "precipitation_mm": 0.0, "temperature_c": 24.978085701176116, "humidity_pct": 91.089763900347549, "cloud_cover_pct": 87.546794808171612, "wind_speed_ms": 7.372866272846621, "forecast_datetime": "2026-10-03T23:00:00", "source": "BMKG ADM4 forecast points + IDW", "boundary": "SERPRO Carbon Project Zone", "interpretation": "Forecast surface clipped to project boundary; not direct station observation" }, "geometry": { "type": "Point", "coordinates": [ 112.536492751440136, -3.239534079589777 ] } },
{ "type": "Feature", "properties": { "precipitation_mm": 0.0, "temperature_c": 24.979176191396785, "humidity_pct": 91.244250049033027, "cloud_cover_pct": 87.618713820161616, "wind_speed_ms": 7.2263230449221121, "forecast_datetime": "2026-10-03T23:00:00", "source": "BMKG ADM4 forecast points + IDW", "boundary": "SERPRO Carbon Project Zone", "interpretation": "Forecast surface clipped to project boundary; not direct station observation" }, "geometry": { "type": "Point", "coordinates": [ 112.536479131725585, -3.230490329823472 ] } },
{ "type": "Feature", "properties": { "precipitation_mm": 0.0, "temperature_c": 24.981014472536035, "humidity_pct": 91.429336228092495, "cloud_cover_pct": 87.70774685766591, "wind_speed_ms": 7.0558938833595022, "forecast_datetime": "2026-10-03T23:00:00", "source": "BMKG ADM4 forecast points + IDW", "boundary": "SERPRO Carbon Project Zone", "interpretation": "Forecast surface clipped to project boundary; not direct station observation" }, "geometry": { "type": "Point", "coordinates": [ 112.536465550286181, -3.221446578386952 ] } },
{ "type": "Feature", "properties": { "precipitation_mm": 0.0, "temperature_c": 24.983163226450447, "humidity_pct": 91.605426598114846, "cloud_cover_pct": 87.79386284667369, "wind_speed_ms": 6.8953748954833189, "forecast_datetime": "2026-10-03T23:00:00", "source": "BMKG ADM4 forecast points + IDW", "boundary": "SERPRO Carbon Project Zone", "interpretation": "Forecast surface clipped to project boundary; not direct station observation" }, "geometry": { "type": "Point", "coordinates": [ 112.536452007120246, -3.212402825284877 ] } },
{ "type": "Feature", "properties": { "precipitation_mm": 0.0, "temperature_c": 24.983724245224614, "humidity_pct": 91.71865787236986, "cloud_cover_pct": 87.848667084061645, "wind_speed_ms": 6.7954610250198622, "forecast_datetime": "2026-10-03T23:00:00", "source": "BMKG ADM4 forecast points + IDW", "boundary": "SERPRO Carbon Project Zone", "interpretation": "Forecast surface clipped to project boundary; not direct station observation" }, "geometry": { "type": "Point", "coordinates": [ 112.536438502226119, -3.203359070521903 ] } },
{ "type": "Feature", "properties": { "precipitation_mm": 0.0, "temperature_c": 24.97942950000105, "humidity_pct": 91.74921647432987, "cloud_cover_pct": 87.859000049316322, "wind_speed_ms": 6.7826140929923175, "forecast_datetime": "2026-10-03T23:00:00", "source": "BMKG ADM4 forecast points + IDW", "boundary": "SERPRO Carbon Project Zone", "interpretation": "Forecast surface clipped to project boundary; not direct station observation" }, "geometry": { "type": "Point", "coordinates": [ 112.536425035602122, -3.194315314102688 ] } },
{ "type": "Feature", "properties": { "precipitation_mm": 0.0, "temperature_c": 24.966959992956305, "humidity_pct": 91.726184649313225, "cloud_cover_pct": 87.835296343012942, "wind_speed_ms": 6.841426241958759, "forecast_datetime": "2026-10-03T23:00:00", "source": "BMKG ADM4 forecast points + IDW", "boundary": "SERPRO Carbon Project Zone", "interpretation": "Forecast surface clipped to project boundary; not direct station observation" }, "geometry": { "type": "Point", "coordinates": [ 112.536411607246578, -3.18527155603189 ] } },
{ "type": "Feature", "properties": { "precipitation_mm": 0.0, "temperature_c": 24.943760395822778, "humidity_pct": 91.694944123619081, "cloud_cover_pct": 87.796511007898928, "wind_speed_ms": 6.9391029614430701, "forecast_datetime": "2026-10-03T23:00:00", "source": "BMKG ADM4 forecast points + IDW", "boundary": "SERPRO Carbon Project Zone", "interpretation": "Forecast surface clipped to project boundary; not direct station observation" }, "geometry": { "type": "Point", "coordinates": [ 112.536398217157853, -3.176227796314168 ] } },
{ "type": "Feature", "properties": { "precipitation_mm": 0.0, "temperature_c": 24.907929128520401, "humidity_pct": 91.690340677543006, "cloud_cover_pct": 87.757141525448347, "wind_speed_ms": 7.0488760923199507, "forecast_datetime": "2026-10-03T23:00:00", "source": "BMKG ADM4 forecast points + IDW", "boundary": "SERPRO Carbon Project Zone", "interpretation": "Forecast surface clipped to project boundary; not direct station observation" }, "geometry": { "type": "Point", "coordinates": [ 112.536384865334284, -3.167184034954181 ] } },
{ "type": "Feature", "properties": { "precipitation_mm": 0.0, "temperature_c": 24.858053515551774, "humidity_pct": 91.732616269710007, "cloud_cover_pct": 87.725304997668999, "wind_speed_ms": 7.1545976127918189, "forecast_datetime": "2026-10-03T23:00:00", "source": "BMKG ADM4 forecast points + IDW", "boundary": "SERPRO Carbon Project Zone", "interpretation": "Forecast surface clipped to project boundary; not direct station observation" }, "geometry": { "type": "Point", "coordinates": [ 112.536371551774224, -3.158140271956585 ] } },
{ "type": "Feature", "properties": { "precipitation_mm": 0.0, "temperature_c": 24.793358651751024, "humidity_pct": 91.831622644782186, "cloud_cover_pct": 87.705095121632198, "wind_speed_ms": 7.2472767961471556, "forecast_datetime": "2026-10-03T23:00:00", "source": "BMKG ADM4 forecast points + IDW", "boundary": "SERPRO Carbon Project Zone", "interpretation": "Forecast surface clipped to project boundary; not direct station observation" }, "geometry": { "type": "Point", "coordinates": [ 112.536358276476022, -3.149096507326041 ] } },
{ "type": "Feature", "properties": { "precipitation_mm": 0.0, "temperature_c": 24.71406280312226, "humidity_pct": 91.990050198750737, "cloud_cover_pct": 87.698580638287496, "wind_speed_ms": 7.3217630056543168, "forecast_datetime": "2026-10-03T23:00:00", "source": "BMKG ADM4 forecast points + IDW", "boundary": "SERPRO Carbon Project Zone", "interpretation": "Forecast surface clipped to project boundary; not direct station observation" }, "geometry": { "type": "Point", "coordinates": [ 112.536345039438046, -3.140052741067206 ] } },
{ "type": "Feature", "properties": { "precipitation_mm": 0.0, "temperature_c": 24.621780206804608, "humidity_pct": 92.204416406098204, "cloud_cover_pct": 87.706648542762792, "wind_speed_ms": 7.3751779112368503, "forecast_datetime": "2026-10-03T23:00:00", "source": "BMKG ADM4 forecast points + IDW", "boundary": "SERPRO Carbon Project Zone", "interpretation": "Forecast surface clipped to project boundary; not direct station observation" }, "geometry": { "type": "Point", "coordinates": [ 112.536331840658647, -3.131008973184741 ] } },
{ "type": "Feature", "properties": { "precipitation_mm": 0.0, "temperature_c": 24.519840867521641, "humidity_pct": 92.464888109832785, "cloud_cover_pct": 87.72905323021206, "wind_speed_ms": 7.4065530747381088, "forecast_datetime": "2026-10-03T23:00:00", "source": "BMKG ADM4 forecast points + IDW", "boundary": "SERPRO Carbon Project Zone", "interpretation": "Forecast surface clipped to project boundary; not direct station observation" }, "geometry": { "type": "Point", "coordinates": [ 112.536318680136219, -3.121965203683303 ] } },
{ "type": "Feature", "properties": { "precipitation_mm": 0.0, "temperature_c": 24.413387591231661, "humidity_pct": 92.755109427596949, "cloud_cover_pct": 87.764098576691381, "wind_speed_ms": 7.4169905753124503, "forecast_datetime": "2026-10-03T23:00:00", "source": "BMKG ADM4 forecast points + IDW", "boundary": "SERPRO Carbon Project Zone", "interpretation": "Forecast surface clipped to project boundary; not direct station observation" }, "geometry": { "type": "Point", "coordinates": [ 112.536305557869099, -3.112921432567554 ] } },
{ "type": "Feature", "properties": { "precipitation_mm": 0.0, "temperature_c": 24.309086425922029, "humidity_pct": 93.053004647164826, "cloud_cover_pct": 87.808321589900956, "wind_speed_ms": 7.4098432161688059, "forecast_datetime": "2026-10-03T23:00:00", "source": "BMKG ADM4 forecast points + IDW", "boundary": "SERPRO Carbon Project Zone", "interpretation": "Forecast surface clipped to project boundary; not direct station observation" }, "geometry": { "type": "Point", "coordinates": [ 112.536292473855724, -3.10387765984215 ] } },
{ "type": "Feature", "properties": { "precipitation_mm": 0.0, "temperature_c": 24.214316580868253, "humidity_pct": 93.333253074478108, "cloud_cover_pct": 87.856526619901771, "wind_speed_ms": 7.3905415867882729, "forecast_datetime": "2026-10-03T23:00:00", "source": "BMKG ADM4 forecast points + IDW", "boundary": "SERPRO Carbon Project Zone", "interpretation": "Forecast surface clipped to project boundary; not direct station observation" }, "geometry": { "type": "Point", "coordinates": [ 112.536279428094417, -3.094833885511754 ] } },
{ "type": "Feature", "properties": { "precipitation_mm": 0.0, "temperature_c": 24.135871212402453, "humidity_pct": 93.571512433774259, "cloud_cover_pct": 87.902431115211087, "wind_speed_ms": 7.365843733146165, "forecast_datetime": "2026-10-03T23:00:00", "source": "BMKG ADM4 forecast points + IDW", "boundary": "SERPRO Carbon Project Zone", "interpretation": "Forecast surface clipped to project boundary; not direct station observation" }, "geometry": { "type": "Point", "coordinates": [ 112.536266420583601, -3.085790109581024 ] } },
{ "type": "Feature", "properties": { "precipitation_mm": 0.0, "temperature_c": 24.078502735029705, "humidity_pct": 93.749405300542733, "cloud_cover_pct": 87.939907568913711, "wind_speed_ms": 7.3425566882754296, "forecast_datetime": "2026-10-03T23:00:00", "source": "BMKG ADM4 forecast points + IDW", "boundary": "SERPRO Carbon Project Zone", "interpretation": "Forecast surface clipped to project boundary; not direct station observation" }, "geometry": { "type": "Point", "coordinates": [ 112.536253451321684, -3.07674633205462 ] } },
{ "type": "Feature", "properties": { "precipitation_mm": 0.0, "temperature_c": 24.043896467606462, "humidity_pct": 93.858339528745518, "cloud_cover_pct": 87.964404687590672, "wind_speed_ms": 7.3261295890928002, "forecast_datetime": "2026-10-03T23:00:00", "source": "BMKG ADM4 forecast points + IDW", "boundary": "SERPRO Carbon Project Zone", "interpretation": "Forecast surface clipped to project boundary; not direct station observation" }, "geometry": { "type": "Point", "coordinates": [ 112.536240520307018, -3.067702552937202 ] } },
{ "type": "Feature", "properties": { "precipitation_mm": 0.0, "temperature_c": 24.030566516808598, "humidity_pct": 93.900385250169919, "cloud_cover_pct": 87.973907787033326, "wind_speed_ms": 7.3196946990818663, "forecast_datetime": "2026-10-03T23:00:00", "source": "BMKG ADM4 forecast points + IDW", "boundary": "SERPRO Carbon Project Zone", "interpretation": "Forecast surface clipped to project boundary; not direct station observation" }, "geometry": { "type": "Point", "coordinates": [ 112.53622762753804, -3.05865877223343 ] } },
{ "type": "Feature", "properties": { "precipitation_mm": 0.0, "temperature_c": 24.034695087133088, "humidity_pct": 93.885924992939437, "cloud_cover_pct": 87.969016267341829, "wind_speed_ms": 7.3239244050740577, "forecast_datetime": "2026-10-03T23:00:00", "source": "BMKG ADM4 forecast points + IDW", "boundary": "SERPRO Carbon Project Zone", "interpretation": "Forecast surface clipped to project boundary; not direct station observation" }, "geometry": { "type": "Point", "coordinates": [ 112.536214773013143, -3.049614989947965 ] } },
{ "type": "Feature", "properties": { "precipitation_mm": 0.0, "temperature_c": 24.051441057041053, "humidity_pct": 93.829504049069143, "cloud_cover_pct": 87.952231255061491, "wind_speed_ms": 7.3376146327696574, "forecast_datetime": "2026-10-03T23:00:00", "source": "BMKG ADM4 forecast points + IDW", "boundary": "SERPRO Carbon Project Zone", "interpretation": "Forecast surface clipped to project boundary; not direct station observation" }, "geometry": { "type": "Point", "coordinates": [ 112.536201956730764, -3.040571206085467 ] } },
{ "type": "Feature", "properties": { "precipitation_mm": 0.0, "temperature_c": 24.07612021199213, "humidity_pct": 93.745864186729833, "cloud_cover_pct": 87.926922549171778, "wind_speed_ms": 7.3585770018550196, "forecast_datetime": "2026-10-03T23:00:00", "source": "BMKG ADM4 forecast points + IDW", "boundary": "SERPRO Carbon Project Zone", "interpretation": "Forecast surface clipped to project boundary; not direct station observation" }, "geometry": { "type": "Point", "coordinates": [ 112.536189178689284, -3.031527420650596 ] } },
{ "type": "Feature", "properties": { "precipitation_mm": 0.0, "temperature_c": 24.104912031469755, "humidity_pct": 93.647410004506852, "cloud_cover_pct": 87.896439528098455, "wind_speed_ms": 7.3844272943050386, "forecast_datetime": "2026-10-03T23:00:00", "source": "BMKG ADM4 forecast points + IDW", "boundary": "SERPRO Carbon Project Zone", "interpretation": "Forecast surface clipped to project boundary; not direct station observation" }, "geometry": { "type": "Point", "coordinates": [ 112.536176438887153, -3.022483633648015 ] } },
{ "type": "Feature", "properties": { "precipitation_mm": 0.0, "temperature_c": 24.135079962847531, "humidity_pct": 93.543265813275269, "cloud_cover_pct": 87.863583491325301, "wind_speed_ms": 7.4130733946749734, "forecast_datetime": "2026-10-03T23:00:00", "source": "BMKG ADM4 forecast points + IDW", "boundary": "SERPRO Carbon Project Zone", "interpretation": "Forecast surface clipped to project boundary; not direct station observation" }, "geometry": { "type": "Point", "coordinates": [ 112.536163737322795, -3.013439845082382 ] } },
{ "type": "Feature", "properties": { "precipitation_mm": 0.0, "temperature_c": 24.164874594998579, "humidity_pct": 93.43942848930871, "cloud_cover_pct": 87.830423627086333, "wind_speed_ms": 7.442910898064687, "forecast_datetime": "2026-10-03T23:00:00", "source": "BMKG ADM4 forecast points + IDW", "boundary": "SERPRO Carbon Project Zone", "interpretation": "Forecast surface clipped to project boundary; not direct station observation" }, "geometry": { "type": "Point", "coordinates": [ 112.536151073994617, -3.00439605495836 ] } },
{ "type": "Feature", "properties": { "precipitation_mm": 0.0, "temperature_c": 24.193304579961669, "humidity_pct": 93.33942064100863, "cloud_cover_pct": 87.798333722698032, "wind_speed_ms": 7.472827220231653, "forecast_datetime": "2026-10-03T23:00:00", "source": "BMKG ADM4 forecast points + IDW", "boundary": "SERPRO Carbon Project Zone", "interpretation": "Forecast surface clipped to project boundary; not direct station observation" }, "geometry": { "type": "Point", "coordinates": [ 112.536138448901085, -2.995352263280609 ] } },
{ "type": "Feature", "properties": { "precipitation_mm": 0.0, "temperature_c": 24.219897051079442, "humidity_pct": 93.245029934776014, "cloud_cover_pct": 87.768127537903908, "wind_speed_ms": 7.5021163464560141, "forecast_datetime": "2026-10-03T23:00:00", "source": "BMKG ADM4 forecast points + IDW", "boundary": "SERPRO Carbon Project Zone", "interpretation": "Forecast surface clipped to project boundary; not direct station observation" }, "geometry": { "type": "Point", "coordinates": [ 112.536125862040635, -2.986308470053792 ] } },
{ "type": "Feature", "properties": { "precipitation_mm": 0.0, "temperature_c": 24.244502274231451, "humidity_pct": 93.156935135948913, "cloud_cover_pct": 87.740212959788906, "wind_speed_ms": 7.5303716964608229, "forecast_datetime": "2026-10-03T23:00:00", "source": "BMKG ADM4 forecast points + IDW", "boundary": "SERPRO Carbon Project Zone", "interpretation": "Forecast surface clipped to project boundary; not direct station observation" }, "geometry": { "type": "Point", "coordinates": [ 112.536113313411718, -2.977264675282568 ] } },
{ "type": "Feature", "properties": { "precipitation_mm": 0.0, "temperature_c": 24.267154467640562, "humidity_pct": 93.075164014255435, "cloud_cover_pct": 87.714726374414141, "wind_speed_ms": 7.5573902021481523, "forecast_datetime": "2026-10-03T23:00:00", "source": "BMKG ADM4 forecast points + IDW", "boundary": "SERPRO Carbon Project Zone", "interpretation": "Forecast surface clipped to project boundary; not direct station observation" }, "geometry": { "type": "Point", "coordinates": [ 112.536100803012758, -2.968220878971601 ] } },
{ "type": "Feature", "properties": { "precipitation_mm": 0.0, "temperature_c": 24.287981253413008, "humidity_pct": 92.99939808815536, "cloud_cover_pct": 87.691635359041626, "wind_speed_ms": 7.5830984308879437, "forecast_datetime": "2026-10-03T23:00:00", "source": "BMKG ADM4 forecast points + IDW", "boundary": "SERPRO Carbon Project Zone", "interpretation": "Forecast surface clipped to project boundary; not direct station observation" }, "geometry": { "type": "Point", "coordinates": [ 112.536088330842219, -2.959177081125552 ] } },
{ "type": "Feature", "properties": { "precipitation_mm": 0.0, "temperature_c": 24.989003054717408, "humidity_pct": 90.636646772580249, "cloud_cover_pct": 87.375889479727064, "wind_speed_ms": 7.8254823089913002, "forecast_datetime": "2026-10-03T23:00:00", "source": "BMKG ADM4 forecast points + IDW", "boundary": "SERPRO Carbon Project Zone", "interpretation": "Forecast surface clipped to project boundary; not direct station observation" }, "geometry": { "type": "Point", "coordinates": [ 112.545545691914441, -3.275695159375368 ] } },
{ "type": "Feature", "properties": { "precipitation_mm": 0.0, "temperature_c": 24.987049299169414, "humidity_pct": 90.66753129301641, "cloud_cover_pct": 87.376746775055807, "wind_speed_ms": 7.7707389303076617, "forecast_datetime": "2026-10-03T23:00:00", "source": "BMKG ADM4 forecast points + IDW", "boundary": "SERPRO Carbon Project Zone", "interpretation": "Forecast surface clipped to project boundary; not direct station observation" }, "geometry": { "type": "Point", "coordinates": [ 112.54553183850625, -3.266651454799254 ] } },
{ "type": "Feature", "properties": { "precipitation_mm": 0.0, "temperature_c": 24.985664754692241, "humidity_pct": 90.700759139556197, "cloud_cover_pct": 87.380673414739562, "wind_speed_ms": 7.7160259825420212, "forecast_datetime": "2026-10-03T23:00:00", "source": "BMKG ADM4 forecast points + IDW", "boundary": "SERPRO Carbon Project Zone", "interpretation": "Forecast surface clipped to project boundary; not direct station observation" }, "geometry": { "type": "Point", "coordinates": [ 112.545518023603918, -3.25760774853364 ] } },
{ "type": "Feature", "properties": { "precipitation_mm": 0.0, "temperature_c": 24.984757939864565, "humidity_pct": 90.74302989214894, "cloud_cover_pct": 87.391304000820895, "wind_speed_ms": 7.6573658200895167, "forecast_datetime": "2026-10-03T23:00:00", "source": "BMKG ADM4 forecast points + IDW", "boundary": "SERPRO Carbon Project Zone", "interpretation": "Forecast surface clipped to project boundary; not direct station observation" }, "geometry": { "type": "Point", "coordinates": [ 112.545504247205756, -3.248564040583182 ] } },
{ "type": "Feature", "properties": { "precipitation_mm": 0.0, "temperature_c": 24.984096246481997, "humidity_pct": 90.80635871553929, "cloud_cover_pct": 87.414634037395629, "wind_speed_ms": 7.5865503677359643, "forecast_datetime": "2026-10-03T23:00:00", "source": "BMKG ADM4 forecast points + IDW", "boundary": "SERPRO Carbon Project Zone", "interpretation": "Forecast surface clipped to project boundary; not direct station observation" }, "geometry": { "type": "Point", "coordinates": [ 112.545490509310042, -3.239520330952542 ] } },
{ "type": "Feature", "properties": { "precipitation_mm": 0.0, "temperature_c": 24.98335694981397, "humidity_pct": 90.906572753699024, "cloud_cover_pct": 87.458213144361025, "wind_speed_ms": 7.4918576677066264, "forecast_datetime": "2026-10-03T23:00:00", "source": "BMKG ADM4 forecast points + IDW", "boundary": "SERPRO Carbon Project Zone", "interpretation": "Forecast surface clipped to project boundary; not direct station observation" }, "geometry": { "type": "Point", "coordinates": [ 112.545476809915101, -3.230476619646377 ] } },
{ "type": "Feature", "properties": { "precipitation_mm": 0.0, "temperature_c": 24.982250648188494, "humidity_pct": 91.051998352601402, "cloud_cover_pct": 87.525591150521961, "wind_speed_ms": 7.3666218409440001, "forecast_datetime": "2026-10-03T23:00:00", "source": "BMKG ADM4 forecast points + IDW", "boundary": "SERPRO Carbon Project Zone", "interpretation": "Forecast surface clipped to project boundary; not direct station observation" }, "geometry": { "type": "Point", "coordinates": [ 112.545463149019241, -3.221432906669347 ] } },
{ "type": "Feature", "properties": { "precipitation_mm": 0.0, "temperature_c": 24.980480662772418, "humidity_pct": 91.222221825076701, "cloud_cover_pct": 87.605897434221163, "wind_speed_ms": 7.2270402028562231, "forecast_datetime": "2026-10-03T23:00:00", "source": "BMKG ADM4 forecast points + IDW", "boundary": "SERPRO Carbon Project Zone", "interpretation": "Forecast surface clipped to project boundary; not direct station observation" }, "geometry": { "type": "Point", "coordinates": [ 112.545449526620757, -3.212389192026112 ] } },
{ "type": "Feature", "properties": { "precipitation_mm": 0.0, "temperature_c": 24.977186349767067, "humidity_pct": 91.367823844908315, "cloud_cover_pct": 87.673506781074067, "wind_speed_ms": 7.1151949835500776, "forecast_datetime": "2026-10-03T23:00:00", "source": "BMKG ADM4 forecast points + IDW", "boundary": "SERPRO Carbon Project Zone", "interpretation": "Forecast surface clipped to project boundary; not direct station observation" }, "geometry": { "type": "Point", "coordinates": [ 112.545435942717972, -3.203345475721331 ] } },
{ "type": "Feature", "properties": { "precipitation_mm": 0.0, "temperature_c": 24.97040807130384, "humidity_pct": 91.454238985094875, "cloud_cover_pct": 87.709262734818026, "wind_speed_ms": 7.0650794827443386, "forecast_datetime": "2026-10-03T23:00:00", "source": "BMKG ADM4 forecast points + IDW", "boundary": "SERPRO Carbon Project Zone", "interpretation": "Forecast surface clipped to project boundary; not direct station observation" }, "geometry": { "type": "Point", "coordinates": [ 112.54542239730921, -3.194301757759664 ] } },
{ "type": "Feature", "properties": { "precipitation_mm": 0.0, "temperature_c": 24.957491659330895, "humidity_pct": 91.491013405432213, "cloud_cover_pct": 87.714963018734437, "wind_speed_ms": 7.0760933836799005, "forecast_datetime": "2026-10-03T23:00:00", "source": "BMKG ADM4 forecast points + IDW", "boundary": "SERPRO Carbon Project Zone", "interpretation": "Forecast surface clipped to project boundary; not direct station observation" }, "geometry": { "type": "Point", "coordinates": [ 112.545408890392807, -3.18525803814577 ] } },
{ "type": "Feature", "properties": { "precipitation_mm": 0.0, "temperature_c": 24.935828927258601, "humidity_pct": 91.510939936899589, "cloud_cover_pct": 87.703608744455494, "wind_speed_ms": 7.127012898326968, "forecast_datetime": "2026-10-03T23:00:00", "source": "BMKG ADM4 forecast points + IDW", "boundary": "SERPRO Carbon Project Zone", "interpretation": "Forecast surface clipped to project boundary; not direct station observation" }, "geometry": { "type": "Point", "coordinates": [ 112.545395421967072, -3.176214316884311 ] } },
{ "type": "Feature", "properties": { "precipitation_mm": 0.0, "temperature_c": 24.903172774808606, "humidity_pct": 91.544289000326728, "cloud_cover_pct": 87.687193885632496, "wind_speed_ms": 7.1965449778625175, "forecast_datetime": "2026-10-03T23:00:00", "source": "BMKG ADM4 forecast points + IDW", "boundary": "SERPRO Carbon Project Zone", "interpretation": "Forecast surface clipped to project boundary; not direct station observation" }, "geometry": { "type": "Point", "coordinates": [ 112.545381992030357, -3.167170593979945 ] } },
{ "type": "Feature", "properties": { "precipitation_mm": 0.0, "temperature_c": 24.857749439085215, "humidity_pct": 91.6114229790374, "cloud_cover_pct": 87.673443762427866, "wind_speed_ms": 7.2697817539815457, "forecast_datetime": "2026-10-03T23:00:00", "source": "BMKG ADM4 forecast points + IDW", "boundary": "SERPRO Carbon Project Zone", "interpretation": "Forecast surface clipped to project boundary; not direct station observation" }, "geometry": { "type": "Point", "coordinates": [ 112.545368600581014, -3.158126869437334 ] } },
{ "type": "Feature", "properties": { "precipitation_mm": 0.0, "temperature_c": 24.798464271186951, "humidity_pct": 91.724157308665681, "cloud_cover_pct": 87.666882067686387, "wind_speed_ms": 7.3370797483900034, "forecast_datetime": "2026-10-03T23:00:00", "source": "BMKG ADM4 forecast points + IDW", "boundary": "SERPRO Carbon Project Zone", "interpretation": "Forecast surface clipped to project boundary; not direct station observation" }, "geometry": { "type": "Point", "coordinates": [ 112.545355247617366, -3.149083143261138 ] } },
{ "type": "Feature", "properties": { "precipitation_mm": 0.0, "temperature_c": 24.725232034045181, "humidity_pct": 91.887561249957812, "cloud_cover_pct": 87.670145987436612, "wind_speed_ms": 7.3921236390778873, "forecast_datetime": "2026-10-03T23:00:00", "source": "BMKG ADM4 forecast points + IDW", "boundary": "SERPRO Carbon Project Zone", "interpretation": "Forecast surface clipped to project boundary; not direct station observation" }, "geometry": { "type": "Point", "coordinates": [ 112.545341933137777, -3.140039415456018 ] } },
{ "type": "Feature", "properties": { "precipitation_mm": 0.0, "temperature_c": 24.639354780427869, "humidity_pct": 92.10042779388651, "cloud_cover_pct": 87.684592597077696, "wind_speed_ms": 7.4309295681672474, "forecast_datetime": "2026-10-03T23:00:00", "source": "BMKG ADM4 forecast points + IDW", "boundary": "SERPRO Carbon Project Zone", "interpretation": "Forecast surface clipped to project boundary; not direct station observation" }, "geometry": { "type": "Point", "coordinates": [ 112.545328657140601, -3.130995686026634 ] } },
{ "type": "Feature", "properties": { "precipitation_mm": 0.0, "temperature_c": 24.543832991058096, "humidity_pct": 92.354973458669519, "cloud_cover_pct": 87.710338816223938, "wind_speed_ms": 7.4516391881333712, "forecast_datetime": "2026-10-03T23:00:00", "source": "BMKG ADM4 forecast points + IDW", "boundary": "SERPRO Carbon Project Zone", "interpretation": "Forecast surface clipped to project boundary; not direct station observation" }, "geometry": { "type": "Point", "coordinates": [ 112.545315419624202, -3.121951954977648 ] } },
{ "type": "Feature", "properties": { "precipitation_mm": 0.0, "temperature_c": 24.443456733634793, "humidity_pct": 92.636707319864158, "cloud_cover_pct": 87.746039833244396, "wind_speed_ms": 7.454663169012357, "forecast_datetime": "2026-10-03T23:00:00", "source": "BMKG ADM4 forecast points + IDW", "boundary": "SERPRO Carbon Project Zone", "interpretation": "Forecast surface clipped to project boundary; not direct station observation" }, "geometry": { "type": "Point", "coordinates": [ 112.545302220586947, -3.112908222313721 ] } },
{ "type": "Feature", "properties": { "precipitation_mm": 0.0, "temperature_c": 24.344501702161583, "humidity_pct": 92.925358176338221, "cloud_cover_pct": 87.78871150883711, "wind_speed_ms": 7.4427736641306987, "forecast_datetime": "2026-10-03T23:00:00", "source": "BMKG ADM4 forecast points + IDW", "boundary": "SERPRO Carbon Project Zone", "interpretation": "Forecast surface clipped to project boundary; not direct station observation" }, "geometry": { "type": "Point", "coordinates": [ 112.545289060027187, -3.103864488039513 ] } },
{ "type": "Feature", "properties": { "precipitation_mm": 0.0, "temperature_c": 24.253913699146029, "humidity_pct": 93.197460054307101, "cloud_cover_pct": 87.833882368805831, "wind_speed_ms": 7.4208229198773088, "forecast_datetime": "2026-10-03T23:00:00", "source": "BMKG ADM4 forecast points + IDW", "boundary": "SERPRO Carbon Project Zone", "interpretation": "Forecast surface clipped to project boundary; not direct station observation" }, "geometry": { "type": "Point", "coordinates": [ 112.545275937943316, -3.094820752159686 ] } },
{ "type": "Feature", "properties": { "precipitation_mm": 0.0, "temperature_c": 24.178058810522025, "humidity_pct": 93.430501992350216, "cloud_cover_pct": 87.87624990459895, "wind_speed_ms": 7.3949200038519098, "forecast_datetime": "2026-10-03T23:00:00", "source": "BMKG ADM4 forecast points + IDW", "boundary": "SERPRO Carbon Project Zone", "interpretation": "Forecast surface clipped to project boundary; not direct station observation" }, "geometry": { "type": "Point", "coordinates": [ 112.5452628543337, -3.085777014678904 ] } },
{ "type": "Feature", "properties": { "precipitation_mm": 0.0, "temperature_c": 24.121397199214329, "humidity_pct": 93.607547854203702, "cloud_cover_pct": 87.910761316721945, "wind_speed_ms": 7.3711752675565911, "forecast_datetime": "2026-10-03T23:00:00", "source": "BMKG ADM4 forecast points + IDW", "boundary": "SERPRO Carbon Project Zone", "interpretation": "Forecast surface clipped to project boundary; not direct station observation" }, "geometry": { "type": "Point", "coordinates": [ 112.545249809196733, -3.076733275601825 ] } },
{ "type": "Feature", "properties": { "precipitation_mm": 0.0, "temperature_c": 24.085607350546013, "humidity_pct": 93.72055617661384, "cloud_cover_pct": 87.933743362006553, "wind_speed_ms": 7.3544183152297906, "forecast_datetime": "2026-10-03T23:00:00", "source": "BMKG ADM4 forecast points + IDW", "boundary": "SERPRO Carbon Project Zone", "interpretation": "Forecast surface clipped to project boundary; not direct station observation" }, "geometry": { "type": "Point", "coordinates": [ 112.545236802530809, -3.067689534933112 ] } },
{ "type": "Feature", "properties": { "precipitation_mm": 0.0, "temperature_c": 24.069539178076834, "humidity_pct": 93.771006227256137, "cloud_cover_pct": 87.943603037464086, "wind_speed_ms": 7.347383470098972, "forecast_datetime": "2026-10-03T23:00:00", "source": "BMKG ADM4 forecast points + IDW", "boundary": "SERPRO Carbon Project Zone", "interpretation": "Forecast surface clipped to project boundary; not direct station observation" }, "geometry": { "type": "Point", "coordinates": [ 112.545223834334294, -3.058645792677429 ] } },
{ "type": "Feature", "properties": { "precipitation_mm": 0.0, "temperature_c": 24.069954970889555, "humidity_pct": 93.767794662652193, "cloud_cover_pct": 87.940837753850204, "wind_speed_ms": 7.3506235310117862, "forecast_datetime": "2026-10-03T23:00:00", "source": "BMKG ADM4 forecast points + IDW", "boundary": "SERPRO Carbon Project Zone", "interpretation": "Forecast surface clipped to project boundary; not direct station observation" }, "geometry": { "type": "Point", "coordinates": [ 112.545210904605625, -3.049602048839436 ] } },
{ "type": "Feature", "properties": { "precipitation_mm": 0.0, "temperature_c": 24.082643328108688, "humidity_pct": 93.723682553744396, "cloud_cover_pct": 87.927468473857189, "wind_speed_ms": 7.3630302402779577, "forecast_datetime": "2026-10-03T23:00:00", "source": "BMKG ADM4 forecast points + IDW", "boundary": "SERPRO Carbon Project Zone", "interpretation": "Forecast surface clipped to project boundary; not direct station observation" }, "geometry": { "type": "Point", "coordinates": [ 112.545198013343182, -3.040558303423796 ] } },
{ "type": "Feature", "properties": { "precipitation_mm": 0.0, "temperature_c": 24.103427049367628, "humidity_pct": 93.651900857948192, "cloud_cover_pct": 87.906247305678662, "wind_speed_ms": 7.3826027263046576, "forecast_datetime": "2026-10-03T23:00:00", "source": "BMKG ADM4 forecast points + IDW", "boundary": "SERPRO Carbon Project Zone", "interpretation": "Forecast surface clipped to project boundary; not direct station observation" }, "geometry": { "type": "Point", "coordinates": [ 112.545185160545387, -3.031514556435171 ] } },
{ "type": "Feature", "properties": { "precipitation_mm": 0.0, "temperature_c": 24.128792698274967, "humidity_pct": 93.563906323159458, "cloud_cover_pct": 87.879968991547344, "wind_speed_ms": 7.4071301188892527, "forecast_datetime": "2026-10-03T23:00:00", "source": "BMKG ADM4 forecast points + IDW", "boundary": "SERPRO Carbon Project Zone", "interpretation": "Forecast surface clipped to project boundary; not direct station observation" }, "geometry": { "type": "Point", "coordinates": [ 112.545172346210649, -3.022470807878224 ] } },
{ "type": "Feature", "properties": { "precipitation_mm": 0.0, "temperature_c": 24.15612347015923, "humidity_pct": 93.468437500872028, "cloud_cover_pct": 87.851042691195843, "wind_speed_ms": 7.434628425575676, "forecast_datetime": "2026-10-03T23:00:00", "source": "BMKG ADM4 forecast points + IDW", "boundary": "SERPRO Carbon Project Zone", "interpretation": "Forecast surface clipped to project boundary; not direct station observation" }, "geometry": { "type": "Point", "coordinates": [ 112.545159570337361, -3.013427057757618 ] } },
{ "type": "Feature", "properties": { "precipitation_mm": 0.0, "temperature_c": 24.183659721738042, "humidity_pct": 93.371509351594369, "cloud_cover_pct": 87.82131900391272, "wind_speed_ms": 7.4635324524790114, "forecast_datetime": "2026-10-03T23:00:00", "source": "BMKG ADM4 forecast points + IDW", "boundary": "SERPRO Carbon Project Zone", "interpretation": "Forecast surface clipped to project boundary; not direct station observation" }, "geometry": { "type": "Point", "coordinates": [ 112.545146832923976, -3.004383306078016 ] } },
{ "type": "Feature", "properties": { "precipitation_mm": 0.0, "temperature_c": 24.210331308850169, "humidity_pct": 93.276881780280874, "cloud_cover_pct": 87.792090665732402, "wind_speed_ms": 7.4927195332007841, "forecast_datetime": "2026-10-03T23:00:00", "source": "BMKG ADM4 forecast points + IDW", "boundary": "SERPRO Carbon Project Zone", "interpretation": "Forecast surface clipped to project boundary; not direct station observation" }, "geometry": { "type": "Point", "coordinates": [ 112.545134133968915, -2.99533955284408 ] } },
{ "type": "Feature", "properties": { "precipitation_mm": 0.0, "temperature_c": 24.23556359856962, "humidity_pct": 93.186656675911948, "cloud_cover_pct": 87.764180006657554, "wind_speed_ms": 7.521447700034158, "forecast_datetime": "2026-10-03T23:00:00", "source": "BMKG ADM4 forecast points + IDW", "boundary": "SERPRO Carbon Project Zone", "interpretation": "Forecast surface clipped to project boundary; not direct station observation" }, "geometry": { "type": "Point", "coordinates": [ 112.545121473470601, -2.986295798060475 ] } },
{ "type": "Feature", "properties": { "precipitation_mm": 0.0, "temperature_c": 24.259108683953709, "humidity_pct": 93.101818852124651, "cloud_cover_pct": 87.738051938252895, "wind_speed_ms": 7.5492664993798728, "forecast_datetime": "2026-10-03T23:00:00", "source": "BMKG ADM4 forecast points + IDW", "boundary": "SERPRO Carbon Project Zone", "interpretation": "Forecast surface clipped to project boundary; not direct station observation" }, "geometry": { "type": "Point", "coordinates": [ 112.545108851427486, -2.977252041731862 ] } },
{ "type": "Feature", "properties": { "precipitation_mm": 0.0, "temperature_c": 24.28091811791969, "humidity_pct": 93.022654690668887, "cloud_cover_pct": 87.713919571744867, "wind_speed_ms": 7.575931698137417, "forecast_datetime": "2026-10-03T23:00:00", "source": "BMKG ADM4 forecast points + IDW", "boundary": "SERPRO Carbon Project Zone", "interpretation": "Forecast surface clipped to project boundary; not direct station observation" }, "geometry": { "type": "Point", "coordinates": [ 112.545096267837991, -2.968208283862905 ] } },
{ "type": "Feature", "properties": { "precipitation_mm": 0.0, "temperature_c": 24.301055354469362, "humidity_pct": 92.949046276321269, "cloud_cover_pct": 87.691829598656824, "wind_speed_ms": 7.601336192968712, "forecast_datetime": "2026-10-03T23:00:00", "source": "BMKG ADM4 forecast points + IDW", "boundary": "SERPRO Carbon Project Zone", "interpretation": "Forecast surface clipped to project boundary; not direct station observation" }, "geometry": { "type": "Point", "coordinates": [ 112.545083722700596, -2.95916452445827 ] } },
{ "type": "Feature", "properties": { "precipitation_mm": 0.0, "temperature_c": 24.319639493635229, "humidity_pct": 92.880664155272925, "cloud_cover_pct": 87.671725616620478, "wind_speed_ms": 7.6254590869213361, "forecast_datetime": "2026-10-03T23:00:00", "source": "BMKG ADM4 forecast points + IDW", "boundary": "SERPRO Carbon Project Zone", "interpretation": "Forecast surface clipped to project boundary; not direct station observation" }, "geometry": { "type": "Point", "coordinates": [ 112.54507121601371, -2.950120763522618 ] } },
{ "type": "Feature", "properties": { "precipitation_mm": 0.0, "temperature_c": 24.995512572498221, "humidity_pct": 90.511511874299373, "cloud_cover_pct": 87.312194025177291, "wind_speed_ms": 7.8774219159964955, "forecast_datetime": "2026-10-03T23:00:00", "source": "BMKG ADM4 forecast points + IDW", "boundary": "SERPRO Carbon Project Zone", "interpretation": "Forecast surface clipped to project boundary; not direct station observation" }, "geometry": { "type": "Point", "coordinates": [ 112.554529798255089, -3.266637509905241 ] } },
{ "type": "Feature", "properties": { "precipitation_mm": 0.0, "temperature_c": 24.993353674327469, "humidity_pct": 90.513718370525382, "cloud_cover_pct": 87.297688983863935, "wind_speed_ms": 7.844642557923045, "forecast_datetime": "2026-10-03T23:00:00", "source": "BMKG ADM4 forecast points + IDW", "boundary": "SERPRO Carbon Project Zone", "interpretation": "Forecast surface clipped to project boundary; not direct station observation" }, "geometry": { "type": "Point", "coordinates": [ 112.554515903002255, -3.257593842326088 ] } },
{ "type": "Feature", "properties": { "precipitation_mm": 0.0, "temperature_c": 24.991913419809286, "humidity_pct": 90.511198894884117, "cloud_cover_pct": 87.283634580021896, "wind_speed_ms": 7.8192034877447796, "forecast_datetime": "2026-10-03T23:00:00", "source": "BMKG ADM4 forecast points + IDW", "boundary": "SERPRO Carbon Project Zone", "interpretation": "Forecast surface clipped to project boundary; not direct station observation" }, "geometry": { "type": "Point", "coordinates": [ 112.554502046477538, -3.248550173061433 ] } },
{ "type": "Feature", "properties": { "precipitation_mm": 0.0, "temperature_c": 24.990927068825485, "humidity_pct": 90.514355097229341, "cloud_cover_pct": 87.275547780149751, "wind_speed_ms": 7.7952740124989468, "forecast_datetime": "2026-10-03T23:00:00", "source": "BMKG ADM4 forecast points + IDW", "boundary": "SERPRO Carbon Project Zone", "interpretation": "Forecast surface clipped to project boundary; not direct station observation" }, "geometry": { "type": "Point", "coordinates": [ 112.554488228679205, -3.239506502115936 ] } },
{ "type": "Feature", "properties": { "precipitation_mm": 0.0, "temperature_c": 24.989812116044206, "humidity_pct": 90.543956789403794, "cloud_cover_pct": 87.283575297767499, "wind_speed_ms": 7.7590815477328032, "forecast_datetime": "2026-10-03T23:00:00", "source": "BMKG ADM4 forecast points + IDW", "boundary": "SERPRO Carbon Project Zone", "interpretation": "Forecast surface clipped to project boundary; not direct station observation" }, "geometry": { "type": "Point", "coordinates": [ 112.554474449605564, -3.230462829494258 ] } },
{ "type": "Feature", "properties": { "precipitation_mm": 0.0, "temperature_c": 24.98774152109366, "humidity_pct": 90.626285390800746, "cloud_cover_pct": 87.319868768905792, "wind_speed_ms": 7.6917679543727635, "forecast_datetime": "2026-10-03T23:00:00", "source": "BMKG ADM4 forecast points + IDW", "boundary": "SERPRO Carbon Project Zone", "interpretation": "Forecast surface clipped to project boundary; not direct station observation" }, "geometry": { "type": "Point", "coordinates": [ 112.554460709254926, -3.22141915520106 ] } },
{ "type": "Feature", "properties": { "precipitation_mm": 0.0, "temperature_c": 24.983945226739014, "humidity_pct": 90.769332443008224, "cloud_cover_pct": 87.386846066479208, "wind_speed_ms": 7.5870345868544833, "forecast_datetime": "2026-10-03T23:00:00", "source": "BMKG ADM4 forecast points + IDW", "boundary": "SERPRO Carbon Project Zone", "interpretation": "Forecast surface clipped to project boundary; not direct station observation" }, "geometry": { "type": "Point", "coordinates": [ 112.554447007625569, -3.212375479241005 ] } },
{ "type": "Feature", "properties": { "precipitation_mm": 0.0, "temperature_c": 24.97784712671633, "humidity_pct": 90.940014435498924, "cloud_cover_pct": 87.466381457535277, "wind_speed_ms": 7.4701714183632957, "forecast_datetime": "2026-10-03T23:00:00", "source": "BMKG ADM4 forecast points + IDW", "boundary": "SERPRO Carbon Project Zone", "interpretation": "Forecast surface clipped to project boundary; not direct station observation" }, "geometry": { "type": "Point", "coordinates": [ 112.554433344715818, -3.203331801618752 ] } },
{ "type": "Feature", "properties": { "precipitation_mm": 0.0, "temperature_c": 24.968544076201177, "humidity_pct": 91.089955675720731, "cloud_cover_pct": 87.532834233273761, "wind_speed_ms": 7.3809113021383368, "forecast_datetime": "2026-10-03T23:00:00", "source": "BMKG ADM4 forecast points + IDW", "boundary": "SERPRO Carbon Project Zone", "interpretation": "Forecast surface clipped to project boundary; not direct station observation" }, "geometry": { "type": "Point", "coordinates": [ 112.554419720523967, -3.194288122338965 ] } },
{ "type": "Feature", "properties": { "precipitation_mm": 0.0, "temperature_c": 24.954335109636755, "humidity_pct": 91.200568290201346, "cloud_cover_pct": 87.57499657634645, "wind_speed_ms": 7.3384011319184737, "forecast_datetime": "2026-10-03T23:00:00", "source": "BMKG ADM4 forecast points + IDW", "boundary": "SERPRO Carbon Project Zone", "interpretation": "Forecast surface clipped to project boundary; not direct station observation" }, "geometry": { "type": "Point", "coordinates": [ 112.554406135048339, -3.185244441406303 ] } },
{ "type": "Feature", "properties": { "precipitation_mm": 0.0, "temperature_c": 24.932993194418206, "humidity_pct": 91.285106917884661, "cloud_cover_pct": 87.59690056273665, "wind_speed_ms": 7.3371525429693678, "forecast_datetime": "2026-10-03T23:00:00", "source": "BMKG ADM4 forecast points + IDW", "boundary": "SERPRO Carbon Project Zone", "interpretation": "Forecast surface clipped to project boundary; not direct station observation" }, "geometry": { "type": "Point", "coordinates": [ 112.554392588287271, -3.176200758825431 ] } },
{ "type": "Feature", "properties": { "precipitation_mm": 0.0, "temperature_c": 24.902279723856278, "humidity_pct": 91.366914523155714, "cloud_cover_pct": 87.607380224000082, "wind_speed_ms": 7.3625013687840548, "forecast_datetime": "2026-10-03T23:00:00", "source": "BMKG ADM4 forecast points + IDW", "boundary": "SERPRO Carbon Project Zone", "interpretation": "Forecast surface clipped to project boundary; not direct station observation" }, "geometry": { "type": "Point", "coordinates": [ 112.554379080239087, -3.167157074601008 ] } },
{ "type": "Feature", "properties": { "precipitation_mm": 0.0, "temperature_c": 24.860314070461708, "humidity_pct": 91.466335346750512, "cloud_cover_pct": 87.614121337697441, "wind_speed_ms": 7.4005262919006185, "forecast_datetime": "2026-10-03T23:00:00", "source": "BMKG ADM4 forecast points + IDW", "boundary": "SERPRO Carbon Project Zone", "interpretation": "Forecast surface clipped to project boundary; not direct station observation" }, "geometry": { "type": "Point", "coordinates": [ 112.55436561090211, -3.158113388737699 ] } },
{ "type": "Feature", "properties": { "precipitation_mm": 0.0, "temperature_c": 24.805870712180187, "humidity_pct": 91.597427321864387, "cloud_cover_pct": 87.622545242446293, "wind_speed_ms": 7.4404981767432501, "forecast_datetime": "2026-10-03T23:00:00", "source": "BMKG ADM4 forecast points + IDW", "boundary": "SERPRO Carbon Project Zone", "interpretation": "Forecast surface clipped to project boundary; not direct station observation" }, "geometry": { "type": "Point", "coordinates": [ 112.554352180274677, -3.149069701240165 ] } },
{ "type": "Feature", "properties": { "precipitation_mm": 0.0, "temperature_c": 24.738699575212969, "humidity_pct": 91.767806031640248, "cloud_cover_pct": 87.636195198731698, "wind_speed_ms": 7.4746835950792638, "forecast_datetime": "2026-10-03T23:00:00", "source": "BMKG ADM4 forecast points + IDW", "boundary": "SERPRO Carbon Project Zone", "interpretation": "Forecast surface clipped to project boundary; not direct station observation" }, "geometry": { "type": "Point", "coordinates": [ 112.554338788355125, -3.140026012113068 ] } },
{ "type": "Feature", "properties": { "precipitation_mm": 0.0, "temperature_c": 24.659862233911973, "humidity_pct": 91.978642090186625, "cloud_cover_pct": 87.657115481215527, "wind_speed_ms": 7.4979151588622415, "forecast_datetime": "2026-10-03T23:00:00", "source": "BMKG ADM4 forecast points + IDW", "boundary": "SERPRO Carbon Project Zone", "interpretation": "Forecast surface clipped to project boundary; not direct station observation" }, "geometry": { "type": "Point", "coordinates": [ 112.554325435141806, -3.130982321361073 ] } },
{ "type": "Feature", "properties": { "precipitation_mm": 0.0, "temperature_c": 24.571998909495388, "humidity_pct": 92.224445261468148, "cloud_cover_pct": 87.685945962108804, "wind_speed_ms": 7.5074490490319263, "forecast_datetime": "2026-10-03T23:00:00", "source": "BMKG ADM4 forecast points + IDW", "boundary": "SERPRO Carbon Project Zone", "interpretation": "Forecast surface clipped to project boundary; not direct station observation" }, "geometry": { "type": "Point", "coordinates": [ 112.554312120633057, -3.121938628988839 ] } },
{ "type": "Feature", "properties": { "precipitation_mm": 0.0, "temperature_c": 24.479386843818226, "humidity_pct": 92.493153600111469, "cloud_cover_pct": 87.721850034630279, "wind_speed_ms": 7.5029949114217587, "forecast_datetime": "2026-10-03T23:00:00", "source": "BMKG ADM4 forecast points + IDW", "boundary": "SERPRO Carbon Project Zone", "interpretation": "Forecast surface clipped to project boundary; not direct station observation" }, "geometry": { "type": "Point", "coordinates": [ 112.554298844827258, -3.112894935001033 ] } },
{ "type": "Feature", "properties": { "precipitation_mm": 0.0, "temperature_c": 24.387635462249012, "humidity_pct": 92.767214393729319, "cloud_cover_pct": 87.762493136198827, "wind_speed_ms": 7.4866547933635843, "forecast_datetime": "2026-10-03T23:00:00", "source": "BMKG ADM4 forecast points + IDW", "boundary": "SERPRO Carbon Project Zone", "interpretation": "Forecast surface clipped to project boundary; not direct station observation" }, "geometry": { "type": "Point", "coordinates": [ 112.554285607722761, -3.103851239402315 ] } },
{ "type": "Feature", "properties": { "precipitation_mm": 0.0, "temperature_c": 24.30293477281749, "humidity_pct": 93.02610146520324, "cloud_cover_pct": 87.804284733165161, "wind_speed_ms": 7.4625241551774604, "forecast_datetime": "2026-10-03T23:00:00", "source": "BMKG ADM4 forecast points + IDW", "boundary": "SERPRO Carbon Project Zone", "interpretation": "Forecast surface clipped to project boundary; not direct station observation" }, "geometry": { "type": "Point", "coordinates": [ 112.554272409317946, -3.09480754219735 ] } },
{ "type": "Feature", "properties": { "precipitation_mm": 0.0, "temperature_c": 24.23095612083176, "humidity_pct": 93.250073378167585, "cloud_cover_pct": 87.842990619257293, "wind_speed_ms": 7.4358476946671797, "forecast_datetime": "2026-10-03T23:00:00", "source": "BMKG ADM4 forecast points + IDW", "boundary": "SERPRO Carbon Project Zone", "interpretation": "Forecast surface clipped to project boundary; not direct station observation" }, "geometry": { "type": "Point", "coordinates": [ 112.55425924961115, -3.085763843390802 ] } },
{ "type": "Feature", "properties": { "precipitation_mm": 0.0, "temperature_c": 24.175730125626163, "humidity_pct": 93.424160322782129, "cloud_cover_pct": 87.874618790653741, "wind_speed_ms": 7.4118650819386289, "forecast_datetime": "2026-10-03T23:00:00", "source": "BMKG ADM4 forecast points + IDW", "boundary": "SERPRO Carbon Project Zone", "interpretation": "Forecast surface clipped to project boundary; not direct station observation" }, "geometry": { "type": "Point", "coordinates": [ 112.554246128600752, -3.076720142987333 ] } },
{ "type": "Feature", "properties": { "precipitation_mm": 0.0, "temperature_c": 24.138928234656241, "humidity_pct": 93.540932304793643, "cloud_cover_pct": 87.896283895821853, "wind_speed_ms": 7.3947036838074487, "forecast_datetime": "2026-10-03T23:00:00", "source": "BMKG ADM4 forecast points + IDW", "boundary": "SERPRO Carbon Project Zone", "interpretation": "Forecast surface clipped to project boundary; not direct station observation" }, "geometry": { "type": "Point", "coordinates": [ 112.554233046285148, -3.067676440991606 ] } },
{ "type": "Feature", "properties": { "precipitation_mm": 0.0, "temperature_c": 24.119823271310739, "humidity_pct": 93.601021947008078, "cloud_cover_pct": 87.906718186014118, "wind_speed_ms": 7.3867040446441807, "forecast_datetime": "2026-10-03T23:00:00", "source": "BMKG ADM4 forecast points + IDW", "boundary": "SERPRO Carbon Project Zone", "interpretation": "Forecast surface clipped to project boundary; not direct station observation" }, "geometry": { "type": "Point", "coordinates": [ 112.554220002662731, -3.058632737408288 ] } },
{ "type": "Feature", "properties": { "precipitation_mm": 0.0, "temperature_c": 24.11587503178967, "humidity_pct": 93.611459308199329, "cloud_cover_pct": 87.906271266378738, "wind_speed_ms": 7.3883531806841898, "forecast_datetime": "2026-10-03T23:00:00", "source": "BMKG ADM4 forecast points + IDW", "boundary": "SERPRO Carbon Project Zone", "interpretation": "Forecast surface clipped to project boundary; not direct station observation" }, "geometry": { "type": "Point", "coordinates": [ 112.554206997731868, -3.04958903224204 ] } },
{ "type": "Feature", "properties": { "precipitation_mm": 0.0, "temperature_c": 24.123617656509143, "humidity_pct": 93.582834147689198, "cloud_cover_pct": 87.89649541776285, "wind_speed_ms": 7.3987076611912492, "forecast_datetime": "2026-10-03T23:00:00", "source": "BMKG ADM4 forecast points + IDW", "boundary": "SERPRO Carbon Project Zone", "interpretation": "Forecast surface clipped to project boundary; not direct station observation" }, "geometry": { "type": "Point", "coordinates": [ 112.554194031490979, -3.040545325497528 ] } },
{ "type": "Feature", "properties": { "precipitation_mm": 0.0, "temperature_c": 24.139485125591737, "humidity_pct": 93.526516707068538, "cloud_cover_pct": 87.879563374653998, "wind_speed_ms": 7.4160210927412269, "forecast_datetime": "2026-10-03T23:00:00", "source": "BMKG ADM4 forecast points + IDW", "boundary": "SERPRO Carbon Project Zone", "interpretation": "Forecast surface clipped to project boundary; not direct station observation" }, "geometry": { "type": "Point", "coordinates": [ 112.554181103938433, -3.031501617179415 ] } },
{ "type": "Feature", "properties": { "precipitation_mm": 0.0, "temperature_c": 24.160360095408514, "humidity_pct": 93.452718450215755, "cloud_cover_pct": 87.857747445464184, "wind_speed_ms": 7.438315064450669, "forecast_datetime": "2026-10-03T23:00:00", "source": "BMKG ADM4 forecast points + IDW", "boundary": "SERPRO Carbon Project Zone", "interpretation": "Forecast surface clipped to project boundary; not direct station observation" }, "geometry": { "type": "Point", "coordinates": [ 112.55416821507265, -3.022457907292366 ] } },
{ "type": "Feature", "properties": { "precipitation_mm": 0.0, "temperature_c": 24.183815608411226, "humidity_pct": 93.36955930651645, "cloud_cover_pct": 87.833075435090663, "wind_speed_ms": 7.4637624319830023, "forecast_datetime": "2026-10-03T23:00:00", "source": "BMKG ADM4 forecast points + IDW", "boundary": "SERPRO Carbon Project Zone", "interpretation": "Forecast surface clipped to project boundary; not direct station observation" }, "geometry": { "type": "Point", "coordinates": [ 112.55415536489204, -3.013414195841046 ] } },
{ "type": "Feature", "properties": { "precipitation_mm": 0.0, "temperature_c": 24.20813037797226, "humidity_pct": 93.282911485651312, "cloud_cover_pct": 87.807170201412205, "wind_speed_ms": 7.4908737422909981, "forecast_datetime": "2026-10-03T23:00:00", "source": "BMKG ADM4 forecast points + IDW", "boundary": "SERPRO Carbon Project Zone", "interpretation": "Forecast surface clipped to project boundary; not direct station observation" }, "geometry": { "type": "Point", "coordinates": [ 112.55414255339501, -3.004370482830119 ] } },
{ "type": "Feature", "properties": { "precipitation_mm": 0.0, "temperature_c": 24.232183210935258, "humidity_pct": 93.196680522611246, "cloud_cover_pct": 87.7812231608834, "wind_speed_ms": 7.518540087472295, "forecast_datetime": "2026-10-03T23:00:00", "source": "BMKG ADM4 forecast points + IDW", "boundary": "SERPRO Carbon Project Zone", "interpretation": "Forecast surface clipped to project boundary; not direct station observation" }, "geometry": { "type": "Point", "coordinates": [ 112.554129780579984, -2.99532676826425 ] } },
{ "type": "Feature", "properties": { "precipitation_mm": 0.0, "temperature_c": 24.255308295887069, "humidity_pct": 93.113247722041294, "cloud_cover_pct": 87.756042451511703, "wind_speed_ms": 7.5459959377806323, "forecast_datetime": "2026-10-03T23:00:00", "source": "BMKG ADM4 forecast points + IDW", "boundary": "SERPRO Carbon Project Zone", "interpretation": "Forecast surface clipped to project boundary; not direct station observation" }, "geometry": { "type": "Point", "coordinates": [ 112.55411704644537, -2.986283052148105 ] } },
{ "type": "Feature", "properties": { "precipitation_mm": 0.0, "temperature_c": 24.277158010231222, "humidity_pct": 93.033909434600687, "cloud_cover_pct": 87.732130176557902, "wind_speed_ms": 7.5727503629188266, "forecast_datetime": "2026-10-03T23:00:00", "source": "BMKG ADM4 forecast points + IDW", "boundary": "SERPRO Carbon Project Zone", "interpretation": "Forecast surface clipped to project boundary; not direct station observation" }, "geometry": { "type": "Point", "coordinates": [ 112.554104350989618, -2.977239334486347 ] } },
{ "type": "Feature", "properties": { "precipitation_mm": 0.0, "temperature_c": 24.297592387221393, "humidity_pct": 92.959240557882538, "cloud_cover_pct": 87.709761513693195, "wind_speed_ms": 7.5985151808864693, "forecast_datetime": "2026-10-03T23:00:00", "source": "BMKG ADM4 forecast points + IDW", "boundary": "SERPRO Carbon Project Zone", "interpretation": "Forecast surface clipped to project boundary; not direct station observation" }, "geometry": { "type": "Point", "coordinates": [ 112.554091694211166, -2.968195615283643 ] } },
{ "type": "Feature", "properties": { "precipitation_mm": 0.0, "temperature_c": 24.316598330435916, "humidity_pct": 92.889365538154308, "cloud_cover_pct": 87.689052941026318, "wind_speed_ms": 7.6231431734992015, "forecast_datetime": "2026-10-03T23:00:00", "source": "BMKG ADM4 forecast points + IDW", "boundary": "SERPRO Carbon Project Zone", "interpretation": "Forecast surface clipped to project boundary; not direct station observation" }, "geometry": { "type": "Point", "coordinates": [ 112.554079076108408, -2.959151894544659 ] } },
{ "type": "Feature", "properties": { "precipitation_mm": 0.0, "temperature_c": 24.334234466484052, "humidity_pct": 92.82414659492818, "cloud_cover_pct": 87.670015729429963, "wind_speed_ms": 7.6465802145934321, "forecast_datetime": "2026-10-03T23:00:00", "source": "BMKG ADM4 forecast points + IDW", "boundary": "SERPRO Carbon Project Zone", "interpretation": "Forecast surface clipped to project boundary; not direct station observation" }, "geometry": { "type": "Point", "coordinates": [ 112.554066496679823, -2.950108172274059 ] } },
{ "type": "Feature", "properties": { "precipitation_mm": 0.0, "temperature_c": 25.003582531921779, "humidity_pct": 90.371228097722735, "cloud_cover_pct": 87.254962222477687, "wind_speed_ms": 7.9729746650292812, "forecast_datetime": "2026-10-03T23:00:00", "source": "BMKG ADM4 forecast points + IDW", "boundary": "SERPRO Carbon Project Zone", "interpretation": "Forecast surface clipped to project boundary; not direct station observation" }, "geometry": { "type": "Point", "coordinates": [ 112.563527719274106, -3.266623484140511 ] } },
{ "type": "Feature", "properties": { "precipitation_mm": 0.0, "temperature_c": 25.000242044407479, "humidity_pct": 90.351997255140702, "cloud_cover_pct": 87.225257586261989, "wind_speed_ms": 7.9527529438490445, "forecast_datetime": "2026-10-03T23:00:00", "source": "BMKG ADM4 forecast points + IDW", "boundary": "SERPRO Carbon Project Zone", "interpretation": "Forecast surface clipped to project boundary; not direct station observation" }, "geometry": { "type": "Point", "coordinates": [ 112.563513743672488, -3.257579855472174 ] } },
{ "type": "Feature", "properties": { "precipitation_mm": 0.0, "temperature_c": 24.998004486268684, "humidity_pct": 90.317158828351182, "cloud_cover_pct": 87.191122651564825, "wind_speed_ms": 7.9477802590758442, "forecast_datetime": "2026-10-03T23:00:00", "source": "BMKG ADM4 forecast points + IDW", "boundary": "SERPRO Carbon Project Zone", "interpretation": "Forecast surface clipped to project boundary; not direct station observation" }, "geometry": { "type": "Point", "coordinates": [ 112.563499807022922, -3.24853622511767 ] } },
{ "type": "Feature", "properties": { "precipitation_mm": 0.0, "temperature_c": 24.996785587036037, "humidity_pct": 90.27518778309674, "cloud_cover_pct": 87.157778208990692, "wind_speed_ms": 7.9544766020363973, "forecast_datetime": "2026-10-03T23:00:00", "source": "BMKG ADM4 forecast points + IDW", "boundary": "SERPRO Carbon Project Zone", "interpretation": "Forecast surface clipped to project boundary; not direct station observation" }, "geometry": { "type": "Point", "coordinates": [ 112.563485909323674, -3.239492593081663 ] } },
{ "type": "Feature", "properties": { "precipitation_mm": 0.0, "temperature_c": 24.996029747418088, "humidity_pct": 90.249037609567836, "cloud_cover_pct": 87.137166220432022, "wind_speed_ms": 7.9590469152480621, "forecast_datetime": "2026-10-03T23:00:00", "source": "BMKG ADM4 forecast points + IDW", "boundary": "SERPRO Carbon Project Zone", "interpretation": "Forecast surface clipped to project boundary; not direct station observation" }, "geometry": { "type": "Point", "coordinates": [ 112.56347205057304, -3.230448959368814 ] } },
{ "type": "Feature", "properties": { "precipitation_mm": 0.0, "temperature_c": 24.994578738062987, "humidity_pct": 90.275838265119418, "cloud_cover_pct": 87.147172768434444, "wind_speed_ms": 7.9367370208832506, "forecast_datetime": "2026-10-03T23:00:00", "source": "BMKG ADM4 forecast points + IDW", "boundary": "SERPRO Carbon Project Zone", "interpretation": "Forecast surface clipped to project boundary; not direct station observation" }, "geometry": { "type": "Point", "coordinates": [ 112.563458230769314, -3.221405323983787 ] } },
{ "type": "Feature", "properties": { "precipitation_mm": 0.0, "temperature_c": 24.990960826207196, "humidity_pct": 90.38381140881377, "cloud_cover_pct": 87.199641764094665, "wind_speed_ms": 7.8673132060575997, "forecast_datetime": "2026-10-03T23:00:00", "source": "BMKG ADM4 forecast points + IDW", "boundary": "SERPRO Carbon Project Zone", "interpretation": "Forecast surface clipped to project boundary; not direct station observation" }, "geometry": { "type": "Point", "coordinates": [ 112.563444449910776, -3.212361686931246 ] } },
{ "type": "Feature", "properties": { "precipitation_mm": 0.0, "temperature_c": 24.984080699688601, "humidity_pct": 90.557489781226124, "cloud_cover_pct": 87.283728947690136, "wind_speed_ms": 7.7608314833303309, "forecast_datetime": "2026-10-03T23:00:00", "source": "BMKG ADM4 forecast points + IDW", "boundary": "SERPRO Carbon Project Zone", "interpretation": "Forecast surface clipped to project boundary; not direct station observation" }, "geometry": { "type": "Point", "coordinates": [ 112.563430707995735, -3.203318048215852 ] } },
{ "type": "Feature", "properties": { "precipitation_mm": 0.0, "temperature_c": 24.973325572228195, "humidity_pct": 90.746326580038073, "cloud_cover_pct": 87.371677551888254, "wind_speed_ms": 7.654176784084469, "forecast_datetime": "2026-10-03T23:00:00", "source": "BMKG ADM4 forecast points + IDW", "boundary": "SERPRO Carbon Project Zone", "interpretation": "Forecast surface clipped to project boundary; not direct station observation" }, "geometry": { "type": "Point", "coordinates": [ 112.563417005022487, -3.194274407842272 ] } },
{ "type": "Feature", "properties": { "precipitation_mm": 0.0, "temperature_c": 24.957839711264192, "humidity_pct": 90.912666467708277, "cloud_cover_pct": 87.442975551497682, "wind_speed_ms": 7.5773882097240994, "forecast_datetime": "2026-10-03T23:00:00", "source": "BMKG ADM4 forecast points + IDW", "boundary": "SERPRO Carbon Project Zone", "interpretation": "Forecast surface clipped to project boundary; not direct station observation" }, "geometry": { "type": "Point", "coordinates": [ 112.563403340989339, -3.185230765815166 ] } },
{ "type": "Feature", "properties": { "precipitation_mm": 0.0, "temperature_c": 24.936138854209563, "humidity_pct": 91.051549772100074, "cloud_cover_pct": 87.493410563815232, "wind_speed_ms": 7.5376418550203406, "forecast_datetime": "2026-10-03T23:00:00", "source": "BMKG ADM4 forecast points + IDW", "boundary": "SERPRO Carbon Project Zone", "interpretation": "Forecast surface clipped to project boundary; not direct station observation" }, "geometry": { "type": "Point", "coordinates": [ 112.563389715894601, -3.1761871221392 ] } },
{ "type": "Feature", "properties": { "precipitation_mm": 0.0, "temperature_c": 24.906401964451288, "humidity_pct": 91.177099159667122, "cloud_cover_pct": 87.527964236862331, "wind_speed_ms": 7.5275094577921378, "forecast_datetime": "2026-10-03T23:00:00", "source": "BMKG ADM4 forecast points + IDW", "boundary": "SERPRO Carbon Project Zone", "interpretation": "Forecast surface clipped to project boundary; not direct station observation" }, "geometry": { "type": "Point", "coordinates": [ 112.563376129736596, -3.167143476819037 ] } },
{ "type": "Feature", "properties": { "precipitation_mm": 0.0, "temperature_c": 24.866937253694356, "humidity_pct": 91.307155703740591, "cloud_cover_pct": 87.553505656063109, "wind_speed_ms": 7.5355319217617716, "forecast_datetime": "2026-10-03T23:00:00", "source": "BMKG ADM4 forecast points + IDW", "boundary": "SERPRO Carbon Project Zone", "interpretation": "Forecast surface clipped to project boundary; not direct station observation" }, "geometry": { "type": "Point", "coordinates": [ 112.563362582513648, -3.158099829859341 ] } },
{ "type": "Feature", "properties": { "precipitation_mm": 0.0, "temperature_c": 24.816580233206931, "humidity_pct": 91.456243250321151, "cloud_cover_pct": 87.575836834706735, "wind_speed_ms": 7.551159432109392, "forecast_datetime": "2026-10-03T23:00:00", "source": "BMKG ADM4 forecast points + IDW", "boundary": "SERPRO Carbon Project Zone", "interpretation": "Forecast surface clipped to project boundary; not direct station observation" }, "geometry": { "type": "Point", "coordinates": [ 112.563349074224078, -3.149056181264778 ] } },
{ "type": "Feature", "properties": { "precipitation_mm": 0.0, "temperature_c": 24.755037018198355, "humidity_pct": 91.633390138248487, "cloud_cover_pct": 87.599118469745747, "wind_speed_ms": 7.5661356856771604, "forecast_datetime": "2026-10-03T23:00:00", "source": "BMKG ADM4 forecast points + IDW", "boundary": "SERPRO Carbon Project Zone", "interpretation": "Forecast surface clipped to project boundary; not direct station observation" }, "geometry": { "type": "Point", "coordinates": [ 112.563335604866211, -3.14001253104001 ] } },
{ "type": "Feature", "properties": { "precipitation_mm": 0.0, "temperature_c": 24.683189381712083, "humidity_pct": 91.84148660464767, "cloud_cover_pct": 87.625943467133624, "wind_speed_ms": 7.5747080625601813, "forecast_datetime": "2026-10-03T23:00:00", "source": "BMKG ADM4 forecast points + IDW", "boundary": "SERPRO Carbon Project Zone", "interpretation": "Forecast surface clipped to project boundary; not direct station observation" }, "geometry": { "type": "Point", "coordinates": [ 112.563322174438397, -3.130968879189703 ] } },
{ "type": "Feature", "properties": { "precipitation_mm": 0.0, "temperature_c": 24.603310903575494, "humidity_pct": 92.077067585748111, "cloud_cover_pct": 87.65743206337757, "wind_speed_ms": 7.5736254435799246, "forecast_datetime": "2026-10-03T23:00:00", "source": "BMKG ADM4 forecast points + IDW", "boundary": "SERPRO Carbon Project Zone", "interpretation": "Forecast surface clipped to project boundary; not direct station observation" }, "geometry": { "type": "Point", "coordinates": [ 112.563308782938975, -3.12192522571852 ] } },
{ "type": "Feature", "properties": { "precipitation_mm": 0.0, "temperature_c": 24.519088506860886, "humidity_pct": 92.330574510727132, "cloud_cover_pct": 87.693271152752715, "wind_speed_ms": 7.5621013064741156, "forecast_datetime": "2026-10-03T23:00:00", "source": "BMKG ADM4 forecast points + IDW", "boundary": "SERPRO Carbon Project Zone", "interpretation": "Forecast surface clipped to project boundary; not direct station observation" }, "geometry": { "type": "Point", "coordinates": [ 112.563295430366281, -3.112881570631129 ] } },
{ "type": "Feature", "properties": { "precipitation_mm": 0.0, "temperature_c": 24.435333806996599, "humidity_pct": 92.587502477241131, "cloud_cover_pct": 87.731809182292821, "wind_speed_ms": 7.5416357700379377, "forecast_datetime": "2026-10-03T23:00:00", "source": "BMKG ADM4 forecast points + IDW", "boundary": "SERPRO Carbon Project Zone", "interpretation": "Forecast surface clipped to project boundary; not direct station observation" }, "geometry": { "type": "Point", "coordinates": [ 112.563282116718682, -3.103837913932191 ] } },
{ "type": "Feature", "properties": { "precipitation_mm": 0.0, "temperature_c": 24.35733613055169, "humidity_pct": 92.830692824657092, "cloud_cover_pct": 87.770342910657661, "wind_speed_ms": 7.5155474040798582, "forecast_datetime": "2026-10-03T23:00:00", "source": "BMKG ADM4 forecast points + IDW", "boundary": "SERPRO Carbon Project Zone", "interpretation": "Forecast surface clipped to project boundary; not direct station observation" }, "geometry": { "type": "Point", "coordinates": [ 112.563268841994528, -3.094794255626375 ] } },
{ "type": "Feature", "properties": { "precipitation_mm": 0.0, "temperature_c": 24.2899577297337, "humidity_pct": 93.043529758691676, "cloud_cover_pct": 87.80565283611773, "wind_speed_ms": 7.4881683552810134, "forecast_datetime": "2026-10-03T23:00:00", "source": "BMKG ADM4 forecast points + IDW", "boundary": "SERPRO Carbon Project Zone", "interpretation": "Forecast surface clipped to project boundary; not direct station observation" }, "geometry": { "type": "Point", "coordinates": [ 112.563255606192172, -3.085750595718343 ] } },
{ "type": "Feature", "properties": { "precipitation_mm": 0.0, "temperature_c": 24.236734694281797, "humidity_pct": 93.213206244151081, "cloud_cover_pct": 87.834699765841918, "wind_speed_ms": 7.4638399048669681, "forecast_datetime": "2026-10-03T23:00:00", "source": "BMKG ADM4 forecast points + IDW", "boundary": "SERPRO Carbon Project Zone", "interpretation": "Forecast surface clipped to project boundary; not direct station observation" }, "geometry": { "type": "Point", "coordinates": [ 112.563242409309993, -3.076706934212762 ] } },
{ "type": "Feature", "properties": { "precipitation_mm": 0.0, "temperature_c": 24.19930284797034, "humidity_pct": 93.332968109069498, "cloud_cover_pct": 87.85527128133505, "wind_speed_ms": 7.4459946105184542, "forecast_datetime": "2026-10-03T23:00:00", "source": "BMKG ADM4 forecast points + IDW", "boundary": "SERPRO Carbon Project Zone", "interpretation": "Forecast surface clipped to project boundary; not direct station observation" }, "geometry": { "type": "Point", "coordinates": [ 112.563229251346343, -3.067663271114298 ] } },
{ "type": "Feature", "properties": { "precipitation_mm": 0.0, "temperature_c": 24.177343307530354, "humidity_pct": 93.402609372529, "cloud_cover_pct": 87.866359209861955, "wind_speed_ms": 7.4366071131355902, "forecast_datetime": "2026-10-03T23:00:00", "source": "BMKG ADM4 forecast points + IDW", "boundary": "SERPRO Carbon Project Zone", "interpretation": "Forecast surface clipped to project boundary; not direct station observation" }, "geometry": { "type": "Point", "coordinates": [ 112.563216132299601, -3.058619606427616 ] } },
{ "type": "Feature", "properties": { "precipitation_mm": 0.0, "temperature_c": 24.169005088868026, "humidity_pct": 93.427282505735306, "cloud_cover_pct": 87.868172795001314, "wind_speed_ms": 7.4361278130672375, "forecast_datetime": "2026-10-03T23:00:00", "source": "BMKG ADM4 forecast points + IDW", "boundary": "SERPRO Carbon Project Zone", "interpretation": "Forecast surface clipped to project boundary; not direct station observation" }, "geometry": { "type": "Point", "coordinates": [ 112.563203052168177, -3.049575940157382 ] } },
{ "type": "Feature", "properties": { "precipitation_mm": 0.0, "temperature_c": 24.171573797682427, "humidity_pct": 93.415360209361054, "cloud_cover_pct": 87.861856939021919, "wind_speed_ms": 7.4438021764346214, "forecast_datetime": "2026-10-03T23:00:00", "source": "BMKG ADM4 forecast points + IDW", "boundary": "SERPRO Carbon Project Zone", "interpretation": "Forecast surface clipped to project boundary; not direct station observation" }, "geometry": { "type": "Point", "coordinates": [ 112.563190010950407, -3.040532272308262 ] } },
{ "type": "Feature", "properties": { "precipitation_mm": 0.0, "temperature_c": 24.182122457529907, "humidity_pct": 93.376248339148432, "cloud_cover_pct": 87.849080593637396, "wind_speed_ms": 7.4581612903298957, "forecast_datetime": "2026-10-03T23:00:00", "source": "BMKG ADM4 forecast points + IDW", "boundary": "SERPRO Carbon Project Zone", "interpretation": "Forecast surface clipped to project boundary; not direct station observation" }, "geometry": { "type": "Point", "coordinates": [ 112.563177008644729, -3.031488602884922 ] } },
{ "type": "Feature", "properties": { "precipitation_mm": 0.0, "temperature_c": 24.197976775002804, "humidity_pct": 93.318757112547104, "cloud_cover_pct": 87.831651709068311, "wind_speed_ms": 7.4774853822187124, "forecast_datetime": "2026-10-03T23:00:00", "source": "BMKG ADM4 forecast points + IDW", "boundary": "SERPRO Carbon Project Zone", "interpretation": "Forecast surface clipped to project boundary; not direct station observation" }, "geometry": { "type": "Point", "coordinates": [ 112.563164045249493, -3.022444931892029 ] } },
{ "type": "Feature", "properties": { "precipitation_mm": 0.0, "temperature_c": 24.216954544307132, "humidity_pct": 93.250211113683065, "cloud_cover_pct": 87.811245049159098, "wind_speed_ms": 7.5001329383809221, "forecast_datetime": "2026-10-03T23:00:00", "source": "BMKG ADM4 forecast points + IDW", "boundary": "SERPRO Carbon Project Zone", "interpretation": "Forecast surface clipped to project boundary; not direct station observation" }, "geometry": { "type": "Point", "coordinates": [ 112.563151120763123, -3.013401259334249 ] } },
{ "type": "Feature", "properties": { "precipitation_mm": 0.0, "temperature_c": 24.237423840881572, "humidity_pct": 93.176177551957892, "cloud_cover_pct": 87.789257647288935, "wind_speed_ms": 7.5247177604102493, "forecast_datetime": "2026-10-03T23:00:00", "source": "BMKG ADM4 forecast points + IDW", "boundary": "SERPRO Carbon Project Zone", "interpretation": "Forecast surface clipped to project boundary; not direct station observation" }, "geometry": { "type": "Point", "coordinates": [ 112.563138235184041, -3.004357585216248 ] } },
{ "type": "Feature", "properties": { "precipitation_mm": 0.0, "temperature_c": 24.25825209288967, "humidity_pct": 93.100582437354049, "cloud_cover_pct": 87.766765021967572, "wind_speed_ms": 7.5501670959623217, "forecast_datetime": "2026-10-03T23:00:00", "source": "BMKG ADM4 forecast points + IDW", "boundary": "SERPRO Carbon Project Zone", "interpretation": "Forecast surface clipped to project boundary; not direct station observation" }, "geometry": { "type": "Point", "coordinates": [ 112.563125388510613, -2.995313909542693 ] } },
{ "type": "Feature", "properties": { "precipitation_mm": 0.0, "temperature_c": 24.27870842968148, "humidity_pct": 93.026005158881134, "cloud_cover_pct": 87.744539728723822, "wind_speed_ms": 7.5757071706018273, "forecast_datetime": "2026-10-03T23:00:00", "source": "BMKG ADM4 forecast points + IDW", "boundary": "SERPRO Carbon Project Zone", "interpretation": "Forecast surface clipped to project boundary; not direct station observation" }, "geometry": { "type": "Point", "coordinates": [ 112.56311258074129, -2.986270232318252 ] } },
{ "type": "Feature", "properties": { "precipitation_mm": 0.0, "temperature_c": 24.298359457035183, "humidity_pct": 92.954011589339601, "cloud_cover_pct": 87.723099516460664, "wind_speed_ms": 7.6008148283109156, "forecast_datetime": "2026-10-03T23:00:00", "source": "BMKG ADM4 forecast points + IDW", "boundary": "SERPRO Carbon Project Zone", "interpretation": "Forecast surface clipped to project boundary; not direct station observation" }, "geometry": { "type": "Point", "coordinates": [ 112.56309981187448, -2.977226553547589 ] } },
{ "type": "Feature", "properties": { "precipitation_mm": 0.0, "temperature_c": 24.316978414645128, "humidity_pct": 92.88545288641167, "cloud_cover_pct": 87.702763395711642, "wind_speed_ms": 7.6251603636856782, "forecast_datetime": "2026-10-03T23:00:00", "source": "BMKG ADM4 forecast points + IDW", "boundary": "SERPRO Carbon Project Zone", "interpretation": "Forecast surface clipped to project boundary; not direct station observation" }, "geometry": { "type": "Point", "coordinates": [ 112.563087081908591, -2.968182873235375 ] } },
{ "type": "Feature", "properties": { "precipitation_mm": 0.0, "temperature_c": 24.334474287433327, "humidity_pct": 92.82070323530337, "cloud_cover_pct": 87.68370387885868, "wind_speed_ms": 7.6485547154053588, "forecast_datetime": "2026-10-03T23:00:00", "source": "BMKG ADM4 forecast points + IDW", "boundary": "SERPRO Carbon Project Zone", "interpretation": "Forecast surface clipped to project boundary; not direct station observation" }, "geometry": { "type": "Point", "coordinates": [ 112.563074390842061, -2.959139191386276 ] } },
{ "type": "Feature", "properties": { "precipitation_mm": 0.0, "temperature_c": 24.350840360036845, "humidity_pct": 92.759835097367002, "cloud_cover_pct": 87.665990496006202, "wind_speed_ms": 7.670906226172324, "forecast_datetime": "2026-10-03T23:00:00", "source": "BMKG ADM4 forecast points + IDW", "boundary": "SERPRO Carbon Project Zone", "interpretation": "Forecast surface clipped to project boundary; not direct station observation" }, "geometry": { "type": "Point", "coordinates": [ 112.563061738673341, -2.950095508004957 ] } },
{ "type": "Feature", "properties": { "precipitation_mm": 0.0, "temperature_c": 25.00626513882715, "humidity_pct": 90.228816120235436, "cloud_cover_pct": 87.171581519606875, "wind_speed_ms": 8.0344803483184393, "forecast_datetime": "2026-10-03T23:00:00", "source": "BMKG ADM4 forecast points + IDW", "boundary": "SERPRO Carbon Project Zone", "interpretation": "Forecast surface clipped to project boundary; not direct station observation" }, "geometry": { "type": "Point", "coordinates": [ 112.572511545390668, -3.257565787973621 ] } },
{ "type": "Feature", "properties": { "precipitation_mm": 0.0, "temperature_c": 25.002440936582829, "humidity_pct": 90.183521584077099, "cloud_cover_pct": 87.126387232869206, "wind_speed_ms": 8.032201773153929, "forecast_datetime": "2026-10-03T23:00:00", "source": "BMKG ADM4 forecast points + IDW", "boundary": "SERPRO Carbon Project Zone", "interpretation": "Forecast surface clipped to project boundary; not direct station observation" }, "geometry": { "type": "Point", "coordinates": [ 112.572497528617973, -3.248522196753614 ] } },
{ "type": "Feature", "properties": { "precipitation_mm": 0.0, "temperature_c": 25.000274332997847, "humidity_pct": 90.125246435006048, "cloud_cover_pct": 87.080329717496568, "wind_speed_ms": 8.0458442067564064, "forecast_datetime": "2026-10-03T23:00:00", "source": "BMKG ADM4 forecast points + IDW", "boundary": "SERPRO Carbon Project Zone", "interpretation": "Forecast surface clipped to project boundary; not direct station observation" }, "geometry": { "type": "Point", "coordinates": [ 112.572483551019531, -3.239478603851438 ] } },
{ "type": "Feature", "properties": { "precipitation_mm": 0.0, "temperature_c": 24.99948220167045, "humidity_pct": 90.076154409092865, "cloud_cover_pct": 87.046070573773591, "wind_speed_ms": 8.0635653908029461, "forecast_datetime": "2026-10-03T23:00:00", "source": "BMKG ADM4 forecast points + IDW", "boundary": "SERPRO Carbon Project Zone", "interpretation": "Forecast surface clipped to project boundary; not direct station observation" }, "geometry": { "type": "Point", "coordinates": [ 112.572469612593622, -3.230435009271755 ] } },
{ "type": "Feature", "properties": { "precipitation_mm": 0.0, "temperature_c": 24.9989322363217, "humidity_pct": 90.073565663493639, "cloud_cover_pct": 87.042440700527735, "wind_speed_ms": 8.0625167076575686, "forecast_datetime": "2026-10-03T23:00:00", "source": "BMKG ADM4 forecast points + IDW", "boundary": "SERPRO Carbon Project Zone", "interpretation": "Forecast surface clipped to project boundary; not direct station observation" }, "geometry": { "type": "Point", "coordinates": [ 112.572455713338513, -3.221391413019232 ] } },
{ "type": "Feature", "properties": { "precipitation_mm": 0.0, "temperature_c": 24.996718991774735, "humidity_pct": 90.15010996209736, "cloud_cover_pct": 87.083296623750002, "wind_speed_ms": 8.0209337993840322, "forecast_datetime": "2026-10-03T23:00:00", "source": "BMKG ADM4 forecast points + IDW", "boundary": "SERPRO Carbon Project Zone", "interpretation": "Forecast surface clipped to project boundary; not direct station observation" }, "geometry": { "type": "Point", "coordinates": [ 112.572441853252499, -3.212347815098535 ] } },
{ "type": "Feature", "properties": { "precipitation_mm": 0.0, "temperature_c": 24.990988146788329, "humidity_pct": 90.302270768367222, "cloud_cover_pct": 87.162230770909702, "wind_speed_ms": 7.9396550350043507, "forecast_datetime": "2026-10-03T23:00:00", "source": "BMKG ADM4 forecast points + IDW", "boundary": "SERPRO Carbon Project Zone", "interpretation": "Forecast surface clipped to project boundary; not direct station observation" }, "geometry": { "type": "Point", "coordinates": [ 112.57242803233386, -3.203304215514327 ] } },
{ "type": "Feature", "properties": { "precipitation_mm": 0.0, "temperature_c": 24.980666733697277, "humidity_pct": 90.490467143466049, "cloud_cover_pct": 87.255082322585181, "wind_speed_ms": 7.8444738046622806, "forecast_datetime": "2026-10-03T23:00:00", "source": "BMKG ADM4 forecast points + IDW", "boundary": "SERPRO Carbon Project Zone", "interpretation": "Forecast surface clipped to project boundary; not direct station observation" }, "geometry": { "type": "Point", "coordinates": [ 112.572414250580906, -3.194260614271276 ] } },
{ "type": "Feature", "properties": { "precipitation_mm": 0.0, "temperature_c": 24.965134673281177, "humidity_pct": 90.675391280979412, "cloud_cover_pct": 87.339638398577463, "wind_speed_ms": 7.7630895972592171, "forecast_datetime": "2026-10-03T23:00:00", "source": "BMKG ADM4 forecast points + IDW", "boundary": "SERPRO Carbon Project Zone", "interpretation": "Forecast surface clipped to project boundary; not direct station observation" }, "geometry": { "type": "Point", "coordinates": [ 112.572400507991915, -3.185217011374044 ] } },
{ "type": "Feature", "properties": { "precipitation_mm": 0.0, "temperature_c": 24.943546406710549, "humidity_pct": 90.841795014538548, "cloud_cover_pct": 87.406845322884266, "wind_speed_ms": 7.7081107427498381, "forecast_datetime": "2026-10-03T23:00:00", "source": "BMKG ADM4 forecast points + IDW", "boundary": "SERPRO Carbon Project Zone", "interpretation": "Forecast surface clipped to project boundary; not direct station observation" }, "geometry": { "type": "Point", "coordinates": [ 112.572386804565184, -3.176173406827299 ] } },
{ "type": "Feature", "properties": { "precipitation_mm": 0.0, "temperature_c": 24.914698895945246, "humidity_pct": 90.994332049044914, "cloud_cover_pct": 87.457738103496894, "wind_speed_ms": 7.6784106519140742, "forecast_datetime": "2026-10-03T23:00:00", "source": "BMKG ADM4 forecast points + IDW", "boundary": "SERPRO Carbon Project Zone", "interpretation": "Forecast surface clipped to project boundary; not direct station observation" }, "geometry": { "type": "Point", "coordinates": [ 112.57237314029905, -3.167129800635706 ] } },
{ "type": "Feature", "properties": { "precipitation_mm": 0.0, "temperature_c": 24.877337572827983, "humidity_pct": 91.145437518818738, "cloud_cover_pct": 87.497209805077475, "wind_speed_ms": 7.6665892542376772, "forecast_datetime": "2026-10-03T23:00:00", "source": "BMKG ADM4 forecast points + IDW", "boundary": "SERPRO Carbon Project Zone", "interpretation": "Forecast surface clipped to project boundary; not direct station observation" }, "geometry": { "type": "Point", "coordinates": [ 112.572359515191806, -3.158086192803932 ] } },
{ "type": "Feature", "properties": { "precipitation_mm": 0.0, "temperature_c": 24.830553830539092, "humidity_pct": 91.307365873362798, "cloud_cover_pct": 87.530400682573983, "wind_speed_ms": 7.6641251732080509, "forecast_datetime": "2026-10-03T23:00:00", "source": "BMKG ADM4 forecast points + IDW", "boundary": "SERPRO Carbon Project Zone", "interpretation": "Forecast surface clipped to project boundary; not direct station observation" }, "geometry": { "type": "Point", "coordinates": [ 112.572345929241763, -3.149042583336643 ] } },
{ "type": "Feature", "properties": { "precipitation_mm": 0.0, "temperature_c": 24.774140124328696, "humidity_pct": 91.488634521868349, "cloud_cover_pct": 87.561402475902028, "wind_speed_ms": 7.6636599215920693, "forecast_datetime": "2026-10-03T23:00:00", "source": "BMKG ADM4 forecast points + IDW", "boundary": "SERPRO Carbon Project Zone", "interpretation": "Forecast surface clipped to project boundary; not direct station observation" }, "geometry": { "type": "Point", "coordinates": [ 112.572332382447271, -3.139998972238503 ] } },
{ "type": "Feature", "properties": { "precipitation_mm": 0.0, "temperature_c": 24.708875129460992, "humidity_pct": 91.692648482987039, "cloud_cover_pct": 87.592962239606848, "wind_speed_ms": 7.6598087716101189, "forecast_datetime": "2026-10-03T23:00:00", "source": "BMKG ADM4 forecast points + IDW", "boundary": "SERPRO Carbon Project Zone", "interpretation": "Forecast surface clipped to project boundary; not direct station observation" }, "geometry": { "type": "Point", "coordinates": [ 112.572318874806612, -3.130955359514181 ] } },
{ "type": "Feature", "properties": { "precipitation_mm": 0.0, "temperature_c": 24.636701130454036, "humidity_pct": 91.917274550412145, "cloud_cover_pct": 87.626472655011071, "wind_speed_ms": 7.649407628597972, "forecast_datetime": "2026-10-03T23:00:00", "source": "BMKG ADM4 forecast points + IDW", "boundary": "SERPRO Carbon Project Zone", "interpretation": "Forecast surface clipped to project boundary; not direct station observation" }, "geometry": { "type": "Point", "coordinates": [ 112.572305406318151, -3.121911745168342 ] } },
{ "type": "Feature", "properties": { "precipitation_mm": 0.0, "temperature_c": 24.560722218513842, "humidity_pct": 92.155095138648505, "cloud_cover_pct": 87.662033745495918, "wind_speed_ms": 7.6315199539777909, "forecast_datetime": "2026-10-03T23:00:00", "source": "BMKG ADM4 forecast points + IDW", "boundary": "SERPRO Carbon Project Zone", "interpretation": "Forecast surface clipped to project boundary; not direct station observation" }, "geometry": { "type": "Point", "coordinates": [ 112.572291976980225, -3.112868129205653 ] } },
{ "type": "Feature", "properties": { "precipitation_mm": 0.0, "temperature_c": 24.484948986021656, "humidity_pct": 92.394471092988695, "cloud_cover_pct": 87.698593806376962, "wind_speed_ms": 7.6072335431342069, "forecast_datetime": "2026-10-03T23:00:00", "source": "BMKG ADM4 forecast points + IDW", "boundary": "SERPRO Carbon Project Zone", "interpretation": "Forecast surface clipped to project boundary; not direct station observation" }, "geometry": { "type": "Point", "coordinates": [ 112.572278586791171, -3.103824511630782 ] } },
{ "type": "Feature", "properties": { "precipitation_mm": 0.0, "temperature_c": 24.413770913842804, "humidity_pct": 92.62149440029188, "cloud_cover_pct": 87.734231921394823, "wind_speed_ms": 7.5791986198742523, "forecast_datetime": "2026-10-03T23:00:00", "source": "BMKG ADM4 forecast points + IDW", "boundary": "SERPRO Carbon Project Zone", "interpretation": "Forecast surface clipped to project boundary; not direct station observation" }, "geometry": { "type": "Point", "coordinates": [ 112.572265235749327, -3.094780892448395 ] } },
{ "type": "Feature", "properties": { "precipitation_mm": 0.0, "temperature_c": 24.351246505871476, "humidity_pct": 92.822573939557216, "cloud_cover_pct": 87.766600816432501, "wind_speed_ms": 7.5509163183375589, "forecast_datetime": "2026-10-03T23:00:00", "source": "BMKG ADM4 forecast points + IDW", "boundary": "SERPRO Carbon Project Zone", "interpretation": "Forecast surface clipped to project boundary; not direct station observation" }, "geometry": { "type": "Point", "coordinates": [ 112.572251923853031, -3.085737271663159 ] } },
{ "type": "Feature", "properties": { "precipitation_mm": 0.0, "temperature_c": 24.3004098165313, "humidity_pct": 92.98700931765444, "cloud_cover_pct": 87.793458589834131, "wind_speed_ms": 7.5259066397825398, "forecast_datetime": "2026-10-03T23:00:00", "source": "BMKG ADM4 forecast points + IDW", "boundary": "SERPRO Carbon Project Zone", "interpretation": "Forecast surface clipped to project boundary; not direct station observation" }, "geometry": { "type": "Point", "coordinates": [ 112.572238651100676, -3.076693649279742 ] } },
{ "type": "Feature", "properties": { "precipitation_mm": 0.0, "temperature_c": 24.262820302602243, "humidity_pct": 93.108771335686768, "cloud_cover_pct": 87.813146080489744, "wind_speed_ms": 7.506973543160357, "forecast_datetime": "2026-10-03T23:00:00", "source": "BMKG ADM4 forecast points + IDW", "boundary": "SERPRO Carbon Project Zone", "interpretation": "Forecast surface clipped to project boundary; not direct station observation" }, "geometry": { "type": "Point", "coordinates": [ 112.572225417490614, -3.067650025302811 ] } },
{ "type": "Feature", "properties": { "precipitation_mm": 0.0, "temperature_c": 24.238491644249841, "humidity_pct": 93.186984830192273, "cloud_cover_pct": 87.824869917094333, "wind_speed_ms": 7.4957655382663368, "forecast_datetime": "2026-10-03T23:00:00", "source": "BMKG ADM4 forecast points + IDW", "boundary": "SERPRO Carbon Project Zone", "interpretation": "Forecast surface clipped to project boundary; not direct station observation" }, "geometry": { "type": "Point", "coordinates": [ 112.572212223021182, -3.058606399737033 ] } },
{ "type": "Feature", "properties": { "precipitation_mm": 0.0, "temperature_c": 24.226173964566531, "humidity_pct": 93.225152730818664, "cloud_cover_pct": 87.828732464616323, "wind_speed_ms": 7.4927059804430671, "forecast_datetime": "2026-10-03T23:00:00", "source": "BMKG ADM4 forecast points + IDW", "boundary": "SERPRO Carbon Project Zone", "interpretation": "Forecast surface clipped to project boundary; not direct station observation" }, "geometry": { "type": "Point", "coordinates": [ 112.572199067690775, -3.049562772587076 ] } },
{ "type": "Feature", "properties": { "precipitation_mm": 0.0, "temperature_c": 24.223834972679061, "humidity_pct": 93.229621020590841, "cloud_cover_pct": 87.825553196406304, "wind_speed_ms": 7.4972206569594588, "forecast_datetime": "2026-10-03T23:00:00", "source": "BMKG ADM4 forecast points + IDW", "boundary": "SERPRO Carbon Project Zone", "interpretation": "Forecast surface clipped to project boundary; not direct station observation" }, "geometry": { "type": "Point", "coordinates": [ 112.572185951497772, -3.040519143857608 ] } },
{ "type": "Feature", "properties": { "precipitation_mm": 0.0, "temperature_c": 24.229155631365504, "humidity_pct": 93.207917128995248, "cloud_cover_pct": 87.816587763385954, "wind_speed_ms": 7.5081084549386139, "forecast_datetime": "2026-10-03T23:00:00", "source": "BMKG ADM4 forecast points + IDW", "boundary": "SERPRO Carbon Project Zone", "interpretation": "Forecast surface clipped to project boundary; not direct station observation" }, "geometry": { "type": "Point", "coordinates": [ 112.57217287444054, -3.031475513553298 ] } },
{ "type": "Feature", "properties": { "precipitation_mm": 0.0, "temperature_c": 24.239912279891819, "humidity_pct": 93.167423081794738, "cloud_cover_pct": 87.803249927562177, "wind_speed_ms": 7.5239082140311586, "forecast_datetime": "2026-10-03T23:00:00", "source": "BMKG ADM4 forecast points + IDW", "boundary": "SERPRO Carbon Project Zone", "interpretation": "Forecast surface clipped to project boundary; not direct station observation" }, "geometry": { "type": "Point", "coordinates": [ 112.572159836517471, -3.022431881678813 ] } },
{ "type": "Feature", "properties": { "precipitation_mm": 0.0, "temperature_c": 24.254201062322807, "humidity_pct": 93.114562826045415, "cloud_cover_pct": 87.786900577004914, "wind_speed_ms": 7.5431751427352696, "forecast_datetime": "2026-10-03T23:00:00", "source": "BMKG ADM4 forecast points + IDW", "boundary": "SERPRO Carbon Project Zone", "interpretation": "Forecast surface clipped to project boundary; not direct station observation" }, "geometry": { "type": "Point", "coordinates": [ 112.572146837726962, -3.013388248238822 ] } },
{ "type": "Feature", "properties": { "precipitation_mm": 0.0, "temperature_c": 24.270523302130833, "humidity_pct": 93.054461811599822, "cloud_cover_pct": 87.768722133110359, "wind_speed_ms": 7.5646441360669874, "forecast_datetime": "2026-10-03T23:00:00", "source": "BMKG ADM4 forecast points + IDW", "boundary": "SERPRO Carbon Project Zone", "interpretation": "Forecast surface clipped to project boundary; not direct station observation" }, "geometry": { "type": "Point", "coordinates": [ 112.57213387806739, -3.004344613237993 ] } },
{ "type": "Feature", "properties": { "precipitation_mm": 0.0, "temperature_c": 24.287777169331438, "humidity_pct": 92.990935471742745, "cloud_cover_pct": 87.749666524938789, "wind_speed_ms": 7.5872976034511899, "forecast_datetime": "2026-10-03T23:00:00", "source": "BMKG ADM4 forecast points + IDW", "boundary": "SERPRO Carbon Project Zone", "interpretation": "Forecast surface clipped to project boundary; not direct station observation" }, "geometry": { "type": "Point", "coordinates": [ 112.57212095753718, -2.995300976680995 ] } },
{ "type": "Feature", "properties": { "precipitation_mm": 0.0, "temperature_c": 24.305200651378989, "humidity_pct": 92.926656227126628, "cloud_cover_pct": 87.730453403356961, "wind_speed_ms": 7.6103696539169361, "forecast_datetime": "2026-10-03T23:00:00", "source": "BMKG ADM4 forecast points + IDW", "boundary": "SERPRO Carbon Project Zone", "interpretation": "Forecast surface clipped to project boundary; not direct station observation" }, "geometry": { "type": "Point", "coordinates": [ 112.572108076134711, -2.986257338572496 ] } },
{ "type": "Feature", "properties": { "precipitation_mm": 0.0, "temperature_c": 24.322298459142814, "humidity_pct": 92.8633863601614, "cloud_cover_pct": 87.71159608754779, "wind_speed_ms": 7.6333162974872062, "forecast_datetime": "2026-10-03T23:00:00", "source": "BMKG ADM4 forecast points + IDW", "boundary": "SERPRO Carbon Project Zone", "interpretation": "Forecast surface clipped to project boundary; not direct station observation" }, "geometry": { "type": "Point", "coordinates": [ 112.572095233858406, -2.977213698917165 ] } },
{ "type": "Feature", "properties": { "precipitation_mm": 0.0, "temperature_c": 24.338771756114323, "humidity_pct": 92.802209386897545, "cloud_cover_pct": 87.693438671434336, "wind_speed_ms": 7.6557728030993211, "forecast_datetime": "2026-10-03T23:00:00", "source": "BMKG ADM4 forecast points + IDW", "boundary": "SERPRO Carbon Project Zone", "interpretation": "Forecast surface clipped to project boundary; not direct station observation" }, "geometry": { "type": "Point", "coordinates": [ 112.572082430706672, -2.968170057719672 ] } },
{ "type": "Feature", "properties": { "precipitation_mm": 0.0, "temperature_c": 24.354459173852231, "humidity_pct": 92.743728141208308, "cloud_cover_pct": 87.676194154174681, "wind_speed_ms": 7.6775106494848293, "forecast_datetime": "2026-10-03T23:00:00", "source": "BMKG ADM4 forecast points + IDW", "boundary": "SERPRO Carbon Project Zone", "interpretation": "Forecast surface clipped to project boundary; not direct station observation" }, "geometry": { "type": "Point", "coordinates": [ 112.572069666677947, -2.959126414984685 ] } },
{ "type": "Feature", "properties": { "precipitation_mm": 0.0, "temperature_c": 24.369291218423019, "humidity_pct": 92.688220134288585, "cloud_cover_pct": 87.659978452424824, "wind_speed_ms": 7.6984000195081341, "forecast_datetime": "2026-10-03T23:00:00", "source": "BMKG ADM4 forecast points + IDW", "boundary": "SERPRO Carbon Project Zone", "interpretation": "Forecast surface clipped to project boundary; not direct station observation" }, "geometry": { "type": "Point", "coordinates": [ 112.57205694177064, -2.950082770716874 ] } },
{ "type": "Feature", "properties": { "precipitation_mm": 0.0, "temperature_c": 25.012405450476813, "humidity_pct": 90.141429578976897, "cloud_cover_pct": 87.139343859669808, "wind_speed_ms": 8.0968246863305389, "forecast_datetime": "2026-10-03T23:00:00", "source": "BMKG ADM4 forecast points + IDW", "boundary": "SERPRO Carbon Project Zone", "interpretation": "Forecast surface clipped to project boundary; not direct station observation" }, "geometry": { "type": "Point", "coordinates": [ 112.581509307932862, -3.257551639832164 ] } },
{ "type": "Feature", "properties": { "precipitation_mm": 0.0, "temperature_c": 25.006078494178531, "humidity_pct": 90.106769897534008, "cloud_cover_pct": 87.092310062438841, "wind_speed_ms": 8.0823905354938734, "forecast_datetime": "2026-10-03T23:00:00", "source": "BMKG ADM4 forecast points + IDW", "boundary": "SERPRO Carbon Project Zone", "interpretation": "Forecast surface clipped to project boundary; not direct station observation" }, "geometry": { "type": "Point", "coordinates": [ 112.581495211038771, -3.248508087970995 ] } },
{ "type": "Feature", "properties": { "precipitation_mm": 0.0, "temperature_c": 25.001974626507391, "humidity_pct": 90.058475836952823, "cloud_cover_pct": 87.045376864566578, "wind_speed_ms": 8.0844333555136174, "forecast_datetime": "2026-10-03T23:00:00", "source": "BMKG ADM4 forecast points + IDW", "boundary": "SERPRO Carbon Project Zone", "interpretation": "Forecast surface clipped to project boundary; not direct station observation" }, "geometry": { "type": "Point", "coordinates": [ 112.581481153542853, -3.239464534426985 ] } },
{ "type": "Feature", "properties": { "precipitation_mm": 0.0, "temperature_c": 25.000231424330845, "humidity_pct": 90.014691718254255, "cloud_cover_pct": 87.010432591861985, "wind_speed_ms": 8.0950468094846357, "forecast_datetime": "2026-10-03T23:00:00", "source": "BMKG ADM4 forecast points + IDW", "boundary": "SERPRO Carbon Project Zone", "interpretation": "Forecast surface clipped to project boundary; not direct station observation" }, "geometry": { "type": "Point", "coordinates": [ 112.581467135443376, -3.230420979204801 ] } },
{ "type": "Feature", "properties": { "precipitation_mm": 0.0, "temperature_c": 25.000005519771069, "humidity_pct": 90.005360572710188, "cloud_cover_pct": 87.003539900213269, "wind_speed_ms": 8.0979389508973103, "forecast_datetime": "2026-10-03T23:00:00", "source": "BMKG ADM4 forecast points + IDW", "boundary": "SERPRO Carbon Project Zone", "interpretation": "Forecast surface clipped to project boundary; not direct station observation" }, "geometry": { "type": "Point", "coordinates": [ 112.581453156738633, -3.221377422309112 ] } },
{ "type": "Feature", "properties": { "precipitation_mm": 0.0, "temperature_c": 24.999311014375635, "humidity_pct": 90.057788851541829, "cloud_cover_pct": 87.035938862568912, "wind_speed_ms": 8.0761639991743426, "forecast_datetime": "2026-10-03T23:00:00", "source": "BMKG ADM4 forecast points + IDW", "boundary": "SERPRO Carbon Project Zone", "interpretation": "Forecast surface clipped to project boundary; not direct station observation" }, "geometry": { "type": "Point", "coordinates": [ 112.581439217426848, -3.212333863744583 ] } },
{ "type": "Feature", "properties": { "precipitation_mm": 0.0, "temperature_c": 24.995717070256571, "humidity_pct": 90.175205595647313, "cloud_cover_pct": 87.103515540971358, "wind_speed_ms": 8.0257392423350762, "forecast_datetime": "2026-10-03T23:00:00", "source": "BMKG ADM4 forecast points + IDW", "boundary": "SERPRO Carbon Project Zone", "interpretation": "Forecast surface clipped to project boundary; not direct station observation" }, "geometry": { "type": "Point", "coordinates": [ 112.58142531750633, -3.203290303515882 ] } },
{ "type": "Feature", "properties": { "precipitation_mm": 0.0, "temperature_c": 24.98739943044427, "humidity_pct": 90.334016595799241, "cloud_cover_pct": 87.188334545999965, "wind_speed_ms": 7.9594816338560417, "forecast_datetime": "2026-10-03T23:00:00", "source": "BMKG ADM4 forecast points + IDW", "boundary": "SERPRO Carbon Project Zone", "interpretation": "Forecast surface clipped to project boundary; not direct station observation" }, "geometry": { "type": "Point", "coordinates": [ 112.58141145697536, -3.194246741627677 ] } },
{ "type": "Feature", "properties": { "precipitation_mm": 0.0, "temperature_c": 24.973390649182047, "humidity_pct": 90.504819492678038, "cloud_cover_pct": 87.271709100791099, "wind_speed_ms": 7.8955226040817141, "forecast_datetime": "2026-10-03T23:00:00", "source": "BMKG ADM4 forecast points + IDW", "boundary": "SERPRO Carbon Project Zone", "interpretation": "Forecast surface clipped to project boundary; not direct station observation" }, "geometry": { "type": "Point", "coordinates": [ 112.581397635832218, -3.185203178084634 ] } },
{ "type": "Feature", "properties": { "precipitation_mm": 0.0, "temperature_c": 24.953064040086801, "humidity_pct": 90.670945858536797, "cloud_cover_pct": 87.343462094431132, "wind_speed_ms": 7.8453710602875475, "forecast_datetime": "2026-10-03T23:00:00", "source": "BMKG ADM4 forecast points + IDW", "boundary": "SERPRO Carbon Project Zone", "interpretation": "Forecast surface clipped to project boundary; not direct station observation" }, "geometry": { "type": "Point", "coordinates": [ 112.581383854075213, -3.17615961289142 ] } },
{ "type": "Feature", "properties": { "precipitation_mm": 0.0, "temperature_c": 24.925724701508862, "humidity_pct": 90.83046422450569, "cloud_cover_pct": 87.401737075979298, "wind_speed_ms": 7.8114756031464374, "forecast_datetime": "2026-10-03T23:00:00", "source": "BMKG ADM4 forecast points + IDW", "boundary": "SERPRO Carbon Project Zone", "interpretation": "Forecast surface clipped to project boundary; not direct station observation" }, "geometry": { "type": "Point", "coordinates": [ 112.581370111702626, -3.167116046052703 ] } },
{ "type": "Feature", "properties": { "precipitation_mm": 0.0, "temperature_c": 24.890629473468628, "humidity_pct": 90.989638184836011, "cloud_cover_pct": 87.449031423610165, "wind_speed_ms": 7.7905140807705981, "forecast_datetime": "2026-10-03T23:00:00", "source": "BMKG ADM4 forecast points + IDW", "boundary": "SERPRO Carbon Project Zone", "interpretation": "Forecast surface clipped to project boundary; not direct station observation" }, "geometry": { "type": "Point", "coordinates": [ 112.581356408712765, -3.158072477573152 ] } },
{ "type": "Feature", "properties": { "precipitation_mm": 0.0, "temperature_c": 24.847248484011999, "humidity_pct": 91.156642232976679, "cloud_cover_pct": 87.489059845062215, "wind_speed_ms": 7.7770141431923925, "forecast_datetime": "2026-10-03T23:00:00", "source": "BMKG ADM4 forecast points + IDW", "boundary": "SERPRO Carbon Project Zone", "interpretation": "Forecast surface clipped to project boundary; not direct station observation" }, "geometry": { "type": "Point", "coordinates": [ 112.581342745103939, -3.149028907457436 ] } },
{ "type": "Feature", "properties": { "precipitation_mm": 0.0, "temperature_c": 24.795569957679298, "humidity_pct": 91.337825691918894, "cloud_cover_pct": 87.525205632607637, "wind_speed_ms": 7.7655951686310782, "forecast_datetime": "2026-10-03T23:00:00", "source": "BMKG ADM4 forecast points + IDW", "boundary": "SERPRO Carbon Project Zone", "interpretation": "Forecast surface clipped to project boundary; not direct station observation" }, "geometry": { "type": "Point", "coordinates": [ 112.581329120874457, -3.13998533571022 ] } },
{ "type": "Feature", "properties": { "precipitation_mm": 0.0, "temperature_c": 24.736353727584959, "humidity_pct": 91.535889601348785, "cloud_cover_pct": 87.559939344720689, "wind_speed_ms": 7.7520767291907005, "forecast_datetime": "2026-10-03T23:00:00", "source": "BMKG ADM4 forecast points + IDW", "boundary": "SERPRO Carbon Project Zone", "interpretation": "Forecast surface clipped to project boundary; not direct station observation" }, "geometry": { "type": "Point", "coordinates": [ 112.581315536022643, -3.130941762336174 ] } },
{ "type": "Feature", "properties": { "precipitation_mm": 0.0, "temperature_c": 24.671279902914659, "humidity_pct": 91.749190567737728, "cloud_cover_pct": 87.594657584156451, "wind_speed_ms": 7.7339502044708839, "forecast_datetime": "2026-10-03T23:00:00", "source": "BMKG ADM4 forecast points + IDW", "boundary": "SERPRO Carbon Project Zone", "interpretation": "Forecast surface clipped to project boundary; not direct station observation" }, "geometry": { "type": "Point", "coordinates": [ 112.581301990546805, -3.121898187339967 ] } },
{ "type": "Feature", "properties": { "precipitation_mm": 0.0, "temperature_c": 24.602939917879151, "humidity_pct": 91.97184270562299, "cloud_cover_pct": 87.629694682417437, "wind_speed_ms": 7.7104931391392242, "forecast_datetime": "2026-10-03T23:00:00", "source": "BMKG ADM4 forecast points + IDW", "boundary": "SERPRO Carbon Project Zone", "interpretation": "Forecast surface clipped to project boundary; not direct station observation" }, "geometry": { "type": "Point", "coordinates": [ 112.581288484445295, -3.112854610726267 ] } },
{ "type": "Feature", "properties": { "precipitation_mm": 0.0, "temperature_c": 24.534626200964034, "humidity_pct": 92.194570464147262, "cloud_cover_pct": 87.664446260027617, "wind_speed_ms": 7.6826195106551554, "forecast_datetime": "2026-10-03T23:00:00", "source": "BMKG ADM4 forecast points + IDW", "boundary": "SERPRO Carbon Project Zone", "interpretation": "Forecast surface clipped to project boundary; not direct station observation" }, "geometry": { "type": "Point", "coordinates": [ 112.581275017716422, -3.103811032499741 ] } },
{ "type": "Feature", "properties": { "precipitation_mm": 0.0, "temperature_c": 24.469920669743811, "humidity_pct": 92.406262554038477, "cloud_cover_pct": 87.697608891343407, "wind_speed_ms": 7.6524894179280665, "forecast_datetime": "2026-10-03T23:00:00", "source": "BMKG ADM4 forecast points + IDW", "boundary": "SERPRO Carbon Project Zone", "interpretation": "Forecast surface clipped to project boundary; not direct station observation" }, "geometry": { "type": "Point", "coordinates": [ 112.581261590358551, -3.09476745266506 ] } },
{ "type": "Feature", "properties": { "precipitation_mm": 0.0, "temperature_c": 24.412156917948987, "humidity_pct": 92.595973964044717, "cloud_cover_pct": 87.727526667774328, "wind_speed_ms": 7.6229271604588735, "forecast_datetime": "2026-10-03T23:00:00", "source": "BMKG ADM4 forecast points + IDW", "boundary": "SERPRO Carbon Project Zone", "interpretation": "Forecast surface clipped to project boundary; not direct station observation" }, "geometry": { "type": "Point", "coordinates": [ 112.581248202369991, -3.085723871226893 ] } },
{ "type": "Feature", "properties": { "precipitation_mm": 0.0, "temperature_c": 24.363899356762939, "humidity_pct": 92.754892167814944, "cloud_cover_pct": 87.752586869205231, "wind_speed_ms": 7.5967648941731696, "forecast_datetime": "2026-10-03T23:00:00", "source": "BMKG ADM4 forecast points + IDW", "boundary": "SERPRO Carbon Project Zone", "interpretation": "Forecast surface clipped to project boundary; not direct station observation" }, "geometry": { "type": "Point", "coordinates": [ 112.581234853749095, -3.076680288189909 ] } },
{ "type": "Feature", "properties": { "precipitation_mm": 0.0, "temperature_c": 24.326595700926791, "humidity_pct": 92.877721555009785, "cloud_cover_pct": 87.771569174665274, "wind_speed_ms": 7.5762741332912347, "forecast_datetime": "2026-10-03T23:00:00", "source": "BMKG ADM4 forecast points + IDW", "boundary": "SERPRO Carbon Project Zone", "interpretation": "Forecast surface clipped to project boundary; not direct station observation" }, "geometry": { "type": "Point", "coordinates": [ 112.581221544494227, -3.067636703558776 ] } },
{ "type": "Feature", "properties": { "precipitation_mm": 0.0, "temperature_c": 24.300496789632263, "humidity_pct": 92.963138002049931, "cloud_cover_pct": 87.783859576448194, "wind_speed_ms": 7.5628226723484451, "forecast_datetime": "2026-10-03T23:00:00", "source": "BMKG ADM4 forecast points + IDW", "boundary": "SERPRO Carbon Project Zone", "interpretation": "Forecast surface clipped to project boundary; not direct station observation" }, "geometry": { "type": "Point", "coordinates": [ 112.581208274603753, -3.058593117338164 ] } },
{ "type": "Feature", "properties": { "precipitation_mm": 0.0, "temperature_c": 24.28483227324401, "humidity_pct": 93.013325321063618, "cloud_cover_pct": 87.789491468371409, "wind_speed_ms": 7.556806186192059, "forecast_datetime": "2026-10-03T23:00:00", "source": "BMKG ADM4 forecast points + IDW", "boundary": "SERPRO Carbon Project Zone", "interpretation": "Forecast surface clipped to project boundary; not direct station observation" }, "geometry": { "type": "Point", "coordinates": [ 112.581195044075997, -3.049549529532745 ] } },
{ "type": "Feature", "properties": { "precipitation_mm": 0.0, "temperature_c": 24.278143950850733, "humidity_pct": 93.032915600170639, "cloud_cover_pct": 87.789040149034449, "wind_speed_ms": 7.5578043724194437, "forecast_datetime": "2026-10-03T23:00:00", "source": "BMKG ADM4 forecast points + IDW", "boundary": "SERPRO Carbon Project Zone", "interpretation": "Forecast surface clipped to project boundary; not direct station observation" }, "geometry": { "type": "Point", "coordinates": [ 112.581181852909367, -3.040505940147184 ] } },
{ "type": "Feature", "properties": { "precipitation_mm": 0.0, "temperature_c": 24.278652028933831, "humidity_pct": 93.027764069216033, "cloud_cover_pct": 87.783437137962053, "wind_speed_ms": 7.5648544185870614, "forecast_datetime": "2026-10-03T23:00:00", "source": "BMKG ADM4 forecast points + IDW", "boundary": "SERPRO Carbon Project Zone", "interpretation": "Forecast surface clipped to project boundary; not direct station observation" }, "geometry": { "type": "Point", "coordinates": [ 112.5811687011022, -3.031462349186156 ] } },
{ "type": "Feature", "properties": { "precipitation_mm": 0.0, "temperature_c": 24.284559256124787, "humidity_pct": 93.003899637020396, "cloud_cover_pct": 87.773773861824594, "wind_speed_ms": 7.5767355304115407, "forecast_datetime": "2026-10-03T23:00:00", "source": "BMKG ADM4 forecast points + IDW", "boundary": "SERPRO Carbon Project Zone", "interpretation": "Forecast surface clipped to project boundary; not direct station observation" }, "geometry": { "type": "Point", "coordinates": [ 112.581155588652905, -3.022418756654328 ] } },
{ "type": "Feature", "properties": { "precipitation_mm": 0.0, "temperature_c": 24.294250611208987, "humidity_pct": 92.966814526655966, "cloud_cover_pct": 87.76114170431488, "wind_speed_ms": 7.5921962960007958, "forecast_datetime": "2026-10-03T23:00:00", "source": "BMKG ADM4 forecast points + IDW", "boundary": "SERPRO Carbon Project Zone", "interpretation": "Forecast surface clipped to project boundary; not direct station observation" }, "geometry": { "type": "Point", "coordinates": [ 112.581142515559847, -3.01337516255637 ] } },
{ "type": "Feature", "properties": { "precipitation_mm": 0.0, "temperature_c": 24.30639079387333, "humidity_pct": 92.921099836046153, "cloud_cover_pct": 87.746526812679576, "wind_speed_ms": 7.6101008360404041, "forecast_datetime": "2026-10-03T23:00:00", "source": "BMKG ADM4 forecast points + IDW", "boundary": "SERPRO Carbon Project Zone", "interpretation": "Forecast surface clipped to project boundary; not direct station observation" }, "geometry": { "type": "Point", "coordinates": [ 112.581129481821407, -3.004331566896954 ] } },
{ "type": "Feature", "properties": { "precipitation_mm": 0.0, "temperature_c": 24.319945197415453, "humidity_pct": 92.870347395789636, "cloud_cover_pct": 87.730756875206325, "wind_speed_ms": 7.6295005805324116, "forecast_datetime": "2026-10-03T23:00:00", "source": "BMKG ADM4 forecast points + IDW", "boundary": "SERPRO Carbon Project Zone", "interpretation": "Forecast surface clipped to project boundary; not direct station observation" }, "geometry": { "type": "Point", "coordinates": [ 112.581116487435978, -2.995287969680749 ] } },
{ "type": "Feature", "properties": { "precipitation_mm": 0.0, "temperature_c": 24.334154838518209, "humidity_pct": 92.817216598908345, "cloud_cover_pct": 87.714486909625606, "wind_speed_ms": 7.6496521567351925, "forecast_datetime": "2026-10-03T23:00:00", "source": "BMKG ADM4 forecast points + IDW", "boundary": "SERPRO Carbon Project Zone", "interpretation": "Forecast surface clipped to project boundary; not direct station observation" }, "geometry": { "type": "Point", "coordinates": [ 112.581103532401954, -2.986244370912428 ] } },
{ "type": "Feature", "properties": { "precipitation_mm": 0.0, "temperature_c": 24.348490228919374, "humidity_pct": 92.763580469431432, "cloud_cover_pct": 87.698209365365926, "wind_speed_ms": 7.6700031171673881, "forecast_datetime": "2026-10-03T23:00:00", "source": "BMKG ADM4 forecast points + IDW", "boundary": "SERPRO Carbon Project Zone", "interpretation": "Forecast surface clipped to project boundary; not direct station observation" }, "geometry": { "type": "Point", "coordinates": [ 112.581090616717745, -2.977200770596658 ] } },
{ "type": "Feature", "properties": { "precipitation_mm": 0.0, "temperature_c": 24.362600659458995, "humidity_pct": 92.710693011248324, "cloud_cover_pct": 87.68227645145366, "wind_speed_ms": 7.6901625746905298, "forecast_datetime": "2026-10-03T23:00:00", "source": "BMKG ADM4 forecast points + IDW", "boundary": "SERPRO Carbon Project Zone", "interpretation": "Forecast surface clipped to project boundary; not direct station observation" }, "geometry": { "type": "Point", "coordinates": [ 112.581077740381758, -2.968157168738113 ] } },
{ "type": "Feature", "properties": { "precipitation_mm": 0.0, "temperature_c": 24.376267827147178, "humidity_pct": 92.659345456058219, "cloud_cover_pct": 87.666926438036015, "wind_speed_ms": 7.7098678592331575, "forecast_datetime": "2026-10-03T23:00:00", "source": "BMKG ADM4 forecast points + IDW", "boundary": "SERPRO Carbon Project Zone", "interpretation": "Forecast surface clipped to project boundary; not direct station observation" }, "geometry": { "type": "Point", "coordinates": [ 112.581064903392388, -2.959113565341462 ] } },
{ "type": "Feature", "properties": { "precipitation_mm": 0.0, "temperature_c": 24.389367487170798, "humidity_pct": 92.609997288625479, "cloud_cover_pct": 87.652309109035073, "wind_speed_ms": 7.7289533080842414, "forecast_datetime": "2026-10-03T23:00:00", "source": "BMKG ADM4 forecast points + IDW", "boundary": "SERPRO Carbon Project Zone", "interpretation": "Forecast surface clipped to project boundary; not direct station observation" }, "geometry": { "type": "Point", "coordinates": [ 112.581052105748071, -2.950069960411379 ] } },
{ "type": "Feature", "properties": { "precipitation_mm": 0.0, "temperature_c": 25.011374116535912, "humidity_pct": 90.062137690016243, "cloud_cover_pct": 87.083758945389746, "wind_speed_ms": 8.1223855549921797, "forecast_datetime": "2026-10-03T23:00:00", "source": "BMKG ADM4 forecast points + IDW", "boundary": "SERPRO Carbon Project Zone", "interpretation": "Forecast surface clipped to project boundary; not direct station observation" }, "geometry": { "type": "Point", "coordinates": [ 112.590492854061395, -3.24849389877155 ] } },
{ "type": "Feature", "properties": { "precipitation_mm": 0.0, "temperature_c": 25.004597395301229, "humidity_pct": 90.038959120159447, "cloud_cover_pct": 87.043185184974121, "wind_speed_ms": 8.1041767371811382, "forecast_datetime": "2026-10-03T23:00:00", "source": "BMKG ADM4 forecast points + IDW", "boundary": "SERPRO Carbon Project Zone", "interpretation": "Forecast surface clipped to project boundary; not direct station observation" }, "geometry": { "type": "Point", "coordinates": [ 112.59047871666975, -3.239450384810038 ] } },
{ "type": "Feature", "properties": { "precipitation_mm": 0.0, "temperature_c": 25.001111608725502, "humidity_pct": 90.015071101520434, "cloud_cover_pct": 87.014322260175902, "wind_speed_ms": 8.0992070865968078, "forecast_datetime": "2026-10-03T23:00:00", "source": "BMKG ADM4 forecast points + IDW", "boundary": "SERPRO Carbon Project Zone", "interpretation": "Forecast surface clipped to project boundary; not direct station observation" }, "geometry": { "type": "Point", "coordinates": [ 112.590464618898451, -3.230406869169682 ] } },
{ "type": "Feature", "properties": { "precipitation_mm": 0.0, "temperature_c": 25.000449348958171, "humidity_pct": 90.010853677811184, "cloud_cover_pct": 87.009120377181475, "wind_speed_ms": 8.098317099074567, "forecast_datetime": "2026-10-03T23:00:00", "source": "BMKG ADM4 forecast points + IDW", "boundary": "SERPRO Carbon Project Zone", "interpretation": "Forecast surface clipped to project boundary; not direct station observation" }, "geometry": { "type": "Point", "coordinates": [ 112.590450560745751, -3.22136335185515 ] } },
{ "type": "Feature", "properties": { "precipitation_mm": 0.0, "temperature_c": 25.000736378964557, "humidity_pct": 90.046336723835992, "cloud_cover_pct": 87.035225693746682, "wind_speed_ms": 8.0898516499396838, "forecast_datetime": "2026-10-03T23:00:00", "source": "BMKG ADM4 forecast points + IDW", "boundary": "SERPRO Carbon Project Zone", "interpretation": "Forecast surface clipped to project boundary; not direct station observation" }, "geometry": { "type": "Point", "coordinates": [ 112.590436542209929, -3.21231983287111 ] } },
{ "type": "Feature", "properties": { "precipitation_mm": 0.0, "temperature_c": 24.99923309853515, "humidity_pct": 90.128559077109415, "cloud_cover_pct": 87.089849621692707, "wind_speed_ms": 8.0671619225582756, "forecast_datetime": "2026-10-03T23:00:00", "source": "BMKG ADM4 forecast points + IDW", "boundary": "SERPRO Carbon Project Zone", "interpretation": "Forecast surface clipped to project boundary; not direct station observation" }, "geometry": { "type": "Point", "coordinates": [ 112.590422563289252, -3.203276312222232 ] } },
{ "type": "Feature", "properties": { "precipitation_mm": 0.0, "temperature_c": 24.993471123026804, "humidity_pct": 90.247954738918438, "cloud_cover_pct": 87.160921203141243, "wind_speed_ms": 8.0327141073546109, "forecast_datetime": "2026-10-03T23:00:00", "source": "BMKG ADM4 forecast points + IDW", "boundary": "SERPRO Carbon Project Zone", "interpretation": "Forecast surface clipped to project boundary; not direct station observation" }, "geometry": { "type": "Point", "coordinates": [ 112.590408623981986, -3.194232789913185 ] } },
{ "type": "Feature", "properties": { "precipitation_mm": 0.0, "temperature_c": 24.981919327509523, "humidity_pct": 90.387792955152875, "cloud_cover_pct": 87.23479129721099, "wind_speed_ms": 7.994498069202038, "forecast_datetime": "2026-10-03T23:00:00", "source": "BMKG ADM4 forecast points + IDW", "boundary": "SERPRO Carbon Project Zone", "interpretation": "Forecast surface clipped to project boundary; not direct station observation" }, "geometry": { "type": "Point", "coordinates": [ 112.590394724286412, -3.185189265948638 ] } },
{ "type": "Feature", "properties": { "precipitation_mm": 0.0, "temperature_c": 24.96380548028359, "humidity_pct": 90.535454521043604, "cloud_cover_pct": 87.302517575297969, "wind_speed_ms": 7.9596844482703348, "forecast_datetime": "2026-10-03T23:00:00", "source": "BMKG ADM4 forecast points + IDW", "boundary": "SERPRO Carbon Project Zone", "interpretation": "Forecast surface clipped to project boundary; not direct station observation" }, "geometry": { "type": "Point", "coordinates": [ 112.590380864200796, -3.176145740333262 ] } },
{ "type": "Feature", "properties": { "precipitation_mm": 0.0, "temperature_c": 24.938675550601968, "humidity_pct": 90.68641867728094, "cloud_cover_pct": 87.36089227715199, "wind_speed_ms": 7.9314181336310803, "forecast_datetime": "2026-10-03T23:00:00", "source": "BMKG ADM4 forecast points + IDW", "boundary": "SERPRO Carbon Project Zone", "interpretation": "Forecast surface clipped to project boundary; not direct station observation" }, "geometry": { "type": "Point", "coordinates": [ 112.590367043723461, -3.167102213071724 ] } },
{ "type": "Feature", "properties": { "precipitation_mm": 0.0, "temperature_c": 24.90619118154267, "humidity_pct": 90.84221831120162, "cloud_cover_pct": 87.410467565241163, "wind_speed_ms": 7.9091481144473219, "forecast_datetime": "2026-10-03T23:00:00", "source": "BMKG ADM4 forecast points + IDW", "boundary": "SERPRO Carbon Project Zone", "interpretation": "Forecast surface clipped to project boundary; not direct station observation" }, "geometry": { "type": "Point", "coordinates": [ 112.590353262852688, -3.158058684168694 ] } },
{ "type": "Feature", "properties": { "precipitation_mm": 0.0, "temperature_c": 24.866200119445736, "humidity_pct": 91.006803406720223, "cloud_cover_pct": 87.453388465109001, "wind_speed_ms": 7.8902959983645058, "forecast_datetime": "2026-10-03T23:00:00", "source": "BMKG ADM4 forecast points + IDW", "boundary": "SERPRO Carbon Project Zone", "interpretation": "Forecast surface clipped to project boundary; not direct station observation" }, "geometry": { "type": "Point", "coordinates": [ 112.590339521586756, -3.149015153628844 ] } },
{ "type": "Feature", "properties": { "precipitation_mm": 0.0, "temperature_c": 24.818930524316588, "humidity_pct": 91.183640483634875, "cloud_cover_pct": 87.492018486546314, "wind_speed_ms": 7.8717902716093189, "forecast_datetime": "2026-10-03T23:00:00", "source": "BMKG ADM4 forecast points + IDW", "boundary": "SERPRO Carbon Project Zone", "interpretation": "Forecast surface clipped to project boundary; not direct station observation" }, "geometry": { "type": "Point", "coordinates": [ 112.59032581992399, -3.139971621456842 ] } },
{ "type": "Feature", "properties": { "precipitation_mm": 0.0, "temperature_c": 24.765184700836773, "humidity_pct": 91.373951096234165, "cloud_cover_pct": 87.528263444930417, "wind_speed_ms": 7.8510744077308807, "forecast_datetime": "2026-10-03T23:00:00", "source": "BMKG ADM4 forecast points + IDW", "boundary": "SERPRO Carbon Project Zone", "interpretation": "Forecast surface clipped to project boundary; not direct station observation" }, "geometry": { "type": "Point", "coordinates": [ 112.590312157862684, -3.13092808765736 ] } },
{ "type": "Feature", "properties": { "precipitation_mm": 0.0, "temperature_c": 24.706456542238517, "humidity_pct": 91.57588883726784, "cloud_cover_pct": 87.563299815396931, "wind_speed_ms": 7.8266503363894309, "forecast_datetime": "2026-10-03T23:00:00", "source": "BMKG ADM4 forecast points + IDW", "boundary": "SERPRO Carbon Project Zone", "interpretation": "Forecast surface clipped to project boundary; not direct station observation" }, "geometry": { "type": "Point", "coordinates": [ 112.590298535401161, -3.121884552235066 ] } },
{ "type": "Feature", "properties": { "precipitation_mm": 0.0, "temperature_c": 24.644922813755993, "humidity_pct": 91.784471772055127, "cloud_cover_pct": 87.597515959058484, "wind_speed_ms": 7.7982783534115274, "forecast_datetime": "2026-10-03T23:00:00", "source": "BMKG ADM4 forecast points + IDW", "boundary": "SERPRO Carbon Project Zone", "interpretation": "Forecast surface clipped to project boundary; not direct station observation" }, "geometry": { "type": "Point", "coordinates": [ 112.590284952537715, -3.112841015194633 ] } },
{ "type": "Feature", "properties": { "precipitation_mm": 0.0, "temperature_c": 24.583279947064568, "humidity_pct": 91.992180819061701, "cloud_cover_pct": 87.630585385828709, "wind_speed_ms": 7.766909275935328, "forecast_datetime": "2026-10-03T23:00:00", "source": "BMKG ADM4 forecast points + IDW", "boundary": "SERPRO Carbon Project Zone", "interpretation": "Forecast surface clipped to project boundary; not direct station observation" }, "geometry": { "type": "Point", "coordinates": [ 112.590271409270713, -3.103797476540729 ] } },
{ "type": "Feature", "properties": { "precipitation_mm": 0.0, "temperature_c": 24.524434618266664, "humidity_pct": 92.190117458063071, "cloud_cover_pct": 87.661643998982456, "wind_speed_ms": 7.7343980633006311, "forecast_datetime": "2026-10-03T23:00:00", "source": "BMKG ADM4 forecast points + IDW", "boundary": "SERPRO Carbon Project Zone", "interpretation": "Forecast surface clipped to project boundary; not direct station observation" }, "geometry": { "type": "Point", "coordinates": [ 112.590257905598449, -3.094753936278027 ] } },
{ "type": "Feature", "properties": { "precipitation_mm": 0.0, "temperature_c": 24.471106821167631, "humidity_pct": 92.369491794166009, "cloud_cover_pct": 87.689545680458281, "wind_speed_ms": 7.7030640724047501, "forecast_datetime": "2026-10-03T23:00:00", "source": "BMKG ADM4 forecast points + IDW", "boundary": "SERPRO Carbon Project Zone", "interpretation": "Forecast surface clipped to project boundary; not direct station observation" }, "geometry": { "type": "Point", "coordinates": [ 112.590244441519246, -3.085710394411196 ] } },
{ "type": "Feature", "properties": { "precipitation_mm": 0.0, "temperature_c": 24.425446114177369, "humidity_pct": 92.52308262871378, "cloud_cover_pct": 87.713148636203499, "wind_speed_ms": 7.6751994953383642, "forecast_datetime": "2026-10-03T23:00:00", "source": "BMKG ADM4 forecast points + IDW", "boundary": "SERPRO Carbon Project Zone", "interpretation": "Forecast surface clipped to project boundary; not direct station observation" }, "geometry": { "type": "Point", "coordinates": [ 112.590231017031485, -3.07666685094491 ] } },
{ "type": "Feature", "properties": { "precipitation_mm": 0.0, "temperature_c": 24.388767174661538, "humidity_pct": 92.646290553326523, "cloud_cover_pct": 87.731567745057646, "wind_speed_ms": 7.6526463196345231, "forecast_datetime": "2026-10-03T23:00:00", "source": "BMKG ADM4 forecast points + IDW", "boundary": "SERPRO Carbon Project Zone", "interpretation": "Forecast surface clipped to project boundary; not direct station observation" }, "geometry": { "type": "Point", "coordinates": [ 112.590217632133474, -3.067623305883837 ] } },
{ "type": "Feature", "properties": { "precipitation_mm": 0.0, "temperature_c": 24.361469772603439, "humidity_pct": 92.73754217721438, "cloud_cover_pct": 87.744335638541131, "wind_speed_ms": 7.6365376524159956, "forecast_datetime": "2026-10-03T23:00:00", "source": "BMKG ADM4 forecast points + IDW", "boundary": "SERPRO Carbon Project Zone", "interpretation": "Forecast surface clipped to project boundary; not direct station observation" }, "geometry": { "type": "Point", "coordinates": [ 112.590204286823564, -3.058579759232649 ] } },
{ "type": "Feature", "properties": { "precipitation_mm": 0.0, "temperature_c": 24.343140792413674, "humidity_pct": 92.798037752823518, "cloud_cover_pct": 87.751447407907008, "wind_speed_ms": 7.6272375639125363, "forecast_datetime": "2026-10-03T23:00:00", "source": "BMKG ADM4 forecast points + IDW", "boundary": "SERPRO Carbon Project Zone", "interpretation": "Forecast surface clipped to project boundary; not direct station observation" }, "geometry": { "type": "Point", "coordinates": [ 112.590190981100108, -3.049536210996019 ] } },
{ "type": "Feature", "properties": { "precipitation_mm": 0.0, "temperature_c": 24.332778297472224, "humidity_pct": 92.831041219298214, "cloud_cover_pct": 87.753303098194209, "wind_speed_ms": 7.6244468664783884, "forecast_datetime": "2026-10-03T23:00:00", "source": "BMKG ADM4 forecast points + IDW", "boundary": "SERPRO Carbon Project Zone", "interpretation": "Forecast surface clipped to project boundary; not direct station observation" }, "geometry": { "type": "Point", "coordinates": [ 112.59017771496147, -3.040492661178617 ] } },
{ "type": "Feature", "properties": { "precipitation_mm": 0.0, "temperature_c": 24.329055488575001, "humidity_pct": 92.84099805823675, "cloud_cover_pct": 87.750588425405937, "wind_speed_ms": 7.6274023953238483, "forecast_datetime": "2026-10-03T23:00:00", "source": "BMKG ADM4 forecast points + IDW", "boundary": "SERPRO Carbon Project Zone", "interpretation": "Forecast surface clipped to project boundary; not direct station observation" }, "geometry": { "type": "Point", "coordinates": [ 112.590164488406018, -3.031449109785117 ] } },
{ "type": "Feature", "properties": { "precipitation_mm": 0.0, "temperature_c": 24.330556055087008, "humidity_pct": 92.832726318213673, "cloud_cover_pct": 87.74413896420279, "wind_speed_ms": 7.6350946574178655, "forecast_datetime": "2026-10-03T23:00:00", "source": "BMKG ADM4 forecast points + IDW", "boundary": "SERPRO Carbon Project Zone", "interpretation": "Forecast surface clipped to project boundary; not direct station observation" }, "geometry": { "type": "Point", "coordinates": [ 112.590151301432101, -3.022405556820189 ] } },
{ "type": "Feature", "properties": { "precipitation_mm": 0.0, "temperature_c": 24.335944042809459, "humidity_pct": 92.810819146922412, "cloud_cover_pct": 87.734821439710487, "wind_speed_ms": 7.6464516088443526, "forecast_datetime": "2026-10-03T23:00:00", "source": "BMKG ADM4 forecast points + IDW", "boundary": "SERPRO Carbon Project Zone", "interpretation": "Forecast surface clipped to project boundary; not direct station observation" }, "geometry": { "type": "Point", "coordinates": [ 112.590138154038115, -3.013362002288505 ] } },
{ "type": "Feature", "properties": { "precipitation_mm": 0.0, "temperature_c": 24.344061713283832, "humidity_pct": 92.779290658802651, "cloud_cover_pct": 87.723448506003251, "wind_speed_ms": 7.6604658887015793, "forecast_datetime": "2026-10-03T23:00:00", "source": "BMKG ADM4 forecast points + IDW", "boundary": "SERPRO Carbon Project Zone", "interpretation": "Forecast surface clipped to project boundary; not direct station observation" }, "geometry": { "type": "Point", "coordinates": [ 112.590125046222411, -3.004318446194739 ] } },
{ "type": "Feature", "properties": { "precipitation_mm": 0.0, "temperature_c": 24.353967789030897, "humidity_pct": 92.741428283242271, "cloud_cover_pct": 87.710728999517116, "wind_speed_ms": 7.6762657058635169, "forecast_datetime": "2026-10-03T23:00:00", "source": "BMKG ADM4 forecast points + IDW", "boundary": "SERPRO Carbon Project Zone", "interpretation": "Forecast surface clipped to project boundary; not direct station observation" }, "geometry": { "type": "Point", "coordinates": [ 112.590111977983383, -2.99527488854356 ] } },
{ "type": "Feature", "properties": { "precipitation_mm": 0.0, "temperature_c": 24.364935291771772, "humidity_pct": 92.699788041113408, "cloud_cover_pct": 87.697247399450475, "wind_speed_ms": 7.6931415437079851, "forecast_datetime": "2026-10-03T23:00:00", "source": "BMKG ADM4 forecast points + IDW", "boundary": "SERPRO Carbon Project Zone", "interpretation": "Forecast surface clipped to project boundary; not direct station observation" }, "geometry": { "type": "Point", "coordinates": [ 112.590098949319398, -2.986231329339645 ] } },
{ "type": "Feature", "properties": { "precipitation_mm": 0.0, "temperature_c": 24.376426986942661, "humidity_pct": 92.656271145089562, "cloud_cover_pct": 87.683463475280959, "wind_speed_ms": 7.7105438855685264, "forecast_datetime": "2026-10-03T23:00:00", "source": "BMKG ADM4 forecast points + IDW", "boundary": "SERPRO Carbon Project Zone", "interpretation": "Forecast surface clipped to project boundary; not direct station observation" }, "geometry": { "type": "Point", "coordinates": [ 112.59008596022889, -2.977187768587662 ] } },
{ "type": "Feature", "properties": { "precipitation_mm": 0.0, "temperature_c": 24.388061809258257, "humidity_pct": 92.61223520569564, "cloud_cover_pct": 87.669723727726122, "wind_speed_ms": 7.7280651713720374, "forecast_datetime": "2026-10-03T23:00:00", "source": "BMKG ADM4 forecast points + IDW", "boundary": "SERPRO Carbon Project Zone", "interpretation": "Forecast surface clipped to project boundary; not direct station observation" }, "geometry": { "type": "Point", "coordinates": [ 112.590073010710213, -2.968144206292287 ] } },
{ "type": "Feature", "properties": { "precipitation_mm": 0.0, "temperature_c": 24.399580620758542, "humidity_pct": 92.568610285276122, "cloud_cover_pct": 87.656278260054194, "wind_speed_ms": 7.745415435314138, "forecast_datetime": "2026-10-03T23:00:00", "source": "BMKG ADM4 forecast points + IDW", "boundary": "SERPRO Carbon Project Zone", "interpretation": "Forecast surface clipped to project boundary; not direct station observation" }, "geometry": { "type": "Point", "coordinates": [ 112.590060100761804, -2.959100642458192 ] } },
{ "type": "Feature", "properties": { "precipitation_mm": 0.0, "temperature_c": 24.410815650181487, "humidity_pct": 92.526003887378408, "cloud_cover_pct": 87.643298909915202, "wind_speed_ms": 7.762397430316665, "forecast_datetime": "2026-10-03T23:00:00", "source": "BMKG ADM4 forecast points + IDW", "boundary": "SERPRO Carbon Project Zone", "interpretation": "Forecast surface clipped to project boundary; not direct station observation" }, "geometry": { "type": "Point", "coordinates": [ 112.590047230382041, -2.95005707709005 ] } },
{ "type": "Feature", "properties": { "precipitation_mm": 0.0, "temperature_c": 25.02193815194747, "humidity_pct": 90.015148104392765, "cloud_cover_pct": 87.092129565086054, "wind_speed_ms": 8.1806776520819984, "forecast_datetime": "2026-10-03T23:00:00", "source": "BMKG ADM4 forecast points + IDW", "boundary": "SERPRO Carbon Project Zone", "interpretation": "Forecast surface clipped to project boundary; not direct station observation" }, "geometry": { "type": "Point", "coordinates": [ 112.599490457461911, -3.24847962915703 ] } },
{ "type": "Feature", "properties": { "precipitation_mm": 0.0, "temperature_c": 25.012197814228564, "humidity_pct": 90.021692088510989, "cloud_cover_pct": 87.060683543539184, "wind_speed_ms": 8.1413817027374193, "forecast_datetime": "2026-10-03T23:00:00", "source": "BMKG ADM4 forecast points + IDW", "boundary": "SERPRO Carbon Project Zone", "interpretation": "Forecast surface clipped to project boundary; not direct station observation" }, "geometry": { "type": "Point", "coordinates": [ 112.599476240176273, -3.239436155002344 ] } },
{ "type": "Feature", "properties": { "precipitation_mm": 0.0, "temperature_c": 25.006497049176279, "humidity_pct": 90.02168528736938, "cloud_cover_pct": 87.039764661086835, "wind_speed_ms": 8.1199573977042991, "forecast_datetime": "2026-10-03T23:00:00", "source": "BMKG ADM4 forecast points + IDW", "boundary": "SERPRO Carbon Project Zone", "interpretation": "Forecast surface clipped to project boundary; not direct station observation" }, "geometry": { "type": "Point", "coordinates": [ 112.599462062734887, -3.230392679168137 ] } },
{ "type": "Feature", "properties": { "precipitation_mm": 0.0, "temperature_c": 25.004717063415725, "humidity_pct": 90.027174534777444, "cloud_cover_pct": 87.037532094912351, "wind_speed_ms": 8.112810318418008, "forecast_datetime": "2026-10-03T23:00:00", "source": "BMKG ADM4 forecast points + IDW", "boundary": "SERPRO Carbon Project Zone", "interpretation": "Forecast surface clipped to project boundary; not direct station observation" }, "geometry": { "type": "Point", "coordinates": [ 112.599447925136005, -3.22134920165908 ] } },
{ "type": "Feature", "properties": { "precipitation_mm": 0.0, "temperature_c": 25.00515875391665, "humidity_pct": 90.052401315022166, "cloud_cover_pct": 87.058757828723614, "wind_speed_ms": 8.1119860051052957, "forecast_datetime": "2026-10-03T23:00:00", "source": "BMKG ADM4 forecast points + IDW", "boundary": "SERPRO Carbon Project Zone", "interpretation": "Forecast surface clipped to project boundary; not direct station observation" }, "geometry": { "type": "Point", "coordinates": [ 112.599433827377865, -3.212305722479845 ] } },
{ "type": "Feature", "properties": { "precipitation_mm": 0.0, "temperature_c": 25.004987537208326, "humidity_pct": 90.106606207864104, "cloud_cover_pct": 87.10157475147227, "wind_speed_ms": 8.1092798628288776, "forecast_datetime": "2026-10-03T23:00:00", "source": "BMKG ADM4 forecast points + IDW", "boundary": "SERPRO Carbon Project Zone", "interpretation": "Forecast surface clipped to project boundary; not direct station observation" }, "geometry": { "type": "Point", "coordinates": [ 112.599419769458763, -3.203262241635102 ] } },
{ "type": "Feature", "properties": { "precipitation_mm": 0.0, "temperature_c": 25.00134468420471, "humidity_pct": 90.190046611942677, "cloud_cover_pct": 87.158321968411727, "wind_speed_ms": 8.1004039592186139, "forecast_datetime": "2026-10-03T23:00:00", "source": "BMKG ADM4 forecast points + IDW", "boundary": "SERPRO Carbon Project Zone", "interpretation": "Forecast surface clipped to project boundary; not direct station observation" }, "geometry": { "type": "Point", "coordinates": [ 112.599405751376906, -3.194218759129522 ] } },
{ "type": "Feature", "properties": { "precipitation_mm": 0.0, "temperature_c": 24.992214054887874, "humidity_pct": 90.29659439430128, "cloud_cover_pct": 87.219822436912281, "wind_speed_ms": 8.0856441152774536, "forecast_datetime": "2026-10-03T23:00:00", "source": "BMKG ADM4 forecast points + IDW", "boundary": "SERPRO Carbon Project Zone", "interpretation": "Forecast surface clipped to project boundary; not direct station observation" }, "geometry": { "type": "Point", "coordinates": [ 112.599391773130606, -3.185175274967775 ] } },
{ "type": "Feature", "properties": { "precipitation_mm": 0.0, "temperature_c": 24.976534189852003, "humidity_pct": 90.41930095860846, "cloud_cover_pct": 87.279216873614132, "wind_speed_ms": 8.0674666795032444, "forecast_datetime": "2026-10-03T23:00:00", "source": "BMKG ADM4 forecast points + IDW", "boundary": "SERPRO Carbon Project Zone", "interpretation": "Forecast surface clipped to project boundary; not direct station observation" }, "geometry": { "type": "Point", "coordinates": [ 112.599377834718126, -3.176131789154535 ] } },
{ "type": "Feature", "properties": { "precipitation_mm": 0.0, "temperature_c": 24.953867112266671, "humidity_pct": 90.553971731391798, "cloud_cover_pct": 87.333149669715297, "wind_speed_ms": 8.0479910050033734, "forecast_datetime": "2026-10-03T23:00:00", "source": "BMKG ADM4 forecast points + IDW", "boundary": "SERPRO Carbon Project Zone", "interpretation": "Forecast surface clipped to project boundary; not direct station observation" }, "geometry": { "type": "Point", "coordinates": [ 112.599363936137749, -3.167088301694471 ] } },
{ "type": "Feature", "properties": { "precipitation_mm": 0.0, "temperature_c": 24.924102253585588, "humidity_pct": 90.699554742444988, "cloud_cover_pct": 87.381012273406981, "wind_speed_ms": 8.0279357768618205, "forecast_datetime": "2026-10-03T23:00:00", "source": "BMKG ADM4 forecast points + IDW", "boundary": "SERPRO Carbon Project Zone", "interpretation": "Forecast surface clipped to project boundary; not direct station observation" }, "geometry": { "type": "Point", "coordinates": [ 112.599350077387754, -3.158044812592257 ] } },
{ "type": "Feature", "properties": { "precipitation_mm": 0.0, "temperature_c": 24.887370541849791, "humidity_pct": 90.856760043762051, "cloud_cover_pct": 87.423682779020112, "wind_speed_ms": 8.0068019898668066, "forecast_datetime": "2026-10-03T23:00:00", "source": "BMKG ADM4 forecast points + IDW", "boundary": "SERPRO Carbon Project Zone", "interpretation": "Forecast surface clipped to project boundary; not direct station observation" }, "geometry": { "type": "Point", "coordinates": [ 112.599336258466423, -3.149001321852562 ] } },
{ "type": "Feature", "properties": { "precipitation_mm": 0.0, "temperature_c": 24.844112160135868, "humidity_pct": 91.026369778500083, "cloud_cover_pct": 87.46252636259949, "wind_speed_ms": 7.9835371340628525, "forecast_datetime": "2026-10-03T23:00:00", "source": "BMKG ADM4 forecast points + IDW", "boundary": "SERPRO Carbon Project Zone", "interpretation": "Forecast surface clipped to project boundary; not direct station observation" }, "geometry": { "type": "Point", "coordinates": [ 112.599322479372049, -3.139957829480059 ] } },
{ "type": "Feature", "properties": { "precipitation_mm": 0.0, "temperature_c": 24.795190811614042, "humidity_pct": 91.207931329153908, "cloud_cover_pct": 87.498792691375129, "wind_speed_ms": 7.9571861220523878, "forecast_datetime": "2026-10-03T23:00:00", "source": "BMKG ADM4 forecast points + IDW", "boundary": "SERPRO Carbon Project Zone", "interpretation": "Forecast surface clipped to project boundary; not direct station observation" }, "geometry": { "type": "Point", "coordinates": [ 112.599308740102941, -3.130914335479422 ] } },
{ "type": "Feature", "properties": { "precipitation_mm": 0.0, "temperature_c": 24.741971592376306, "humidity_pct": 91.399020476016489, "cloud_cover_pct": 87.533314572461919, "wind_speed_ms": 7.9273417082001458, "forecast_datetime": "2026-10-03T23:00:00", "source": "BMKG ADM4 forecast points + IDW", "boundary": "SERPRO Carbon Project Zone", "interpretation": "Forecast surface clipped to project boundary; not direct station observation" }, "geometry": { "type": "Point", "coordinates": [ 112.59929504065741, -3.121870839855321 ] } },
{ "type": "Feature", "properties": { "precipitation_mm": 0.0, "temperature_c": 24.686310587640829, "humidity_pct": 91.595083180599346, "cloud_cover_pct": 87.566400477980892, "wind_speed_ms": 7.8943601359472941, "forecast_datetime": "2026-10-03T23:00:00", "source": "BMKG ADM4 forecast points + IDW", "boundary": "SERPRO Carbon Project Zone", "interpretation": "Forecast surface clipped to project boundary; not direct station observation" }, "geometry": { "type": "Point", "coordinates": [ 112.599281381033734, -3.112827342612428 ] } },
{ "type": "Feature", "properties": { "precipitation_mm": 0.0, "temperature_c": 24.630432337632367, "humidity_pct": 91.789813181531699, "cloud_cover_pct": 87.597855843797745, "wind_speed_ms": 7.8593584457478505, "forecast_datetime": "2026-10-03T23:00:00", "source": "BMKG ADM4 forecast points + IDW", "boundary": "SERPRO Carbon Project Zone", "interpretation": "Forecast surface clipped to project boundary; not direct station observation" }, "geometry": { "type": "Point", "coordinates": [ 112.599267761230251, -3.103783843755417 ] } },
{ "type": "Feature", "properties": { "precipitation_mm": 0.0, "temperature_c": 24.576703273150962, "humidity_pct": 91.975966307471879, "cloud_cover_pct": 87.627097373248745, "wind_speed_ms": 7.824030140458702, "forecast_datetime": "2026-10-03T23:00:00", "source": "BMKG ADM4 forecast points + IDW", "boundary": "SERPRO Carbon Project Zone", "interpretation": "Forecast surface clipped to project boundary; not direct station observation" }, "geometry": { "type": "Point", "coordinates": [ 112.599254181245271, -3.09474034328896 ] } },
{ "type": "Feature", "properties": { "precipitation_mm": 0.0, "temperature_c": 24.527344407399152, "humidity_pct": 92.14642534409488, "cloud_cover_pct": 87.653329851510264, "wind_speed_ms": 7.7903381741822857, "forecast_datetime": "2026-10-03T23:00:00", "source": "BMKG ADM4 forecast points + IDW", "boundary": "SERPRO Carbon Project Zone", "interpretation": "Forecast surface clipped to project boundary; not direct station observation" }, "geometry": { "type": "Point", "coordinates": [ 112.599240641077103, -3.085696841217731 ] } },
{ "type": "Feature", "properties": { "precipitation_mm": 0.0, "temperature_c": 24.484152702957545, "humidity_pct": 92.295254713569832, "cloud_cover_pct": 87.675746586941813, "wind_speed_ms": 7.7601669371445752, "forecast_datetime": "2026-10-03T23:00:00", "source": "BMKG ADM4 forecast points + IDW", "boundary": "SERPRO Carbon Project Zone", "interpretation": "Forecast surface clipped to project boundary; not direct station observation" }, "geometry": { "type": "Point", "coordinates": [ 112.599227140724111, -3.0766533375464 ] } },
{ "type": "Feature", "properties": { "precipitation_mm": 0.0, "temperature_c": 24.448302635050563, "humidity_pct": 92.418481964960378, "cloud_cover_pct": 87.6937083815329, "wind_speed_ms": 7.7350215116531773, "forecast_datetime": "2026-10-03T23:00:00", "source": "BMKG ADM4 forecast points + IDW", "boundary": "SERPRO Carbon Project Zone", "interpretation": "Forecast surface clipped to project boundary; not direct station observation" }, "geometry": { "type": "Point", "coordinates": [ 112.599213680184604, -3.067609832279644 ] } },
{ "type": "Feature", "properties": { "precipitation_mm": 0.0, "temperature_c": 24.420273125711017, "humidity_pct": 92.514436217222155, "cloud_cover_pct": 87.706862955486386, "wind_speed_ms": 7.7158416054116801, "forecast_datetime": "2026-10-03T23:00:00", "source": "BMKG ADM4 forecast points + IDW", "boundary": "SERPRO Carbon Project Zone", "interpretation": "Forecast surface clipped to project boundary; not direct station observation" }, "geometry": { "type": "Point", "coordinates": [ 112.599200259456921, -3.058566325422133 ] } },
{ "type": "Feature", "properties": { "precipitation_mm": 0.0, "temperature_c": 24.399902329461547, "humidity_pct": 92.583624965304878, "cloud_cover_pct": 87.715187143238268, "wind_speed_ms": 7.7029550256038535, "forecast_datetime": "2026-10-03T23:00:00", "source": "BMKG ADM4 forecast points + IDW", "boundary": "SERPRO Carbon Project Zone", "interpretation": "Forecast surface clipped to project boundary; not direct station observation" }, "geometry": { "type": "Point", "coordinates": [ 112.599186878539413, -3.049522816978542 ] } },
{ "type": "Feature", "properties": { "precipitation_mm": 0.0, "temperature_c": 24.386534801957971, "humidity_pct": 92.628267693635408, "cloud_cover_pct": 87.718958556317943, "wind_speed_ms": 7.6961508803576226, "forecast_datetime": "2026-10-03T23:00:00", "source": "BMKG ADM4 forecast points + IDW", "boundary": "SERPRO Carbon Project Zone", "interpretation": "Forecast surface clipped to project boundary; not direct station observation" }, "geometry": { "type": "Point", "coordinates": [ 112.599173537430417, -3.040479306953545 ] } },
{ "type": "Feature", "properties": { "precipitation_mm": 0.0, "temperature_c": 24.379208097047144, "humidity_pct": 92.651671174846186, "cloud_cover_pct": 87.718680717261421, "wind_speed_ms": 7.6948248575914953, "forecast_datetime": "2026-10-03T23:00:00", "source": "BMKG ADM4 forecast points + IDW", "boundary": "SERPRO Carbon Project Zone", "interpretation": "Forecast surface clipped to project boundary; not direct station observation" }, "geometry": { "type": "Point", "coordinates": [ 112.599160236128284, -3.031435795351814 ] } },
{ "type": "Feature", "properties": { "precipitation_mm": 0.0, "temperature_c": 24.376830709231601, "humidity_pct": 92.657618419450799, "cloud_cover_pct": 87.714990605605436, "wind_speed_ms": 7.698144623889613, "forecast_datetime": "2026-10-03T23:00:00", "source": "BMKG ADM4 forecast points + IDW", "boundary": "SERPRO Carbon Project Zone", "interpretation": "Forecast surface clipped to project boundary; not direct station observation" }, "geometry": { "type": "Point", "coordinates": [ 112.599146974631395, -3.022392282178024 ] } },
{ "type": "Feature", "properties": { "precipitation_mm": 0.0, "temperature_c": 24.378321389251656, "humidity_pct": 92.649881727499761, "cloud_cover_pct": 87.708572124893607, "wind_speed_ms": 7.7051964851621388, "forecast_datetime": "2026-10-03T23:00:00", "source": "BMKG ADM4 forecast points + IDW", "boundary": "SERPRO Carbon Project Zone", "interpretation": "Forecast surface clipped to project boundary; not direct station observation" }, "geometry": { "type": "Point", "coordinates": [ 112.599133752938073, -3.013348767436849 ] } },
{ "type": "Feature", "properties": { "precipitation_mm": 0.0, "temperature_c": 24.382699730695215, "humidity_pct": 92.631900529105621, "cloud_cover_pct": 87.700088954600503, "wind_speed_ms": 7.7150936453560499, "forecast_datetime": "2026-10-03T23:00:00", "source": "BMKG ADM4 forecast points + IDW", "boundary": "SERPRO Carbon Project Zone", "interpretation": "Forecast surface clipped to project boundary; not direct station observation" }, "geometry": { "type": "Point", "coordinates": [ 112.599120571046726, -3.004305251132962 ] } },
{ "type": "Feature", "properties": { "precipitation_mm": 0.0, "temperature_c": 24.389132228385712, "humidity_pct": 92.606613254472904, "cloud_cover_pct": 87.690140796980572, "wind_speed_ms": 7.7270427506418926, "forecast_datetime": "2026-10-03T23:00:00", "source": "BMKG ADM4 forecast points + IDW", "boundary": "SERPRO Carbon Project Zone", "interpretation": "Forecast surface clipped to project boundary; not direct station observation" }, "geometry": { "type": "Point", "coordinates": [ 112.599107428955705, -2.995261733271039 ] } },
{ "type": "Feature", "properties": { "precipitation_mm": 0.0, "temperature_c": 24.396944904488223, "humidity_pct": 92.576406714992928, "cloud_cover_pct": 87.679240760170231, "wind_speed_ms": 7.7403752090219786, "forecast_datetime": "2026-10-03T23:00:00", "source": "BMKG ADM4 forecast points + IDW", "boundary": "SERPRO Carbon Project Zone", "interpretation": "Forecast surface clipped to project boundary; not direct station observation" }, "geometry": { "type": "Point", "coordinates": [ 112.599094326663391, -2.986218213855754 ] } },
{ "type": "Feature", "properties": { "precipitation_mm": 0.0, "temperature_c": 24.405614721181088, "humidity_pct": 92.543141233508081, "cloud_cover_pct": 87.667808761649979, "wind_speed_ms": 7.7545534356151054, "forecast_datetime": "2026-10-03T23:00:00", "source": "BMKG ADM4 forecast points + IDW", "boundary": "SERPRO Carbon Project Zone", "interpretation": "Forecast surface clipped to project boundary; not direct station observation" }, "geometry": { "type": "Point", "coordinates": [ 112.599081264168163, -2.977174692891779 ] } },
{ "type": "Feature", "properties": { "precipitation_mm": 0.0, "temperature_c": 24.414749974871238, "humidity_pct": 92.508216012221197, "cloud_cover_pct": 87.656175421795709, "wind_speed_ms": 7.7691618500968511, "forecast_datetime": "2026-10-03T23:00:00", "source": "BMKG ADM4 forecast points + IDW", "boundary": "SERPRO Carbon Project Zone", "interpretation": "Forecast surface clipped to project boundary; not direct station observation" }, "geometry": { "type": "Point", "coordinates": [ 112.59906824146843, -2.968131170383792 ] } },
{ "type": "Feature", "properties": { "precipitation_mm": 0.0, "temperature_c": 24.424066830521497, "humidity_pct": 92.472649439343456, "cloud_cover_pct": 87.644591784690462, "wind_speed_ms": 7.783890311885985, "forecast_datetime": "2026-10-03T23:00:00", "source": "BMKG ADM4 forecast points + IDW", "boundary": "SERPRO Carbon Project Zone", "interpretation": "Forecast surface clipped to project boundary; not direct station observation" }, "geometry": { "type": "Point", "coordinates": [ 112.599055258562558, -2.959087646336466 ] } },
{ "type": "Feature", "properties": { "precipitation_mm": 0.0, "temperature_c": 24.43336633221638, "humidity_pct": 92.437158778449785, "cloud_cover_pct": 87.633241485302207, "wind_speed_ms": 7.7985151809386837, "forecast_datetime": "2026-10-03T23:00:00", "source": "BMKG ADM4 forecast points + IDW", "boundary": "SERPRO Carbon Project Zone", "interpretation": "Forecast surface clipped to project boundary; not direct station observation" }, "geometry": { "type": "Point", "coordinates": [ 112.599042315448955, -2.950044120754477 ] } },
{ "type": "Feature", "properties": { "precipitation_mm": 0.0, "temperature_c": 25.029388057678865, "humidity_pct": 89.964894111111491, "cloud_cover_pct": 87.086571406866284, "wind_speed_ms": 8.2269503372347526, "forecast_datetime": "2026-10-03T23:00:00", "source": "BMKG ADM4 forecast points + IDW", "boundary": "SERPRO Carbon Project Zone", "interpretation": "Forecast surface clipped to project boundary; not direct station observation" }, "geometry": { "type": "Point", "coordinates": [ 112.608473723838557, -3.239421845005655 ] } },
{ "type": "Feature", "properties": { "precipitation_mm": 0.0, "temperature_c": 25.021253064053766, "humidity_pct": 89.987658178041173, "cloud_cover_pct": 87.07301432622188, "wind_speed_ms": 8.1910762251704359, "forecast_datetime": "2026-10-03T23:00:00", "source": "BMKG ADM4 forecast points + IDW", "boundary": "SERPRO Carbon Project Zone", "interpretation": "Forecast surface clipped to project boundary; not direct station observation" }, "geometry": { "type": "Point", "coordinates": [ 112.608459466728831, -3.230378409201915 ] } },
{ "type": "Feature", "properties": { "precipitation_mm": 0.0, "temperature_c": 25.017734534489403, "humidity_pct": 90.00478345106643, "cloud_cover_pct": 87.073487009549254, "wind_speed_ms": 8.1764898027293285, "forecast_datetime": "2026-10-03T23:00:00", "source": "BMKG ADM4 forecast points + IDW", "boundary": "SERPRO Carbon Project Zone", "interpretation": "Forecast surface clipped to project boundary; not direct station observation" }, "geometry": { "type": "Point", "coordinates": [ 112.608445249685502, -3.221334971722649 ] } },
{ "type": "Feature", "properties": { "precipitation_mm": 0.0, "temperature_c": 25.017337050211559, "humidity_pct": 90.026550275922958, "cloud_cover_pct": 87.090870247001206, "wind_speed_ms": 8.1775086965713459, "forecast_datetime": "2026-10-03T23:00:00", "source": "BMKG ADM4 forecast points + IDW", "boundary": "SERPRO Carbon Project Zone", "interpretation": "Forecast surface clipped to project boundary; not direct station observation" }, "geometry": { "type": "Point", "coordinates": [ 112.608431072706807, -3.212291532572528 ] } },
{ "type": "Feature", "properties": { "precipitation_mm": 0.0, "temperature_c": 25.017295429422258, "humidity_pct": 90.063274121623351, "cloud_cover_pct": 87.123998001017583, "wind_speed_ms": 8.1852080146154798, "forecast_datetime": "2026-10-03T23:00:00", "source": "BMKG ADM4 forecast points + IDW", "boundary": "SERPRO Carbon Project Zone", "interpretation": "Forecast surface clipped to project boundary; not direct station observation" }, "geometry": { "type": "Point", "coordinates": [ 112.608416935790984, -3.203248091756226 ] } },
{ "type": "Feature", "properties": { "precipitation_mm": 0.0, "temperature_c": 25.014619066338927, "humidity_pct": 90.12114548639228, "cloud_cover_pct": 87.168218049897504, "wind_speed_ms": 8.1915608266877395, "forecast_datetime": "2026-10-03T23:00:00", "source": "BMKG ADM4 forecast points + IDW", "boundary": "SERPRO Carbon Project Zone", "interpretation": "Forecast surface clipped to project boundary; not direct station observation" }, "geometry": { "type": "Point", "coordinates": [ 112.608402838936286, -3.194204649278416 ] } },
{ "type": "Feature", "properties": { "precipitation_mm": 0.0, "temperature_c": 25.00701079481173, "humidity_pct": 90.201291890246679, "cloud_cover_pct": 87.217689525335516, "wind_speed_ms": 8.1920356601218014, "forecast_datetime": "2026-10-03T23:00:00", "source": "BMKG ADM4 forecast points + IDW", "boundary": "SERPRO Carbon Project Zone", "interpretation": "Forecast surface clipped to project boundary; not direct station observation" }, "geometry": { "type": "Point", "coordinates": [ 112.608388782140992, -3.185161205143769 ] } },
{ "type": "Feature", "properties": { "precipitation_mm": 0.0, "temperature_c": 24.993157336456321, "humidity_pct": 90.301751335230392, "cloud_cover_pct": 87.267581348946578, "wind_speed_ms": 8.1854629944999502, "forecast_datetime": "2026-10-03T23:00:00", "source": "BMKG ADM4 forecast points + IDW", "boundary": "SERPRO Carbon Project Zone", "interpretation": "Forecast surface clipped to project boundary; not direct station observation" }, "geometry": { "type": "Point", "coordinates": [ 112.608374765403354, -3.176117759356961 ] } },
{ "type": "Feature", "properties": { "precipitation_mm": 0.0, "temperature_c": 24.972534948753349, "humidity_pct": 90.419925888681163, "cloud_cover_pct": 87.315013637482863, "wind_speed_ms": 8.1724541050201918, "forecast_datetime": "2026-10-03T23:00:00", "source": "BMKG ADM4 forecast points + IDW", "boundary": "SERPRO Carbon Project Zone", "interpretation": "Forecast surface clipped to project boundary; not direct station observation" }, "geometry": { "type": "Point", "coordinates": [ 112.608360788721654, -3.167074311922662 ] } },
{ "type": "Feature", "properties": { "precipitation_mm": 0.0, "temperature_c": 24.945115007148793, "humidity_pct": 90.553871051532496, "cloud_cover_pct": 87.358887414255278, "wind_speed_ms": 8.1539836013799327, "forecast_datetime": "2026-10-03T23:00:00", "source": "BMKG ADM4 forecast points + IDW", "boundary": "SERPRO Carbon Project Zone", "interpretation": "Forecast surface clipped to project boundary; not direct station observation" }, "geometry": { "type": "Point", "coordinates": [ 112.608346852094158, -3.158030862845549 ] } },
{ "type": "Feature", "properties": { "precipitation_mm": 0.0, "temperature_c": 24.911190616190538, "humidity_pct": 90.702326207564937, "cloud_cover_pct": 87.399253695821571, "wind_speed_ms": 8.1307467175158905, "forecast_datetime": "2026-10-03T23:00:00", "source": "BMKG ADM4 forecast points + IDW", "boundary": "SERPRO Carbon Project Zone", "interpretation": "Forecast surface clipped to project boundary; not direct station observation" }, "geometry": { "type": "Point", "coordinates": [ 112.608332955519117, -3.148987412130295 ] } },
{ "type": "Feature", "properties": { "precipitation_mm": 0.0, "temperature_c": 24.871342442507512, "humidity_pct": 90.864087534103973, "cloud_cover_pct": 87.436688981316394, "wind_speed_ms": 8.1031324357730234, "forecast_datetime": "2026-10-03T23:00:00", "source": "BMKG ADM4 forecast points + IDW", "boundary": "SERPRO Carbon Project Zone", "interpretation": "Forecast surface clipped to project boundary; not direct station observation" }, "geometry": { "type": "Point", "coordinates": [ 112.608319098994855, -3.139943959781572 ] } },
{ "type": "Feature", "properties": { "precipitation_mm": 0.0, "temperature_c": 24.826475444237214, "humidity_pct": 91.03728120571391, "cloud_cover_pct": 87.471847179199145, "wind_speed_ms": 8.0714685137723023, "forecast_datetime": "2026-10-03T23:00:00", "source": "BMKG ADM4 forecast points + IDW", "boundary": "SERPRO Carbon Project Zone", "interpretation": "Forecast surface clipped to project boundary; not direct station observation" }, "geometry": { "type": "Point", "coordinates": [ 112.608305282519638, -3.130900505804056 ] } },
{ "type": "Feature", "properties": { "precipitation_mm": 0.0, "temperature_c": 24.77785380868578, "humidity_pct": 91.218855765748742, "cloud_cover_pct": 87.505194810209005, "wind_speed_ms": 8.036289724194992, "forecast_datetime": "2026-10-03T23:00:00", "source": "BMKG ADM4 forecast points + IDW", "boundary": "SERPRO Carbon Project Zone", "interpretation": "Forecast surface clipped to project boundary; not direct station observation" }, "geometry": { "type": "Point", "coordinates": [ 112.608291506091774, -3.121857050202419 ] } },
{ "type": "Feature", "properties": { "precipitation_mm": 0.0, "temperature_c": 24.727083918036186, "humidity_pct": 91.404430094449324, "cloud_cover_pct": 87.53689003991451, "wind_speed_ms": 7.998505950188088, "forecast_datetime": "2026-10-03T23:00:00", "source": "BMKG ADM4 forecast points + IDW", "boundary": "SERPRO Carbon Project Zone", "interpretation": "Forecast surface clipped to project boundary; not direct station observation" }, "geometry": { "type": "Point", "coordinates": [ 112.608277769709545, -3.112813592981338 ] } },
{ "type": "Feature", "properties": { "precipitation_mm": 0.0, "temperature_c": 24.676021940471959, "humidity_pct": 91.588521924056735, "cloud_cover_pct": 87.566768188083429, "wind_speed_ms": 7.9594295698487203, "forecast_datetime": "2026-10-03T23:00:00", "source": "BMKG ADM4 forecast points + IDW", "boundary": "SERPRO Carbon Project Zone", "interpretation": "Forecast surface clipped to project boundary; not direct station observation" }, "geometry": { "type": "Point", "coordinates": [ 112.608264073371274, -3.103770134145485 ] } },
{ "type": "Feature", "properties": { "precipitation_mm": 0.0, "temperature_c": 24.626610065929032, "humidity_pct": 91.765097890632461, "cloud_cover_pct": 87.594405089940949, "wind_speed_ms": 7.9206701250404912, "forecast_datetime": "2026-10-03T23:00:00", "source": "BMKG ADM4 forecast points + IDW", "boundary": "SERPRO Carbon Project Zone", "interpretation": "Forecast surface clipped to project boundary; not direct station observation" }, "geometry": { "type": "Point", "coordinates": [ 112.608250417075269, -3.094726673699536 ] } },
{ "type": "Feature", "properties": { "precipitation_mm": 0.0, "temperature_c": 24.580671107777235, "humidity_pct": 91.928311324616189, "cloud_cover_pct": 87.619231428165563, "wind_speed_ms": 7.8839359915309837, "forecast_datetime": "2026-10-03T23:00:00", "source": "BMKG ADM4 forecast points + IDW", "boundary": "SERPRO Carbon Project Zone", "interpretation": "Forecast surface clipped to project boundary; not direct station observation" }, "geometry": { "type": "Point", "coordinates": [ 112.608236800819824, -3.085683211648166 ] } },
{ "type": "Feature", "properties": { "precipitation_mm": 0.0, "temperature_c": 24.539708344650045, "humidity_pct": 92.073244300183347, "cloud_cover_pct": 87.640667683792628, "wind_speed_ms": 7.8508024584694933, "forecast_datetime": "2026-10-03T23:00:00", "source": "BMKG ADM4 forecast points + IDW", "boundary": "SERPRO Carbon Project Zone", "interpretation": "Forecast surface clipped to project boundary; not direct station observation" }, "geometry": { "type": "Point", "coordinates": [ 112.60822322460325, -3.076639747996048 ] } },
{ "type": "Feature", "properties": { "precipitation_mm": 0.0, "temperature_c": 24.504758522914688, "humidity_pct": 92.196472487831912, "cloud_cover_pct": 87.658247802502402, "wind_speed_ms": 7.8225090812067863, "forecast_datetime": "2026-10-03T23:00:00", "source": "BMKG ADM4 forecast points + IDW", "boundary": "SERPRO Carbon Project Zone", "interpretation": "Forecast surface clipped to project boundary; not direct station observation" }, "geometry": { "type": "Point", "coordinates": [ 112.608209688423926, -3.067596282747859 ] } },
{ "type": "Feature", "properties": { "precipitation_mm": 0.0, "temperature_c": 24.476329346635715, "humidity_pct": 92.296332915724989, "cloud_cover_pct": 87.6717054853939, "wind_speed_ms": 7.7998337121160599, "forecast_datetime": "2026-10-03T23:00:00", "source": "BMKG ADM4 forecast points + IDW", "boundary": "SERPRO Carbon Project Zone", "interpretation": "Forecast surface clipped to project boundary; not direct station observation" }, "geometry": { "type": "Point", "coordinates": [ 112.608196192280118, -3.058552815908272 ] } },
{ "type": "Feature", "properties": { "precipitation_mm": 0.0, "temperature_c": 24.454425932331219, "humidity_pct": 92.37287198457031, "cloud_cover_pct": 87.681010110583472, "wind_speed_ms": 7.7830618664051432, "forecast_datetime": "2026-10-03T23:00:00", "source": "BMKG ADM4 forecast points + IDW", "boundary": "SERPRO Carbon Project Zone", "interpretation": "Forecast surface clipped to project boundary; not direct station observation" }, "geometry": { "type": "Point", "coordinates": [ 112.608182736170193, -3.049509347481965 ] } },
{ "type": "Feature", "properties": { "precipitation_mm": 0.0, "temperature_c": 24.438645874648614, "humidity_pct": 92.4275415854584, "cloud_cover_pct": 87.686354628942141, "wind_speed_ms": 7.7720402911231421, "forecast_datetime": "2026-10-03T23:00:00", "source": "BMKG ADM4 forecast points + IDW", "boundary": "SERPRO Carbon Project Zone", "interpretation": "Forecast surface clipped to project boundary; not direct station observation" }, "geometry": { "type": "Point", "coordinates": [ 112.608169320092472, -3.040465877473611 ] } },
{ "type": "Feature", "properties": { "precipitation_mm": 0.0, "temperature_c": 24.428309361178389, "humidity_pct": 92.462760751634789, "cloud_cover_pct": 87.688109261626039, "wind_speed_ms": 7.7662841977389885, "forecast_datetime": "2026-10-03T23:00:00", "source": "BMKG ADM4 forecast points + IDW", "boundary": "SERPRO Carbon Project Zone", "interpretation": "Forecast surface clipped to project boundary; not direct station observation" }, "geometry": { "type": "Point", "coordinates": [ 112.608155944045322, -3.031422405887888 ] } },
{ "type": "Feature", "properties": { "precipitation_mm": 0.0, "temperature_c": 24.422591322644305, "humidity_pct": 92.481460672778525, "cloud_cover_pct": 87.686759184386375, "wind_speed_ms": 7.7651029922299539, "forecast_datetime": "2026-10-03T23:00:00", "source": "BMKG ADM4 forecast points + IDW", "boundary": "SERPRO Carbon Project Zone", "interpretation": "Forecast surface clipped to project boundary; not direct station observation" }, "geometry": { "type": "Point", "coordinates": [ 112.608142608027066, -3.022378932729471 ] } },
{ "type": "Feature", "properties": { "precipitation_mm": 0.0, "temperature_c": 24.420632471893793, "humidity_pct": 92.486697306056527, "cloud_cover_pct": 87.682842254492527, "wind_speed_ms": 7.7677163871689485, "forecast_datetime": "2026-10-03T23:00:00", "source": "BMKG ADM4 forecast points + IDW", "boundary": "SERPRO Carbon Project Zone", "interpretation": "Forecast surface clipped to project boundary; not direct station observation" }, "geometry": { "type": "Point", "coordinates": [ 112.608129312036084, -3.013335458003033 ] } },
{ "type": "Feature", "properties": { "precipitation_mm": 0.0, "temperature_c": 24.421618635053971, "humidity_pct": 92.481371698072479, "cloud_cover_pct": 87.67689721787437, "wind_speed_ms": 7.7733448730536043, "forecast_datetime": "2026-10-03T23:00:00", "source": "BMKG ADM4 forecast points + IDW", "boundary": "SERPRO Carbon Project Zone", "interpretation": "Forecast surface clipped to project boundary; not direct station observation" }, "geometry": { "type": "Point", "coordinates": [ 112.608116056070727, -3.004291981713254 ] } },
{ "type": "Feature", "properties": { "precipitation_mm": 0.0, "temperature_c": 24.424828037189304, "humidity_pct": 92.468061423227837, "cloud_cover_pct": 87.669426830880241, "wind_speed_ms": 7.7812698452404225, "forecast_datetime": "2026-10-03T23:00:00", "source": "BMKG ADM4 forecast points + IDW", "boundary": "SERPRO Carbon Project Zone", "interpretation": "Forecast surface clipped to project boundary; not direct station observation" }, "geometry": { "type": "Point", "coordinates": [ 112.608102840129334, -2.995248503864807 ] } },
{ "type": "Feature", "properties": { "precipitation_mm": 0.0, "temperature_c": 24.429652207486928, "humidity_pct": 92.448944617406539, "cloud_cover_pct": 87.66087581852301, "wind_speed_ms": 7.7908662836340179, "forecast_datetime": "2026-10-03T23:00:00", "source": "BMKG ADM4 forecast points + IDW", "boundary": "SERPRO Carbon Project Zone", "interpretation": "Forecast surface clipped to project boundary; not direct station observation" }, "geometry": { "type": "Point", "coordinates": [ 112.608089664210297, -2.986205024462371 ] } },
{ "type": "Feature", "properties": { "precipitation_mm": 0.0, "temperature_c": 24.435598272734623, "humidity_pct": 92.425789981095065, "cloud_cover_pct": 87.651621080572596, "wind_speed_ms": 7.8016144425797078, "forecast_datetime": "2026-10-03T23:00:00", "source": "BMKG ADM4 forecast points + IDW", "boundary": "SERPRO Carbon Project Zone", "interpretation": "Forecast surface clipped to project boundary; not direct station observation" }, "geometry": { "type": "Point", "coordinates": [ 112.608076528311983, -2.977161543510621 ] } },
{ "type": "Feature", "properties": { "precipitation_mm": 0.0, "temperature_c": 24.442279972847189, "humidity_pct": 92.399987173355512, "cloud_cover_pct": 87.641970706844873, "wind_speed_ms": 7.813097596007581, "forecast_datetime": "2026-10-03T23:00:00", "source": "BMKG ADM4 forecast points + IDW", "boundary": "SERPRO Carbon Project Zone", "interpretation": "Forecast surface clipped to project boundary; not direct station observation" }, "geometry": { "type": "Point", "coordinates": [ 112.608063432432772, -2.968118061014233 ] } },
{ "type": "Feature", "properties": { "precipitation_mm": 0.0, "temperature_c": 24.449403126786532, "humidity_pct": 92.372597397551274, "cloud_cover_pct": 87.632168547194325, "wind_speed_ms": 7.8249918493314397, "forecast_datetime": "2026-10-03T23:00:00", "source": "BMKG ADM4 forecast points + IDW", "boundary": "SERPRO Carbon Project Zone", "interpretation": "Forecast surface clipped to project boundary; not direct station observation" }, "geometry": { "type": "Point", "coordinates": [ 112.608050376571043, -2.959074576977886 ] } },
{ "type": "Feature", "properties": { "precipitation_mm": 0.0, "temperature_c": 24.456749445758167, "humidity_pct": 92.344410311172354, "cloud_cover_pct": 87.622401738989467, "wind_speed_ms": 7.8370524297033715, "forecast_datetime": "2026-10-03T23:00:00", "source": "BMKG ADM4 forecast points + IDW", "boundary": "SERPRO Carbon Project Zone", "interpretation": "Forecast surface clipped to project boundary; not direct station observation" }, "geometry": { "type": "Point", "coordinates": [ 112.608037360725177, -2.950031091406254 ] } },
{ "type": "Feature", "properties": { "precipitation_mm": 0.0, "temperature_c": 25.05016438434814, "humidity_pct": 89.876679106416944, "cloud_cover_pct": 87.105056920983714, "wind_speed_ms": 8.3370538561382119, "forecast_datetime": "2026-10-03T23:00:00", "source": "BMKG ADM4 forecast points + IDW", "boundary": "SERPRO Carbon Project Zone", "interpretation": "Forecast surface clipped to project boundary; not direct station observation" }, "geometry": { "type": "Point", "coordinates": [ 112.617456830656408, -3.230364059272777 ] } },
{ "type": "Feature", "properties": { "precipitation_mm": 0.0, "temperature_c": 25.044255070538661, "humidity_pct": 89.90734054455794, "cloud_cover_pct": 87.107607010766216, "wind_speed_ms": 8.3132267783453102, "forecast_datetime": "2026-10-03T23:00:00", "source": "BMKG ADM4 forecast points + IDW", "boundary": "SERPRO Carbon Project Zone", "interpretation": "Forecast surface clipped to project boundary; not direct station observation" }, "geometry": { "type": "Point", "coordinates": [ 112.617442534170365, -3.221320662047609 ] } },
{ "type": "Feature", "properties": { "precipitation_mm": 0.0, "temperature_c": 25.041837501794987, "humidity_pct": 89.933186913890395, "cloud_cover_pct": 87.12202675632382, "wind_speed_ms": 8.3095106535572203, "forecast_datetime": "2026-10-03T23:00:00", "source": "BMKG ADM4 forecast points + IDW", "boundary": "SERPRO Carbon Project Zone", "interpretation": "Forecast surface clipped to project boundary; not direct station observation" }, "geometry": { "type": "Point", "coordinates": [ 112.617428277972849, -3.212277263150908 ] } },
{ "type": "Feature", "properties": { "precipitation_mm": 0.0, "temperature_c": 25.040377078014643, "humidity_pct": 89.964518025153069, "cloud_cover_pct": 87.147685353659853, "wind_speed_ms": 8.3171611439456044, "forecast_datetime": "2026-10-03T23:00:00", "source": "BMKG ADM4 forecast points + IDW", "boundary": "SERPRO Carbon Project Zone", "interpretation": "Forecast surface clipped to project boundary; not direct station observation" }, "geometry": { "type": "Point", "coordinates": [ 112.617414062062068, -3.203233862587349 ] } },
{ "type": "Feature", "properties": { "precipitation_mm": 0.0, "temperature_c": 25.036993357845947, "humidity_pct": 90.010383073695863, "cloud_cover_pct": 87.181899493214488, "wind_speed_ms": 8.3267317920169113, "forecast_datetime": "2026-10-03T23:00:00", "source": "BMKG ADM4 forecast points + IDW", "boundary": "SERPRO Carbon Project Zone", "interpretation": "Forecast surface clipped to project boundary; not direct station observation" }, "geometry": { "type": "Point", "coordinates": [ 112.617399886436289, -3.194190460361605 ] } },
{ "type": "Feature", "properties": { "precipitation_mm": 0.0, "temperature_c": 25.029343647526598, "humidity_pct": 90.076038452270467, "cloud_cover_pct": 87.221123496663253, "wind_speed_ms": 8.3313457749627364, "forecast_datetime": "2026-10-03T23:00:00", "source": "BMKG ADM4 forecast points + IDW", "boundary": "SERPRO Carbon Project Zone", "interpretation": "Forecast surface clipped to project boundary; not direct station observation" }, "geometry": { "type": "Point", "coordinates": [ 112.617385751093735, -3.185147056478352 ] } },
{ "type": "Feature", "properties": { "precipitation_mm": 0.0, "temperature_c": 25.015994729792553, "humidity_pct": 90.162943199152167, "cloud_cover_pct": 87.262154778667977, "wind_speed_ms": 8.3276639249471849, "forecast_datetime": "2026-10-03T23:00:00", "source": "BMKG ADM4 forecast points + IDW", "boundary": "SERPRO Carbon Project Zone", "interpretation": "Forecast surface clipped to project boundary; not direct station observation" }, "geometry": { "type": "Point", "coordinates": [ 112.617371656032674, -3.176103650942265 ] } },
{ "type": "Feature", "properties": { "precipitation_mm": 0.0, "temperature_c": 24.996340165476884, "humidity_pct": 90.270177987361549, "cloud_cover_pct": 87.302774975324098, "wind_speed_ms": 8.3150589562591311, "forecast_datetime": "2026-10-03T23:00:00", "source": "BMKG ADM4 forecast points + IDW", "boundary": "SERPRO Carbon Project Zone", "interpretation": "Forecast surface clipped to project boundary; not direct station observation" }, "geometry": { "type": "Point", "coordinates": [ 112.617357601251356, -3.167060243758021 ] } },
{ "type": "Feature", "properties": { "precipitation_mm": 0.0, "temperature_c": 24.970353365819733, "humidity_pct": 90.395838239346745, "cloud_cover_pct": 87.341807717343826, "wind_speed_ms": 8.294304590832045, "forecast_datetime": "2026-10-03T23:00:00", "source": "BMKG ADM4 forecast points + IDW", "boundary": "SERPRO Carbon Project Zone", "interpretation": "Forecast surface clipped to project boundary; not direct station observation" }, "geometry": { "type": "Point", "coordinates": [ 112.617343586748063, -3.158016834930292 ] } },
{ "type": "Feature", "properties": { "precipitation_mm": 0.0, "temperature_c": 24.938387834266653, "humidity_pct": 90.537740906748112, "cloud_cover_pct": 87.378855761595034, "wind_speed_ms": 8.2666176027112428, "forecast_datetime": "2026-10-03T23:00:00", "source": "BMKG ADM4 forecast points + IDW", "boundary": "SERPRO Carbon Project Zone", "interpretation": "Forecast surface clipped to project boundary; not direct station observation" }, "geometry": { "type": "Point", "coordinates": [ 112.617329612521061, -3.148973424463758 ] } },
{ "type": "Feature", "properties": { "precipitation_mm": 0.0, "temperature_c": 24.901082395061806, "humidity_pct": 90.693502619211216, "cloud_cover_pct": 87.41396129606585, "wind_speed_ms": 8.2332244290688212, "forecast_datetime": "2026-10-03T23:00:00", "source": "BMKG ADM4 forecast points + IDW", "boundary": "SERPRO Carbon Project Zone", "interpretation": "Forecast surface clipped to project boundary; not direct station observation" }, "geometry": { "type": "Point", "coordinates": [ 112.617315678568602, -3.13993001236309 ] } },
{ "type": "Feature", "properties": { "precipitation_mm": 0.0, "temperature_c": 24.859339587096166, "humidity_pct": 90.860308892421514, "cloud_cover_pct": 87.447317510884332, "wind_speed_ms": 8.1952909064421195, "forecast_datetime": "2026-10-03T23:00:00", "source": "BMKG ADM4 forecast points + IDW", "boundary": "SERPRO Carbon Project Zone", "interpretation": "Forecast surface clipped to project boundary; not direct station observation" }, "geometry": { "type": "Point", "coordinates": [ 112.617301784888994, -3.130886598632967 ] } },
{ "type": "Feature", "properties": { "precipitation_mm": 0.0, "temperature_c": 24.814323332640981, "humidity_pct": 91.034666385290095, "cloud_cover_pct": 87.479071316653844, "wind_speed_ms": 8.1540061013629543, "forecast_datetime": "2026-10-03T23:00:00", "source": "BMKG ADM4 forecast points + IDW", "boundary": "SERPRO Carbon Project Zone", "interpretation": "Forecast surface clipped to project boundary; not direct station observation" }, "geometry": { "type": "Point", "coordinates": [ 112.617287931480504, -3.121843183278064 ] } },
{ "type": "Feature", "properties": { "precipitation_mm": 0.0, "temperature_c": 24.767432768640731, "humidity_pct": 91.212317837734815, "cloud_cover_pct": 87.509216197560661, "wind_speed_ms": 8.1106742308874153, "forecast_datetime": "2026-10-03T23:00:00", "source": "BMKG ADM4 forecast points + IDW", "boundary": "SERPRO Carbon Project Zone", "interpretation": "Forecast surface clipped to project boundary; not direct station observation" }, "geometry": { "type": "Point", "coordinates": [ 112.617274118341427, -3.112799766303058 ] } },
{ "type": "Feature", "properties": { "precipitation_mm": 0.0, "temperature_c": 24.72022992291674, "humidity_pct": 91.388391148775511, "cloud_cover_pct": 87.537561480719688, "wind_speed_ms": 8.0667419465699446, "forecast_datetime": "2026-10-03T23:00:00", "source": "BMKG ADM4 forecast points + IDW", "boundary": "SERPRO Carbon Project Zone", "interpretation": "Forecast surface clipped to project boundary; not direct station observation" }, "geometry": { "type": "Point", "coordinates": [ 112.617260345470058, -3.103756347712625 ] } },
{ "type": "Feature", "properties": { "precipitation_mm": 0.0, "temperature_c": 24.674320955493812, "humidity_pct": 91.557765984777532, "cloud_cover_pct": 87.563761114890596, "wind_speed_ms": 8.023743192843126, "forecast_datetime": "2026-10-03T23:00:00", "source": "BMKG ADM4 forecast points + IDW", "boundary": "SERPRO Carbon Project Zone", "interpretation": "Forecast surface clipped to project boundary; not direct station observation" }, "geometry": { "type": "Point", "coordinates": [ 112.61724661286469, -3.09471292751144 ] } },
{ "type": "Feature", "properties": { "precipitation_mm": 0.0, "temperature_c": 24.631209859399437, "humidity_pct": 91.715573927139204, "cloud_cover_pct": 87.587382592934802, "wind_speed_ms": 7.9831799343006402, "forecast_datetime": "2026-10-03T23:00:00", "source": "BMKG ADM4 forecast points + IDW", "boundary": "SERPRO Carbon Project Zone", "interpretation": "Forecast surface clipped to project boundary; not direct station observation" }, "geometry": { "type": "Point", "coordinates": [ 112.617232920523634, -3.085669505704182 ] } },
{ "type": "Feature", "properties": { "precipitation_mm": 0.0, "temperature_c": 24.592155476164027, "humidity_pct": 91.85770920000337, "cloud_cover_pct": 87.607993969218811, "wind_speed_ms": 7.9463769850502439, "forecast_datetime": "2026-10-03T23:00:00", "source": "BMKG ADM4 forecast points + IDW", "boundary": "SERPRO Carbon Project Zone", "interpretation": "Forecast surface clipped to project boundary; not direct station observation" }, "geometry": { "type": "Point", "coordinates": [ 112.617219268445183, -3.076626082295527 ] } },
{ "type": "Feature", "properties": { "precipitation_mm": 0.0, "temperature_c": 24.558063655918488, "humidity_pct": 91.981226903916479, "cloud_cover_pct": 87.625246589062257, "wind_speed_ms": 7.9143535133365681, "forecast_datetime": "2026-10-03T23:00:00", "source": "BMKG ADM4 forecast points + IDW", "boundary": "SERPRO Carbon Project Zone", "interpretation": "Forecast surface clipped to project boundary; not direct station observation" }, "geometry": { "type": "Point", "coordinates": [ 112.617205656627689, -3.067582657290151 ] } },
{ "type": "Feature", "properties": { "precipitation_mm": 0.0, "temperature_c": 24.529436177326023, "humidity_pct": 92.084544628478227, "cloud_cover_pct": 87.638935375585206, "wind_speed_ms": 7.8877439691223641, "forecast_datetime": "2026-10-03T23:00:00", "source": "BMKG ADM4 forecast points + IDW", "boundary": "SERPRO Carbon Project Zone", "interpretation": "Forecast surface clipped to project boundary; not direct station observation" }, "geometry": { "type": "Point", "coordinates": [ 112.617192085069433, -3.058539230692733 ] } },
{ "type": "Feature", "properties": { "precipitation_mm": 0.0, "temperature_c": 24.506381238926227, "humidity_pct": 92.167425259777545, "cloud_cover_pct": 87.64902692972889, "wind_speed_ms": 7.8667824176191106, "forecast_datetime": "2026-10-03T23:00:00", "source": "BMKG ADM4 forecast points + IDW", "boundary": "SERPRO Carbon Project Zone", "interpretation": "Forecast surface clipped to project boundary; not direct station observation" }, "geometry": { "type": "Point", "coordinates": [ 112.617178553768753, -3.049495802507948 ] } },
{ "type": "Feature", "properties": { "precipitation_mm": 0.0, "temperature_c": 24.488674167456292, "humidity_pct": 92.230778277372195, "cloud_cover_pct": 87.655655444824433, "wind_speed_ms": 7.8513446136527163, "forecast_datetime": "2026-10-03T23:00:00", "source": "BMKG ADM4 forecast points + IDW", "boundary": "SERPRO Carbon Project Zone", "interpretation": "Forecast surface clipped to project boundary; not direct station observation" }, "geometry": { "type": "Point", "coordinates": [ 112.617165062723984, -3.040452372740474 ] } },
{ "type": "Feature", "properties": { "precipitation_mm": 0.0, "temperature_c": 24.475847344296199, "humidity_pct": 92.276352884675916, "cloud_cover_pct": 87.659094094747175, "wind_speed_ms": 7.8410287229061453, "forecast_datetime": "2026-10-03T23:00:00", "source": "BMKG ADM4 forecast points + IDW", "boundary": "SERPRO Carbon Project Zone", "interpretation": "Forecast surface clipped to project boundary; not direct station observation" }, "geometry": { "type": "Point", "coordinates": [ 112.617151611933451, -3.03140894139499 ] } },
{ "type": "Feature", "properties": { "precipitation_mm": 0.0, "temperature_c": 24.46728707250735, "humidity_pct": 92.306402192141405, "cloud_cover_pct": 87.659713103177367, "wind_speed_ms": 7.8352513585858574, "forecast_datetime": "2026-10-03T23:00:00", "source": "BMKG ADM4 forecast points + IDW", "boundary": "SERPRO Carbon Project Zone", "interpretation": "Forecast surface clipped to project boundary; not direct station observation" }, "geometry": { "type": "Point", "coordinates": [ 112.617138201395505, -3.022365508476171 ] } },
{ "type": "Feature", "properties": { "precipitation_mm": 0.0, "temperature_c": 24.462320168877898, "humidity_pct": 92.323380454882582, "cloud_cover_pct": 87.657935220682333, "wind_speed_ms": 7.8333390912209637, "forecast_datetime": "2026-10-03T23:00:00", "source": "BMKG ADM4 forecast points + IDW", "boundary": "SERPRO Carbon Project Zone", "interpretation": "Forecast surface clipped to project boundary; not direct station observation" }, "geometry": { "type": "Point", "coordinates": [ 112.617124831108484, -3.013322073988698 ] } },
{ "type": "Feature", "properties": { "precipitation_mm": 0.0, "temperature_c": 24.460280735586267, "humidity_pct": 92.329708365047196, "cloud_cover_pct": 87.654196348324575, "wind_speed_ms": 7.8346029862872992, "forecast_datetime": "2026-10-03T23:00:00", "source": "BMKG ADM4 forecast points + IDW", "boundary": "SERPRO Carbon Project Zone", "interpretation": "Forecast surface clipped to project boundary; not direct station observation" }, "geometry": { "type": "Point", "coordinates": [ 112.617111501070738, -3.004278637937246 ] } },
{ "type": "Feature", "properties": { "precipitation_mm": 0.0, "temperature_c": 24.460554621000487, "humidity_pct": 92.327616233981729, "cloud_cover_pct": 87.648915360062958, "wind_speed_ms": 7.8383913345372331, "forecast_datetime": "2026-10-03T23:00:00", "source": "BMKG ADM4 forecast points + IDW", "boundary": "SERPRO Carbon Project Zone", "interpretation": "Forecast surface clipped to project boundary; not direct station observation" }, "geometry": { "type": "Point", "coordinates": [ 112.61709821128062, -2.995235200326496 ] } },
{ "type": "Feature", "properties": { "precipitation_mm": 0.0, "temperature_c": 24.46260385681866, "humidity_pct": 92.319057663829298, "cloud_cover_pct": 87.642474068170259, "wind_speed_ms": 7.8441213793653146, "forecast_datetime": "2026-10-03T23:00:00", "source": "BMKG ADM4 forecast points + IDW", "boundary": "SERPRO Carbon Project Zone", "interpretation": "Forecast surface clipped to project boundary; not direct station observation" }, "geometry": { "type": "Point", "coordinates": [ 112.617084961736467, -2.986191761161124 ] } },
{ "type": "Feature", "properties": { "precipitation_mm": 0.0, "temperature_c": 24.465975650672384, "humidity_pct": 92.305677885886624, "cloud_cover_pct": 87.635206272152374, "wind_speed_ms": 7.8512939387409633, "forecast_datetime": "2026-10-03T23:00:00", "source": "BMKG ADM4 forecast points + IDW", "boundary": "SERPRO Carbon Project Zone", "interpretation": "Forecast surface clipped to project boundary; not direct station observation" }, "geometry": { "type": "Point", "coordinates": [ 112.617071752436686, -2.977148320445807 ] } },
{ "type": "Feature", "properties": { "precipitation_mm": 0.0, "temperature_c": 24.47030092387967, "humidity_pct": 92.288819261127898, "cloud_cover_pct": 87.627393895401724, "wind_speed_ms": 7.8594958032074071, "forecast_datetime": "2026-10-03T23:00:00", "source": "BMKG ADM4 forecast points + IDW", "boundary": "SERPRO Carbon Project Zone", "interpretation": "Forecast surface clipped to project boundary; not direct station observation" }, "geometry": { "type": "Point", "coordinates": [ 112.617058583379631, -2.968104878185228 ] } },
{ "type": "Feature", "properties": { "precipitation_mm": 0.0, "temperature_c": 24.475286720471043, "humidity_pct": 92.269548649372481, "cloud_cover_pct": 87.61926804463377, "wind_speed_ms": 7.8683944537258492, "forecast_datetime": "2026-10-03T23:00:00", "source": "BMKG ADM4 forecast points + IDW", "boundary": "SERPRO Carbon Project Zone", "interpretation": "Forecast surface clipped to project boundary; not direct station observation" }, "geometry": { "type": "Point", "coordinates": [ 112.617045454563652, -2.959061434384062 ] } },
{ "type": "Feature", "properties": { "precipitation_mm": 0.0, "temperature_c": 24.480705737862511, "humidity_pct": 92.248695096039739, "cloud_cover_pct": 87.61101308874909, "wind_speed_ms": 7.8777286995760223, "forecast_datetime": "2026-10-03T23:00:00", "source": "BMKG ADM4 forecast points + IDW", "boundary": "SERPRO Carbon Project Zone", "interpretation": "Forecast surface clipped to project boundary; not direct station observation" }, "geometry": { "type": "Point", "coordinates": [ 112.617032365987171, -2.950017989046989 ] } },
{ "type": "Feature", "properties": { "precipitation_mm": 0.0, "temperature_c": 25.097483366066474, "humidity_pct": 89.661763270464448, "cloud_cover_pct": 87.130320299405085, "wind_speed_ms": 8.574970669642239, "forecast_datetime": "2026-10-03T23:00:00", "source": "BMKG ADM4 forecast points + IDW", "boundary": "SERPRO Carbon Project Zone", "interpretation": "Forecast surface clipped to project boundary; not direct station observation" }, "geometry": { "type": "Point", "coordinates": [ 112.626454154293697, -3.23034962938249 ] } },
{ "type": "Feature", "properties": { "precipitation_mm": 0.0, "temperature_c": 25.088430557531602, "humidity_pct": 89.708868022070021, "cloud_cover_pct": 87.134422499998053, "wind_speed_ms": 8.5389167781891526, "forecast_datetime": "2026-10-03T23:00:00", "source": "BMKG ADM4 forecast points + IDW", "boundary": "SERPRO Carbon Project Zone", "interpretation": "Forecast surface clipped to project boundary; not direct station observation" }, "geometry": { "type": "Point", "coordinates": [ 112.626439778366731, -3.221306272635724 ] } },
{ "type": "Feature", "properties": { "precipitation_mm": 0.0, "temperature_c": 25.08257436749588, "humidity_pct": 89.747503887174688, "cloud_cover_pct": 87.146721575974311, "wind_speed_ms": 8.5228055420426934, "forecast_datetime": "2026-10-03T23:00:00", "source": "BMKG ADM4 forecast points + IDW", "boundary": "SERPRO Carbon Project Zone", "interpretation": "Forecast surface clipped to project boundary; not direct station observation" }, "geometry": { "type": "Point", "coordinates": [ 112.626425442952169, -3.212262914216744 ] } },
{ "type": "Feature", "properties": { "precipitation_mm": 0.0, "temperature_c": 25.077811847194752, "humidity_pct": 89.786657359147426, "cloud_cover_pct": 87.166970181925038, "wind_speed_ms": 8.5192004161343817, "forecast_datetime": "2026-10-03T23:00:00", "source": "BMKG ADM4 forecast points + IDW", "boundary": "SERPRO Carbon Project Zone", "interpretation": "Forecast surface clipped to project boundary; not direct station observation" }, "geometry": { "type": "Point", "coordinates": [ 112.626411148048177, -3.203219554130225 ] } },
{ "type": "Feature", "properties": { "precipitation_mm": 0.0, "temperature_c": 25.071624876883199, "humidity_pct": 89.835714541532383, "cloud_cover_pct": 87.193736507618624, "wind_speed_ms": 8.5191627148086368, "forecast_datetime": "2026-10-03T23:00:00", "source": "BMKG ADM4 forecast points + IDW", "boundary": "SERPRO Carbon Project Zone", "interpretation": "Forecast surface clipped to project boundary; not direct station observation" }, "geometry": { "type": "Point", "coordinates": [ 112.626396893653038, -3.194176192380841 ] } },
{ "type": "Feature", "properties": { "precipitation_mm": 0.0, "temperature_c": 25.061868478092467, "humidity_pct": 89.901436182332063, "cloud_cover_pct": 87.224978257894293, "wind_speed_ms": 8.5154802406458003, "forecast_datetime": "2026-10-03T23:00:00", "source": "BMKG ADM4 forecast points + IDW", "boundary": "SERPRO Carbon Project Zone", "interpretation": "Forecast surface clipped to project boundary; not direct station observation" }, "geometry": { "type": "Point", "coordinates": [ 112.626382679764973, -3.18513282897327 ] } },
{ "type": "Feature", "properties": { "precipitation_mm": 0.0, "temperature_c": 25.047157628198207, "humidity_pct": 89.987001200448958, "cloud_cover_pct": 87.258672078783434, "wind_speed_ms": 8.5040501083446447, "forecast_datetime": "2026-10-03T23:00:00", "source": "BMKG ADM4 forecast points + IDW", "boundary": "SERPRO Carbon Project Zone", "interpretation": "Forecast surface clipped to project boundary; not direct station observation" }, "geometry": { "type": "Point", "coordinates": [ 112.626368506382221, -3.176089463912192 ] } },
{ "type": "Feature", "properties": { "precipitation_mm": 0.0, "temperature_c": 25.026865003998463, "humidity_pct": 90.092664057915712, "cloud_cover_pct": 87.293215930523388, "wind_speed_ms": 8.4835691256521688, "forecast_datetime": "2026-10-03T23:00:00", "source": "BMKG ADM4 forecast points + IDW", "boundary": "SERPRO Carbon Project Zone", "interpretation": "Forecast surface clipped to project boundary; not direct station observation" }, "geometry": { "type": "Point", "coordinates": [ 112.626354373503048, -3.167046097202281 ] } },
{ "type": "Feature", "properties": { "precipitation_mm": 0.0, "temperature_c": 25.000939903688053, "humidity_pct": 90.216908157836613, "cloud_cover_pct": 87.327550581792707, "wind_speed_ms": 8.4545111790235374, "forecast_datetime": "2026-10-03T23:00:00", "source": "BMKG ADM4 forecast points + IDW", "boundary": "SERPRO Carbon Project Zone", "interpretation": "Forecast surface clipped to project boundary; not direct station observation" }, "geometry": { "type": "Point", "coordinates": [ 112.626340281125707, -3.158002728848216 ] } },
{ "type": "Feature", "properties": { "precipitation_mm": 0.0, "temperature_c": 24.969725562082168, "humidity_pct": 90.357335042955782, "cloud_cover_pct": 87.361087550926641, "wind_speed_ms": 8.4181777070356638, "forecast_datetime": "2026-10-03T23:00:00", "source": "BMKG ADM4 forecast points + IDW", "boundary": "SERPRO Carbon Project Zone", "interpretation": "Forecast surface clipped to project boundary; not direct station observation" }, "geometry": { "type": "Point", "coordinates": [ 112.626326229248434, -3.148959358854674 ] } },
{ "type": "Feature", "properties": { "precipitation_mm": 0.0, "temperature_c": 24.933844271676779, "humidity_pct": 90.511090596342342, "cloud_cover_pct": 87.39355371649556, "wind_speed_ms": 8.3761161211352384, "forecast_datetime": "2026-10-03T23:00:00", "source": "BMKG ADM4 forecast points + IDW", "boundary": "SERPRO Carbon Project Zone", "interpretation": "Forecast surface clipped to project boundary; not direct station observation" }, "geometry": { "type": "Point", "coordinates": [ 112.626312217869526, -3.139915987226332 ] } },
{ "type": "Feature", "properties": { "precipitation_mm": 0.0, "temperature_c": 24.894143527437887, "humidity_pct": 90.674954909053398, "cloud_cover_pct": 87.424829852892032, "wind_speed_ms": 8.3298744912056666, "forecast_datetime": "2026-10-03T23:00:00", "source": "BMKG ADM4 forecast points + IDW", "boundary": "SERPRO Carbon Project Zone", "interpretation": "Forecast surface clipped to project boundary; not direct station observation" }, "geometry": { "type": "Point", "coordinates": [ 112.626298246987233, -3.13087261396787 ] } },
{ "type": "Feature", "properties": { "precipitation_mm": 0.0, "temperature_c": 24.851668585344264, "humidity_pct": 90.845303019968227, "cloud_cover_pct": 87.454822522089131, "wind_speed_ms": 8.2809527824489191, "forecast_datetime": "2026-10-03T23:00:00", "source": "BMKG ADM4 forecast points + IDW", "boundary": "SERPRO Carbon Project Zone", "interpretation": "Forecast surface clipped to project boundary; not direct station observation" }, "geometry": { "type": "Point", "coordinates": [ 112.626284316599822, -3.121829239083963 ] } },
{ "type": "Feature", "properties": { "precipitation_mm": 0.0, "temperature_c": 24.807628604352079, "humidity_pct": 91.018100678159072, "cloud_cover_pct": 87.483383551159733, "wind_speed_ms": 8.2308233161748827, "forecast_datetime": "2026-10-03T23:00:00", "source": "BMKG ADM4 forecast points + IDW", "boundary": "SERPRO Carbon Project Zone", "interpretation": "Forecast surface clipped to project boundary; not direct station observation" }, "geometry": { "type": "Point", "coordinates": [ 112.626270426705602, -3.112785862579292 ] } },
{ "type": "Feature", "properties": { "precipitation_mm": 0.0, "temperature_c": 24.763337258490786, "humidity_pct": 91.189021338047667, "cloud_cover_pct": 87.510277690000478, "wind_speed_ms": 8.180942012967817, "forecast_datetime": "2026-10-03T23:00:00", "source": "BMKG ADM4 forecast points + IDW", "boundary": "SERPRO Carbon Project Zone", "interpretation": "Forecast surface clipped to project boundary; not direct station observation" }, "geometry": { "type": "Point", "coordinates": [ 112.626256577302826, -3.103742484458534 ] } },
{ "type": "Feature", "properties": { "precipitation_mm": 0.0, "temperature_c": 24.720124964399357, "humidity_pct": 91.353696156859499, "cloud_cover_pct": 87.535191607050294, "wind_speed_ms": 8.1327187925843525, "forecast_datetime": "2026-10-03T23:00:00", "source": "BMKG ADM4 forecast points + IDW", "boundary": "SERPRO Carbon Project Zone", "interpretation": "Forecast surface clipped to project boundary; not direct station observation" }, "geometry": { "type": "Point", "coordinates": [ 112.626242768389801, -3.094699104726367 ] } },
{ "type": "Feature", "properties": { "precipitation_mm": 0.0, "temperature_c": 24.67923391855722, "humidity_pct": 91.508051599167104, "cloud_cover_pct": 87.557772553603826, "wind_speed_ms": 8.0874491629935239, "forecast_datetime": "2026-10-03T23:00:00", "source": "BMKG ADM4 forecast points + IDW", "boundary": "SERPRO Carbon Project Zone", "interpretation": "Forecast surface clipped to project boundary; not direct station observation" }, "geometry": { "type": "Point", "coordinates": [ 112.626228999964823, -3.085655723387469 ] } },
{ "type": "Feature", "properties": { "precipitation_mm": 0.0, "temperature_c": 24.641715733022892, "humidity_pct": 91.648656785304354, "cloud_cover_pct": 87.577681981177861, "wind_speed_ms": 8.0462282161558196, "forecast_datetime": "2026-10-03T23:00:00", "source": "BMKG ADM4 forecast points + IDW", "boundary": "SERPRO Carbon Project Zone", "interpretation": "Forecast surface clipped to project boundary; not direct station observation" }, "geometry": { "type": "Point", "coordinates": [ 112.626215272026187, -3.076612340446522 ] } },
{ "type": "Feature", "properties": { "precipitation_mm": 0.0, "temperature_c": 24.608352567026987, "humidity_pct": 91.772999321671307, "cloud_cover_pct": 87.594648880554786, "wind_speed_ms": 8.0098740112621165, "forecast_datetime": "2026-10-03T23:00:00", "source": "BMKG ADM4 forecast points + IDW", "boundary": "SERPRO Carbon Project Zone", "interpretation": "Forecast surface clipped to project boundary; not direct station observation" }, "geometry": { "type": "Point", "coordinates": [ 112.6262015845722, -3.067568955908201 ] } },
{ "type": "Feature", "properties": { "precipitation_mm": 0.0, "temperature_c": 24.579616525301137, "humidity_pct": 91.879631601558941, "cloud_cover_pct": 87.608510273967084, "wind_speed_ms": 7.9788821679090427, "forecast_datetime": "2026-10-03T23:00:00", "source": "BMKG ADM4 forecast points + IDW", "boundary": "SERPRO Carbon Project Zone", "interpretation": "Forecast surface clipped to project boundary; not direct station observation" }, "geometry": { "type": "Point", "coordinates": [ 112.626187937601173, -3.058525569777187 ] } },
{ "type": "Feature", "properties": { "precipitation_mm": 0.0, "temperature_c": 24.555671634636216, "humidity_pct": 91.968168424962386, "cloud_cover_pct": 87.619231583636136, "wind_speed_ms": 7.953421817398949, "forecast_datetime": "2026-10-03T23:00:00", "source": "BMKG ADM4 forecast points + IDW", "boundary": "SERPRO Carbon Project Zone", "interpretation": "Forecast surface clipped to project boundary; not direct station observation" }, "geometry": { "type": "Point", "coordinates": [ 112.626174331111415, -3.049482182058159 ] } },
{ "type": "Feature", "properties": { "precipitation_mm": 0.0, "temperature_c": 24.536412235749228, "humidity_pct": 92.039155554231485, "cloud_cover_pct": 87.62690579506247, "wind_speed_ms": 7.9333703542567582, "forecast_datetime": "2026-10-03T23:00:00", "source": "BMKG ADM4 forecast points + IDW", "boundary": "SERPRO Carbon Project Zone", "interpretation": "Forecast surface clipped to project boundary; not direct station observation" }, "geometry": { "type": "Point", "coordinates": [ 112.626160765101261, -3.040438792755796 ] } },
{ "type": "Feature", "properties": { "precipitation_mm": 0.0, "temperature_c": 24.521524765221852, "humidity_pct": 92.093854420881328, "cloud_cover_pct": 87.63173543600908, "wind_speed_ms": 7.9183752770649685, "forecast_datetime": "2026-10-03T23:00:00", "source": "BMKG ADM4 forecast points + IDW", "boundary": "SERPRO Carbon Project Zone", "interpretation": "Forecast surface clipped to project boundary; not direct station observation" }, "geometry": { "type": "Point", "coordinates": [ 112.626147239569008, -3.031395401874777 ] } },
{ "type": "Feature", "properties": { "precipitation_mm": 0.0, "temperature_c": 24.510558080944666, "humidity_pct": 92.133995475086181, "cloud_cover_pct": 87.63400413431161, "wind_speed_ms": 7.9079278826395063, "forecast_datetime": "2026-10-03T23:00:00", "source": "BMKG ADM4 forecast points + IDW", "boundary": "SERPRO Carbon Project Zone", "interpretation": "Forecast surface clipped to project boundary; not direct station observation" }, "geometry": { "type": "Point", "coordinates": [ 112.62613375451302, -3.022352009419784 ] } },
{ "type": "Feature", "properties": { "precipitation_mm": 0.0, "temperature_c": 24.50298986925905, "humidity_pct": 92.161544616856403, "cloud_cover_pct": 87.634044774830855, "wind_speed_ms": 7.9014350884278093, "forecast_datetime": "2026-10-03T23:00:00", "source": "BMKG ADM4 forecast points + IDW", "boundary": "SERPRO Carbon Project Zone", "interpretation": "Forecast surface clipped to project boundary; not direct station observation" }, "geometry": { "type": "Point", "coordinates": [ 112.626120309931594, -3.013308615395493 ] } },
{ "type": "Feature", "properties": { "precipitation_mm": 0.0, "temperature_c": 24.498281216908556, "humidity_pct": 92.178511134123696, "cloud_cover_pct": 87.632209795274505, "wind_speed_ms": 7.8982800560024531, "forecast_datetime": "2026-10-03T23:00:00", "source": "BMKG ADM4 forecast points + IDW", "boundary": "SERPRO Carbon Project Zone", "interpretation": "Forecast surface clipped to project boundary; not direct station observation" }, "geometry": { "type": "Point", "coordinates": [ 112.626106905823121, -3.004265219806586 ] } },
{ "type": "Feature", "properties": { "precipitation_mm": 0.0, "temperature_c": 24.495916120200658, "humidity_pct": 92.186808880777704, "cloud_cover_pct": 87.628846973701727, "wind_speed_ms": 7.8978672778915779, "forecast_datetime": "2026-10-03T23:00:00", "source": "BMKG ADM4 forecast points + IDW", "boundary": "SERPRO Carbon Project Zone", "interpretation": "Forecast surface clipped to project boundary; not direct station observation" }, "geometry": { "type": "Point", "coordinates": [ 112.626093542185899, -2.995221822657743 ] } },
{ "type": "Feature", "properties": { "precipitation_mm": 0.0, "temperature_c": 24.495426283850264, "humidity_pct": 92.188169612920234, "cloud_cover_pct": 87.624281999123625, "wind_speed_ms": 7.8996518300902538, "forecast_datetime": "2026-10-03T23:00:00", "source": "BMKG ADM4 forecast points + IDW", "boundary": "SERPRO Carbon Project Zone", "interpretation": "Forecast surface clipped to project boundary; not direct station observation" }, "geometry": { "type": "Point", "coordinates": [ 112.626080219018306, -2.986178423953644 ] } },
{ "type": "Feature", "properties": { "precipitation_mm": 0.0, "temperature_c": 24.496403640986262, "humidity_pct": 92.184099920386487, "cloud_cover_pct": 87.618807618118481, "wind_speed_ms": 7.903154994461441, "forecast_datetime": "2026-10-03T23:00:00", "source": "BMKG ADM4 forecast points + IDW", "boundary": "SERPRO Carbon Project Zone", "interpretation": "Forecast surface clipped to project boundary; not direct station observation" }, "geometry": { "type": "Point", "coordinates": [ 112.626066936318679, -2.97713502369897 ] } },
{ "type": "Feature", "properties": { "precipitation_mm": 0.0, "temperature_c": 24.498503797799639, "humidity_pct": 92.175870381402063, "cloud_cover_pct": 87.612678302341223, "wind_speed_ms": 7.9079695234026293, "forecast_datetime": "2026-10-03T23:00:00", "source": "BMKG ADM4 forecast points + IDW", "boundary": "SERPRO Carbon Project Zone", "interpretation": "Forecast surface clipped to project boundary; not direct station observation" }, "geometry": { "type": "Point", "coordinates": [ 112.626053694085385, -2.968091621898399 ] } },
{ "type": "Feature", "properties": { "precipitation_mm": 0.0, "temperature_c": 24.501443504982308, "humidity_pct": 92.164525894041233, "cloud_cover_pct": 87.606109067048308, "wind_speed_ms": 7.9137578770591226, "forecast_datetime": "2026-10-03T23:00:00", "source": "BMKG ADM4 forecast points + IDW", "boundary": "SERPRO Carbon Project Zone", "interpretation": "Forecast surface clipped to project boundary; not direct station observation" }, "geometry": { "type": "Point", "coordinates": [ 112.62604049231679, -2.959048218556615 ] } },
{ "type": "Feature", "properties": { "precipitation_mm": 0.0, "temperature_c": 24.504994711924162, "humidity_pct": 92.150908069044235, "cloud_cover_pct": 87.59927710410858, "wind_speed_ms": 7.9202462694013622, "forecast_datetime": "2026-10-03T23:00:00", "source": "BMKG ADM4 forecast points + IDW", "boundary": "SERPRO Carbon Project Zone", "interpretation": "Forecast surface clipped to project boundary; not direct station observation" }, "geometry": { "type": "Point", "coordinates": [ 112.626027331011272, -2.950004813678295 ] } },
{ "type": "Feature", "properties": { "precipitation_mm": 0.0, "temperature_c": 25.153214006971137, "humidity_pct": 89.393353313616629, "cloud_cover_pct": 87.150870979017895, "wind_speed_ms": 8.8618798858133676, "forecast_datetime": "2026-10-03T23:00:00", "source": "BMKG ADM4 forecast points + IDW", "boundary": "SERPRO Carbon Project Zone", "interpretation": "Forecast surface clipped to project boundary; not direct station observation" }, "geometry": { "type": "Point", "coordinates": [ 112.635436982050734, -3.221291803488771 ] } },
{ "type": "Feature", "properties": { "precipitation_mm": 0.0, "temperature_c": 25.142276056860098, "humidity_pct": 89.454609929675229, "cloud_cover_pct": 87.161921583509425, "wind_speed_ms": 8.8248044464885123, "forecast_datetime": "2026-10-03T23:00:00", "source": "BMKG ADM4 forecast points + IDW", "boundary": "SERPRO Carbon Project Zone", "interpretation": "Forecast surface clipped to project boundary; not direct station observation" }, "geometry": { "type": "Point", "coordinates": [ 112.635422567420861, -3.212248485771806 ] } },
{ "type": "Feature", "properties": { "precipitation_mm": 0.0, "temperature_c": 25.132040710693172, "humidity_pct": 89.515666982212352, "cloud_cover_pct": 87.178643635172875, "wind_speed_ms": 8.798189545078273, "forecast_datetime": "2026-10-03T23:00:00", "source": "BMKG ADM4 forecast points + IDW", "boundary": "SERPRO Carbon Project Zone", "interpretation": "Forecast surface clipped to project boundary; not direct station observation" }, "geometry": { "type": "Point", "coordinates": [ 112.63540819352545, -3.203205166386616 ] } },
{ "type": "Feature", "properties": { "precipitation_mm": 0.0, "temperature_c": 25.120637860054934, "humidity_pct": 89.583960365147846, "cloud_cover_pct": 87.200352634388338, "wind_speed_ms": 8.7753914466492446, "forecast_datetime": "2026-10-03T23:00:00", "source": "BMKG ADM4 forecast points + IDW", "boundary": "SERPRO Carbon Project Zone", "interpretation": "Forecast surface clipped to project boundary; not direct station observation" }, "geometry": { "type": "Point", "coordinates": [ 112.635393860362711, -3.19416184533788 ] } },
{ "type": "Feature", "properties": { "precipitation_mm": 0.0, "temperature_c": 25.106371896787326, "humidity_pct": 89.665527518998502, "cloud_cover_pct": 87.225936302017573, "wind_speed_ms": 8.7505531605103126, "forecast_datetime": "2026-10-03T23:00:00", "source": "BMKG ADM4 forecast points + IDW", "boundary": "SERPRO Carbon Project Zone", "interpretation": "Forecast surface clipped to project boundary; not direct station observation" }, "geometry": { "type": "Point", "coordinates": [ 112.635379567930883, -3.185118522630277 ] } },
{ "type": "Feature", "properties": { "precipitation_mm": 0.0, "temperature_c": 25.088082026972781, "humidity_pct": 89.763708336240967, "cloud_cover_pct": 87.254159701874471, "wind_speed_ms": 8.7200193221230489, "forecast_datetime": "2026-10-03T23:00:00", "source": "BMKG ADM4 forecast points + IDW", "boundary": "SERPRO Carbon Project Zone", "interpretation": "Forecast surface clipped to project boundary; not direct station observation" }, "geometry": { "type": "Point", "coordinates": [ 112.635365316228217, -3.176075198268486 ] } },
{ "type": "Feature", "properties": { "precipitation_mm": 0.0, "temperature_c": 25.065203045306564, "humidity_pct": 89.879249063595893, "cloud_cover_pct": 87.283904351456115, "wind_speed_ms": 8.682397924967276, "forecast_datetime": "2026-10-03T23:00:00", "source": "BMKG ADM4 forecast points + IDW", "boundary": "SERPRO Carbon Project Zone", "interpretation": "Forecast surface clipped to project boundary; not direct station observation" }, "geometry": { "type": "Point", "coordinates": [ 112.635351105252923, -3.167031872257186 ] } },
{ "type": "Feature", "properties": { "precipitation_mm": 0.0, "temperature_c": 25.037662518892986, "humidity_pct": 90.011056218446541, "cloud_cover_pct": 87.314288558092642, "wind_speed_ms": 8.6379155003923209, "forecast_datetime": "2026-10-03T23:00:00", "source": "BMKG ADM4 forecast points + IDW", "boundary": "SERPRO Carbon Project Zone", "interpretation": "Forecast surface clipped to project boundary; not direct station observation" }, "geometry": { "type": "Point", "coordinates": [ 112.635336935003252, -3.157988544601057 ] } },
{ "type": "Feature", "properties": { "precipitation_mm": 0.0, "temperature_c": 25.005746592081007, "humidity_pct": 90.156954925746476, "cloud_cover_pct": 87.344682418484638, "wind_speed_ms": 8.5876797840447168, "forecast_datetime": "2026-10-03T23:00:00", "source": "BMKG ADM4 forecast points + IDW", "boundary": "SERPRO Carbon Project Zone", "interpretation": "Forecast surface clipped to project boundary; not direct station observation" }, "geometry": { "type": "Point", "coordinates": [ 112.635322805477472, -3.148945215304777 ] } },
{ "type": "Feature", "properties": { "precipitation_mm": 0.0, "temperature_c": 24.969998616383901, "humidity_pct": 90.314179349216488, "cloud_cover_pct": 87.374657643223571, "wind_speed_ms": 8.5331471969686046, "forecast_datetime": "2026-10-03T23:00:00", "source": "BMKG ADM4 forecast points + IDW", "boundary": "SERPRO Carbon Project Zone", "interpretation": "Forecast surface clipped to project boundary; not direct station observation" }, "geometry": { "type": "Point", "coordinates": [ 112.635308716673833, -3.139901884373027 ] } },
{ "type": "Feature", "properties": { "precipitation_mm": 0.0, "temperature_c": 24.931158349152319, "humidity_pct": 90.479600817270835, "cloud_cover_pct": 87.403911889936253, "wind_speed_ms": 8.4758367893857454, "forecast_datetime": "2026-10-03T23:00:00", "source": "BMKG ADM4 forecast points + IDW", "boundary": "SERPRO Carbon Project Zone", "interpretation": "Forecast surface clipped to project boundary; not direct station observation" }, "geometry": { "type": "Point", "coordinates": [ 112.635294668590561, -3.130858551810487 ] } },
{ "type": "Feature", "properties": { "precipitation_mm": 0.0, "temperature_c": 24.890123612023618, "humidity_pct": 90.649811141585019, "cloud_cover_pct": 87.432196247569962, "wind_speed_ms": 8.4172181189419515, "forecast_datetime": "2026-10-03T23:00:00", "source": "BMKG ADM4 forecast points + IDW", "boundary": "SERPRO Carbon Project Zone", "interpretation": "Forecast surface clipped to project boundary; not direct station observation" }, "geometry": { "type": "Point", "coordinates": [ 112.635280661225977, -3.121815217621835 ] } },
{ "type": "Feature", "properties": { "precipitation_mm": 0.0, "temperature_c": 24.847912872172451, "humidity_pct": 90.821180792789875, "cloud_cover_pct": 87.459262473066957, "wind_speed_ms": 8.3586836504106721, "forecast_datetime": "2026-10-03T23:00:00", "source": "BMKG ADM4 forecast points + IDW", "boundary": "SERPRO Carbon Project Zone", "interpretation": "Forecast surface clipped to project boundary; not direct station observation" }, "geometry": { "type": "Point", "coordinates": [ 112.635266694578306, -3.112771881811753 ] } },
{ "type": "Feature", "properties": { "precipitation_mm": 0.0, "temperature_c": 24.805614703634951, "humidity_pct": 90.989967365092809, "cloud_cover_pct": 87.484836794312869, "wind_speed_ms": 8.3015406870813582, "forecast_datetime": "2026-10-03T23:00:00", "source": "BMKG ADM4 forecast points + IDW", "boundary": "SERPRO Carbon Project Zone", "interpretation": "Forecast surface clipped to project boundary; not direct station observation" }, "geometry": { "type": "Point", "coordinates": [ 112.635252768645856, -3.103728544384921 ] } },
{ "type": "Feature", "properties": { "precipitation_mm": 0.0, "temperature_c": 24.764320865429692, "humidity_pct": 91.152496862852331, "cloud_cover_pct": 87.50861978780668, "wind_speed_ms": 8.2469901823425378, "forecast_datetime": "2026-10-03T23:00:00", "source": "BMKG ADM4 forecast points + IDW", "boundary": "SERPRO Carbon Project Zone", "interpretation": "Forecast surface clipped to project boundary; not direct station observation" }, "geometry": { "type": "Point", "coordinates": [ 112.635238883426879, -3.094685205346018 ] } },
{ "type": "Feature", "properties": { "precipitation_mm": 0.0, "temperature_c": 24.725049445643819, "humidity_pct": 91.305396791679499, "cloud_cover_pct": 87.53030659980152, "wind_speed_ms": 8.1960860681356937, "forecast_datetime": "2026-10-03T23:00:00", "source": "BMKG ADM4 forecast points + IDW", "boundary": "SERPRO Carbon Project Zone", "interpretation": "Forecast surface clipped to project boundary; not direct station observation" }, "geometry": { "type": "Point", "coordinates": [ 112.635225038919671, -3.085641864699726 ] } },
{ "type": "Feature", "properties": { "precipitation_mm": 0.0, "temperature_c": 24.688670564393131, "humidity_pct": 91.44583419326986, "cloud_cover_pct": 87.549618552177208, "wind_speed_ms": 8.149684907857484, "forecast_datetime": "2026-10-03T23:00:00", "source": "BMKG ADM4 forecast points + IDW", "boundary": "SERPRO Carbon Project Zone", "interpretation": "Forecast surface clipped to project boundary; not direct station observation" }, "geometry": { "type": "Point", "coordinates": [ 112.63521123512254, -3.076598522450725 ] } },
{ "type": "Feature", "properties": { "precipitation_mm": 0.0, "temperature_c": 24.65584821325546, "humidity_pct": 91.571706555015624, "cloud_cover_pct": 87.56633622655707, "wind_speed_ms": 8.1084017481283759, "forecast_datetime": "2026-10-03T23:00:00", "source": "BMKG ADM4 forecast points + IDW", "boundary": "SERPRO Carbon Project Zone", "interpretation": "Forecast surface clipped to project boundary; not direct station observation" }, "geometry": { "type": "Point", "coordinates": [ 112.635197472033767, -3.067555178603696 ] } },
{ "type": "Feature", "properties": { "precipitation_mm": 0.0, "temperature_c": 24.627008204900552, "humidity_pct": 91.681746583688295, "cloud_cover_pct": 87.580325518714275, "wind_speed_ms": 8.0725859992279929, "forecast_datetime": "2026-10-03T23:00:00", "source": "BMKG ADM4 forecast points + IDW", "boundary": "SERPRO Carbon Project Zone", "interpretation": "Forecast surface clipped to project boundary; not direct station observation" }, "geometry": { "type": "Point", "coordinates": [ 112.635183749651645, -3.05851183316332 ] } },
{ "type": "Feature", "properties": { "precipitation_mm": 0.0, "temperature_c": 24.602335724456562, "humidity_pct": 91.775525767554839, "cloud_cover_pct": 87.591551354829306, "wind_speed_ms": 8.0423242913134505, "forecast_datetime": "2026-10-03T23:00:00", "source": "BMKG ADM4 forecast points + IDW", "boundary": "SERPRO Carbon Project Zone", "interpretation": "Forecast surface clipped to project boundary; not direct station observation" }, "geometry": { "type": "Point", "coordinates": [ 112.635170067974485, -3.049468486134278 ] } },
{ "type": "Feature", "properties": { "precipitation_mm": 0.0, "temperature_c": 24.581799216229641, "humidity_pct": 91.853366644835788, "cloud_cover_pct": 87.600077654732758, "wind_speed_ms": 8.0174692507443801, "forecast_datetime": "2026-10-03T23:00:00", "source": "BMKG ADM4 forecast points + IDW", "boundary": "SERPRO Carbon Project Zone", "interpretation": "Forecast surface clipped to project boundary; not direct station observation" }, "geometry": { "type": "Point", "coordinates": [ 112.635156427000609, -3.040425137521251 ] } },
{ "type": "Feature", "properties": { "precipitation_mm": 0.0, "temperature_c": 24.565192553203577, "humidity_pct": 91.91619147845887, "cloud_cover_pct": 87.606055499620183, "wind_speed_ms": 7.9976870386203878, "forecast_datetime": "2026-10-03T23:00:00", "source": "BMKG ADM4 forecast points + IDW", "boundary": "SERPRO Carbon Project Zone", "interpretation": "Forecast surface clipped to project boundary; not direct station observation" }, "geometry": { "type": "Point", "coordinates": [ 112.635142826728313, -3.031381787328921 ] } },
{ "type": "Feature", "properties": { "precipitation_mm": 0.0, "temperature_c": 24.552185665609937, "humidity_pct": 91.965341816393988, "cloud_cover_pct": 87.609703496892337, "wind_speed_ms": 7.982513767227343, "forecast_datetime": "2026-10-03T23:00:00", "source": "BMKG ADM4 forecast points + IDW", "boundary": "SERPRO Carbon Project Zone", "interpretation": "Forecast surface clipped to project boundary; not direct station observation" }, "geometry": { "type": "Point", "coordinates": [ 112.635129267155932, -3.022338435561969 ] } },
{ "type": "Feature", "properties": { "precipitation_mm": 0.0, "temperature_c": 24.542374771717139, "humidity_pct": 92.002400215435841, "cloud_cover_pct": 87.611284852464749, "wind_speed_ms": 7.9714114102315889, "forecast_datetime": "2026-10-03T23:00:00", "source": "BMKG ADM4 forecast points + IDW", "boundary": "SERPRO Carbon Project Zone", "interpretation": "Forecast surface clipped to project boundary; not direct station observation" }, "geometry": { "type": "Point", "coordinates": [ 112.635115748281805, -3.013295082225076 ] } },
{ "type": "Feature", "properties": { "precipitation_mm": 0.0, "temperature_c": 24.535325966158062, "humidity_pct": 92.029036195317133, "cloud_cover_pct": 87.611085007502822, "wind_speed_ms": 7.9638163749853668, "forecast_datetime": "2026-10-03T23:00:00", "source": "BMKG ADM4 forecast points + IDW", "boundary": "SERPRO Carbon Project Zone", "interpretation": "Forecast surface clipped to project boundary; not direct station observation" }, "geometry": { "type": "Point", "coordinates": [ 112.635102270104227, -3.004251727322926 ] } },
{ "type": "Feature", "properties": { "precipitation_mm": 0.0, "temperature_c": 24.530608953261826, "humidity_pct": 92.046887711141125, "cloud_cover_pct": 87.609392446806723, "wind_speed_ms": 7.9591771141424825, "forecast_datetime": "2026-10-03T23:00:00", "source": "BMKG ADM4 forecast points + IDW", "boundary": "SERPRO Carbon Project Zone", "interpretation": "Forecast surface clipped to project boundary; not direct station observation" }, "geometry": { "type": "Point", "coordinates": [ 112.635088832621562, -2.9952083708602 ] } },
{ "type": "Feature", "properties": { "precipitation_mm": 0.0, "temperature_c": 24.52782028260561, "humidity_pct": 92.057480281016396, "cloud_cover_pct": 87.606483963508396, "wind_speed_ms": 7.956979973551169, "forecast_datetime": "2026-10-03T23:00:00", "source": "BMKG ADM4 forecast points + IDW", "boundary": "SERPRO Carbon Project Zone", "interpretation": "Forecast surface clipped to project boundary; not direct station observation" }, "geometry": { "type": "Point", "coordinates": [ 112.63507543583215, -2.986165012841578 ] } },
{ "type": "Feature", "properties": { "precipitation_mm": 0.0, "temperature_c": 24.52659715634703, "humidity_pct": 92.062179815026496, "cloud_cover_pct": 87.602614596641743, "wind_speed_ms": 7.9567644024313484, "forecast_datetime": "2026-10-03T23:00:00", "source": "BMKG ADM4 forecast points + IDW", "boundary": "SERPRO Carbon Project Zone", "interpretation": "Forecast surface clipped to project boundary; not direct station observation" }, "geometry": { "type": "Point", "coordinates": [ 112.635062079734325, -2.977121653271745 ] } },
{ "type": "Feature", "properties": { "precipitation_mm": 0.0, "temperature_c": 24.526623728953808, "humidity_pct": 92.062172181129654, "cloud_cover_pct": 87.598011764830389, "wind_speed_ms": 7.9581296412762992, "forecast_datetime": "2026-10-03T23:00:00", "source": "BMKG ADM4 forecast points + IDW", "boundary": "SERPRO Carbon Project Zone", "interpretation": "Forecast surface clipped to project boundary; not direct station observation" }, "geometry": { "type": "Point", "coordinates": [ 112.635048764326456, -2.968078292155382 ] } },
{ "type": "Feature", "properties": { "precipitation_mm": 0.0, "temperature_c": 24.527632014830793, "humidity_pct": 92.058461878812892, "cloud_cover_pct": 87.592872777164317, "wind_speed_ms": 7.9607352566172516, "forecast_datetime": "2026-10-03T23:00:00", "source": "BMKG ADM4 forecast points + IDW", "boundary": "SERPRO Carbon Project Zone", "interpretation": "Forecast surface clipped to project boundary; not direct station observation" }, "geometry": { "type": "Point", "coordinates": [ 112.635035489606864, -2.959034929497173 ] } },
{ "type": "Feature", "properties": { "precipitation_mm": 0.0, "temperature_c": 24.529399315143259, "humidity_pct": 92.051882950199186, "cloud_cover_pct": 87.587364820101399, "wind_speed_ms": 7.9642976869894984, "forecast_datetime": "2026-10-03T23:00:00", "source": "BMKG ADM4 forecast points + IDW", "boundary": "SERPRO Carbon Project Zone", "interpretation": "Forecast surface clipped to project boundary; not direct station observation" }, "geometry": { "type": "Point", "coordinates": [ 112.635022255573944, -2.949991565301798 ] } },
{ "type": "Feature", "properties": { "precipitation_mm": 0.0, "temperature_c": 24.531743689871714, "humidity_pct": 92.043116659077782, "cloud_cover_pct": 87.581626594743597, "wind_speed_ms": 7.9685845439583618, "forecast_datetime": "2026-10-03T23:00:00", "source": "BMKG ADM4 forecast points + IDW", "boundary": "SERPRO Carbon Project Zone", "interpretation": "Forecast surface clipped to project boundary; not direct station observation" }, "geometry": { "type": "Point", "coordinates": [ 112.635009062226047, -2.940948199573941 ] } },
{ "type": "Feature", "properties": { "precipitation_mm": 0.0, "temperature_c": 24.534518582060272, "humidity_pct": 92.032711983693972, "cloud_cover_pct": 87.575770928493128, "wind_speed_ms": 7.9734079437447773, "forecast_datetime": "2026-10-03T23:00:00", "source": "BMKG ADM4 forecast points + IDW", "boundary": "SERPRO Carbon Project Zone", "interpretation": "Forecast surface clipped to project boundary; not direct station observation" }, "geometry": { "type": "Point", "coordinates": [ 112.634995909561567, -2.931904832318287 ] } },
{ "type": "Feature", "properties": { "precipitation_mm": 0.0, "temperature_c": 24.53760732884508, "humidity_pct": 92.021106311602693, "cloud_cover_pct": 87.569887852595272, "wind_speed_ms": 7.9786177229558719, "forecast_datetime": "2026-10-03T23:00:00", "source": "BMKG ADM4 forecast points + IDW", "boundary": "SERPRO Carbon Project Zone", "interpretation": "Forecast surface clipped to project boundary; not direct station observation" }, "geometry": { "type": "Point", "coordinates": [ 112.634982797578843, -2.922861463539517 ] } },
{ "type": "Feature", "properties": { "precipitation_mm": 0.0, "temperature_c": 25.239467232391959, "humidity_pct": 88.957440487734132, "cloud_cover_pct": 87.15557591466488, "wind_speed_ms": 9.2805614246196502, "forecast_datetime": "2026-10-03T23:00:00", "source": "BMKG ADM4 forecast points + IDW", "boundary": "SERPRO Carbon Project Zone", "interpretation": "Forecast surface clipped to project boundary; not direct station observation" }, "geometry": { "type": "Point", "coordinates": [ 112.644434144998485, -3.22127725460853 ] } },
{ "type": "Feature", "properties": { "precipitation_mm": 0.0, "temperature_c": 25.221734836431274, "humidity_pct": 89.05142422019685, "cloud_cover_pct": 87.166286063443664, "wind_speed_ms": 9.2138989371717841, "forecast_datetime": "2026-10-03T23:00:00", "source": "BMKG ADM4 forecast points + IDW", "boundary": "SERPRO Carbon Project Zone", "interpretation": "Forecast surface clipped to project boundary; not direct station observation" }, "geometry": { "type": "Point", "coordinates": [ 112.644419651155118, -3.212233977817871 ] } },
{ "type": "Feature", "properties": { "precipitation_mm": 0.0, "temperature_c": 25.203759147569851, "humidity_pct": 89.148406663803343, "cloud_cover_pct": 87.181210991981544, "wind_speed_ms": 9.1528262652224726, "forecast_datetime": "2026-10-03T23:00:00", "source": "BMKG ADM4 forecast points + IDW", "boundary": "SERPRO Carbon Project Zone", "interpretation": "Forecast surface clipped to project boundary; not direct station observation" }, "geometry": { "type": "Point", "coordinates": [ 112.64440519827005, -3.203190699358299 ] } },
{ "type": "Feature", "properties": { "precipitation_mm": 0.0, "temperature_c": 25.1846309056357, "humidity_pct": 89.25170821472561, "cloud_cover_pct": 87.200036269831031, "wind_speed_ms": 9.0946958822977741, "forecast_datetime": "2026-10-03T23:00:00", "source": "BMKG ADM4 forecast points + IDW", "boundary": "SERPRO Carbon Project Zone", "interpretation": "Forecast surface clipped to project boundary; not direct station observation" }, "geometry": { "type": "Point", "coordinates": [ 112.644390786341489, -3.194147419234494 ] } },
{ "type": "Feature", "properties": { "precipitation_mm": 0.0, "temperature_c": 25.163357743769335, "humidity_pct": 89.364714709953674, "cloud_cover_pct": 87.222161220489738, "wind_speed_ms": 9.0364573245485378, "forecast_datetime": "2026-10-03T23:00:00", "source": "BMKG ADM4 forecast points + IDW", "boundary": "SERPRO Carbon Project Zone", "interpretation": "Forecast surface clipped to project boundary; not direct station observation" }, "geometry": { "type": "Point", "coordinates": [ 112.644376415367674, -3.185104137451137 ] } },
{ "type": "Feature", "properties": { "precipitation_mm": 0.0, "temperature_c": 25.139171996032161, "humidity_pct": 89.489590686767798, "cloud_cover_pct": 87.24682865515166, "wind_speed_ms": 8.9758975001003201, "forecast_datetime": "2026-10-03T23:00:00", "source": "BMKG ADM4 forecast points + IDW", "boundary": "SERPRO Carbon Project Zone", "interpretation": "Forecast surface clipped to project boundary; not direct station observation" }, "geometry": { "type": "Point", "coordinates": [ 112.644362085346813, -3.176060854012909 ] } },
{ "type": "Feature", "properties": { "precipitation_mm": 0.0, "temperature_c": 25.111653257437794, "humidity_pct": 89.626920881341704, "cloud_cover_pct": 87.273257823137499, "wind_speed_ms": 8.9120338639775039, "forecast_datetime": "2026-10-03T23:00:00", "source": "BMKG ADM4 forecast points + IDW", "boundary": "SERPRO Carbon Project Zone", "interpretation": "Forecast surface clipped to project boundary; not direct station observation" }, "geometry": { "type": "Point", "coordinates": [ 112.64434779627716, -3.167017568924491 ] } },
{ "type": "Feature", "properties": { "precipitation_mm": 0.0, "temperature_c": 25.08071982485048, "humidity_pct": 89.775949177811455, "cloud_cover_pct": 87.3007395653256, "wind_speed_ms": 8.8449297730362968, "forecast_datetime": "2026-10-03T23:00:00", "source": "BMKG ADM4 forecast points + IDW", "boundary": "SERPRO Carbon Project Zone", "interpretation": "Forecast surface clipped to project boundary; not direct station observation" }, "geometry": { "type": "Point", "coordinates": [ 112.644333548156936, -3.157974282190565 ] } },
{ "type": "Feature", "properties": { "precipitation_mm": 0.0, "temperature_c": 25.046568603016141, "humidity_pct": 89.934994882659865, "cloud_cover_pct": 87.328680592838907, "wind_speed_ms": 8.7753113953020101, "forecast_datetime": "2026-10-03T23:00:00", "source": "BMKG ADM4 forecast points + IDW", "boundary": "SERPRO Carbon Project Zone", "interpretation": "Forecast surface clipped to project boundary; not direct station observation" }, "geometry": { "type": "Point", "coordinates": [ 112.644319340984381, -3.148930993815812 ] } },
{ "type": "Feature", "properties": { "precipitation_mm": 0.0, "temperature_c": 25.009613759623122, "humidity_pct": 90.101799792123742, "cloud_cover_pct": 87.356604417732157, "wind_speed_ms": 8.7042260529313005, "forecast_datetime": "2026-10-03T23:00:00", "source": "BMKG ADM4 forecast points + IDW", "boundary": "SERPRO Carbon Project Zone", "interpretation": "Forecast surface clipped to project boundary; not direct station observation" }, "geometry": { "type": "Point", "coordinates": [ 112.644305174757733, -3.139887703804914 ] } },
{ "type": "Feature", "properties": { "precipitation_mm": 0.0, "temperature_c": 24.970440042064709, "humidity_pct": 90.273742728249289, "cloud_cover_pct": 87.384125763995314, "wind_speed_ms": 8.6328221241261591, "forecast_datetime": "2026-10-03T23:00:00", "source": "BMKG ADM4 forecast points + IDW", "boundary": "SERPRO Carbon Project Zone", "interpretation": "Forecast surface clipped to project boundary; not direct station observation" }, "geometry": { "type": "Point", "coordinates": [ 112.644291049475243, -3.130844412162552 ] } },
{ "type": "Feature", "properties": { "precipitation_mm": 0.0, "temperature_c": 24.929766538910261, "humidity_pct": 90.447959247268287, "cloud_cover_pct": 87.410915962595311, "wind_speed_ms": 8.5622372730152208, "forecast_datetime": "2026-10-03T23:00:00", "source": "BMKG ADM4 forecast points + IDW", "boundary": "SERPRO Carbon Project Zone", "interpretation": "Forecast surface clipped to project boundary; not direct station observation" }, "geometry": { "type": "Point", "coordinates": [ 112.644276965135191, -3.121801118893408 ] } },
{ "type": "Feature", "properties": { "precipitation_mm": 0.0, "temperature_c": 24.888410647762647, "humidity_pct": 90.621430567217431, "cloud_cover_pct": 87.436672853138589, "wind_speed_ms": 8.4935509511335834, "forecast_datetime": "2026-10-03T23:00:00", "source": "BMKG ADM4 forecast points + IDW", "boundary": "SERPRO Carbon Project Zone", "interpretation": "Forecast surface clipped to project boundary; not direct station observation" }, "geometry": { "type": "Point", "coordinates": [ 112.644262921735816, -3.112757824002166 ] } },
{ "type": "Feature", "properties": { "precipitation_mm": 0.0, "temperature_c": 24.847244487492969, "humidity_pct": 90.791090403576135, "cloud_cover_pct": 87.461103110724991, "wind_speed_ms": 8.4277610698293302, "forecast_datetime": "2026-10-03T23:00:00", "source": "BMKG ADM4 forecast points + IDW", "boundary": "SERPRO Carbon Project Zone", "interpretation": "Forecast surface clipped to project boundary; not direct station observation" }, "geometry": { "type": "Point", "coordinates": [ 112.644248919275384, -3.103714527493505 ] } },
{ "type": "Feature", "properties": { "precipitation_mm": 0.0, "temperature_c": 24.807141919604689, "humidity_pct": 90.953968406375523, "cloud_cover_pct": 87.483919443823055, "wind_speed_ms": 8.3657610641233919, "forecast_datetime": "2026-10-03T23:00:00", "source": "BMKG ADM4 forecast points + IDW", "boundary": "SERPRO Carbon Project Zone", "interpretation": "Forecast surface clipped to project boundary; not direct station observation" }, "geometry": { "type": "Point", "coordinates": [ 112.644234957752175, -3.094671229372108 ] } },
{ "type": "Feature", "properties": { "precipitation_mm": 0.0, "temperature_c": 24.768920300589588, "humidity_pct": 91.107360583899819, "cloud_cover_pct": 87.50485066073179, "wind_speed_ms": 8.3083099480902423, "forecast_datetime": "2026-10-03T23:00:00", "source": "BMKG ADM4 forecast points + IDW", "boundary": "SERPRO Carbon Project Zone", "interpretation": "Forecast surface clipped to project boundary; not direct station observation" }, "geometry": { "type": "Point", "coordinates": [ 112.644221037164485, -3.08562792964266 ] } },
{ "type": "Feature", "properties": { "precipitation_mm": 0.0, "temperature_c": 24.733284968705323, "humidity_pct": 91.248998948177203, "cloud_cover_pct": 87.52365966574709, "wind_speed_ms": 8.2559992252145342, "forecast_datetime": "2026-10-03T23:00:00", "source": "BMKG ADM4 forecast points + IDW", "boundary": "SERPRO Carbon Project Zone", "interpretation": "Forecast surface clipped to project boundary; not direct station observation" }, "geometry": { "type": "Point", "coordinates": [ 112.64420715751055, -3.076584628309841 ] } },
{ "type": "Feature", "properties": { "precipitation_mm": 0.0, "temperature_c": 24.700785279787993, "humidity_pct": 91.37718771857034, "cloud_cover_pct": 87.540163274280417, "wind_speed_ms": 8.2092254390984642, "forecast_datetime": "2026-10-03T23:00:00", "source": "BMKG ADM4 forecast points + IDW", "boundary": "SERPRO Carbon Project Zone", "interpretation": "Forecast surface clipped to project boundary; not direct station observation" }, "geometry": { "type": "Point", "coordinates": [ 112.644193318788666, -3.067541325378335 ] } },
{ "type": "Feature", "properties": { "precipitation_mm": 0.0, "temperature_c": 24.671788861269434, "humidity_pct": 91.490880536708246, "cloud_cover_pct": 87.554248279921268, "wind_speed_ms": 8.1681766356908341, "forecast_datetime": "2026-10-03T23:00:00", "source": "BMKG ADM4 forecast points + IDW", "boundary": "SERPRO Carbon Project Zone", "interpretation": "Forecast surface clipped to project boundary; not direct station observation" }, "geometry": { "type": "Point", "coordinates": [ 112.644179520997142, -3.058498020852825 ] } },
{ "type": "Feature", "properties": { "precipitation_mm": 0.0, "temperature_c": 24.646476726022218, "humidity_pct": 91.589687706711388, "cloud_cover_pct": 87.565880036524177, "wind_speed_ms": 8.1328371040605258, "forecast_datetime": "2026-10-03T23:00:00", "source": "BMKG ADM4 forecast points + IDW", "boundary": "SERPRO Carbon Project Zone", "interpretation": "Forecast surface clipped to project boundary; not direct station observation" }, "geometry": { "type": "Point", "coordinates": [ 112.644165764134286, -3.049454714737994 ] } },
{ "type": "Feature", "properties": { "precipitation_mm": 0.0, "temperature_c": 24.624857534982159, "humidity_pct": 91.673818420906116, "cloud_cover_pct": 87.5751022128198, "wind_speed_ms": 8.1030098506145833, "forecast_datetime": "2026-10-03T23:00:00", "source": "BMKG ADM4 forecast points + IDW", "boundary": "SERPRO Carbon Project Zone", "interpretation": "Forecast surface clipped to project boundary; not direct station observation" }, "geometry": { "type": "Point", "coordinates": [ 112.644152048198364, -3.040411407038523 ] } },
{ "type": "Feature", "properties": { "precipitation_mm": 0.0, "temperature_c": 24.606796008521506, "humidity_pct": 91.743975039481541, "cloud_cover_pct": 87.582028572006621, "wind_speed_ms": 8.0783522997926678, "forecast_datetime": "2026-10-03T23:00:00", "source": "BMKG ADM4 forecast points + IDW", "boundary": "SERPRO Carbon Project Zone", "interpretation": "Forecast surface clipped to project boundary; not direct station observation" }, "geometry": { "type": "Point", "coordinates": [ 112.644138373187715, -3.031368097759098 ] } },
{ "type": "Feature", "properties": { "precipitation_mm": 0.0, "temperature_c": 24.592048992055332, "humidity_pct": 91.801222064010219, "cloud_cover_pct": 87.586829086751564, "wind_speed_ms": 8.0584187357820358, "forecast_datetime": "2026-10-03T23:00:00", "source": "BMKG ADM4 forecast points + IDW", "boundary": "SERPRO Carbon Project Zone", "interpretation": "Forecast surface clipped to project boundary; not direct station observation" }, "geometry": { "type": "Point", "coordinates": [ 112.644124739100633, -3.022324786904401 ] } },
{ "type": "Feature", "properties": { "precipitation_mm": 0.0, "temperature_c": 24.580302945087627, "humidity_pct": 91.846851620955505, "cloud_cover_pct": 87.589713244642184, "wind_speed_ms": 8.0427030522127829, "forecast_datetime": "2026-10-03T23:00:00", "source": "BMKG ADM4 forecast points + IDW", "boundary": "SERPRO Carbon Project Zone", "interpretation": "Forecast surface clipped to project boundary; not direct station observation" }, "geometry": { "type": "Point", "coordinates": [ 112.64411114593544, -3.013281474479118 ] } },
{ "type": "Feature", "properties": { "precipitation_mm": 0.0, "temperature_c": 24.571208077615953, "humidity_pct": 91.882262127346905, "cloud_cover_pct": 87.590913173616656, "wind_speed_ms": 8.0306768408064233, "forecast_datetime": "2026-10-03T23:00:00", "source": "BMKG ADM4 forecast points + IDW", "boundary": "SERPRO Carbon Project Zone", "interpretation": "Forecast surface clipped to project boundary; not direct station observation" }, "geometry": { "type": "Point", "coordinates": [ 112.644097593690447, -3.004238160487929 ] } },
{ "type": "Feature", "properties": { "precipitation_mm": 0.0, "temperature_c": 24.564406275605112, "humidity_pct": 91.908859992579409, "cloud_cover_pct": 87.590668532425099, "wind_speed_ms": 8.0218198943234356, "forecast_datetime": "2026-10-03T23:00:00", "source": "BMKG ADM4 forecast points + IDW", "boundary": "SERPRO Carbon Project Zone", "interpretation": "Forecast surface clipped to project boundary; not direct station observation" }, "geometry": { "type": "Point", "coordinates": [ 112.644084082363989, -2.995194844935523 ] } },
{ "type": "Feature", "properties": { "precipitation_mm": 0.0, "temperature_c": 24.559551745202448, "humidity_pct": 91.927987861880624, "cloud_cover_pct": 87.589214287479834, "wind_speed_ms": 8.0156421367113442, "forecast_datetime": "2026-10-03T23:00:00", "source": "BMKG ADM4 forecast points + IDW", "boundary": "SERPRO Carbon Project Zone", "interpretation": "Forecast surface clipped to project boundary; not direct station observation" }, "geometry": { "type": "Point", "coordinates": [ 112.644070611954405, -2.986151527826578 ] } },
{ "type": "Feature", "properties": { "precipitation_mm": 0.0, "temperature_c": 24.556324633992109, "humidity_pct": 91.940878212496088, "cloud_cover_pct": 87.586771763781471, "wind_speed_ms": 8.0116974365434181, "forecast_datetime": "2026-10-03T23:00:00", "source": "BMKG ADM4 forecast points + IDW", "boundary": "SERPRO Carbon Project Zone", "interpretation": "Forecast surface clipped to project boundary; not direct station observation" }, "geometry": { "type": "Point", "coordinates": [ 112.644057182460045, -2.977108209165781 ] } },
{ "type": "Feature", "properties": { "precipitation_mm": 0.0, "temperature_c": 24.554438674279083, "humidity_pct": 91.948628363628885, "cloud_cover_pct": 87.58354282629557, "wind_speed_ms": 8.0095906052535319, "forecast_datetime": "2026-10-03T23:00:00", "source": "BMKG ADM4 forecast points + IDW", "boundary": "SERPRO Carbon Project Zone", "interpretation": "Forecast surface clipped to project boundary; not direct station observation" }, "geometry": { "type": "Point", "coordinates": [ 112.644043793879206, -2.968064888957819 ] } },
{ "type": "Feature", "properties": { "precipitation_mm": 0.0, "temperature_c": 24.553644214625653, "humidity_pct": 91.952191874272543, "cloud_cover_pct": 87.579706736989195, "wind_speed_ms": 8.0089792102654993, "forecast_datetime": "2026-10-03T23:00:00", "source": "BMKG ADM4 forecast points + IDW", "boundary": "SERPRO Carbon Project Zone", "interpretation": "Forecast surface clipped to project boundary; not direct station observation" }, "geometry": { "type": "Point", "coordinates": [ 112.64403044621028, -2.959021567207373 ] } },
{ "type": "Feature", "properties": { "precipitation_mm": 0.0, "temperature_c": 24.553728003594404, "humidity_pct": 91.952381365175924, "cloud_cover_pct": 87.575419104541851, "wind_speed_ms": 8.0095718027940705, "forecast_datetime": "2026-10-03T23:00:00", "source": "BMKG ADM4 forecast points + IDW", "boundary": "SERPRO Carbon Project Zone", "interpretation": "Forecast surface clipped to project boundary; not direct station observation" }, "geometry": { "type": "Point", "coordinates": [ 112.644017139451577, -2.949978243919129 ] } },
{ "type": "Feature", "properties": { "precipitation_mm": 0.0, "temperature_c": 24.554510905731405, "humidity_pct": 91.949878501617007, "cloud_cover_pct": 87.570812341648093, "wind_speed_ms": 8.0111239300837784, "forecast_datetime": "2026-10-03T23:00:00", "source": "BMKG ADM4 forecast points + IDW", "boundary": "SERPRO Carbon Project Zone", "interpretation": "Forecast surface clipped to project boundary; not direct station observation" }, "geometry": { "type": "Point", "coordinates": [ 112.644003873601505, -2.940934919097771 ] } },
{ "type": "Feature", "properties": { "precipitation_mm": 0.0, "temperature_c": 24.555844473923468, "humidity_pct": 91.945247819668154, "cloud_cover_pct": 87.565997114658785, "wind_speed_ms": 8.013432995500585, "forecast_datetime": "2026-10-03T23:00:00", "source": "BMKG ADM4 forecast points + IDW", "boundary": "SERPRO Carbon Project Zone", "interpretation": "Forecast surface clipped to project boundary; not direct station observation" }, "geometry": { "type": "Point", "coordinates": [ 112.643990648658388, -2.931891592747983 ] } },
{ "type": "Feature", "properties": { "precipitation_mm": 0.0, "temperature_c": 24.557607044607003, "humidity_pct": 91.938952020362706, "cloud_cover_pct": 87.561064370669442, "wind_speed_ms": 8.0163327260059489, "forecast_datetime": "2026-10-03T23:00:00", "source": "BMKG ADM4 forecast points + IDW", "boundary": "SERPRO Carbon Project Zone", "interpretation": "Forecast surface clipped to project boundary; not direct station observation" }, "geometry": { "type": "Point", "coordinates": [ 112.643977464620605, -2.922848264874453 ] } },
{ "type": "Feature", "properties": { "precipitation_mm": 0.0, "temperature_c": 25.344944257323622, "humidity_pct": 88.414719830669313, "cloud_cover_pct": 87.148680640746804, "wind_speed_ms": 9.780069439520787, "forecast_datetime": "2026-10-03T23:00:00", "source": "BMKG ADM4 forecast points + IDW", "boundary": "SERPRO Carbon Project Zone", "interpretation": "Forecast surface clipped to project boundary; not direct station observation" }, "geometry": { "type": "Point", "coordinates": [ 112.653431266986161, -3.221262625996796 ] } },
{ "type": "Feature", "properties": { "precipitation_mm": 0.0, "temperature_c": 25.318971431611846, "humidity_pct": 88.549997135462618, "cloud_cover_pct": 87.159926093124668, "wind_speed_ms": 9.6767720561143626, "forecast_datetime": "2026-10-03T23:00:00", "source": "BMKG ADM4 forecast points + IDW", "boundary": "SERPRO Carbon Project Zone", "interpretation": "Forecast surface clipped to project boundary; not direct station observation" }, "geometry": { "type": "Point", "coordinates": [ 112.653416693931064, -3.212219390356728 ] } },
{ "type": "Feature", "properties": { "precipitation_mm": 0.0, "temperature_c": 25.291279664285916, "humidity_pct": 88.694900251082586, "cloud_cover_pct": 87.174588755345084, "wind_speed_ms": 9.5718148680209563, "forecast_datetime": "2026-10-03T23:00:00", "source": "BMKG ADM4 forecast points + IDW", "boundary": "SERPRO Carbon Project Zone", "interpretation": "Forecast surface clipped to project boundary; not direct station observation" }, "geometry": { "type": "Point", "coordinates": [ 112.653402162058129, -3.203176153047054 ] } },
{ "type": "Feature", "properties": { "precipitation_mm": 0.0, "temperature_c": 25.262212102404632, "humidity_pct": 88.846753691898442, "cloud_cover_pct": 87.192429464929319, "wind_speed_ms": 9.4679915385139104, "forecast_datetime": "2026-10-03T23:00:00", "source": "BMKG ADM4 forecast points + IDW", "boundary": "SERPRO Carbon Project Zone", "interpretation": "Forecast surface clipped to project boundary; not direct station observation" }, "geometry": { "type": "Point", "coordinates": [ 112.653387671365522, -3.194132914072458 ] } },
{ "type": "Feature", "properties": { "precipitation_mm": 0.0, "temperature_c": 25.231709351296598, "humidity_pct": 89.004700917004129, "cloud_cover_pct": 87.213049051817706, "wind_speed_ms": 9.366226286225416, "forecast_datetime": "2026-10-03T23:00:00", "source": "BMKG ADM4 forecast points + IDW", "boundary": "SERPRO Carbon Project Zone", "interpretation": "Forecast surface clipped to project boundary; not direct station observation" }, "geometry": { "type": "Point", "coordinates": [ 112.653373221851481, -3.18508967343762 ] } },
{ "type": "Feature", "properties": { "precipitation_mm": 0.0, "temperature_c": 25.19954591910891, "humidity_pct": 89.168647743410546, "cloud_cover_pct": 87.235931147999608, "wind_speed_ms": 9.2665219944364878, "forecast_datetime": "2026-10-03T23:00:00", "source": "BMKG ADM4 forecast points + IDW", "boundary": "SERPRO Carbon Project Zone", "interpretation": "Forecast surface clipped to project boundary; not direct station observation" }, "geometry": { "type": "Point", "coordinates": [ 112.653358813514217, -3.176046431147226 ] } },
{ "type": "Feature", "properties": { "precipitation_mm": 0.0, "temperature_c": 25.165520895436995, "humidity_pct": 89.338459783764378, "cloud_cover_pct": 87.260504554914377, "wind_speed_ms": 9.1686982818964591, "forecast_datetime": "2026-10-03T23:00:00", "source": "BMKG ADM4 forecast points + IDW", "boundary": "SERPRO Carbon Project Zone", "interpretation": "Forecast surface clipped to project boundary; not direct station observation" }, "geometry": { "type": "Point", "coordinates": [ 112.653344446351966, -3.167003187205958 ] } },
{ "type": "Feature", "properties": { "precipitation_mm": 0.0, "temperature_c": 25.12956084560923, "humidity_pct": 89.513587233207488, "cloud_cover_pct": 87.286202929504825, "wind_speed_ms": 9.0727447074439134, "forecast_datetime": "2026-10-03T23:00:00", "source": "BMKG ADM4 forecast points + IDW", "boundary": "SERPRO Carbon Project Zone", "interpretation": "Forecast surface clipped to project boundary; not direct station observation" }, "geometry": { "type": "Point", "coordinates": [ 112.653330120362924, -3.157959941618498 ] } },
{ "type": "Feature", "properties": { "precipitation_mm": 0.0, "temperature_c": 25.091754597390889, "humidity_pct": 89.692992164526501, "cloud_cover_pct": 87.312505686077344, "wind_speed_ms": 8.9788925393479815, "forecast_datetime": "2026-10-03T23:00:00", "source": "BMKG ADM4 forecast points + IDW", "boundary": "SERPRO Carbon Project Zone", "interpretation": "Forecast surface clipped to project boundary; not direct station observation" }, "geometry": { "type": "Point", "coordinates": [ 112.653315835545342, -3.148916694389531 ] } },
{ "type": "Feature", "properties": { "precipitation_mm": 0.0, "temperature_c": 25.052351812503328, "humidity_pct": 89.875208309410382, "cloud_cover_pct": 87.338955288127551, "wind_speed_ms": 8.8875602336289603, "forecast_datetime": "2026-10-03T23:00:00", "source": "BMKG ADM4 forecast points + IDW", "boundary": "SERPRO Carbon Project Zone", "interpretation": "Forecast surface clipped to project boundary; not direct station observation" }, "geometry": { "type": "Point", "coordinates": [ 112.65330159189746, -3.13987344552374 ] } },
{ "type": "Feature", "properties": { "precipitation_mm": 0.0, "temperature_c": 25.011746360770594, "humidity_pct": 90.058429936891159, "cloud_cover_pct": 87.365155244766214, "wind_speed_ms": 8.7992748999078181, "forecast_datetime": "2026-10-03T23:00:00", "source": "BMKG ADM4 forecast points + IDW", "boundary": "SERPRO Carbon Project Zone", "interpretation": "Forecast surface clipped to project boundary; not direct station observation" }, "geometry": { "type": "Point", "coordinates": [ 112.653287389417514, -3.130830195025808 ] } },
{ "type": "Feature", "properties": { "precipitation_mm": 0.0, "temperature_c": 24.970452589736329, "humidity_pct": 90.240597156847841, "cloud_cover_pct": 87.39075748725044, "wind_speed_ms": 8.7146102981153, "forecast_datetime": "2026-10-03T23:00:00", "source": "BMKG ADM4 forecast points + IDW", "boundary": "SERPRO Carbon Project Zone", "interpretation": "Forecast surface clipped to project boundary; not direct station observation" }, "geometry": { "type": "Point", "coordinates": [ 112.653273228103728, -3.121786942900421 ] } },
{ "type": "Feature", "properties": { "precipitation_mm": 0.0, "temperature_c": 24.929075281322881, "humidity_pct": 90.419483141348138, "cloud_cover_pct": 87.415447931872066, "wind_speed_ms": 8.6341449264604719, "forecast_datetime": "2026-10-03T23:00:00", "source": "BMKG ADM4 forecast points + IDW", "boundary": "SERPRO Carbon Project Zone", "interpretation": "Forecast surface clipped to project boundary; not direct station observation" }, "geometry": { "type": "Point", "coordinates": [ 112.653259107954369, -3.112743689152262 ] } },
{ "type": "Feature", "properties": { "precipitation_mm": 0.0, "temperature_c": 24.888272457591025, "humidity_pct": 90.592796862122881, "cloud_cover_pct": 87.438936619387817, "wind_speed_ms": 8.5584307573263896, "forecast_datetime": "2026-10-03T23:00:00", "source": "BMKG ADM4 forecast points + IDW", "boundary": "SERPRO Carbon Project Zone", "interpretation": "Forecast surface clipped to project boundary; not direct station observation" }, "geometry": { "type": "Point", "coordinates": [ 112.653245028967717, -3.103700433786013 ] } },
{ "type": "Feature", "properties": { "precipitation_mm": 0.0, "temperature_c": 24.84871191147764, "humidity_pct": 90.758306384227993, "cloud_cover_pct": 87.460955459862163, "wind_speed_ms": 8.4879639688139275, "forecast_datetime": "2026-10-03T23:00:00", "source": "BMKG ADM4 forecast points + IDW", "boundary": "SERPRO Carbon Project Zone", "interpretation": "Forecast surface clipped to project boundary; not direct station observation" }, "geometry": { "type": "Point", "coordinates": [ 112.653230991141996, -3.094657176806361 ] } },
{ "type": "Feature", "properties": { "precipitation_mm": 0.0, "temperature_c": 24.81102502945264, "humidity_pct": 90.913974652417437, "cloud_cover_pct": 87.481263437569723, "wind_speed_ms": 8.42315471533108, "forecast_datetime": "2026-10-03T23:00:00", "source": "BMKG ADM4 forecast points + IDW", "boundary": "SERPRO Carbon Project Zone", "interpretation": "Forecast surface clipped to project boundary; not direct station observation" }, "geometry": { "type": "Point", "coordinates": [ 112.653216994475486, -3.085613918217989 ] } },
{ "type": "Feature", "properties": { "precipitation_mm": 0.0, "temperature_c": 24.775763432180536, "humidity_pct": 91.058089910977145, "cloud_cover_pct": 87.49965682478809, "wind_speed_ms": 8.3642982864533835, "forecast_datetime": "2026-10-03T23:00:00", "source": "BMKG ADM4 forecast points + IDW", "boundary": "SERPRO Carbon Project Zone", "interpretation": "Forecast surface clipped to project boundary; not direct station observation" }, "geometry": { "type": "Point", "coordinates": [ 112.653203038966467, -3.076570658025582 ] } },
{ "type": "Feature", "properties": { "precipitation_mm": 0.0, "temperature_c": 24.743364287941446, "humidity_pct": 91.189370057753521, "cloud_cover_pct": 87.51598083471589, "wind_speed_ms": 8.3115526495216727, "forecast_datetime": "2026-10-03T23:00:00", "source": "BMKG ADM4 forecast points + IDW", "boundary": "SERPRO Carbon Project Zone", "interpretation": "Forecast surface clipped to project boundary; not direct station observation" }, "geometry": { "type": "Point", "coordinates": [ 112.65318912461322, -3.067527396233826 ] } },
{ "type": "Feature", "properties": { "precipitation_mm": 0.0, "temperature_c": 24.71412875981326, "humidity_pct": 91.307024484699113, "cloud_cover_pct": 87.530139213120478, "wind_speed_ms": 8.2649271016779888, "forecast_datetime": "2026-10-03T23:00:00", "source": "BMKG ADM4 forecast points + IDW", "boundary": "SERPRO Carbon Project Zone", "interpretation": "Forecast surface clipped to project boundary; not direct station observation" }, "geometry": { "type": "Point", "coordinates": [ 112.653175251414012, -3.058484132847403 ] } },
{ "type": "Feature", "properties": { "precipitation_mm": 0.0, "temperature_c": 24.688215493475976, "humidity_pct": 91.410765919819923, "cloud_cover_pct": 87.542099248000781, "wind_speed_ms": 8.2242844643253026, "forecast_datetime": "2026-10-03T23:00:00", "source": "BMKG ADM4 forecast points + IDW", "boundary": "SERPRO Carbon Project Zone", "interpretation": "Forecast surface clipped to project boundary; not direct station observation" }, "geometry": { "type": "Point", "coordinates": [ 112.653161419367123, -3.049440867871001 ] } },
{ "type": "Feature", "properties": { "precipitation_mm": 0.0, "temperature_c": 24.665648234523228, "humidity_pct": 91.50077493004045, "cloud_cover_pct": 87.551891108076305, "wind_speed_ms": 8.1893562617627413, "forecast_datetime": "2026-10-03T23:00:00", "source": "BMKG ADM4 forecast points + IDW", "boundary": "SERPRO Carbon Project Zone", "interpretation": "Forecast surface clipped to project boundary; not direct station observation" }, "geometry": { "type": "Point", "coordinates": [ 112.653147628470876, -3.040397601309303 ] } },
{ "type": "Feature", "properties": { "precipitation_mm": 0.0, "temperature_c": 24.646334423920646, "humidity_pct": 91.577627863132349, "cloud_cover_pct": 87.559601820550455, "wind_speed_ms": 8.1597678145494985, "forecast_datetime": "2026-10-03T23:00:00", "source": "BMKG ADM4 forecast points + IDW", "boundary": "SERPRO Carbon Project Zone", "interpretation": "Forecast surface clipped to project boundary; not direct station observation" }, "geometry": { "type": "Point", "coordinates": [ 112.653133878723551, -3.031354333166995 ] } },
{ "type": "Feature", "properties": { "precipitation_mm": 0.0, "temperature_c": 24.630090449021768, "humidity_pct": 91.642203261679938, "cloud_cover_pct": 87.565365209132537, "wind_speed_ms": 8.1350688251295864, "forecast_datetime": "2026-10-03T23:00:00", "source": "BMKG ADM4 forecast points + IDW", "boundary": "SERPRO Carbon Project Zone", "interpretation": "Forecast surface clipped to project boundary; not direct station observation" }, "geometry": { "type": "Point", "coordinates": [ 112.653120170123429, -3.022311063448763 ] } },
{ "type": "Feature", "properties": { "precipitation_mm": 0.0, "temperature_c": 24.616669176089907, "humidity_pct": 91.695581986814318, "cloud_cover_pct": 87.569349584635944, "wind_speed_ms": 8.1147649415720977, "forecast_datetime": "2026-10-03T23:00:00", "source": "BMKG ADM4 forecast points + IDW", "boundary": "SERPRO Carbon Project Zone", "interpretation": "Forecast surface clipped to project boundary; not direct station observation" }, "geometry": { "type": "Point", "coordinates": [ 112.653106502668848, -3.013267792159292 ] } },
{ "type": "Feature", "properties": { "precipitation_mm": 0.0, "temperature_c": 24.605786173119956, "humidity_pct": 91.738953491582961, "cloud_cover_pct": 87.571744956886008, "wind_speed_ms": 8.0983466379226527, "forecast_datetime": "2026-10-03T23:00:00", "source": "BMKG ADM4 forecast points + IDW", "boundary": "SERPRO Carbon Project Zone", "interpretation": "Forecast surface clipped to project boundary; not direct station observation" }, "geometry": { "type": "Point", "coordinates": [ 112.653092876358116, -3.004224519303268 ] } },
{ "type": "Feature", "properties": { "precipitation_mm": 0.0, "temperature_c": 24.597142224433103, "humidity_pct": 91.773536428158053, "cloud_cover_pct": 87.572751180162143, "wind_speed_ms": 8.0853130602380308, "forecast_datetime": "2026-10-03T23:00:00", "source": "BMKG ADM4 forecast points + IDW", "boundary": "SERPRO Carbon Project Zone", "interpretation": "Forecast surface clipped to project boundary; not direct station observation" }, "geometry": { "type": "Point", "coordinates": [ 112.653079291189556, -2.995181244885377 ] } },
{ "type": "Feature", "properties": { "precipitation_mm": 0.0, "temperature_c": 24.590440955463254, "humidity_pct": 91.80051745195901, "cloud_cover_pct": 87.572567944704247, "wind_speed_ms": 8.0751898155935855, "forecast_datetime": "2026-10-03T23:00:00", "source": "BMKG ADM4 forecast points + IDW", "boundary": "SERPRO Carbon Project Zone", "interpretation": "Forecast surface clipped to project boundary; not direct station observation" }, "geometry": { "type": "Point", "coordinates": [ 112.653065747161477, -2.986137968910305 ] } },
{ "type": "Feature", "properties": { "precipitation_mm": 0.0, "temperature_c": 24.585401377437069, "humidity_pct": 91.821008592696174, "cloud_cover_pct": 87.571387037062109, "wind_speed_ms": 8.0675407459794464, "forecast_datetime": "2026-10-03T23:00:00", "source": "BMKG ADM4 forecast points + IDW", "boundary": "SERPRO Carbon Project Zone", "interpretation": "Forecast surface clipped to project boundary; not direct station observation" }, "geometry": { "type": "Point", "coordinates": [ 112.653052244272189, -2.977094691382738 ] } },
{ "type": "Feature", "properties": { "precipitation_mm": 0.0, "temperature_c": 24.581765826457648, "humidity_pct": 91.83602124946745, "cloud_cover_pct": 87.569386902514182, "wind_speed_ms": 8.061974421255341, "forecast_datetime": "2026-10-03T23:00:00", "source": "BMKG ADM4 forecast points + IDW", "boundary": "SERPRO Carbon Project Zone", "interpretation": "Forecast surface clipped to project boundary; not direct station observation" }, "geometry": { "type": "Point", "coordinates": [ 112.653038782520085, -2.968051412307362 ] } },
{ "type": "Feature", "properties": { "precipitation_mm": 0.0, "temperature_c": 24.579304120643314, "humidity_pct": 91.846453685380496, "cloud_cover_pct": 87.566729284827872, "wind_speed_ms": 8.0581464234019453, "forecast_datetime": "2026-10-03T23:00:00", "source": "BMKG ADM4 forecast points + IDW", "boundary": "SERPRO Carbon Project Zone", "interpretation": "Forecast surface clipped to project boundary; not direct station observation" }, "geometry": { "type": "Point", "coordinates": [ 112.653025361903445, -2.959008131688863 ] } },
{ "type": "Feature", "properties": { "precipitation_mm": 0.0, "temperature_c": 24.577814862696602, "humidity_pct": 91.853088587184033, "cloud_cover_pct": 87.563557583484524, "wind_speed_ms": 8.0557585621829446, "forecast_datetime": "2026-10-03T23:00:00", "source": "BMKG ADM4 forecast points + IDW", "boundary": "SERPRO Carbon Project Zone", "interpretation": "Forecast surface clipped to project boundary; not direct station observation" }, "geometry": { "type": "Point", "coordinates": [ 112.653011982420622, -2.949964849531929 ] } },
{ "type": "Feature", "properties": { "precipitation_mm": 0.0, "temperature_c": 24.577124759921237, "humidity_pct": 91.856597503523162, "cloud_cover_pct": 87.559996527679615, "wind_speed_ms": 8.0545560600050354, "forecast_datetime": "2026-10-03T23:00:00", "source": "BMKG ADM4 forecast points + IDW", "boundary": "SERPRO Carbon Project Zone", "interpretation": "Forecast surface clipped to project boundary; not direct station observation" }, "geometry": { "type": "Point", "coordinates": [ 112.652998644069996, -2.940921565841246 ] } },
{ "type": "Feature", "properties": { "precipitation_mm": 0.0, "temperature_c": 24.577086695473231, "humidity_pct": 91.857549507597142, "cloud_cover_pct": 87.556152787121277, "wind_speed_ms": 8.054323557783194, "forecast_datetime": "2026-10-03T23:00:00", "source": "BMKG ADM4 forecast points + IDW", "boundary": "SERPRO Carbon Project Zone", "interpretation": "Forecast surface clipped to project boundary; not direct station observation" }, "geometry": { "type": "Point", "coordinates": [ 112.652985346849889, -2.9318782806215 ] } },
{ "type": "Feature", "properties": { "precipitation_mm": 0.0, "temperature_c": 24.577577118961131, "humidity_pct": 91.856422048692764, "cloud_cover_pct": 87.552116193453642, "wind_speed_ms": 8.0548805857006158, "forecast_datetime": "2026-10-03T23:00:00", "source": "BMKG ADM4 forecast points + IDW", "boundary": "SERPRO Carbon Project Zone", "interpretation": "Forecast surface clipped to project boundary; not direct station observation" }, "geometry": { "type": "Point", "coordinates": [ 112.652972090758666, -2.92283499387738 ] } },
{ "type": "Feature", "properties": { "precipitation_mm": 0.0, "temperature_c": 25.463645905932513, "humidity_pct": 87.798550016897067, "cloud_cover_pct": 87.131891090498257, "wind_speed_ms": 10.330162718227012, "forecast_datetime": "2026-10-03T23:00:00", "source": "BMKG ADM4 forecast points + IDW", "boundary": "SERPRO Carbon Project Zone", "interpretation": "Forecast surface clipped to project boundary; not direct station observation" }, "geometry": { "type": "Point", "coordinates": [ 112.662428347789884, -3.221247917655373 ] } },
{ "type": "Feature", "properties": { "precipitation_mm": 0.0, "temperature_c": 25.428715824071652, "humidity_pct": 87.979671726252306, "cloud_cover_pct": 87.144377751593694, "wind_speed_ms": 10.186851139971436, "forecast_datetime": "2026-10-03T23:00:00", "source": "BMKG ADM4 forecast points + IDW", "boundary": "SERPRO Carbon Project Zone", "interpretation": "Forecast surface clipped to project boundary; not direct station observation" }, "geometry": { "type": "Point", "coordinates": [ 112.662413695524876, -3.212204723390176 ] } },
{ "type": "Feature", "properties": { "precipitation_mm": 0.0, "temperature_c": 25.390158472055667, "humidity_pct": 88.179717308063445, "cloud_cover_pct": 87.159995181140786, "wind_speed_ms": 10.032885522538333, "forecast_datetime": "2026-10-03T23:00:00", "source": "BMKG ADM4 forecast points + IDW", "boundary": "SERPRO Carbon Project Zone", "interpretation": "Forecast surface clipped to project boundary; not direct station observation" }, "geometry": { "type": "Point", "coordinates": [ 112.662399084665836, -3.203161527454677 ] } },
{ "type": "Feature", "properties": { "precipitation_mm": 0.0, "temperature_c": 25.349755497044264, "humidity_pct": 88.388807657368275, "cloud_cover_pct": 87.178359661640656, "wind_speed_ms": 9.877353255656244, "forecast_datetime": "2026-10-03T23:00:00", "source": "BMKG ADM4 forecast points + IDW", "boundary": "SERPRO Carbon Project Zone", "interpretation": "Forecast surface clipped to project boundary; not direct station observation" }, "geometry": { "type": "Point", "coordinates": [ 112.662384515210988, -3.194118329853561 ] } },
{ "type": "Feature", "properties": { "precipitation_mm": 0.0, "temperature_c": 25.308540853722295, "humidity_pct": 88.600758722617613, "cloud_cover_pct": 87.199049755017967, "wind_speed_ms": 9.7258949303469802, "forecast_datetime": "2026-10-03T23:00:00", "source": "BMKG ADM4 forecast points + IDW", "boundary": "SERPRO Carbon Project Zone", "interpretation": "Forecast surface clipped to project boundary; not direct station observation" }, "geometry": { "type": "Point", "coordinates": [ 112.662369987158513, -3.185075130591513 ] } },
{ "type": "Feature", "properties": { "precipitation_mm": 0.0, "temperature_c": 25.266946086431648, "humidity_pct": 88.812421424748422, "cloud_cover_pct": 87.221616085470544, "wind_speed_ms": 9.5812666221055842, "forecast_datetime": "2026-10-03T23:00:00", "source": "BMKG ADM4 forecast points + IDW", "boundary": "SERPRO Carbon Project Zone", "interpretation": "Forecast surface clipped to project boundary; not direct station observation" }, "geometry": { "type": "Point", "coordinates": [ 112.662355500506635, -3.176031929673217 ] } },
{ "type": "Feature", "properties": { "precipitation_mm": 0.0, "temperature_c": 25.22505776815499, "humidity_pct": 89.022470474659642, "cloud_cover_pct": 87.245594386862322, "wind_speed_ms": 9.4444095499347434, "forecast_datetime": "2026-10-03T23:00:00", "source": "BMKG ADM4 forecast points + IDW", "boundary": "SERPRO Carbon Project Zone", "interpretation": "Forecast surface clipped to project boundary; not direct station observation" }, "geometry": { "type": "Point", "coordinates": [ 112.662341055253563, -3.166988727103358 ] } },
{ "type": "Feature", "properties": { "precipitation_mm": 0.0, "temperature_c": 25.182839773474097, "humidity_pct": 89.230371803498969, "cloud_cover_pct": 87.270524788601691, "wind_speed_ms": 9.3153706230772269, "forecast_datetime": "2026-10-03T23:00:00", "source": "BMKG ADM4 forecast points + IDW", "boundary": "SERPRO Carbon Project Zone", "interpretation": "Forecast surface clipped to project boundary; not direct station observation" }, "geometry": { "type": "Point", "coordinates": [ 112.662326651397478, -3.157945522886623 ] } },
{ "type": "Feature", "properties": { "precipitation_mm": 0.0, "temperature_c": 25.140274774116328, "humidity_pct": 89.435741251143341, "cloud_cover_pct": 87.295970882875224, "wind_speed_ms": 9.1938782012850186, "forecast_datetime": "2026-10-03T23:00:00", "source": "BMKG ADM4 forecast points + IDW", "boundary": "SERPRO Carbon Project Zone", "interpretation": "Forecast surface clipped to project boundary; not direct station observation" }, "geometry": { "type": "Point", "coordinates": [ 112.662312288936647, -3.148902317027697 ] } },
{ "type": "Feature", "properties": { "precipitation_mm": 0.0, "temperature_c": 25.09743520763811, "humidity_pct": 89.638030665476265, "cloud_cover_pct": 87.321532102569108, "wind_speed_ms": 9.0796282657615262, "forecast_datetime": "2026-10-03T23:00:00", "source": "BMKG ADM4 forecast points + IDW", "boundary": "SERPRO Carbon Project Zone", "interpretation": "Forecast surface clipped to project boundary; not direct station observation" }, "geometry": { "type": "Point", "coordinates": [ 112.662297967869264, -3.139859109531263 ] } },
{ "type": "Feature", "properties": { "precipitation_mm": 0.0, "temperature_c": 25.05450756106562, "humidity_pct": 89.836416916203675, "cloud_cover_pct": 87.346847408839452, "wind_speed_ms": 8.9723947693107231, "forecast_datetime": "2026-10-03T23:00:00", "source": "BMKG ADM4 forecast points + IDW", "boundary": "SERPRO Carbon Project Zone", "interpretation": "Forecast surface clipped to project boundary; not direct station observation" }, "geometry": { "type": "Point", "coordinates": [ 112.662283688193583, -3.130815900402008 ] } },
{ "type": "Feature", "properties": { "precipitation_mm": 0.0, "temperature_c": 25.011788902844152, "humidity_pct": 90.029800245676796, "cloud_cover_pct": 87.371592435764569, "wind_speed_ms": 8.8720525276385054, "forecast_datetime": "2026-10-03T23:00:00", "source": "BMKG ADM4 forecast points + IDW", "boundary": "SERPRO Carbon Project Zone", "interpretation": "Forecast surface clipped to project boundary; not direct station observation" }, "geometry": { "type": "Point", "coordinates": [ 112.662269449907839, -3.121772689644621 ] } },
{ "type": "Feature", "properties": { "precipitation_mm": 0.0, "temperature_c": 24.969666851652626, "humidity_pct": 90.216860921682766, "cloud_cover_pct": 87.395474127129646, "wind_speed_ms": 8.7785623369126302, "forecast_datetime": "2026-10-03T23:00:00", "source": "BMKG ADM4 forecast points + IDW", "boundary": "SERPRO Carbon Project Zone", "interpretation": "Forecast surface clipped to project boundary; not direct station observation" }, "geometry": { "type": "Point", "coordinates": [ 112.662255253010244, -3.112729477263783 ] } },
{ "type": "Feature", "properties": { "precipitation_mm": 0.0, "temperature_c": 24.928589189126122, "humidity_pct": 90.396149912555231, "cloud_cover_pct": 87.418226642670476, "wind_speed_ms": 8.6919411155383663, "forecast_datetime": "2026-10-03T23:00:00", "source": "BMKG ADM4 forecast points + IDW", "boundary": "SERPRO Carbon Project Zone", "interpretation": "Forecast surface clipped to project boundary; not direct station observation" }, "geometry": { "type": "Point", "coordinates": [ 112.662241097499091, -3.103686263264183 ] } },
{ "type": "Feature", "properties": { "precipitation_mm": 0.0, "temperature_c": 24.889027441628659, "humidity_pct": 90.566199565346608, "cloud_cover_pct": 87.439610798729618, "wind_speed_ms": 8.6122266239289331, "forecast_datetime": "2026-10-03T23:00:00", "source": "BMKG ADM4 forecast points + IDW", "boundary": "SERPRO Carbon Project Zone", "interpretation": "Forecast surface clipped to project boundary; not direct station observation" }, "geometry": { "type": "Point", "coordinates": [ 112.662226983372591, -3.094643047650506 ] } },
{ "type": "Feature", "properties": { "precipitation_mm": 0.0, "temperature_c": 24.851438631292616, "humidity_pct": 90.725641222076646, "cloud_cover_pct": 87.459417453746013, "wind_speed_ms": 8.5394417042966424, "forecast_datetime": "2026-10-03T23:00:00", "source": "BMKG ADM4 forecast points + IDW", "boundary": "SERPRO Carbon Project Zone", "interpretation": "Forecast surface clipped to project boundary; not direct station observation" }, "geometry": { "type": "Point", "coordinates": [ 112.662212910629023, -3.08559983042744 ] } },
{ "type": "Feature", "properties": { "precipitation_mm": 0.0, "temperature_c": 24.816229637186442, "humidity_pct": 90.873315244754181, "cloud_cover_pct": 87.477473709824409, "wind_speed_ms": 8.473562066154166, "forecast_datetime": "2026-10-03T23:00:00", "source": "BMKG ADM4 forecast points + IDW", "boundary": "SERPRO Carbon Project Zone", "interpretation": "Forecast surface clipped to project boundary; not direct station observation" }, "geometry": { "type": "Point", "coordinates": [ 112.66219887926664, -3.076556611599671 ] } },
{ "type": "Feature", "properties": { "precipitation_mm": 0.0, "temperature_c": 24.783728324822011, "humidity_pct": 91.008359223624709, "cloud_cover_pct": 87.493649932691483, "wind_speed_ms": 8.4144913649154116, "forecast_datetime": "2026-10-03T23:00:00", "source": "BMKG ADM4 forecast points + IDW", "boundary": "SERPRO Carbon Project Zone", "interpretation": "Forecast surface clipped to project boundary; not direct station observation" }, "geometry": { "type": "Point", "coordinates": [ 112.662184889283722, -3.067513391171884 ] } },
{ "type": "Feature", "properties": { "precipitation_mm": 0.0, "temperature_c": 24.754164505918151, "humidity_pct": 91.1302635964948, "cloud_cover_pct": 87.507865473307973, "wind_speed_ms": 8.3620463995331686, "forecast_datetime": "2026-10-03T23:00:00", "source": "BMKG ADM4 forecast points + IDW", "boundary": "SERPRO Carbon Project Zone", "interpretation": "Forecast surface clipped to project boundary; not direct station observation" }, "geometry": { "type": "Point", "coordinates": [ 112.662170940678536, -3.058470169148767 ] } },
{ "type": "Feature", "properties": { "precipitation_mm": 0.0, "temperature_c": 24.727662078527047, "humidity_pct": 91.238889805165329, "cloud_cover_pct": 87.520091466718952, "wind_speed_ms": 8.3159535953683523, "forecast_datetime": "2026-10-03T23:00:00", "source": "BMKG ADM4 forecast points + IDW", "boundary": "SERPRO Carbon Project Zone", "interpretation": "Forecast surface clipped to project boundary; not direct station observation" }, "geometry": { "type": "Point", "coordinates": [ 112.662157033449347, -3.049426945535008 ] } },
{ "type": "Feature", "properties": { "precipitation_mm": 0.0, "temperature_c": 24.704241836103019, "humidity_pct": 91.334452687220477, "cloud_cover_pct": 87.530349916173876, "wind_speed_ms": 8.2758560240118371, "forecast_datetime": "2026-10-03T23:00:00", "source": "BMKG ADM4 forecast points + IDW", "boundary": "SERPRO Carbon Project Zone", "interpretation": "Forecast surface clipped to project boundary; not direct station observation" }, "geometry": { "type": "Point", "coordinates": [ 112.662143167594465, -3.040383720335293 ] } },
{ "type": "Feature", "properties": { "precipitation_mm": 0.0, "temperature_c": 24.683832906745888, "humidity_pct": 91.417474222409368, "cloud_cover_pct": 87.538709143547194, "wind_speed_ms": 8.2413286231110519, "forecast_datetime": "2026-10-03T23:00:00", "source": "BMKG ADM4 forecast points + IDW", "boundary": "SERPRO Carbon Project Zone", "interpretation": "Forecast surface clipped to project boundary; not direct station observation" }, "geometry": { "type": "Point", "coordinates": [ 112.662129343112142, -3.031340493554309 ] } },
{ "type": "Feature", "properties": { "precipitation_mm": 0.0, "temperature_c": 24.666289902784417, "humidity_pct": 91.488718859796592, "cloud_cover_pct": 87.545276366174434, "wind_speed_ms": 8.2118983969161601, "forecast_datetime": "2026-10-03T23:00:00", "source": "BMKG ADM4 forecast points + IDW", "boundary": "SERPRO Carbon Project Zone", "interpretation": "Forecast surface clipped to project boundary; not direct station observation" }, "geometry": { "type": "Point", "coordinates": [ 112.6621155600007, -3.022297265196745 ] } },
{ "type": "Feature", "properties": { "precipitation_mm": 0.0, "temperature_c": 24.651412692592718, "humidity_pct": 91.549121201763512, "cloud_cover_pct": 87.550188528096513, "wind_speed_ms": 8.1870662826728253, "forecast_datetime": "2026-10-03T23:00:00", "source": "BMKG ADM4 forecast points + IDW", "boundary": "SERPRO Carbon Project Zone", "interpretation": "Forecast surface clipped to project boundary; not direct station observation" }, "geometry": { "type": "Point", "coordinates": [ 112.662101818258435, -3.013254035267288 ] } },
{ "type": "Feature", "properties": { "precipitation_mm": 0.0, "temperature_c": 24.638966111182075, "humidity_pct": 91.599715328803882, "cloud_cover_pct": 87.553602570484301, "wind_speed_ms": 8.1663278934396537, "forecast_datetime": "2026-10-03T23:00:00", "source": "BMKG ADM4 forecast points + IDW", "boundary": "SERPRO Carbon Project Zone", "interpretation": "Forecast surface clipped to project boundary; not direct station observation" }, "geometry": { "type": "Point", "coordinates": [ 112.662088117883641, -3.004210803770623 ] } },
{ "type": "Feature", "properties": { "precipitation_mm": 0.0, "temperature_c": 24.628697659256719, "humidity_pct": 91.641572404650987, "cloud_cover_pct": 87.55568615143396, "wind_speed_ms": 8.149191210605272, "forecast_datetime": "2026-10-03T23:00:00", "source": "BMKG ADM4 forecast points + IDW", "boundary": "SERPRO Carbon Project Zone", "interpretation": "Forecast surface clipped to project boundary; not direct station observation" }, "geometry": { "type": "Point", "coordinates": [ 112.662074458874628, -2.995167570711442 ] } },
{ "type": "Feature", "properties": { "precipitation_mm": 0.0, "temperature_c": 24.620352056964009, "humidity_pct": 91.675750288010249, "cloud_cover_pct": 87.556609528699823, "wind_speed_ms": 8.135190221762775, "forecast_datetime": "2026-10-03T23:00:00", "source": "BMKG ADM4 forecast points + IDW", "boundary": "SERPRO Carbon Project Zone", "interpretation": "Forecast surface clipped to project boundary; not direct station observation" }, "geometry": { "type": "Point", "coordinates": [ 112.662060841229703, -2.986124336094431 ] } },
{ "type": "Feature", "properties": { "precipitation_mm": 0.0, "temperature_c": 24.613682239405541, "humidity_pct": 91.703256332673121, "cloud_cover_pct": 87.556538998770378, "wind_speed_ms": 8.1238942859585848, "forecast_datetime": "2026-10-03T23:00:00", "source": "BMKG ADM4 forecast points + IDW", "boundary": "SERPRO Carbon Project Zone", "interpretation": "Forecast surface clipped to project boundary; not direct station observation" }, "geometry": { "type": "Point", "coordinates": [ 112.662047264947219, -2.977081099924277 ] } },
{ "type": "Feature", "properties": { "precipitation_mm": 0.0, "temperature_c": 24.608456913762687, "humidity_pct": 91.725022703334929, "cloud_cover_pct": 87.555632008662457, "wind_speed_ms": 8.114913564946276, "forecast_datetime": "2026-10-03T23:00:00", "source": "BMKG ADM4 forecast points + IDW", "boundary": "SERPRO Carbon Project Zone", "interpretation": "Forecast surface clipped to project boundary; not direct station observation" }, "geometry": { "type": "Point", "coordinates": [ 112.66203373002547, -2.96803786220567 ] } },
{ "type": "Feature", "properties": { "precipitation_mm": 0.0, "temperature_c": 24.604465124395663, "humidity_pct": 91.741892424723659, "cloud_cover_pct": 87.554033854605436, "wind_speed_ms": 8.1079011761322199, "forecast_datetime": "2026-10-03T23:00:00", "source": "BMKG ADM4 forecast points + IDW", "boundary": "SERPRO Carbon Project Zone", "interpretation": "Forecast surface clipped to project boundary; not direct station observation" }, "geometry": { "type": "Point", "coordinates": [ 112.66202023646278, -2.958994622943299 ] } },
{ "type": "Feature", "properties": { "precipitation_mm": 0.0, "temperature_c": 24.601518421228842, "humidity_pct": 91.754613905117324, "cloud_cover_pct": 87.551875758740238, "wind_speed_ms": 8.1025528413032379, "forecast_datetime": "2026-10-03T23:00:00", "source": "BMKG ADM4 forecast points + IDW", "boundary": "SERPRO Carbon Project Zone", "interpretation": "Forecast surface clipped to project boundary; not direct station observation" }, "geometry": { "type": "Point", "coordinates": [ 112.662006784257485, -2.949951382141851 ] } },
{ "type": "Feature", "properties": { "precipitation_mm": 0.0, "temperature_c": 24.599451247001387, "humidity_pct": 91.763841651521304, "cloud_cover_pct": 87.54927405913368, "wind_speed_ms": 8.0986047853869447, "forecast_datetime": "2026-10-03T23:00:00", "source": "BMKG ADM4 forecast points + IDW", "boundary": "SERPRO Carbon Project Zone", "interpretation": "Forecast surface clipped to project boundary; not direct station observation" }, "geometry": { "type": "Point", "coordinates": [ 112.661993373407938, -2.940908139806014 ] } },
{ "type": "Feature", "properties": { "precipitation_mm": 0.0, "temperature_c": 24.598120100436823, "humidity_pct": 91.770141141646221, "cloud_cover_pct": 87.546330241356642, "wind_speed_ms": 8.0958305400047372, "forecast_datetime": "2026-10-03T23:00:00", "source": "BMKG ADM4 forecast points + IDW", "boundary": "SERPRO Carbon Project Zone", "interpretation": "Forecast surface clipped to project boundary; not direct station observation" }, "geometry": { "type": "Point", "coordinates": [ 112.66198000391249, -2.931864895940478 ] } },
{ "type": "Feature", "properties": { "precipitation_mm": 0.0, "temperature_c": 24.597401935824891, "humidity_pct": 91.773996191344722, "cloud_cover_pct": 87.543131563203232, "wind_speed_ms": 8.0940371735540602, "forecast_datetime": "2026-10-03T23:00:00", "source": "BMKG ADM4 forecast points + IDW", "boundary": "SERPRO Carbon Project Zone", "interpretation": "Forecast surface clipped to project boundary; not direct station observation" }, "geometry": { "type": "Point", "coordinates": [ 112.661966675769477, -2.922821650549933 ] } },
{ "type": "Feature", "properties": { "precipitation_mm": 0.0, "temperature_c": 25.493472235531986, "humidity_pct": 87.64020488129357, "cloud_cover_pct": 87.139780403929322, "wind_speed_ms": 10.504453339166661, "forecast_datetime": "2026-10-03T23:00:00", "source": "BMKG ADM4 forecast points + IDW", "boundary": "SERPRO Carbon Project Zone", "interpretation": "Forecast surface clipped to project boundary; not direct station observation" }, "geometry": { "type": "Point", "coordinates": [ 112.67139596586938, -3.203146822582969 ] } },
{ "type": "Feature", "properties": { "precipitation_mm": 0.0, "temperature_c": 25.441638206139096, "humidity_pct": 87.907936538162772, "cloud_cover_pct": 87.159643107300653, "wind_speed_ms": 10.2974045187656, "forecast_datetime": "2026-10-03T23:00:00", "source": "BMKG ADM4 forecast points + IDW", "boundary": "SERPRO Carbon Project Zone", "interpretation": "Forecast surface clipped to project boundary; not direct station observation" }, "geometry": { "type": "Point", "coordinates": [ 112.671381317654081, -3.194103666579602 ] } },
{ "type": "Feature", "properties": { "precipitation_mm": 0.0, "temperature_c": 25.389397304655759, "humidity_pct": 88.176385936631419, "cloud_cover_pct": 87.181468082556222, "wind_speed_ms": 10.095649959412285, "forecast_datetime": "2026-10-03T23:00:00", "source": "BMKG ADM4 forecast points + IDW", "boundary": "SERPRO Carbon Project Zone", "interpretation": "Forecast surface clipped to project boundary; not direct station observation" }, "geometry": { "type": "Point", "coordinates": [ 112.671366711064977, -3.185060508914606 ] } },
{ "type": "Feature", "properties": { "precipitation_mm": 0.0, "temperature_c": 25.337901831128864, "humidity_pct": 88.438893354043373, "cloud_cover_pct": 87.204754316059564, "wind_speed_ms": 9.904966230737358, "forecast_datetime": "2026-10-03T23:00:00", "source": "BMKG ADM4 forecast points + IDW", "boundary": "SERPRO Carbon Project Zone", "interpretation": "Forecast surface clipped to project boundary; not direct station observation" }, "geometry": { "type": "Point", "coordinates": [ 112.671352146100261, -3.176017349592669 ] } },
{ "type": "Feature", "properties": { "precipitation_mm": 0.0, "temperature_c": 25.287589011234356, "humidity_pct": 88.692533457362899, "cloud_cover_pct": 87.229065769016074, "wind_speed_ms": 9.7276942268700406, "forecast_datetime": "2026-10-03T23:00:00", "source": "BMKG ADM4 forecast points + IDW", "boundary": "SERPRO Carbon Project Zone", "interpretation": "Forecast surface clipped to project boundary; not direct station observation" }, "geometry": { "type": "Point", "coordinates": [ 112.671337622758131, -3.166974188618477 ] } },
{ "type": "Feature", "properties": { "precipitation_mm": 0.0, "temperature_c": 25.238509418519524, "humidity_pct": 88.936495890559598, "cloud_cover_pct": 87.254011014003751, "wind_speed_ms": 9.5641580891063853, "forecast_datetime": "2026-10-03T23:00:00", "source": "BMKG ADM4 forecast points + IDW", "boundary": "SERPRO Carbon Project Zone", "interpretation": "Forecast surface clipped to project boundary; not direct station observation" }, "geometry": { "type": "Point", "coordinates": [ 112.671323141036808, -3.157931025996719 ] } },
{ "type": "Feature", "properties": { "precipitation_mm": 0.0, "temperature_c": 25.190571984575836, "humidity_pct": 89.170885102124359, "cloud_cover_pct": 87.279232109847271, "wind_speed_ms": 9.4137214697716907, "forecast_datetime": "2026-10-03T23:00:00", "source": "BMKG ADM4 forecast points + IDW", "boundary": "SERPRO Carbon Project Zone", "interpretation": "Forecast surface clipped to project boundary; not direct station observation" }, "geometry": { "type": "Point", "coordinates": [ 112.671308700934475, -3.14888786173208 ] } },
{ "type": "Feature", "properties": { "precipitation_mm": 0.0, "temperature_c": 25.143690571193552, "humidity_pct": 89.39600605631064, "cloud_cover_pct": 87.304400434479518, "wind_speed_ms": 9.2754220134138219, "forecast_datetime": "2026-10-03T23:00:00", "source": "BMKG ADM4 forecast points + IDW", "boundary": "SERPRO Carbon Project Zone", "interpretation": "Forecast surface clipped to project boundary; not direct station observation" }, "geometry": { "type": "Point", "coordinates": [ 112.671294302449382, -3.139844695829249 ] } },
{ "type": "Feature", "properties": { "precipitation_mm": 0.0, "temperature_c": 25.097854900157127, "humidity_pct": 89.612013818359756, "cloud_cover_pct": 87.329215011547632, "wind_speed_ms": 9.1482923705223147, "forecast_datetime": "2026-10-03T23:00:00", "source": "BMKG ADM4 forecast points + IDW", "boundary": "SERPRO Carbon Project Zone", "interpretation": "Forecast surface clipped to project boundary; not direct station observation" }, "geometry": { "type": "Point", "coordinates": [ 112.671279945579741, -3.130801528292915 ] } },
{ "type": "Feature", "properties": { "precipitation_mm": 0.0, "temperature_c": 25.053152824383034, "humidity_pct": 89.818788462363003, "cloud_cover_pct": 87.353400913541307, "wind_speed_ms": 9.0314915840235379, "forecast_datetime": "2026-10-03T23:00:00", "source": "BMKG ADM4 forecast points + IDW", "boundary": "SERPRO Carbon Project Zone", "interpretation": "Forecast surface clipped to project boundary; not direct station observation" }, "geometry": { "type": "Point", "coordinates": [ 112.671265630323774, -3.121758359127762 ] } },
{ "type": "Feature", "properties": { "precipitation_mm": 0.0, "temperature_c": 25.0097639817286, "humidity_pct": 90.015935733837537, "cloud_cover_pct": 87.376707612682864, "wind_speed_ms": 8.9243360263120817, "forecast_datetime": "2026-10-03T23:00:00", "source": "BMKG ADM4 forecast points + IDW", "boundary": "SERPRO Carbon Project Zone", "interpretation": "Forecast surface clipped to project boundary; not direct station observation" }, "geometry": { "type": "Point", "coordinates": [ 112.671251356679704, -3.112715188338483 ] } },
{ "type": "Feature", "properties": { "precipitation_mm": 0.0, "temperature_c": 24.967937564289574, "humidity_pct": 90.202853350798904, "cloud_cover_pct": 87.398908237991293, "wind_speed_ms": 8.8262826953391471, "forecast_datetime": "2026-10-03T23:00:00", "source": "BMKG ADM4 forecast points + IDW", "boundary": "SERPRO Carbon Project Zone", "interpretation": "Forecast surface clipped to project boundary; not direct station observation" }, "geometry": { "type": "Point", "coordinates": [ 112.671237124645799, -3.103672015929761 ] } },
{ "type": "Feature", "properties": { "precipitation_mm": 0.0, "temperature_c": 24.927962205997805, "humidity_pct": 90.378828121335943, "cloud_cover_pct": 87.419800622270657, "wind_speed_ms": 8.7368930786874586, "forecast_datetime": "2026-10-03T23:00:00", "source": "BMKG ADM4 forecast points + IDW", "boundary": "SERPRO Carbon Project Zone", "interpretation": "Forecast surface clipped to project boundary; not direct station observation" }, "geometry": { "type": "Point", "coordinates": [ 112.671222934220253, -3.094628841906287 ] } },
{ "type": "Feature", "properties": { "precipitation_mm": 0.0, "temperature_c": 24.890133536214844, "humidity_pct": 90.543142035596077, "cloud_cover_pct": 87.439210324853661, "wind_speed_ms": 8.6557921740852972, "forecast_datetime": "2026-10-03T23:00:00", "source": "BMKG ADM4 forecast points + IDW", "boundary": "SERPRO Carbon Project Zone", "interpretation": "Forecast surface clipped to project boundary; not direct station observation" }, "geometry": { "type": "Point", "coordinates": [ 112.671208785401362, -3.085585666272749 ] } },
{ "type": "Feature", "properties": { "precipitation_mm": 0.0, "temperature_c": 24.854723690504837, "humidity_pct": 90.695171699641278, "cloud_cover_pct": 87.456995028620838, "wind_speed_ms": 8.5826304859591307, "forecast_datetime": "2026-10-03T23:00:00", "source": "BMKG ADM4 forecast points + IDW", "boundary": "SERPRO Carbon Project Zone", "interpretation": "Forecast surface clipped to project boundary; not direct station observation" }, "geometry": { "type": "Point", "coordinates": [ 112.671194678187348, -3.076542489033836 ] } },
{ "type": "Feature", "properties": { "precipitation_mm": 0.0, "temperature_c": 24.82195612638214, "humidity_pct": 90.834469387327758, "cloud_cover_pct": 87.473049183576705, "wind_speed_ms": 8.5170534017643433, "forecast_datetime": "2026-10-03T23:00:00", "source": "BMKG ADM4 forecast points + IDW", "boundary": "SERPRO Carbon Project Zone", "interpretation": "Forecast surface clipped to project boundary; not direct station observation" }, "geometry": { "type": "Point", "coordinates": [ 112.671180612576492, -3.067499310194236 ] } },
{ "type": "Feature", "properties": { "precipitation_mm": 0.0, "temperature_c": 24.791988012270512, "humidity_pct": 90.96081792836317, "cloud_cover_pct": 87.487307645168258, "wind_speed_ms": 8.4586802315348688, "forecast_datetime": "2026-10-03T23:00:00", "source": "BMKG ADM4 forecast points + IDW", "boundary": "SERPRO Carbon Project Zone", "interpretation": "Forecast surface clipped to project boundary; not direct station observation" }, "geometry": { "type": "Point", "coordinates": [ 112.671166588567047, -3.058456129758638 ] } },
{ "type": "Feature", "properties": { "precipitation_mm": 0.0, "temperature_c": 24.764901183511022, "humidity_pct": 91.074256153987136, "cloud_cover_pct": 87.49974730234878, "wind_speed_ms": 8.4070934961668247, "forecast_datetime": "2026-10-03T23:00:00", "source": "BMKG ADM4 forecast points + IDW", "boundary": "SERPRO Carbon Project Zone", "interpretation": "Forecast surface clipped to project boundary; not direct station observation" }, "geometry": { "type": "Point", "coordinates": [ 112.671152606157278, -3.049412947731731 ] } },
{ "type": "Feature", "properties": { "precipitation_mm": 0.0, "temperature_c": 24.740701368754266, "humidity_pct": 91.175076150770238, "cloud_cover_pct": 87.510386168945402, "wind_speed_ms": 8.3618376049166816, "forecast_datetime": "2026-10-03T23:00:00", "source": "BMKG ADM4 forecast points + IDW", "boundary": "SERPRO Carbon Project Zone", "interpretation": "Forecast surface clipped to project boundary; not direct station observation" }, "geometry": { "type": "Point", "coordinates": [ 112.671138665345467, -3.040369764118204 ] } },
{ "type": "Feature", "properties": { "precipitation_mm": 0.0, "temperature_c": 24.719324328417887, "humidity_pct": 91.26379727330503, "cloud_cover_pct": 87.519279947520076, "wind_speed_ms": 8.3224249869315656, "forecast_datetime": "2026-10-03T23:00:00", "source": "BMKG ADM4 forecast points + IDW", "boundary": "SERPRO Carbon Project Zone", "interpretation": "Forecast surface clipped to project boundary; not direct station observation" }, "geometry": { "type": "Point", "coordinates": [ 112.671124766129864, -3.031326578922747 ] } },
{ "type": "Feature", "properties": { "precipitation_mm": 0.0, "temperature_c": 24.70064689338674, "humidity_pct": 91.34112410186934, "cloud_cover_pct": 87.526516519515098, "wind_speed_ms": 8.2883471644997719, "forecast_datetime": "2026-10-03T23:00:00", "source": "BMKG ADM4 forecast points + IDW", "boundary": "SERPRO Carbon Project Zone", "interpretation": "Forecast surface clipped to project boundary; not direct station observation" }, "geometry": { "type": "Point", "coordinates": [ 112.671110908508808, -3.022283392150048 ] } },
{ "type": "Feature", "properties": { "precipitation_mm": 0.0, "temperature_c": 24.684500698521632, "humidity_pct": 91.407896126157226, "cloud_cover_pct": 87.532209084029446, "wind_speed_ms": 8.2590881947309391, "forecast_datetime": "2026-10-03T23:00:00", "source": "BMKG ADM4 forecast points + IDW", "boundary": "SERPRO Carbon Project Zone", "interpretation": "Forecast surface clipped to project boundary; not direct station observation" }, "geometry": { "type": "Point", "coordinates": [ 112.671097092480551, -3.013240203804798 ] } },
{ "type": "Feature", "properties": { "precipitation_mm": 0.0, "temperature_c": 24.670686602719861, "humidity_pct": 91.465036151577408, "cloud_cover_pct": 87.536488744284057, "wind_speed_ms": 8.234138258052889, "forecast_datetime": "2026-10-03T23:00:00", "source": "BMKG ADM4 forecast points + IDW", "boundary": "SERPRO Carbon Project Zone", "interpretation": "Forecast surface clipped to project boundary; not direct station observation" }, "geometry": { "type": "Point", "coordinates": [ 112.671083318043372, -3.004197013891686 ] } },
{ "type": "Feature", "properties": { "precipitation_mm": 0.0, "temperature_c": 24.658988234537947, "humidity_pct": 91.513502774383227, "cloud_cover_pct": 87.539497261912231, "wind_speed_ms": 8.213005764153424, "forecast_datetime": "2026-10-03T23:00:00", "source": "BMKG ADM4 forecast points + IDW", "boundary": "SERPRO Carbon Project Zone", "interpretation": "Forecast surface clipped to project boundary; not direct station observation" }, "geometry": { "type": "Point", "coordinates": [ 112.67106958519561, -2.995153822415402 ] } },
{ "type": "Feature", "properties": { "precipitation_mm": 0.0, "temperature_c": 24.649183645859505, "humidity_pct": 91.554250310061917, "cloud_cover_pct": 87.541380525741872, "wind_speed_ms": 8.1952270030733061, "forecast_datetime": "2026-10-03T23:00:00", "source": "BMKG ADM4 forecast points + IDW", "boundary": "SERPRO Carbon Project Zone", "interpretation": "Forecast surface clipped to project boundary; not direct station observation" }, "geometry": { "type": "Point", "coordinates": [ 112.671055893935545, -2.986110629380635 ] } },
{ "type": "Feature", "properties": { "precipitation_mm": 0.0, "temperature_c": 24.641054571845729, "humidity_pct": 91.588197725604033, "cloud_cover_pct": 87.542283075134478, "wind_speed_ms": 8.1803729577292685, "forecast_datetime": "2026-10-03T23:00:00", "source": "BMKG ADM4 forecast points + IDW", "boundary": "SERPRO Carbon Project Zone", "interpretation": "Forecast surface clipped to project boundary; not direct station observation" }, "geometry": { "type": "Point", "coordinates": [ 112.6710422442615, -2.977067434792076 ] } },
{ "type": "Feature", "properties": { "precipitation_mm": 0.0, "temperature_c": 24.63439320842787, "humidity_pct": 91.616206680544863, "cloud_cover_pct": 87.542343824787054, "wind_speed_ms": 8.1680533406185738, "forecast_datetime": "2026-10-03T23:00:00", "source": "BMKG ADM4 forecast points + IDW", "boundary": "SERPRO Carbon Project Zone", "interpretation": "Forecast surface clipped to project boundary; not direct station observation" }, "geometry": { "type": "Point", "coordinates": [ 112.671028636171769, -2.968024238654416 ] } },
{ "type": "Feature", "properties": { "precipitation_mm": 0.0, "temperature_c": 24.629006701168294, "humidity_pct": 91.639067813552174, "cloud_cover_pct": 87.541692984912643, "wind_speed_ms": 8.1579182023052059, "forecast_datetime": "2026-10-03T23:00:00", "source": "BMKG ADM4 forecast points + IDW", "boundary": "SERPRO Carbon Project Zone", "interpretation": "Forecast surface clipped to project boundary; not direct station observation" }, "geometry": { "type": "Point", "coordinates": [ 112.671015069664705, -2.958981040972344 ] } },
{ "type": "Feature", "properties": { "precipitation_mm": 0.0, "temperature_c": 24.624719697985501, "humidity_pct": 91.657493888932947, "cloud_cover_pct": 87.540450066947315, "wind_speed_ms": 8.1496575997638896, "forecast_datetime": "2026-10-03T23:00:00", "source": "BMKG ADM4 forecast points + IDW", "boundary": "SERPRO Carbon Project Zone", "interpretation": "Forecast surface clipped to project boundary; not direct station observation" }, "geometry": { "type": "Point", "coordinates": [ 112.671001544738601, -2.949937841750552 ] } },
{ "type": "Feature", "properties": { "precipitation_mm": 0.0, "temperature_c": 24.621375378169709, "humidity_pct": 91.672118244743316, "cloud_cover_pct": 87.53872280729955, "wind_speed_ms": 8.1429998439621478, "forecast_datetime": "2026-10-03T23:00:00", "source": "BMKG ADM4 forecast points + IDW", "boundary": "SERPRO Carbon Project Zone", "interpretation": "Forecast surface clipped to project boundary; not direct station observation" }, "geometry": { "type": "Point", "coordinates": [ 112.670988061391824, -2.940894640993729 ] } },
{ "type": "Feature", "properties": { "precipitation_mm": 0.0, "temperature_c": 24.61883536215494, "humidity_pct": 91.683497047524099, "cloud_cover_pct": 87.536606820745703, "wind_speed_ms": 8.1377088067704104, "forecast_datetime": "2026-10-03T23:00:00", "source": "BMKG ADM4 forecast points + IDW", "boundary": "SERPRO Carbon Project Zone", "interpretation": "Forecast surface clipped to project boundary; not direct station observation" }, "geometry": { "type": "Point", "coordinates": [ 112.670974619622655, -2.931851438706567 ] } },
{ "type": "Feature", "properties": { "precipitation_mm": 0.0, "temperature_c": 24.616978858978747, "humidity_pct": 91.692114055566847, "cloud_cover_pct": 87.534185799663533, "wind_speed_ms": 8.1335806907299357, "forecast_datetime": "2026-10-03T23:00:00", "source": "BMKG ADM4 forecast points + IDW", "boundary": "SERPRO Carbon Project Zone", "interpretation": "Forecast surface clipped to project boundary; not direct station observation" }, "geometry": { "type": "Point", "coordinates": [ 112.670961219429486, -2.922808234893756 ] } },
{ "type": "Feature", "properties": { "precipitation_mm": 0.0, "temperature_c": 25.592949318010874, "humidity_pct": 87.120402203747716, "cloud_cover_pct": 87.117026004801517, "wind_speed_ms": 10.95071648763706, "forecast_datetime": "2026-10-03T23:00:00", "source": "BMKG ADM4 forecast points + IDW", "boundary": "SERPRO Carbon Project Zone", "interpretation": "Forecast surface clipped to project boundary; not direct station observation" }, "geometry": { "type": "Point", "coordinates": [ 112.680392805444924, -3.203132038433743 ] } },
{ "type": "Feature", "properties": { "precipitation_mm": 0.0, "temperature_c": 25.531094753089793, "humidity_pct": 87.439933418766998, "cloud_cover_pct": 87.138739254887241, "wind_speed_ms": 10.699135455538459, "forecast_datetime": "2026-10-03T23:00:00", "source": "BMKG ADM4 forecast points + IDW", "boundary": "SERPRO Carbon Project Zone", "interpretation": "Forecast surface clipped to project boundary; not direct station observation" }, "geometry": { "type": "Point", "coordinates": [ 112.68037807847098, -3.194088924252387 ] } },
{ "type": "Feature", "properties": { "precipitation_mm": 0.0, "temperature_c": 25.468885680865235, "humidity_pct": 87.759854492335094, "cloud_cover_pct": 87.162171033203336, "wind_speed_ms": 10.452629639328084, "forecast_datetime": "2026-10-03T23:00:00", "source": "BMKG ADM4 forecast points + IDW", "boundary": "SERPRO Carbon Project Zone", "interpretation": "Forecast surface clipped to project boundary; not direct station observation" }, "geometry": { "type": "Point", "coordinates": [ 112.680363393347037, -3.185045808408702 ] } },
{ "type": "Feature", "properties": { "precipitation_mm": 0.0, "temperature_c": 25.408189281711628, "humidity_pct": 88.069948714546982, "cloud_cover_pct": 87.186700683693857, "wind_speed_ms": 10.219944715206452, "forecast_datetime": "2026-10-03T23:00:00", "source": "BMKG ADM4 forecast points + IDW", "boundary": "SERPRO Carbon Project Zone", "interpretation": "Forecast surface clipped to project boundary; not direct station observation" }, "geometry": { "type": "Point", "coordinates": [ 112.680348750071289, -3.176002690907379 ] } },
{ "type": "Feature", "properties": { "precipitation_mm": 0.0, "temperature_c": 25.349844573406358, "humidity_pct": 88.365368222910064, "cloud_cover_pct": 87.211862846366728, "wind_speed_ms": 10.005041933723257, "forecast_datetime": "2026-10-03T23:00:00", "source": "BMKG ADM4 forecast points + IDW", "boundary": "SERPRO Carbon Project Zone", "interpretation": "Forecast surface clipped to project boundary; not direct station observation" }, "geometry": { "type": "Point", "coordinates": [ 112.680334148641904, -3.166959571753105 ] } },
{ "type": "Feature", "properties": { "precipitation_mm": 0.0, "temperature_c": 25.29405775324447, "humidity_pct": 88.644636190099376, "cloud_cover_pct": 87.23729580842371, "wind_speed_ms": 9.8088306957305722, "forecast_datetime": "2026-10-03T23:00:00", "source": "BMKG ADM4 forecast points + IDW", "boundary": "SERPRO Carbon Project Zone", "interpretation": "Forecast surface clipped to project boundary; not direct station observation" }, "geometry": { "type": "Point", "coordinates": [ 112.68031958905712, -3.157916450950571 ] } },
{ "type": "Feature", "properties": { "precipitation_mm": 0.0, "temperature_c": 25.240728795949305, "humidity_pct": 88.908001194341836, "cloud_cover_pct": 87.262700703332655, "wind_speed_ms": 9.6305979162756099, "forecast_datetime": "2026-10-03T23:00:00", "source": "BMKG ADM4 forecast points + IDW", "boundary": "SERPRO Carbon Project Zone", "interpretation": "Forecast surface clipped to project boundary; not direct station observation" }, "geometry": { "type": "Point", "coordinates": [ 112.68030507131509, -3.148873328504465 ] } },
{ "type": "Feature", "properties": { "precipitation_mm": 0.0, "temperature_c": 25.189665752210718, "humidity_pct": 89.156359968396089, "cloud_cover_pct": 87.287816708448318, "wind_speed_ms": 9.4689484907433705, "forecast_datetime": "2026-10-03T23:00:00", "source": "BMKG ADM4 forecast points + IDW", "boundary": "SERPRO Carbon Project Zone", "interpretation": "Forecast surface clipped to project boundary; not direct station observation" }, "geometry": { "type": "Point", "coordinates": [ 112.68029059541405, -3.139830204419477 ] } },
{ "type": "Feature", "properties": { "precipitation_mm": 0.0, "temperature_c": 25.140702393692937, "humidity_pct": 89.390662451065083, "cloud_cover_pct": 87.312408268250692, "wind_speed_ms": 9.3223330969966316, "forecast_datetime": "2026-10-03T23:00:00", "source": "BMKG ADM4 forecast points + IDW", "boundary": "SERPRO Carbon Project Zone", "interpretation": "Forecast surface clipped to project boundary; not direct station observation" }, "geometry": { "type": "Point", "coordinates": [ 112.680276161352225, -3.130787078700297 ] } },
{ "type": "Feature", "properties": { "precipitation_mm": 0.0, "temperature_c": 25.093749365391115, "humidity_pct": 89.611641985703912, "cloud_cover_pct": 87.336259343159185, "wind_speed_ms": 9.1893009251104623, "forecast_datetime": "2026-10-03T23:00:00", "source": "BMKG ADM4 forecast points + IDW", "boundary": "SERPRO Carbon Project Zone", "interpretation": "Forecast surface clipped to project boundary; not direct station observation" }, "geometry": { "type": "Point", "coordinates": [ 112.68026176912781, -3.121743951351615 ] } },
{ "type": "Feature", "properties": { "precipitation_mm": 0.0, "temperature_c": 25.048804833886361, "humidity_pct": 89.819738077494307, "cloud_cover_pct": 87.359171427285602, "wind_speed_ms": 9.0685929356793871, "forecast_datetime": "2026-10-03T23:00:00", "source": "BMKG ADM4 forecast points + IDW", "boundary": "SERPRO Carbon Project Zone", "interpretation": "Forecast surface clipped to project boundary; not direct station observation" }, "geometry": { "type": "Point", "coordinates": [ 112.680247418739015, -3.112700822378121 ] } },
{ "type": "Feature", "properties": { "precipitation_mm": 0.0, "temperature_c": 25.005942557667069, "humidity_pct": 90.015122722452318, "cloud_cover_pct": 87.380963802844974, "wind_speed_ms": 8.9591522565327892, "forecast_datetime": "2026-10-03T23:00:00", "source": "BMKG ADM4 forecast points + IDW", "boundary": "SERPRO Carbon Project Zone", "interpretation": "Forecast surface clipped to project boundary; not direct station observation" }, "geometry": { "type": "Point", "coordinates": [ 112.680233110184105, -3.103657691784503 ] } },
{ "type": "Feature", "properties": { "precipitation_mm": 0.0, "temperature_c": 24.965288764307861, "humidity_pct": 90.197776206409188, "cloud_cover_pct": 87.401475403220132, "wind_speed_ms": 8.8600966279421662, "forecast_datetime": "2026-10-03T23:00:00", "source": "BMKG ADM4 forecast points + IDW", "boundary": "SERPRO Carbon Project Zone", "interpretation": "Forecast surface clipped to project boundary; not direct station observation" }, "geometry": { "type": "Point", "coordinates": [ 112.68021884346129, -3.094614559575454 ] } },
{ "type": "Feature", "properties": { "precipitation_mm": 0.0, "temperature_c": 24.926995041168418, "humidity_pct": 90.367580282857901, "cloud_cover_pct": 87.420567858115717, "wind_speed_ms": 8.7706774178104663, "forecast_datetime": "2026-10-03T23:00:00", "source": "BMKG ADM4 forecast points + IDW", "boundary": "SERPRO Carbon Project Zone", "interpretation": "Forecast surface clipped to project boundary; not direct station observation" }, "geometry": { "type": "Point", "coordinates": [ 112.680204618568808, -3.085571425755663 ] } },
{ "type": "Feature", "properties": { "precipitation_mm": 0.0, "temperature_c": 24.891211973792974, "humidity_pct": 90.524409254499602, "cloud_cover_pct": 87.438129154132852, "wind_speed_ms": 8.6902380445674225, "forecast_datetime": "2026-10-03T23:00:00", "source": "BMKG ADM4 forecast points + IDW", "boundary": "SERPRO Carbon Project Zone", "interpretation": "Forecast surface clipped to project boundary; not direct station observation" }, "geometry": { "type": "Point", "coordinates": [ 112.680190435504926, -3.076528290329821 ] } },
{ "type": "Feature", "properties": { "precipitation_mm": 0.0, "temperature_c": 24.858066688225733, "humidity_pct": 90.668206927764018, "cloud_cover_pct": 87.454077172829713, "wind_speed_ms": 8.6181782536551843, "forecast_datetime": "2026-10-03T23:00:00", "source": "BMKG ADM4 forecast points + IDW", "boundary": "SERPRO Carbon Project Zone", "interpretation": "Forecast surface clipped to project boundary; not direct station observation" }, "geometry": { "type": "Point", "coordinates": [ 112.680176294267852, -3.067485153302618 ] } },
{ "type": "Feature", "properties": { "precipitation_mm": 0.0, "temperature_c": 24.82764623113048, "humidity_pct": 90.799042544999665, "cloud_cover_pct": 87.468362338733314, "wind_speed_ms": 8.5539271139337458, "forecast_datetime": "2026-10-03T23:00:00", "source": "BMKG ADM4 forecast points + IDW", "boundary": "SERPRO Carbon Project Zone", "interpretation": "Forecast surface clipped to project boundary; not direct station observation" }, "geometry": { "type": "Point", "coordinates": [ 112.680162194855882, -3.058442014678746 ] } },
{ "type": "Feature", "properties": { "precipitation_mm": 0.0, "temperature_c": 24.799987627492641, "humidity_pct": 90.917142975961937, "cloud_cover_pct": 87.480968762873786, "wind_speed_ms": 8.4969254287354659, "forecast_datetime": "2026-10-03T23:00:00", "source": "BMKG ADM4 forecast points + IDW", "boundary": "SERPRO Carbon Project Zone", "interpretation": "Forecast surface clipped to project boundary; not direct station observation" }, "geometry": { "type": "Point", "coordinates": [ 112.680148137267253, -3.049398874462895 ] } },
{ "type": "Feature", "properties": { "precipitation_mm": 0.0, "temperature_c": 24.775074478493789, "humidity_pct": 91.02290198020242, "cloud_cover_pct": 87.491913553907978, "wind_speed_ms": 8.4466168471479008, "forecast_datetime": "2026-10-03T23:00:00", "source": "BMKG ADM4 forecast points + IDW", "boundary": "SERPRO Carbon Project Zone", "interpretation": "Forecast surface clipped to project boundary; not direct station observation" }, "geometry": { "type": "Point", "coordinates": [ 112.680134121500231, -3.040355732659756 ] } },
{ "type": "Feature", "properties": { "precipitation_mm": 0.0, "temperature_c": 24.752839185653858, "humidity_pct": 91.11687006290299, "cloud_cover_pct": 87.501244299157705, "wind_speed_ms": 8.4024460786311064, "forecast_datetime": "2026-10-03T23:00:00", "source": "BMKG ADM4 forecast points + IDW", "boundary": "SERPRO Carbon Project Zone", "interpretation": "Forecast surface clipped to project boundary; not direct station observation" }, "geometry": { "type": "Point", "coordinates": [ 112.680120147553083, -3.031312589274021 ] } },
{ "type": "Feature", "properties": { "precipitation_mm": 0.0, "temperature_c": 24.733169393082797, "humidity_pct": 91.199730108467094, "cloud_cover_pct": 87.509035005241628, "wind_speed_ms": 8.3638621792473291, "forecast_datetime": "2026-10-03T23:00:00", "source": "BMKG ADM4 forecast points + IDW", "boundary": "SERPRO Carbon Project Zone", "interpretation": "Forecast surface clipped to project boundary; not direct station observation" }, "geometry": { "type": "Point", "coordinates": [ 112.68010621542409, -3.022269444310382 ] } },
{ "type": "Feature", "properties": { "precipitation_mm": 0.0, "temperature_c": 24.715917053789205, "humidity_pct": 91.272264529315095, "cloud_cover_pct": 87.515380975925112, "wind_speed_ms": 8.330324829141464, "forecast_datetime": "2026-10-03T23:00:00", "source": "BMKG ADM4 forecast points + IDW", "boundary": "SERPRO Carbon Project Zone", "interpretation": "Forecast surface clipped to project boundary; not direct station observation" }, "geometry": { "type": "Point", "coordinates": [ 112.680092325111545, -3.013226297773528 ] } },
{ "type": "Feature", "properties": { "precipitation_mm": 0.0, "temperature_c": 24.700908609791487, "humidity_pct": 91.335319271138161, "cloud_cover_pct": 87.520393175614643, "wind_speed_ms": 8.3013117659852842, "forecast_datetime": "2026-10-03T23:00:00", "source": "BMKG ADM4 forecast points + IDW", "boundary": "SERPRO Carbon Project Zone", "interpretation": "Forecast surface clipped to project boundary; not direct station observation" }, "geometry": { "type": "Point", "coordinates": [ 112.680078476613701, -3.004183149668154 ] } },
{ "type": "Feature", "properties": { "precipitation_mm": 0.0, "temperature_c": 24.687955046053347, "humidity_pct": 91.389768979868535, "cloud_cover_pct": 87.524192595302111, "wind_speed_ms": 8.2763259601802144, "forecast_datetime": "2026-10-03T23:00:00", "source": "BMKG ADM4 forecast points + IDW", "boundary": "SERPRO Carbon Project Zone", "interpretation": "Forecast surface clipped to project boundary; not direct station observation" }, "geometry": { "type": "Point", "coordinates": [ 112.680064669928882, -2.995139999998949 ] } },
{ "type": "Feature", "properties": { "precipitation_mm": 0.0, "temperature_c": 24.676860938142017, "humidity_pct": 91.436486310213581, "cloud_cover_pct": 87.526905036929975, "wind_speed_ms": 8.2549015980283134, "forecast_datetime": "2026-10-03T23:00:00", "source": "BMKG ADM4 forecast points + IDW", "boundary": "SERPRO Carbon Project Zone", "interpretation": "Forecast surface clipped to project boundary; not direct station observation" }, "geometry": { "type": "Point", "coordinates": [ 112.680050905055367, -2.986096848770607 ] } },
{ "type": "Feature", "properties": { "precipitation_mm": 0.0, "temperature_c": 24.667431978724125, "humidity_pct": 91.476317039530869, "cloud_cover_pct": 87.528656599463062, "wind_speed_ms": 8.2366083869527547, "forecast_datetime": "2026-10-03T23:00:00", "source": "BMKG ADM4 forecast points + IDW", "boundary": "SERPRO Carbon Project Zone", "interpretation": "Forecast surface clipped to project boundary; not direct station observation" }, "geometry": { "type": "Point", "coordinates": [ 112.680037181991452, -2.977053695987819 ] } },
{ "type": "Feature", "properties": { "precipitation_mm": 0.0, "temperature_c": 24.659480781293855, "humidity_pct": 91.510061542288724, "cloud_cover_pct": 87.529570016706572, "wind_speed_ms": 8.2210540563706722, "forecast_datetime": "2026-10-03T23:00:00", "source": "BMKG ADM4 forecast points + IDW", "boundary": "SERPRO Carbon Project Zone", "interpretation": "Forecast surface clipped to project boundary; not direct station observation" }, "geometry": { "type": "Point", "coordinates": [ 112.680023500735444, -2.968010541655276 ] } },
{ "type": "Feature", "properties": { "precipitation_mm": 0.0, "temperature_c": 24.652830992966805, "humidity_pct": 91.538462371044616, "cloud_cover_pct": 87.529761883648717, "wind_speed_ms": 8.207885178005137, "forecast_datetime": "2026-10-03T23:00:00", "source": "BMKG ADM4 forecast points + IDW", "boundary": "SERPRO Carbon Project Zone", "interpretation": "Forecast surface clipped to project boundary; not direct station observation" }, "geometry": { "type": "Point", "coordinates": [ 112.680009861285654, -2.958967385777674 ] } },
{ "type": "Feature", "properties": { "precipitation_mm": 0.0, "temperature_c": 24.647319897680479, "humidity_pct": 91.562197186867536, "cloud_cover_pct": 87.529340724445319, "wind_speed_ms": 8.1967865751772919, "forecast_datetime": "2026-10-03T23:00:00", "source": "BMKG ADM4 forecast points + IDW", "boundary": "SERPRO Carbon Project Zone", "interpretation": "Forecast surface clipped to project boundary; not direct station observation" }, "geometry": { "type": "Point", "coordinates": [ 112.679996263640419, -2.949924228359702 ] } },
{ "type": "Feature", "properties": { "precipitation_mm": 0.0, "temperature_c": 24.642799767749967, "humidity_pct": 91.581876040176326, "cloud_cover_pct": 87.52840580223436, "wind_speed_ms": 8.1874796516046793, "forecast_datetime": "2026-10-03T23:00:00", "source": "BMKG ADM4 forecast points + IDW", "boundary": "SERPRO Carbon Project Zone", "interpretation": "Forecast surface clipped to project boundary; not direct station observation" }, "geometry": { "type": "Point", "coordinates": [ 112.679982707798047, -2.940881069406055 ] } },
{ "type": "Feature", "properties": { "precipitation_mm": 0.0, "temperature_c": 24.639138243323181, "humidity_pct": 91.598041954353306, "cloud_cover_pct": 87.52704654467972, "wind_speed_ms": 8.1797199712467847, "forecast_datetime": "2026-10-03T23:00:00", "source": "BMKG ADM4 forecast points + IDW", "boundary": "SERPRO Carbon Project Zone", "interpretation": "Forecast surface clipped to project boundary; not direct station observation" }, "geometry": { "type": "Point", "coordinates": [ 112.679969193756847, -2.931837908921424 ] } },
{ "type": "Feature", "properties": { "precipitation_mm": 0.0, "temperature_c": 24.636218004571411, "humidity_pct": 91.611173840455137, "cloud_cover_pct": 87.525342453073279, "wind_speed_ms": 8.1732943852534117, "forecast_datetime": "2026-10-03T23:00:00", "source": "BMKG ADM4 forecast points + IDW", "boundary": "SERPRO Carbon Project Zone", "interpretation": "Forecast surface clipped to project boundary; not direct station observation" }, "geometry": { "type": "Point", "coordinates": [ 112.679955721515185, -2.922794746910503 ] } },
{ "type": "Feature", "properties": { "precipitation_mm": 0.0, "temperature_c": 25.68070628412929, "humidity_pct": 86.661915845231945, "cloud_cover_pct": 87.094922989492005, "wind_speed_ms": 11.338994135162185, "forecast_datetime": "2026-10-03T23:00:00", "source": "BMKG ADM4 forecast points + IDW", "boundary": "SERPRO Carbon Project Zone", "interpretation": "Forecast surface clipped to project boundary; not direct station observation" }, "geometry": { "type": "Point", "coordinates": [ 112.68938960316865, -3.203117175008821 ] } },
{ "type": "Feature", "properties": { "precipitation_mm": 0.0, "temperature_c": 25.611523088027788, "humidity_pct": 87.019448903157723, "cloud_cover_pct": 87.118256543789371, "wind_speed_ms": 11.055376848945926, "forecast_datetime": "2026-10-03T23:00:00", "source": "BMKG ADM4 forecast points + IDW", "boundary": "SERPRO Carbon Project Zone", "interpretation": "Forecast surface clipped to project boundary; not direct station observation" }, "geometry": { "type": "Point", "coordinates": [ 112.689374797437893, -3.194074102873734 ] } },
{ "type": "Feature", "properties": { "precipitation_mm": 0.0, "temperature_c": 25.541628086353143, "humidity_pct": 87.379184083639444, "cloud_cover_pct": 87.143201854903353, "wind_speed_ms": 10.774888991045058, "forecast_datetime": "2026-10-03T23:00:00", "source": "BMKG ADM4 forecast points + IDW", "boundary": "SERPRO Carbon Project Zone", "interpretation": "Forecast surface clipped to project boundary; not direct station observation" }, "geometry": { "type": "Point", "coordinates": [ 112.689360033780915, -3.185031029075613 ] } },
{ "type": "Feature", "properties": { "precipitation_mm": 0.0, "temperature_c": 25.473514958474244, "humidity_pct": 87.727759205426352, "cloud_cover_pct": 87.168997634390806, "wind_speed_ms": 10.508840349935046, "forecast_datetime": "2026-10-03T23:00:00", "source": "BMKG ADM4 forecast points + IDW", "boundary": "SERPRO Carbon Project Zone", "interpretation": "Forecast surface clipped to project boundary; not direct station observation" }, "geometry": { "type": "Point", "coordinates": [ 112.689345312195925, -3.175987953619153 ] } },
{ "type": "Feature", "properties": { "precipitation_mm": 0.0, "temperature_c": 25.408444850162773, "humidity_pct": 88.058256300083201, "cloud_cover_pct": 87.195113060252581, "wind_speed_ms": 10.262901788423049, "forecast_datetime": "2026-10-03T23:00:00", "source": "BMKG ADM4 forecast points + IDW", "boundary": "SERPRO Carbon Project Zone", "interpretation": "Forecast surface clipped to project boundary; not direct station observation" }, "geometry": { "type": "Point", "coordinates": [ 112.689330632681106, -3.166944876509044 ] } },
{ "type": "Feature", "properties": { "precipitation_mm": 0.0, "temperature_c": 25.346851184180775, "humidity_pct": 88.368130465450378, "cloud_cover_pct": 87.221179927899215, "wind_speed_ms": 10.038889499630463, "forecast_datetime": "2026-10-03T23:00:00", "source": "BMKG ADM4 forecast points + IDW", "boundary": "SERPRO Carbon Project Zone", "interpretation": "Forecast surface clipped to project boundary; not direct station observation" }, "geometry": { "type": "Point", "coordinates": [ 112.689315995234651, -3.157901797749976 ] } },
{ "type": "Feature", "properties": { "precipitation_mm": 0.0, "temperature_c": 25.288709498987881, "humidity_pct": 88.657320864676919, "cloud_cover_pct": 87.246930150418237, "wind_speed_ms": 9.8363903125953556, "forecast_datetime": "2026-10-03T23:00:00", "source": "BMKG ADM4 forecast points + IDW", "boundary": "SERPRO Carbon Project Zone", "interpretation": "Forecast surface clipped to project boundary; not direct station observation" }, "geometry": { "type": "Point", "coordinates": [ 112.689301399854713, -3.148858717346641 ] } },
{ "type": "Feature", "properties": { "precipitation_mm": 0.0, "temperature_c": 25.233800366937626, "humidity_pct": 88.926909746745565, "cloud_cover_pct": 87.272152345140569, "wind_speed_ms": 9.653918017735764, "forecast_datetime": "2026-10-03T23:00:00", "source": "BMKG ADM4 forecast points + IDW", "boundary": "SERPRO Carbon Project Zone", "interpretation": "Forecast surface clipped to project boundary; not direct station observation" }, "geometry": { "type": "Point", "coordinates": [ 112.689286846539531, -3.139815635303731 ] } },
{ "type": "Feature", "properties": { "precipitation_mm": 0.0, "temperature_c": 25.181867359782331, "humidity_pct": 89.178314285774732, "cloud_cover_pct": 87.296666488947878, "wind_speed_ms": 9.4896164819565243, "forecast_datetime": "2026-10-03T23:00:00", "source": "BMKG ADM4 forecast points + IDW", "boundary": "SERPRO Carbon Project Zone", "interpretation": "Forecast surface clipped to project boundary; not direct station observation" }, "geometry": { "type": "Point", "coordinates": [ 112.689272335287285, -3.130772551625938 ] } },
{ "type": "Feature", "properties": { "precipitation_mm": 0.0, "temperature_c": 25.132697099076982, "humidity_pct": 89.41286904898088, "cloud_cover_pct": 87.320311199269483, "wind_speed_ms": 9.3416330333859694, "forecast_datetime": "2026-10-03T23:00:00", "source": "BMKG ADM4 forecast points + IDW", "boundary": "SERPRO Carbon Project Zone", "interpretation": "Forecast surface clipped to project boundary; not direct station observation" }, "geometry": { "type": "Point", "coordinates": [ 112.689257866096185, -3.121729466317952 ] } },
{ "type": "Feature", "properties": { "precipitation_mm": 0.0, "temperature_c": 25.086149172113444, "humidity_pct": 89.631655617315587, "cloud_cover_pct": 87.342938640890083, "wind_speed_ms": 9.2082855910083268, "forecast_datetime": "2026-10-03T23:00:00", "source": "BMKG ADM4 forecast points + IDW", "boundary": "SERPRO Carbon Project Zone", "interpretation": "Forecast surface clipped to project boundary; not direct station observation" }, "geometry": { "type": "Point", "coordinates": [ 112.689243438964468, -3.112686379384468 ] } },
{ "type": "Feature", "properties": { "precipitation_mm": 0.0, "temperature_c": 25.042156848114143, "humidity_pct": 89.835473169503345, "cloud_cover_pct": 87.364413732809268, "wind_speed_ms": 9.0881139698399238, "forecast_datetime": "2026-10-03T23:00:00", "source": "BMKG ADM4 forecast points + IDW", "boundary": "SERPRO Carbon Project Zone", "interpretation": "Forecast surface clipped to project boundary; not direct station observation" }, "geometry": { "type": "Point", "coordinates": [ 112.689229053890315, -3.103643290830175 ] } },
{ "type": "Feature", "properties": { "precipitation_mm": 0.0, "temperature_c": 25.000712507679246, "humidity_pct": 90.024881309069272, "cloud_cover_pct": 87.384615718215812, "wind_speed_ms": 8.9798726505788977, "forecast_datetime": "2026-10-03T23:00:00", "source": "BMKG ADM4 forecast points + IDW", "boundary": "SERPRO Carbon Project Zone", "interpretation": "Forecast surface clipped to project boundary; not direct station observation" }, "geometry": { "type": "Point", "coordinates": [ 112.68921471087198, -3.094600200659766 ] } },
{ "type": "Feature", "properties": { "precipitation_mm": 0.0, "temperature_c": 24.96184656981201, "humidity_pct": 90.200273460928884, "cloud_cover_pct": 87.403440953547545, "wind_speed_ms": 8.8824983021303598, "forecast_datetime": "2026-10-03T23:00:00", "source": "BMKG ADM4 forecast points + IDW", "boundary": "SERPRO Carbon Project Zone", "interpretation": "Forecast surface clipped to project boundary; not direct station observation" }, "geometry": { "type": "Point", "coordinates": [ 112.689200409907698, -3.085557108877935 ] } },
{ "type": "Feature", "properties": { "precipitation_mm": 0.0, "temperature_c": 24.925605388637603, "humidity_pct": 90.36195627981904, "cloud_cover_pct": 87.420806122137208, "wind_speed_ms": 8.7950702499595845, "forecast_datetime": "2026-10-03T23:00:00", "source": "BMKG ADM4 forecast points + IDW", "boundary": "SERPRO Carbon Project Zone", "interpretation": "Forecast surface clipped to project boundary; not direct station observation" }, "geometry": { "type": "Point", "coordinates": [ 112.689186150995667, -3.076514015489373 ] } },
{ "type": "Feature", "properties": { "precipitation_mm": 0.0, "temperature_c": 24.892031487228621, "humidity_pct": 90.510220926375823, "cloud_cover_pct": 87.436651218523224, "wind_speed_ms": 8.7167732444587731, "forecast_datetime": "2026-10-03T23:00:00", "source": "BMKG ADM4 forecast points + IDW", "boundary": "SERPRO Carbon Project Zone", "interpretation": "Forecast surface clipped to project boundary; not direct station observation" }, "geometry": { "type": "Point", "coordinates": [ 112.689171934134137, -3.067470920498775 ] } },
{ "type": "Feature", "properties": { "precipitation_mm": 0.0, "temperature_c": 24.861148066501414, "humidity_pct": 90.645398629607229, "cloud_cover_pct": 87.450941752937879, "wind_speed_ms": 8.6468668492196059, "forecast_datetime": "2026-10-03T23:00:00", "source": "BMKG ADM4 forecast points + IDW", "boundary": "SERPRO Carbon Project Zone", "interpretation": "Forecast surface clipped to project boundary; not direct station observation" }, "geometry": { "type": "Point", "coordinates": [ 112.689157759321375, -3.05842782391083 ] } },
{ "type": "Feature", "properties": { "precipitation_mm": 0.0, "temperature_c": 24.83294865980179, "humidity_pct": 90.767897428035468, "cloud_cover_pct": 87.463669772189647, "wind_speed_ms": 8.5846628903397857, "forecast_datetime": "2026-10-03T23:00:00", "source": "BMKG ADM4 forecast points + IDW", "boundary": "SERPRO Carbon Project Zone", "interpretation": "Forecast surface clipped to project boundary; not direct station observation" }, "geometry": { "type": "Point", "coordinates": [ 112.689143626555634, -3.049384725730234 ] } },
{ "type": "Feature", "properties": { "precipitation_mm": 0.0, "temperature_c": 24.807391970789887, "humidity_pct": 90.878220201975054, "cloud_cover_pct": 87.474853490586071, "wind_speed_ms": 8.5295107443003246, "forecast_datetime": "2026-10-03T23:00:00", "source": "BMKG ADM4 forecast points + IDW", "boundary": "SERPRO Carbon Project Zone", "interpretation": "Forecast surface clipped to project boundary; not direct station observation" }, "geometry": { "type": "Point", "coordinates": [ 112.689129535835121, -3.040341625961679 ] } },
{ "type": "Feature", "properties": { "precipitation_mm": 0.0, "temperature_c": 24.784401311357183, "humidity_pct": 90.976966364430893, "cloud_cover_pct": 87.48453553951461, "wind_speed_ms": 8.4807893111849832, "forecast_datetime": "2026-10-03T23:00:00", "source": "BMKG ADM4 forecast points + IDW", "boundary": "SERPRO Carbon Project Zone", "interpretation": "Forecast surface clipped to project boundary; not direct station observation" }, "geometry": { "type": "Point", "coordinates": [ 112.689115487158162, -3.031298524609857 ] } },
{ "type": "Feature", "properties": { "precipitation_mm": 0.0, "temperature_c": 24.763867658726987, "humidity_pct": 91.064820940218809, "cloud_cover_pct": 87.492780033326184, "wind_speed_ms": 8.4379040803085381, "forecast_datetime": "2026-10-03T23:00:00", "source": "BMKG ADM4 forecast points + IDW", "boundary": "SERPRO Carbon Project Zone", "interpretation": "Forecast surface clipped to project boundary; not direct station observation" }, "geometry": { "type": "Point", "coordinates": [ 112.689101480522964, -3.022255421679465 ] } },
{ "type": "Feature", "properties": { "precipitation_mm": 0.0, "temperature_c": 24.745655175866567, "humidity_pct": 91.142535295837476, "cloud_cover_pct": 87.499668779197435, "wind_speed_ms": 8.400287606067133, "forecast_datetime": "2026-10-03T23:00:00", "source": "BMKG ADM4 forecast points + IDW", "boundary": "SERPRO Carbon Project Zone", "interpretation": "Forecast surface clipped to project boundary; not direct station observation" }, "geometry": { "type": "Point", "coordinates": [ 112.689087515927824, -3.013212317175193 ] } },
{ "type": "Feature", "properties": { "precipitation_mm": 0.0, "temperature_c": 24.729608057688441, "humidity_pct": 91.210903624443219, "cloud_cover_pct": 87.505297016207123, "wind_speed_ms": 8.367401864531665, "forecast_datetime": "2026-10-03T23:00:00", "source": "BMKG ADM4 forecast points + IDW", "boundary": "SERPRO Carbon Project Zone", "interpretation": "Forecast surface clipped to project boundary; not direct station observation" }, "geometry": { "type": "Point", "coordinates": [ 112.689073593371035, -3.004169211101737 ] } },
{ "type": "Feature", "properties": { "precipitation_mm": 0.0, "temperature_c": 24.715557724077907, "humidity_pct": 91.270738648715934, "cloud_cover_pct": 87.509769059370626, "wind_speed_ms": 8.3387412576310869, "forecast_datetime": "2026-10-03T23:00:00", "source": "BMKG ADM4 forecast points + IDW", "boundary": "SERPRO Carbon Project Zone", "interpretation": "Forecast surface clipped to project boundary; not direct station observation" }, "geometry": { "type": "Point", "coordinates": [ 112.689059712850863, -2.995126103463789 ] } },
{ "type": "Feature", "properties": { "precipitation_mm": 0.0, "temperature_c": 24.7033296168572, "humidity_pct": 91.322849110697504, "cloud_cover_pct": 87.513194165735982, "wind_speed_ms": 8.3138353850094386, "forecast_datetime": "2026-10-03T23:00:00", "source": "BMKG ADM4 forecast points + IDW", "boundary": "SERPRO Carbon Project Zone", "interpretation": "Forecast surface clipped to project boundary; not direct station observation" }, "geometry": { "type": "Point", "coordinates": [ 112.689045874365576, -2.986082994266045 ] } },
{ "type": "Feature", "properties": { "precipitation_mm": 0.0, "temperature_c": 24.692749113959401, "humidity_pct": 91.368020677111502, "cloud_cover_pct": 87.515682854283014, "wind_speed_ms": 8.2922510464388726, "forecast_datetime": "2026-10-03T23:00:00", "source": "BMKG ADM4 forecast points + IDW", "boundary": "SERPRO Carbon Project Zone", "interpretation": "Forecast surface clipped to project boundary; not direct station observation" }, "geometry": { "type": "Point", "coordinates": [ 112.689032077913481, -2.977039883513197 ] } },
{ "type": "Feature", "properties": { "precipitation_mm": 0.0, "temperature_c": 24.683646307833914, "humidity_pct": 91.407001048926404, "cloud_cover_pct": 87.517343819804992, "wind_speed_ms": 8.2735932268092469, "forecast_datetime": "2026-10-03T23:00:00", "source": "BMKG ADM4 forecast points + IDW", "boundary": "SERPRO Carbon Project Zone", "interpretation": "Forecast surface clipped to project boundary; not direct station observation" }, "geometry": { "type": "Point", "coordinates": [ 112.689018323492888, -2.96799677120994 ] } },
{ "type": "Feature", "properties": { "precipitation_mm": 0.0, "temperature_c": 24.675859581973672, "humidity_pct": 91.44048940632895, "cloud_cover_pct": 87.518281498145441, "wind_speed_ms": 8.257505031340667, "forecast_datetime": "2026-10-03T23:00:00", "source": "BMKG ADM4 forecast points + IDW", "boundary": "SERPRO Carbon Project Zone", "interpretation": "Forecast surface clipped to project boundary; not direct station observation" }, "geometry": { "type": "Point", "coordinates": [ 112.689004611102078, -2.958953657360969 ] } },
{ "type": "Feature", "properties": { "precipitation_mm": 0.0, "temperature_c": 24.66923805105656, "humidity_pct": 91.469129868602266, "cloud_cover_pct": 87.518594274550523, "wind_speed_ms": 8.243666679284642, "forecast_datetime": "2026-10-03T23:00:00", "source": "BMKG ADM4 forecast points + IDW", "boundary": "SERPRO Carbon Project Zone", "interpretation": "Forecast surface clipped to project boundary; not direct station observation" }, "geometry": { "type": "Point", "coordinates": [ 112.688990940739373, -2.949910541970979 ] } },
{ "type": "Feature", "properties": { "precipitation_mm": 0.0, "temperature_c": 24.663643009620447, "humidity_pct": 91.493508386433319, "cloud_cover_pct": 87.518373281254398, "wind_speed_ms": 8.2317937401231873, "forecast_datetime": "2026-10-03T23:00:00", "source": "BMKG ADM4 forecast points + IDW", "boundary": "SERPRO Carbon Project Zone", "interpretation": "Forecast surface clipped to project boundary; not direct station observation" }, "geometry": { "type": "Point", "coordinates": [ 112.688977312403082, -2.940867425044663 ] } },
{ "type": "Feature", "properties": { "precipitation_mm": 0.0, "temperature_c": 24.658948570945604, "humidity_pct": 91.514152374239586, "cloud_cover_pct": 87.517701703565194, "wind_speed_ms": 8.2216348226077685, "forecast_datetime": "2026-10-03T23:00:00", "source": "BMKG ADM4 forecast points + IDW", "boundary": "SERPRO Carbon Project Zone", "interpretation": "Forecast surface clipped to project boundary; not direct station observation" }, "geometry": { "type": "Point", "coordinates": [ 112.688963726091515, -2.931824306586716 ] } },
{ "type": "Feature", "properties": { "precipitation_mm": 0.0, "temperature_c": 24.655041683634568, "humidity_pct": 91.531532388036396, "cloud_cover_pct": 87.516654502284808, "wind_speed_ms": 8.212968920023604, "forecast_datetime": "2026-10-03T23:00:00", "source": "BMKG ADM4 forecast points + IDW", "boundary": "SERPRO Carbon Project Zone", "interpretation": "Forecast surface clipped to project boundary; not direct station observation" }, "geometry": { "type": "Point", "coordinates": [ 112.688950181803023, -2.922781186601834 ] } },
{ "type": "Feature", "properties": { "precipitation_mm": 0.0, "temperature_c": 25.677785030481875, "humidity_pct": 86.673244756133627, "cloud_cover_pct": 87.10043834829716, "wind_speed_ms": 11.345987773043877, "forecast_datetime": "2026-10-03T23:00:00", "source": "BMKG ADM4 forecast points + IDW", "boundary": "SERPRO Carbon Project Zone", "interpretation": "Forecast surface clipped to project boundary; not direct station observation" }, "geometry": { "type": "Point", "coordinates": [ 112.698371474330969, -3.194059202445469 ] } },
{ "type": "Feature", "properties": { "precipitation_mm": 0.0, "temperature_c": 25.603239222104619, "humidity_pct": 87.057067182821129, "cloud_cover_pct": 87.126382312758096, "wind_speed_ms": 11.045284162307821, "forecast_datetime": "2026-10-03T23:00:00", "source": "BMKG ADM4 forecast points + IDW", "boundary": "SERPRO Carbon Project Zone", "interpretation": "Forecast surface clipped to project boundary; not direct station observation" }, "geometry": { "type": "Point", "coordinates": [ 112.698356632142819, -3.185016170917161 ] } },
{ "type": "Feature", "properties": { "precipitation_mm": 0.0, "temperature_c": 25.530232910061724, "humidity_pct": 87.431052825639398, "cloud_cover_pct": 87.153072816278907, "wind_speed_ms": 10.757446927817034, "forecast_datetime": "2026-10-03T23:00:00", "source": "BMKG ADM4 forecast points + IDW", "boundary": "SERPRO Carbon Project Zone", "interpretation": "Forecast surface clipped to project boundary; not direct station observation" }, "geometry": { "type": "Point", "coordinates": [ 112.698341832250421, -3.17597313772981 ] } },
{ "type": "Feature", "properties": { "precipitation_mm": 0.0, "temperature_c": 25.460419150841112, "humidity_pct": 87.786338633379913, "cloud_cover_pct": 87.179900901658655, "wind_speed_ms": 10.489731843691347, "forecast_datetime": "2026-10-03T23:00:00", "source": "BMKG ADM4 forecast points + IDW", "boundary": "SERPRO Carbon Project Zone", "interpretation": "Forecast surface clipped to project boundary; not direct station observation" }, "geometry": { "type": "Point", "coordinates": [ 112.698327074651971, -3.166930102888104 ] } },
{ "type": "Feature", "properties": { "precipitation_mm": 0.0, "temperature_c": 25.394506377923083, "humidity_pct": 88.119036717333671, "cloud_cover_pct": 87.206464531098305, "wind_speed_ms": 10.245080051679134, "forecast_datetime": "2026-10-03T23:00:00", "source": "BMKG ADM4 forecast points + IDW", "boundary": "SERPRO Carbon Project Zone", "interpretation": "Forecast surface clipped to project boundary; not direct station observation" }, "geometry": { "type": "Point", "coordinates": [ 112.698312359345621, -3.15788706639674 ] } },
{ "type": "Feature", "properties": { "precipitation_mm": 0.0, "temperature_c": 25.332625807044124, "humidity_pct": 88.42834355002384, "cloud_cover_pct": 87.232496795086448, "wind_speed_ms": 10.023734245374561, "forecast_datetime": "2026-10-03T23:00:00", "source": "BMKG ADM4 forecast points + IDW", "boundary": "SERPRO Carbon Project Zone", "interpretation": "Forecast surface clipped to project boundary; not direct station observation" }, "geometry": { "type": "Point", "coordinates": [ 112.698297686329596, -3.14884402826041 ] } },
{ "type": "Feature", "properties": { "precipitation_mm": 0.0, "temperature_c": 25.274615627723716, "humidity_pct": 88.71507893328986, "cloud_cover_pct": 87.257810315339356, "wind_speed_ms": 9.8244874481544393, "forecast_datetime": "2026-10-03T23:00:00", "source": "BMKG ADM4 forecast points + IDW", "boundary": "SERPRO Carbon Project Zone", "interpretation": "Forecast surface clipped to project boundary; not direct station observation" }, "geometry": { "type": "Point", "coordinates": [ 112.698283055602047, -3.139800988483807 ] } },
{ "type": "Feature", "properties": { "precipitation_mm": 0.0, "temperature_c": 25.220206498358866, "humidity_pct": 88.98073069374027, "cloud_cover_pct": 87.282261306850188, "wind_speed_ms": 9.6455034845736751, "forecast_datetime": "2026-10-03T23:00:00", "source": "BMKG ADM4 forecast points + IDW", "boundary": "SERPRO Carbon Project Zone", "interpretation": "Forecast surface clipped to project boundary; not direct station observation" }, "geometry": { "type": "Point", "coordinates": [ 112.698268467161185, -3.130757947071626 ] } },
{ "type": "Feature", "properties": { "precipitation_mm": 0.0, "temperature_c": 25.169126451853966, "humidity_pct": 89.226908743138097, "cloud_cover_pct": 87.305729385091439, "wind_speed_ms": 9.4847931073024672, "forecast_datetime": "2026-10-03T23:00:00", "source": "BMKG ADM4 forecast points + IDW", "boundary": "SERPRO Carbon Project Zone", "interpretation": "Forecast surface clipped to project boundary; not direct station observation" }, "geometry": { "type": "Point", "coordinates": [ 112.698253921005218, -3.12171490402856 ] } },
{ "type": "Feature", "properties": { "precipitation_mm": 0.0, "temperature_c": 25.121150218623789, "humidity_pct": 89.455078400380827, "cloud_cover_pct": 87.32810790093589, "wind_speed_ms": 9.3404570091674497, "forecast_datetime": "2026-10-03T23:00:00", "source": "BMKG ADM4 forecast points + IDW", "boundary": "SERPRO Carbon Project Zone", "interpretation": "Forecast surface clipped to project boundary; not direct station observation" }, "geometry": { "type": "Point", "coordinates": [ 112.698239417132328, -3.112671859359304 ] } },
{ "type": "Feature", "properties": { "precipitation_mm": 0.0, "temperature_c": 25.076114143216518, "humidity_pct": 89.666464347700185, "cloud_cover_pct": 87.349300607988852, "wind_speed_ms": 9.2107875981522049, "forecast_datetime": "2026-10-03T23:00:00", "source": "BMKG ADM4 forecast points + IDW", "boundary": "SERPRO Carbon Project Zone", "interpretation": "Forecast surface clipped to project boundary; not direct station observation" }, "geometry": { "type": "Point", "coordinates": [ 112.698224955540738, -3.103628813068551 ] } },
{ "type": "Feature", "properties": { "precipitation_mm": 0.0, "temperature_c": 25.033911776174655, "humidity_pct": 89.862049243951006, "cloud_cover_pct": 87.369221849321079, "wind_speed_ms": 9.094292834466172, "forecast_datetime": "2026-10-03T23:00:00", "source": "BMKG ADM4 forecast points + IDW", "boundary": "SERPRO Carbon Project Zone", "interpretation": "Forecast surface clipped to project boundary; not direct station observation" }, "geometry": { "type": "Point", "coordinates": [ 112.698210536228657, -3.094585765160995 ] } },
{ "type": "Feature", "properties": { "precipitation_mm": 0.0, "temperature_c": 24.99448002919074, "humidity_pct": 90.042618467399564, "cloud_cover_pct": 87.387798504647208, "wind_speed_ms": 8.9896815382032287, "forecast_datetime": "2026-10-03T23:00:00", "source": "BMKG ADM4 forecast points + IDW", "boundary": "SERPRO Carbon Project Zone", "interpretation": "Forecast surface clipped to project boundary; not direct station observation" }, "geometry": { "type": "Point", "coordinates": [ 112.698196159194282, -3.085542715641331 ] } },
{ "type": "Feature", "properties": { "precipitation_mm": 0.0, "temperature_c": 24.957782103465014, "humidity_pct": 90.208821600896258, "cloud_cover_pct": 87.404972589066517, "wind_speed_ms": 8.8958330586888206, "forecast_datetime": "2026-10-03T23:00:00", "source": "BMKG ADM4 forecast points + IDW", "boundary": "SERPRO Carbon Project Zone", "interpretation": "Forecast surface clipped to project boundary; not direct station observation" }, "geometry": { "type": "Point", "coordinates": [ 112.698181824435892, -3.076499664514255 ] } },
{ "type": "Feature", "properties": { "precipitation_mm": 0.0, "temperature_c": 24.923790963997362, "humidity_pct": 90.361233608358603, "cloud_cover_pct": 87.420703765922298, "wind_speed_ms": 8.8117638070370514, "forecast_datetime": "2026-10-03T23:00:00", "source": "BMKG ADM4 forecast points + IDW", "boundary": "SERPRO Carbon Project Zone", "interpretation": "Forecast surface clipped to project boundary; not direct station observation" }, "geometry": { "type": "Point", "coordinates": [ 112.698167531951668, -3.067456611784459 ] } },
{ "type": "Feature", "properties": { "precipitation_mm": 0.0, "temperature_c": 24.892475516667748, "humidity_pct": 90.500406451429598, "cloud_cover_pct": 87.434971267736614, "wind_speed_ms": 8.7365969417227589, "forecast_datetime": "2026-10-03T23:00:00", "source": "BMKG ADM4 forecast points + IDW", "boundary": "SERPRO Carbon Project Zone", "interpretation": "Forecast surface clipped to project boundary; not direct station observation" }, "geometry": { "type": "Point", "coordinates": [ 112.698153281739863, -3.058413557456639 ] } },
{ "type": "Feature", "properties": { "precipitation_mm": 0.0, "temperature_c": 24.863790532833029, "humidity_pct": 90.626906916862254, "cloud_cover_pct": 87.447774900694455, "wind_speed_ms": 8.6695378793223981, "forecast_datetime": "2026-10-03T23:00:00", "source": "BMKG ADM4 forecast points + IDW", "boundary": "SERPRO Carbon Project Zone", "interpretation": "Forecast surface clipped to project boundary; not direct station observation" }, "geometry": { "type": "Point", "coordinates": [ 112.698139073798743, -3.049370501535491 ] } },
{ "type": "Feature", "properties": { "precipitation_mm": 0.0, "temperature_c": 24.837670575992281, "humidity_pct": 90.741339736128523, "cloud_cover_pct": 87.459134977355973, "wind_speed_ms": 8.6098562346819225, "forecast_datetime": "2026-10-03T23:00:00", "source": "BMKG ADM4 forecast points + IDW", "boundary": "SERPRO Carbon Project Zone", "interpretation": "Forecast surface clipped to project boundary; not direct station observation" }, "geometry": { "type": "Point", "coordinates": [ 112.698124908126502, -3.04032744402571 ] } },
{ "type": "Feature", "properties": { "precipitation_mm": 0.0, "temperature_c": 24.814027632347191, "humidity_pct": 90.844357236315986, "cloud_cover_pct": 87.469091180782826, "wind_speed_ms": 8.5568736571107138, "forecast_datetime": "2026-10-03T23:00:00", "source": "BMKG ADM4 forecast points + IDW", "boundary": "SERPRO Carbon Project Zone", "interpretation": "Forecast surface clipped to project boundary; not direct station observation" }, "geometry": { "type": "Point", "coordinates": [ 112.698110784721436, -3.03128438493199 ] } },
{ "type": "Feature", "properties": { "precipitation_mm": 0.0, "temperature_c": 24.79275179577861, "humidity_pct": 90.936658043265183, "cloud_cover_pct": 87.477700496666415, "wind_speed_ms": 8.5099564694790395, "forecast_datetime": "2026-10-03T23:00:00", "source": "BMKG ADM4 forecast points + IDW", "boundary": "SERPRO Carbon Project Zone", "interpretation": "Forecast surface clipped to project boundary; not direct station observation" }, "geometry": { "type": "Point", "coordinates": [ 112.698096703581783, -3.022241324259026 ] } },
{ "type": "Feature", "properties": { "precipitation_mm": 0.0, "temperature_c": 24.773714184217443, "humidity_pct": 91.018977933708101, "cloud_cover_pct": 87.485034443292847, "wind_speed_ms": 8.4685118285793628, "forecast_datetime": "2026-10-03T23:00:00", "source": "BMKG ADM4 forecast points + IDW", "boundary": "SERPRO Carbon Project Zone", "interpretation": "Forecast surface clipped to project boundary; not direct station observation" }, "geometry": { "type": "Point", "coordinates": [ 112.698082664705794, -3.013198262011515 ] } },
{ "type": "Feature", "properties": { "precipitation_mm": 0.0, "temperature_c": 24.756771239135439, "humidity_pct": 91.09207595602939, "cloud_cover_pct": 87.491175875018158, "wind_speed_ms": 8.4319861731564156, "forecast_datetime": "2026-10-03T23:00:00", "source": "BMKG ADM4 forecast points + IDW", "boundary": "SERPRO Carbon Project Zone", "interpretation": "Forecast surface clipped to project boundary; not direct station observation" }, "geometry": { "type": "Point", "coordinates": [ 112.69806866809175, -3.004155198194153 ] } },
{ "type": "Feature", "properties": { "precipitation_mm": 0.0, "temperature_c": 24.741769644139257, "humidity_pct": 91.156718573500228, "cloud_cover_pct": 87.496215635886287, "wind_speed_ms": 8.3998649122644782, "forecast_datetime": "2026-10-03T23:00:00", "source": "BMKG ADM4 forecast points + IDW", "boundary": "SERPRO Carbon Project Zone", "interpretation": "Forecast surface clipped to project boundary; not direct station observation" }, "geometry": { "type": "Point", "coordinates": [ 112.698054713737918, -2.995112132811634 ] } },
{ "type": "Feature", "properties": { "precipitation_mm": 0.0, "temperature_c": 24.72855124926344, "humidity_pct": 91.213663995814201, "cloud_cover_pct": 87.500249306179612, "wind_speed_ms": 8.3716725557996412, "forecast_datetime": "2026-10-03T23:00:00", "source": "BMKG ADM4 forecast points + IDW", "boundary": "SERPRO Carbon Project Zone", "interpretation": "Forecast surface clipped to project boundary; not direct station observation" }, "geometry": { "type": "Point", "coordinates": [ 112.698040801642591, -2.986069065868656 ] } },
{ "type": "Feature", "properties": { "precipitation_mm": 0.0, "temperature_c": 24.716957564325135, "humidity_pct": 91.263648201844134, "cloud_cover_pct": 87.503374229659912, "wind_speed_ms": 8.3469727458692518, "forecast_datetime": "2026-10-03T23:00:00", "source": "BMKG ADM4 forecast points + IDW", "boundary": "SERPRO Carbon Project Zone", "interpretation": "Forecast surface clipped to project boundary; not direct station observation" }, "geometry": { "type": "Point", "coordinates": [ 112.698026931804037, -2.977025997369914 ] } },
{ "type": "Feature", "properties": { "precipitation_mm": 0.0, "temperature_c": 24.706833556121317, "humidity_pct": 91.30737353002921, "cloud_cover_pct": 87.505686946401966, "wind_speed_ms": 8.325367875957614, "forecast_datetime": "2026-10-03T23:00:00", "source": "BMKG ADM4 forecast points + IDW", "boundary": "SERPRO Carbon Project Zone", "interpretation": "Forecast surface clipped to project boundary; not direct station observation" }, "geometry": { "type": "Point", "coordinates": [ 112.698013104220536, -2.967982927320103 ] } },
{ "type": "Feature", "properties": { "precipitation_mm": 0.0, "temperature_c": 24.698030630041234, "humidity_pct": 91.345500191357331, "cloud_cover_pct": 87.507281096030326, "wind_speed_ms": 8.3064981657407841, "forecast_datetime": "2026-10-03T23:00:00", "source": "BMKG ADM4 forecast points + IDW", "boundary": "SERPRO Carbon Project Zone", "interpretation": "Forecast surface clipped to project boundary; not direct station observation" }, "geometry": { "type": "Point", "coordinates": [ 112.697999318890396, -2.958939855723923 ] } },
{ "type": "Feature", "properties": { "precipitation_mm": 0.0, "temperature_c": 24.690408787321591, "humidity_pct": 91.378640672972125, "cloud_cover_pct": 87.508245805629144, "wind_speed_ms": 8.2900401876956078, "forecast_datetime": "2026-10-03T23:00:00", "source": "BMKG ADM4 forecast points + IDW", "boundary": "SERPRO Carbon Project Zone", "interpretation": "Forecast surface clipped to project boundary; not direct station observation" }, "geometry": { "type": "Point", "coordinates": [ 112.697985575811913, -2.949896782586068 ] } },
{ "type": "Feature", "properties": { "precipitation_mm": 0.0, "temperature_c": 24.683838023589431, "humidity_pct": 91.407356747742512, "cloud_cover_pct": 87.508664538727942, "wind_speed_ms": 8.275704921396521, "forecast_datetime": "2026-10-03T23:00:00", "source": "BMKG ADM4 forecast points + IDW", "boundary": "SERPRO Carbon Project Zone", "interpretation": "Forecast surface clipped to project boundary; not direct station observation" }, "geometry": { "type": "Point", "coordinates": [ 112.697971874983395, -2.940853707911236 ] } },
{ "type": "Feature", "properties": { "precipitation_mm": 0.0, "temperature_c": 24.678199076809115, "humidity_pct": 91.432158668065185, "cloud_cover_pct": 87.508614356854594, "wind_speed_ms": 8.2632354516542481, "forecast_datetime": "2026-10-03T23:00:00", "source": "BMKG ADM4 forecast points + IDW", "boundary": "SERPRO Carbon Project Zone", "interpretation": "Forecast surface clipped to project boundary; not direct station observation" }, "geometry": { "type": "Point", "coordinates": [ 112.697958216403137, -2.931810631704121 ] } },
{ "type": "Feature", "properties": { "precipitation_mm": 0.0, "temperature_c": 24.673383650173857, "humidity_pct": 91.453506073840757, "cloud_cover_pct": 87.508165531656687, "wind_speed_ms": 8.2524044381046089, "forecast_datetime": "2026-10-03T23:00:00", "source": "BMKG ADM4 forecast points + IDW", "boundary": "SERPRO Carbon Project Zone", "interpretation": "Forecast surface clipped to project boundary; not direct station observation" }, "geometry": { "type": "Point", "coordinates": [ 112.697944600069462, -2.922767553969424 ] } },
{ "type": "Feature", "properties": { "precipitation_mm": 0.0, "temperature_c": 25.650991804058773, "humidity_pct": 86.807466191888793, "cloud_cover_pct": 87.113017375894159, "wind_speed_ms": 11.253935959397266, "forecast_datetime": "2026-10-03T23:00:00", "source": "BMKG ADM4 forecast points + IDW", "boundary": "SERPRO Carbon Project Zone", "interpretation": "Forecast surface clipped to project boundary; not direct station observation" }, "geometry": { "type": "Point", "coordinates": [ 112.707353188208941, -3.185001233935179 ] } },
{ "type": "Feature", "properties": { "precipitation_mm": 0.0, "temperature_c": 25.575872688419452, "humidity_pct": 87.192404098255537, "cloud_cover_pct": 87.14000447779712, "wind_speed_ms": 10.956690094843141, "forecast_datetime": "2026-10-03T23:00:00", "source": "BMKG ADM4 forecast points + IDW", "boundary": "SERPRO Carbon Project Zone", "interpretation": "Forecast surface clipped to project boundary; not direct station observation" }, "geometry": { "type": "Point", "coordinates": [ 112.707338310010968, -3.175958243241173 ] } },
{ "type": "Feature", "properties": { "precipitation_mm": 0.0, "temperature_c": 25.503612111512808, "humidity_pct": 87.560522092597097, "cloud_cover_pct": 87.167085742471613, "wind_speed_ms": 10.67753348963724, "forecast_datetime": "2026-10-03T23:00:00", "source": "BMKG ADM4 forecast points + IDW", "boundary": "SERPRO Carbon Project Zone", "interpretation": "Forecast surface clipped to project boundary; not direct station observation" }, "geometry": { "type": "Point", "coordinates": [ 112.707323474330693, -3.166915250892107 ] } },
{ "type": "Feature", "properties": { "precipitation_mm": 0.0, "temperature_c": 25.435196799880881, "humidity_pct": 87.906549568154787, "cloud_cover_pct": 87.193812675635115, "wind_speed_ms": 10.4205572550946, "forecast_datetime": "2026-10-03T23:00:00", "source": "BMKG ADM4 forecast points + IDW", "boundary": "SERPRO Carbon Project Zone", "interpretation": "Forecast surface clipped to project boundary; not direct station observation" }, "geometry": { "type": "Point", "coordinates": [ 112.707308681166325, -3.157872256892679 ] } },
{ "type": "Feature", "properties": { "precipitation_mm": 0.0, "temperature_c": 25.370965152848186, "humidity_pct": 88.22865605655339, "cloud_cover_pct": 87.21989674495714, "wind_speed_ms": 10.186889078350648, "forecast_datetime": "2026-10-03T23:00:00", "source": "BMKG ADM4 forecast points + IDW", "boundary": "SERPRO Carbon Project Zone", "interpretation": "Forecast surface clipped to project boundary; not direct station observation" }, "geometry": { "type": "Point", "coordinates": [ 112.707293930516002, -3.148829261247582 ] } },
{ "type": "Feature", "properties": { "precipitation_mm": 0.0, "temperature_c": 25.310883244704335, "humidity_pct": 88.527025395649133, "cloud_cover_pct": 87.245150058454044, "wind_speed_ms": 9.97590461412649, "forecast_datetime": "2026-10-03T23:00:00", "source": "BMKG ADM4 forecast points + IDW", "boundary": "SERPRO Carbon Project Zone", "interpretation": "Forecast surface clipped to project boundary; not direct station observation" }, "geometry": { "type": "Point", "coordinates": [ 112.707279222377892, -3.139786263961511 ] } },
{ "type": "Feature", "properties": { "precipitation_mm": 0.0, "temperature_c": 25.254740678843412, "humidity_pct": 88.802842869214558, "cloud_cover_pct": 87.269443154450187, "wind_speed_ms": 9.7860898721091232, "forecast_datetime": "2026-10-03T23:00:00", "source": "BMKG ADM4 forecast points + IDW", "boundary": "SERPRO Carbon Project Zone", "interpretation": "Forecast surface clipped to project boundary; not direct station observation" }, "geometry": { "type": "Point", "coordinates": [ 112.707264556750232, -3.130743265039163 ] } },
{ "type": "Feature", "properties": { "precipitation_mm": 0.0, "temperature_c": 25.202272236798624, "humidity_pct": 89.057662113843207, "cloud_cover_pct": 87.292678781841133, "wind_speed_ms": 9.6155850972705146, "forecast_datetime": "2026-10-03T23:00:00", "source": "BMKG ADM4 forecast points + IDW", "boundary": "SERPRO Carbon Project Zone", "interpretation": "Forecast surface clipped to project boundary; not direct station observation" }, "geometry": { "type": "Point", "coordinates": [ 112.707249933631161, -3.121700264485234 ] } },
{ "type": "Feature", "properties": { "precipitation_mm": 0.0, "temperature_c": 25.153223842939482, "humidity_pct": 89.293054815336234, "cloud_cover_pct": 87.3147775500303, "wind_speed_ms": 9.4624929656809105, "forecast_datetime": "2026-10-03T23:00:00", "source": "BMKG ADM4 forecast points + IDW", "boundary": "SERPRO Carbon Project Zone", "interpretation": "Forecast surface clipped to project boundary; not direct station observation" }, "geometry": { "type": "Point", "coordinates": [ 112.707235353018888, -3.11265726230442 ] } },
{ "type": "Feature", "properties": { "precipitation_mm": 0.0, "temperature_c": 25.107381512717264, "humidity_pct": 89.510446784003648, "cloud_cover_pct": 87.335671336534574, "wind_speed_ms": 9.3250323136951181, "forecast_datetime": "2026-10-03T23:00:00", "source": "BMKG ADM4 forecast points + IDW", "boundary": "SERPRO Carbon Project Zone", "interpretation": "Forecast surface clipped to project boundary; not direct station observation" }, "geometry": { "type": "Point", "coordinates": [ 112.707220814911636, -3.103614258501416 ] } },
{ "type": "Feature", "properties": { "precipitation_mm": 0.0, "temperature_c": 25.06457790205771, "humidity_pct": 89.711065951206251, "cloud_cover_pct": 87.355301316509369, "wind_speed_ms": 9.2015993296675003, "forecast_datetime": "2026-10-03T23:00:00", "source": "BMKG ADM4 forecast points + IDW", "boundary": "SERPRO Carbon Project Zone", "interpretation": "Forecast surface clipped to project boundary; not direct station observation" }, "geometry": { "type": "Point", "coordinates": [ 112.707206319307588, -3.094571253080919 ] } },
{ "type": "Feature", "properties": { "precipitation_mm": 0.0, "temperature_c": 25.024686657247774, "humidity_pct": 89.895951271121575, "cloud_cover_pct": 87.373618485472875, "wind_speed_ms": 9.0907779001124425, "forecast_datetime": "2026-10-03T23:00:00", "source": "BMKG ADM4 forecast points + IDW", "boundary": "SERPRO Carbon Project Zone", "interpretation": "Forecast surface clipped to project boundary; not direct station observation" }, "geometry": { "type": "Point", "coordinates": [ 112.707191866204951, -3.085528246047625 ] } },
{ "type": "Feature", "properties": { "precipitation_mm": 0.0, "temperature_c": 24.987611236535262, "humidity_pct": 90.065989961867274, "cloud_cover_pct": 87.390585299743918, "wind_speed_ms": 8.9913250534233704, "forecast_datetime": "2026-10-03T23:00:00", "source": "BMKG ADM4 forecast points + IDW", "boundary": "SERPRO Carbon Project Zone", "interpretation": "Forecast surface clipped to project boundary; not direct station observation" }, "geometry": { "type": "Point", "coordinates": [ 112.707177455601936, -3.076485237406232 ] } },
{ "type": "Feature", "properties": { "precipitation_mm": 0.0, "temperature_c": 24.953272367432312, "humidity_pct": 90.221963369862081, "cloud_cover_pct": 87.406177557583689, "wind_speed_ms": 8.9021466776983544, "forecast_datetime": "2026-10-03T23:00:00", "source": "BMKG ADM4 forecast points + IDW", "boundary": "SERPRO Carbon Project Zone", "interpretation": "Forecast surface clipped to project boundary; not direct station observation" }, "geometry": { "type": "Point", "coordinates": [ 112.707163087496781, -3.067442227161436 ] } },
{ "type": "Feature", "properties": { "precipitation_mm": 0.0, "temperature_c": 24.921596595430486, "humidity_pct": 90.364590221898894, "cloud_cover_pct": 87.420385967806027, "wind_speed_ms": 8.8222718297614353, "forecast_datetime": "2026-10-03T23:00:00", "source": "BMKG ADM4 forecast points + IDW", "boundary": "SERPRO Carbon Project Zone", "interpretation": "Forecast surface clipped to project boundary; not direct station observation" }, "geometry": { "type": "Point", "coordinates": [ 112.707148761887709, -3.058399215317933 ] } },
{ "type": "Feature", "properties": { "precipitation_mm": 0.0, "temperature_c": 24.892507220260594, "humidity_pct": 90.494561527377783, "cloud_cover_pct": 87.433217076913095, "wind_speed_ms": 8.7508297646284472, "forecast_datetime": "2026-10-03T23:00:00", "source": "BMKG ADM4 forecast points + IDW", "boundary": "SERPRO Carbon Project Zone", "interpretation": "Forecast surface clipped to project boundary; not direct station observation" }, "geometry": { "type": "Point", "coordinates": [ 112.707134478772943, -3.049356201880422 ] } },
{ "type": "Feature", "properties": { "precipitation_mm": 0.0, "temperature_c": 24.865918123419181, "humidity_pct": 90.612564942316283, "cloud_cover_pct": 87.444693396759661, "wind_speed_ms": 8.6870313375076549, "forecast_datetime": "2026-10-03T23:00:00", "source": "BMKG ADM4 forecast points + IDW", "boundary": "SERPRO Carbon Project Zone", "interpretation": "Forecast surface clipped to project boundary; not direct station observation" }, "geometry": { "type": "Point", "coordinates": [ 112.707120238150722, -3.040313186853597 ] } },
{ "type": "Feature", "properties": { "precipitation_mm": 0.0, "temperature_c": 24.841730455924075, "humidity_pct": 90.719298660175582, "cloud_cover_pct": 87.454852711759898, "wind_speed_ms": 8.630155020061256, "forecast_datetime": "2026-10-03T23:00:00", "source": "BMKG ADM4 forecast points + IDW", "boundary": "SERPRO Carbon Project Zone", "interpretation": "Forecast surface clipped to project boundary; not direct station observation" }, "geometry": { "type": "Point", "coordinates": [ 112.707106040019298, -3.031270170242158 ] } },
{ "type": "Feature", "properties": { "precipitation_mm": 0.0, "temperature_c": 24.819831816059498, "humidity_pct": 90.815476239708133, "cloud_cover_pct": 87.463746651011078, "wind_speed_ms": 8.5795370260531438, "forecast_datetime": "2026-10-03T23:00:00", "source": "BMKG ADM4 forecast points + IDW", "boundary": "SERPRO Carbon Project Zone", "interpretation": "Forecast surface clipped to project boundary; not direct station observation" }, "geometry": { "type": "Point", "coordinates": [ 112.707091884376908, -3.022227152050801 ] } },
{ "type": "Feature", "properties": { "precipitation_mm": 0.0, "temperature_c": 24.800097363746204, "humidity_pct": 90.901824458666169, "cloud_cover_pct": 87.471438683969396, "wind_speed_ms": 8.534564710031912, "forecast_datetime": "2026-10-03T23:00:00", "source": "BMKG ADM4 forecast points + IDW", "boundary": "SERPRO Carbon Project Zone", "interpretation": "Forecast surface clipped to project boundary; not direct station observation" }, "geometry": { "type": "Point", "coordinates": [ 112.70707777122179, -3.013184132284226 ] } },
{ "type": "Feature", "properties": { "precipitation_mm": 0.0, "temperature_c": 24.782392258357646, "humidity_pct": 90.97907647078199, "cloud_cover_pct": 87.478001737101124, "wind_speed_ms": 8.4946723282583303, "forecast_datetime": "2026-10-03T23:00:00", "source": "BMKG ADM4 forecast points + IDW", "boundary": "SERPRO Carbon Project Zone", "interpretation": "Forecast surface clipped to project boundary; not direct station observation" }, "geometry": { "type": "Point", "coordinates": [ 112.70706370055224, -3.004141110947127 ] } },
{ "type": "Feature", "properties": { "precipitation_mm": 0.0, "temperature_c": 24.766574837728246, "humidity_pct": 91.047962392046514, "cloud_cover_pct": 87.483515635856605, "wind_speed_ms": 8.4593383276755105, "forecast_datetime": "2026-10-03T23:00:00", "source": "BMKG ADM4 forecast points + IDW", "boundary": "SERPRO Carbon Project Zone", "interpretation": "Forecast surface clipped to project boundary; not direct station observation" }, "geometry": { "type": "Point", "coordinates": [ 112.707049672366495, -2.995098088044205 ] } },
{ "type": "Feature", "properties": { "precipitation_mm": 0.0, "temperature_c": 24.752500045286592, "humidity_pct": 91.109199084811408, "cloud_cover_pct": 87.488064557870899, "wind_speed_ms": 8.4280834824059028, "forecast_datetime": "2026-10-03T23:00:00", "source": "BMKG ADM4 forecast points + IDW", "boundary": "SERPRO Carbon Project Zone", "interpretation": "Forecast surface clipped to project boundary; not direct station observation" }, "geometry": { "type": "Point", "coordinates": [ 112.707035686662834, -2.986055063580157 ] } },
{ "type": "Feature", "properties": { "precipitation_mm": 0.0, "temperature_c": 24.740022730065419, "humidity_pct": 91.163480458394758, "cloud_cover_pct": 87.491734648171033, "wind_speed_ms": 8.4004693767335006, "forecast_datetime": "2026-10-03T23:00:00", "source": "BMKG ADM4 forecast points + IDW", "boundary": "SERPRO Carbon Project Zone", "interpretation": "Forecast surface clipped to project boundary; not direct station observation" }, "geometry": { "type": "Point", "coordinates": [ 112.707021743439512, -2.97701203755968 ] } },
{ "type": "Feature", "properties": { "precipitation_mm": 0.0, "temperature_c": 24.729000566895117, "humidity_pct": 91.211469150047918, "cloud_cover_pct": 87.494611904228506, "wind_speed_ms": 8.3760969053277172, "forecast_datetime": "2026-10-03T23:00:00", "source": "BMKG ADM4 forecast points + IDW", "boundary": "SERPRO Carbon Project Zone", "interpretation": "Forecast surface clipped to project boundary; not direct station observation" }, "geometry": { "type": "Point", "coordinates": [ 112.707007842694836, -2.967969009987474 ] } },
{ "type": "Feature", "properties": { "precipitation_mm": 0.0, "temperature_c": 24.719296454805722, "humidity_pct": 91.253790048319289, "cloud_cover_pct": 87.496780395410454, "wind_speed_ms": 8.354604606565788, "forecast_datetime": "2026-10-03T23:00:00", "source": "BMKG ADM4 forecast points + IDW", "boundary": "SERPRO Carbon Project Zone", "interpretation": "Forecast surface clipped to project boundary; not direct station observation" }, "geometry": { "type": "Point", "coordinates": [ 112.706993984427072, -2.958925980868237 ] } },
{ "type": "Feature", "properties": { "precipitation_mm": 0.0, "temperature_c": 24.710780341281968, "humidity_pct": 91.291025802421998, "cloud_cover_pct": 87.498320842992769, "wind_speed_ms": 8.3356667553093828, "forecast_datetime": "2026-10-03T23:00:00", "source": "BMKG ADM4 forecast points + IDW", "boundary": "SERPRO Carbon Project Zone", "interpretation": "Forecast surface clipped to project boundary; not direct station observation" }, "geometry": { "type": "Point", "coordinates": [ 112.706980168634502, -2.949882950206666 ] } },
{ "type": "Feature", "properties": { "precipitation_mm": 0.0, "temperature_c": 24.703330485380938, "humidity_pct": 91.323714234498979, "cloud_cover_pct": 87.499309556320441, "wind_speed_ms": 8.3189912172331155, "forecast_datetime": "2026-10-03T23:00:00", "source": "BMKG ADM4 forecast points + IDW", "boundary": "SERPRO Carbon Project Zone", "interpretation": "Forecast surface clipped to project boundary; not direct station observation" }, "geometry": { "type": "Point", "coordinates": [ 112.706966395315447, -2.940839918007463 ] } },
{ "type": "Feature", "properties": { "precipitation_mm": 0.0, "temperature_c": 24.696834214987156, "humidity_pct": 91.352347429939954, "cloud_cover_pct": 87.49981769885774, "wind_speed_ms": 8.3043171122645116, "forecast_datetime": "2026-10-03T23:00:00", "source": "BMKG ADM4 forecast points + IDW", "boundary": "SERPRO Carbon Project Zone", "interpretation": "Forecast surface clipped to project boundary; not direct station observation" }, "geometry": { "type": "Point", "coordinates": [ 112.706952664468176, -2.931796884275324 ] } },
{ "type": "Feature", "properties": { "precipitation_mm": 0.0, "temperature_c": 24.691188256298506, "humidity_pct": 91.37737220913165, "cloud_cover_pct": 87.499910844285239, "wind_speed_ms": 8.2914123564624074, "forecast_datetime": "2026-10-03T23:00:00", "source": "BMKG ADM4 forecast points + IDW", "boundary": "SERPRO Carbon Project Zone", "interpretation": "Forecast surface clipped to project boundary; not direct station observation" }, "geometry": { "type": "Point", "coordinates": [ 112.70693897609101, -2.922753849014948 ] } },
{ "type": "Feature", "properties": { "precipitation_mm": 0.0, "temperature_c": 25.53687764440491, "humidity_pct": 87.386498777043641, "cloud_cover_pct": 87.157199903715551, "wind_speed_ms": 10.822499147285022, "forecast_datetime": "2026-10-03T23:00:00", "source": "BMKG ADM4 forecast points + IDW", "boundary": "SERPRO Carbon Project Zone", "interpretation": "Forecast surface clipped to project boundary; not direct station observation" }, "geometry": { "type": "Point", "coordinates": [ 112.71631983149355, -3.166900320522885 ] } },
{ "type": "Feature", "properties": { "precipitation_mm": 0.0, "temperature_c": 25.284745590269075, "humidity_pct": 88.648287856356376, "cloud_cover_pct": 87.258400340690784, "wind_speed_ms": 9.9085399242629073, "forecast_datetime": "2026-10-03T23:00:00", "source": "BMKG ADM4 forecast points + IDW", "boundary": "SERPRO Carbon Project Zone", "interpretation": "Forecast surface clipped to project boundary; not direct station observation" }, "geometry": { "type": "Point", "coordinates": [ 112.716260603830648, -3.130728505530358 ] } },
{ "type": "Feature", "properties": { "precipitation_mm": 0.0, "temperature_c": 25.231544652392298, "humidity_pct": 88.908132442773507, "cloud_cover_pct": 87.28128589971088, "wind_speed_ms": 9.7315708988457121, "forecast_datetime": "2026-10-03T23:00:00", "source": "BMKG ADM4 forecast points + IDW", "boundary": "SERPRO Carbon Project Zone", "interpretation": "Forecast surface clipped to project boundary; not direct station observation" }, "geometry": { "type": "Point", "coordinates": [ 112.716245903750306, -3.121685547689778 ] } },
{ "type": "Feature", "properties": { "precipitation_mm": 0.0, "temperature_c": 25.181904106662426, "humidity_pct": 89.148014824656485, "cloud_cover_pct": 87.303023433007112, "wind_speed_ms": 9.5723205934425, "forecast_datetime": "2026-10-03T23:00:00", "source": "BMKG ADM4 forecast points + IDW", "boundary": "SERPRO Carbon Project Zone", "interpretation": "Forecast surface clipped to project boundary; not direct station observation" }, "geometry": { "type": "Point", "coordinates": [ 112.716231246400469, -3.112642588221614 ] } },
{ "type": "Feature", "properties": { "precipitation_mm": 0.0, "temperature_c": 25.13560301820975, "humidity_pct": 89.369349426310947, "cloud_cover_pct": 87.323560994539804, "wind_speed_ms": 9.4290975813509004, "forecast_datetime": "2026-10-03T23:00:00", "source": "BMKG ADM4 forecast points + IDW", "boundary": "SERPRO Carbon Project Zone", "interpretation": "Forecast surface clipped to project boundary; not direct station observation" }, "geometry": { "type": "Point", "coordinates": [ 112.716216631779332, -3.103599627130563 ] } },
{ "type": "Feature", "properties": { "precipitation_mm": 0.0, "temperature_c": 25.092449678654678, "humidity_pct": 89.573434287393724, "cloud_cover_pct": 87.342857033504359, "wind_speed_ms": 9.3003188561858092, "forecast_datetime": "2026-10-03T23:00:00", "source": "BMKG ADM4 forecast points + IDW", "boundary": "SERPRO Carbon Project Zone", "interpretation": "Forecast surface clipped to project boundary; not direct station observation" }, "geometry": { "type": "Point", "coordinates": [ 112.716202059885092, -3.094556664421326 ] } },
{ "type": "Feature", "properties": { "precipitation_mm": 0.0, "temperature_c": 25.052284344921159, "humidity_pct": 89.761421407794302, "cloud_cover_pct": 87.360879139848691, "wind_speed_ms": 9.1845483665856342, "forecast_datetime": "2026-10-03T23:00:00", "source": "BMKG ADM4 forecast points + IDW", "boundary": "SERPRO Carbon Project Zone", "interpretation": "Forecast surface clipped to project boundary; not direct station observation" }, "geometry": { "type": "Point", "coordinates": [ 112.716187530715956, -3.0855137000986 ] } },
{ "type": "Feature", "properties": { "precipitation_mm": 0.0, "temperature_c": 25.014974437319506, "humidity_pct": 89.934325743780548, "cloud_cover_pct": 87.377604427862153, "wind_speed_ms": 9.0805024574431918, "forecast_datetime": "2026-10-03T23:00:00", "source": "BMKG ADM4 forecast points + IDW", "boundary": "SERPRO Carbon Project Zone", "interpretation": "Forecast surface clipped to project boundary; not direct station observation" }, "geometry": { "type": "Point", "coordinates": [ 112.716173044270121, -3.076470734167085 ] } },
{ "type": "Feature", "properties": { "precipitation_mm": 0.0, "temperature_c": 24.980406560436819, "humidity_pct": 90.093051605955836, "cloud_cover_pct": 87.393020569720292, "wind_speed_ms": 8.9870389629333598, "forecast_datetime": "2026-10-03T23:00:00", "source": "BMKG ADM4 forecast points + IDW", "boundary": "SERPRO Carbon Project Zone", "interpretation": "Forecast surface clipped to project boundary; not direct station observation" }, "geometry": { "type": "Point", "coordinates": [ 112.71615860054581, -3.067427766631478 ] } },
{ "type": "Feature", "properties": { "precipitation_mm": 0.0, "temperature_c": 24.948478050381063, "humidity_pct": 90.238423585471821, "cloud_cover_pct": 87.407126854047164, "wind_speed_ms": 8.9031398756846087, "forecast_datetime": "2026-10-03T23:00:00", "source": "BMKG ADM4 forecast points + IDW", "boundary": "SERPRO Carbon Project Zone", "interpretation": "Forecast surface clipped to project boundary; not direct station observation" }, "geometry": { "type": "Point", "coordinates": [ 112.716144199541219, -3.058384797496478 ] } },
{ "type": "Feature", "properties": { "precipitation_mm": 0.0, "temperature_c": 24.919089594339546, "humidity_pct": 90.371214789649017, "cloud_cover_pct": 87.419934897034139, "wind_speed_ms": 8.8278930885772127, "forecast_datetime": "2026-10-03T23:00:00", "source": "BMKG ADM4 forecast points + IDW", "boundary": "SERPRO Carbon Project Zone", "interpretation": "Forecast surface clipped to project boundary; not direct station observation" }, "geometry": { "type": "Point", "coordinates": [ 112.716129841254599, -3.049341826766785 ] } },
{ "type": "Feature", "properties": { "precipitation_mm": 0.0, "temperature_c": 24.892139674186677, "humidity_pct": 90.492168891977556, "cloud_cover_pct": 87.431468814040556, "wind_speed_ms": 8.7604759462537309, "forecast_datetime": "2026-10-03T23:00:00", "source": "BMKG ADM4 forecast points + IDW", "boundary": "SERPRO Carbon Project Zone", "interpretation": "Forecast surface clipped to project boundary; not direct station observation" }, "geometry": { "type": "Point", "coordinates": [ 112.71611552568416, -3.040298854447097 ] } },
{ "type": "Feature", "properties": { "precipitation_mm": 0.0, "temperature_c": 24.867521051509115, "humidity_pct": 90.602014893547505, "cloud_cover_pct": 87.44176479188495, "wind_speed_ms": 8.700141688142228, "forecast_datetime": "2026-10-03T23:00:00", "source": "BMKG ADM4 forecast points + IDW", "boundary": "SERPRO Carbon Project Zone", "interpretation": "Forecast surface clipped to project boundary; not direct station observation" }, "geometry": { "type": "Point", "coordinates": [ 112.716101252828125, -3.031255880542116 ] } },
{ "type": "Feature", "properties": { "precipitation_mm": 0.0, "temperature_c": 24.845119167946027, "humidity_pct": 90.701474959414597, "cloud_cover_pct": 87.450870097986524, "wind_speed_ms": 8.6462089219424136, "forecast_datetime": "2026-10-03T23:00:00", "source": "BMKG ADM4 forecast points + IDW", "boundary": "SERPRO Carbon Project Zone", "interpretation": "Forecast surface clipped to project boundary; not direct station observation" }, "geometry": { "type": "Point", "coordinates": [ 112.716087022684746, -3.022212905056539 ] } },
{ "type": "Feature", "properties": { "precipitation_mm": 0.0, "temperature_c": 24.824812135658526, "humidity_pct": 90.791266504809442, "cloud_cover_pct": 87.458841627159131, "wind_speed_ms": 8.5980537772299055, "forecast_datetime": "2026-10-03T23:00:00", "source": "BMKG ADM4 forecast points + IDW", "boundary": "SERPRO Carbon Project Zone", "interpretation": "Forecast surface clipped to project boundary; not direct station observation" }, "geometry": { "type": "Point", "coordinates": [ 112.716072835252277, -3.013169927995067 ] } },
{ "type": "Feature", "properties": { "precipitation_mm": 0.0, "temperature_c": 24.806471903087584, "humidity_pct": 90.872100052816862, "cloud_cover_pct": 87.465744123186823, "wind_speed_ms": 8.555104183579159, "forecast_datetime": "2026-10-03T23:00:00", "source": "BMKG ADM4 forecast points + IDW", "boundary": "SERPRO Carbon Project Zone", "interpretation": "Forecast surface clipped to project boundary; not direct station observation" }, "geometry": { "type": "Point", "coordinates": [ 112.716058690528939, -3.004126949362398 ] } },
{ "type": "Feature", "properties": { "precipitation_mm": 0.0, "temperature_c": 24.789966171212484, "humidity_pct": 90.944674412851683, "cloud_cover_pct": 87.471648223962788, "wind_speed_ms": 8.5168356838751897, "forecast_datetime": "2026-10-03T23:00:00", "source": "BMKG ADM4 forecast points + IDW", "boundary": "SERPRO Carbon Project Zone", "interpretation": "Forecast surface clipped to project boundary; not direct station observation" }, "geometry": { "type": "Point", "coordinates": [ 112.716044588513, -2.995083969163233 ] } },
{ "type": "Feature", "properties": { "precipitation_mm": 0.0, "temperature_c": 24.7751606786514, "humidity_pct": 91.009670555695621, "cloud_cover_pct": 87.476628471029116, "wind_speed_ms": 8.4827682553383035, "forecast_datetime": "2026-10-03T23:00:00", "source": "BMKG ADM4 forecast points + IDW", "boundary": "SERPRO Carbon Project Zone", "interpretation": "Forecast surface clipped to project boundary; not direct station observation" }, "geometry": { "type": "Point", "coordinates": [ 112.716030529202726, -2.986040987402273 ] } },
{ "type": "Feature", "properties": { "precipitation_mm": 0.0, "temperature_c": 24.761921546889273, "humidity_pct": 91.067745280998693, "cloud_cover_pct": 87.480761402899276, "wind_speed_ms": 8.4524637170005636, "forecast_datetime": "2026-10-03T23:00:00", "source": "BMKG ADM4 forecast points + IDW", "boundary": "SERPRO Carbon Project Zone", "interpretation": "Forecast surface clipped to project boundary; not direct station observation" }, "geometry": { "type": "Point", "coordinates": [ 112.716016512596383, -2.976998004084217 ] } },
{ "type": "Feature", "properties": { "precipitation_mm": 0.0, "temperature_c": 24.750117460829436, "humidity_pct": 91.119525459512076, "cloud_cover_pct": 87.484123822747335, "wind_speed_ms": 8.425523419532297, "forecast_datetime": "2026-10-03T23:00:00", "source": "BMKG ADM4 forecast points + IDW", "boundary": "SERPRO Carbon Project Zone", "interpretation": "Forecast surface clipped to project boundary; not direct station observation" }, "geometry": { "type": "Point", "coordinates": [ 112.716002538692223, -2.967955019213765 ] } },
{ "type": "Feature", "properties": { "precipitation_mm": 0.0, "temperature_c": 24.739621541046244, "humidity_pct": 91.165603335120252, "cloud_cover_pct": 87.48679130027449, "wind_speed_ms": 8.4015860213121343, "forecast_datetime": "2026-10-03T23:00:00", "source": "BMKG ADM4 forecast points + IDW", "boundary": "SERPRO Carbon Project Zone", "interpretation": "Forecast surface clipped to project boundary; not direct station observation" }, "geometry": { "type": "Point", "coordinates": [ 112.715988607488526, -2.958912032795618 ] } },
{ "type": "Feature", "properties": { "precipitation_mm": 0.0, "temperature_c": 25.206878047359282, "humidity_pct": 89.021597263414449, "cloud_cover_pct": 87.292883694665491, "wind_speed_ms": 9.6685268807635349, "forecast_datetime": "2026-10-03T23:00:00", "source": "BMKG ADM4 forecast points + IDW", "boundary": "SERPRO Carbon Project Zone", "interpretation": "Forecast surface clipped to project boundary; not direct station observation" }, "geometry": { "type": "Point", "coordinates": [ 112.725227097053335, -3.112627837112694 ] } },
{ "type": "Feature", "properties": { "precipitation_mm": 0.0, "temperature_c": 25.160529362435703, "humidity_pct": 89.244535857327421, "cloud_cover_pct": 87.312980920639689, "wind_speed_ms": 9.5217213922353086, "forecast_datetime": "2026-10-03T23:00:00", "source": "BMKG ADM4 forecast points + IDW", "boundary": "SERPRO Carbon Project Zone", "interpretation": "Forecast surface clipped to project boundary; not direct station observation" }, "geometry": { "type": "Point", "coordinates": [ 112.725212405920132, -3.103584918957797 ] } },
{ "type": "Feature", "properties": { "precipitation_mm": 0.0, "temperature_c": 25.117338341856712, "humidity_pct": 89.450256213536306, "cloud_cover_pct": 87.331878020541396, "wind_speed_ms": 9.3893421948758764, "forecast_datetime": "2026-10-03T23:00:00", "source": "BMKG ADM4 forecast points + IDW", "boundary": "SERPRO Carbon Project Zone", "interpretation": "Forecast surface clipped to project boundary; not direct station observation" }, "geometry": { "type": "Point", "coordinates": [ 112.725197757737504, -3.094541999184015 ] } },
{ "type": "Feature", "properties": { "precipitation_mm": 0.0, "temperature_c": 25.077138499472454, "humidity_pct": 89.639896487126265, "cloud_cover_pct": 87.349551703389935, "wind_speed_ms": 9.2700274748232161, "forecast_datetime": "2026-10-03T23:00:00", "source": "BMKG ADM4 forecast points + IDW", "boundary": "SERPRO Carbon Project Zone", "interpretation": "Forecast surface clipped to project boundary; not direct station observation" }, "geometry": { "type": "Point", "coordinates": [ 112.725183152503675, -3.085499077796049 ] } },
{ "type": "Feature", "properties": { "precipitation_mm": 0.0, "temperature_c": 25.039783114341848, "humidity_pct": 89.814496360569677, "cloud_cover_pct": 87.365987836401771, "wind_speed_ms": 9.1625291287400561, "forecast_datetime": "2026-10-03T23:00:00", "source": "BMKG ADM4 forecast points + IDW", "boundary": "SERPRO Carbon Project Zone", "interpretation": "Forecast surface clipped to project boundary; not direct station observation" }, "geometry": { "type": "Point", "coordinates": [ 112.725168590216811, -3.076456154798599 ] } },
{ "type": "Feature", "properties": { "precipitation_mm": 0.0, "temperature_c": 25.005141995618821, "humidity_pct": 89.975002103720612, "cloud_cover_pct": 87.381181487471451, "wind_speed_ms": 9.0657173074164223, "forecast_datetime": "2026-10-03T23:00:00", "source": "BMKG ADM4 forecast points + IDW", "boundary": "SERPRO Carbon Project Zone", "interpretation": "Forecast surface clipped to project boundary; not direct station observation" }, "geometry": { "type": "Point", "coordinates": [ 112.725154070875107, -3.067413230196366 ] } },
{ "type": "Feature", "properties": { "precipitation_mm": 0.0, "temperature_c": 24.973096395817024, "humidity_pct": 90.122282644583336, "cloud_cover_pct": 87.395137332149488, "wind_speed_ms": 8.9785738571301881, "forecast_datetime": "2026-10-03T23:00:00", "source": "BMKG ADM4 forecast points + IDW", "boundary": "SERPRO Carbon Project Zone", "interpretation": "Forecast surface clipped to project boundary; not direct station observation" }, "geometry": { "type": "Point", "coordinates": [ 112.725139594476786, -3.05837030399405 ] } },
{ "type": "Feature", "properties": { "precipitation_mm": 0.0, "temperature_c": 24.943533794616449, "humidity_pct": 90.257148354313031, "cloud_cover_pct": 87.407870007016257, "wind_speed_ms": 8.9001811439026319, "forecast_datetime": "2026-10-03T23:00:00", "source": "BMKG ADM4 forecast points + IDW", "boundary": "SERPRO Carbon Project Zone", "interpretation": "Forecast surface clipped to project boundary; not direct station observation" }, "geometry": { "type": "Point", "coordinates": [ 112.725125161020074, -3.049327376196354 ] } },
{ "type": "Feature", "properties": { "precipitation_mm": 0.0, "temperature_c": 24.91634351046206, "humidity_pct": 90.380367942125162, "cloud_cover_pct": 87.41940417449176, "wind_speed_ms": 8.8297099209210028, "forecast_datetime": "2026-10-03T23:00:00", "source": "BMKG ADM4 forecast points + IDW", "boundary": "SERPRO Carbon Project Zone", "interpretation": "Forecast surface clipped to project boundary; not direct station observation" }, "geometry": { "type": "Point", "coordinates": [ 112.725110770503164, -3.040284446807978 ] } },
{ "type": "Feature", "properties": { "precipitation_mm": 0.0, "temperature_c": 24.891413570869521, "humidity_pct": 90.492681311234847, "cloud_cover_pct": 87.429774195450975, "wind_speed_ms": 8.7664081029596925, "forecast_datetime": "2026-10-03T23:00:00", "source": "BMKG ADM4 forecast points + IDW", "boundary": "SERPRO Carbon Project Zone", "interpretation": "Forecast surface clipped to project boundary; not direct station observation" }, "geometry": { "type": "Point", "coordinates": [ 112.725096422924295, -3.031241515833624 ] } },
{ "type": "Feature", "properties": { "precipitation_mm": 0.0, "temperature_c": 24.868628924469299, "humidity_pct": 90.594807793938273, "cloud_cover_pct": 87.439023398676937, "wind_speed_ms": 8.7095912172571097, "forecast_datetime": "2026-10-03T23:00:00", "source": "BMKG ADM4 forecast points + IDW", "boundary": "SERPRO Carbon Project Zone", "interpretation": "Forecast surface clipped to project boundary; not direct station observation" }, "geometry": { "type": "Point", "coordinates": [ 112.725082118281691, -3.022198583277993 ] } },
{ "type": "Feature", "properties": { "precipitation_mm": 0.0, "temperature_c": 24.847870863683834, "humidity_pct": 90.687450117805355, "cloud_cover_pct": 87.447202998244265, "wind_speed_ms": 8.6586346716134255, "forecast_datetime": "2026-10-03T23:00:00", "source": "BMKG ADM4 forecast points + IDW", "boundary": "SERPRO Carbon Project Zone", "interpretation": "Forecast surface clipped to project boundary; not direct station observation" }, "geometry": { "type": "Point", "coordinates": [ 112.725067856573588, -3.013155649145788 ] } },
{ "type": "Feature", "properties": { "precipitation_mm": 0.0, "temperature_c": 24.829017412612746, "humidity_pct": 90.771294941305285, "cloud_cover_pct": 87.454370746739869, "wind_speed_ms": 8.6129676534359128, "forecast_datetime": "2026-10-03T23:00:00", "source": "BMKG ADM4 forecast points + IDW", "boundary": "SERPRO Carbon Project Zone", "interpretation": "Forecast surface clipped to project boundary; not direct station observation" }, "geometry": { "type": "Point", "coordinates": [ 112.725053637798226, -3.004112713441709 ] } },
{ "type": "Feature", "properties": { "precipitation_mm": 0.0, "temperature_c": 24.811944392901676, "humidity_pct": 90.847010974969763, "cloud_cover_pct": 87.460589428296998, "wind_speed_ms": 8.572068335934496, "forecast_datetime": "2026-10-03T23:00:00", "source": "BMKG ADM4 forecast points + IDW", "boundary": "SERPRO Carbon Project Zone", "interpretation": "Forecast surface clipped to project boundary; not direct station observation" }, "geometry": { "type": "Point", "coordinates": [ 112.725039461953841, -2.995069776170459 ] } },
{ "type": "Feature", "properties": { "precipitation_mm": 0.0, "temperature_c": 24.796526888183667, "humidity_pct": 90.915245680729356, "cloud_cover_pct": 87.465925295299272, "wind_speed_ms": 8.5354600432875944, "forecast_datetime": "2026-10-03T23:00:00", "source": "BMKG ADM4 forecast points + IDW", "boundary": "SERPRO Carbon Project Zone", "interpretation": "Forecast surface clipped to project boundary; not direct station observation" }, "geometry": { "type": "Point", "coordinates": [ 112.725025329038701, -2.986026837336739 ] } },
{ "type": "Feature", "properties": { "precipitation_mm": 0.0, "temperature_c": 24.78264086588845, "humidity_pct": 90.976621400757864, "cloud_cover_pct": 87.470446541036011, "wind_speed_ms": 8.5027080637152288, "forecast_datetime": "2026-10-03T23:00:00", "source": "BMKG ADM4 forecast points + IDW", "boundary": "SERPRO Carbon Project Zone", "interpretation": "Forecast surface clipped to project boundary; not direct station observation" }, "geometry": { "type": "Point", "coordinates": [ 112.725011239051042, -2.976983896945253 ] } },
{ "type": "Feature", "properties": { "precipitation_mm": 0.0, "temperature_c": 24.770164768350792, "humidity_pct": 91.031731571103037, "cloud_cover_pct": 87.474221882135367, "wind_speed_ms": 8.4734168638855234, "forecast_datetime": "2026-10-03T23:00:00", "source": "BMKG ADM4 forecast points + IDW", "boundary": "SERPRO Carbon Project Zone", "interpretation": "Forecast surface clipped to project boundary; not direct station observation" }, "geometry": { "type": "Point", "coordinates": [ 112.724997191989132, -2.967940955000701 ] } },
{ "type": "Feature", "properties": { "precipitation_mm": 0.0, "temperature_c": 24.758980941662664, "humidity_pct": 91.081137469338344, "cloud_cover_pct": 87.477319303295147, "wind_speed_ms": 8.4472275284759863, "forecast_datetime": "2026-10-03T23:00:00", "source": "BMKG ADM4 forecast points + IDW", "boundary": "SERPRO Carbon Project Zone", "interpretation": "Forecast surface clipped to project boundary; not direct station observation" }, "geometry": { "type": "Point", "coordinates": [ 112.724983187851251, -2.958898011507789 ] } },
{ "type": "Feature", "properties": { "precipitation_mm": 0.0, "temperature_c": 24.748976822865728, "humidity_pct": 91.125365758101097, "cloud_cover_pct": 87.479804995802695, "wind_speed_ms": 8.4238153127005688, "forecast_datetime": "2026-10-03T23:00:00", "source": "BMKG ADM4 forecast points + IDW", "boundary": "SERPRO Carbon Project Zone", "interpretation": "Forecast surface clipped to project boundary; not direct station observation" }, "geometry": { "type": "Point", "coordinates": [ 112.724969226635636, -2.949855066471216 ] } },
{ "type": "Feature", "properties": { "precipitation_mm": 0.0, "temperature_c": 25.227997600889985, "humidity_pct": 88.914592335409012, "cloud_cover_pct": 87.284351760161869, "wind_speed_ms": 9.7503898386760586, "forecast_datetime": "2026-10-03T23:00:00", "source": "BMKG ADM4 forecast points + IDW", "boundary": "SERPRO Carbon Project Zone", "interpretation": "Forecast surface clipped to project boundary; not direct station observation" }, "geometry": { "type": "Point", "coordinates": [ 112.734222904753807, -3.112613008979479 ] } },
{ "type": "Feature", "properties": { "precipitation_mm": 0.0, "temperature_c": 25.182031496483162, "humidity_pct": 89.136740253642856, "cloud_cover_pct": 87.303912229355092, "wind_speed_ms": 9.6021682589994004, "forecast_datetime": "2026-10-03T23:00:00", "source": "BMKG ADM4 forecast points + IDW", "boundary": "SERPRO Carbon Project Zone", "interpretation": "Forecast surface clipped to project boundary; not direct station observation" }, "geometry": { "type": "Point", "coordinates": [ 112.734208137110343, -3.103570133984929 ] } },
{ "type": "Feature", "properties": { "precipitation_mm": 0.0, "temperature_c": 25.139141244937797, "humidity_pct": 89.342170211787106, "cloud_cover_pct": 87.322333691023019, "wind_speed_ms": 9.4679621921017265, "forecast_datetime": "2026-10-03T23:00:00", "source": "BMKG ADM4 forecast points + IDW", "boundary": "SERPRO Carbon Project Zone", "interpretation": "Forecast surface clipped to project boundary; not direct station observation" }, "geometry": { "type": "Point", "coordinates": [ 112.734193412641162, -3.094527257370793 ] } },
{ "type": "Feature", "properties": { "precipitation_mm": 0.0, "temperature_c": 25.099174912104942, "humidity_pct": 89.531904978157812, "cloud_cover_pct": 87.339595489719215, "wind_speed_ms": 9.3465580944162632, "forecast_datetime": "2026-10-03T23:00:00", "source": "BMKG ADM4 forecast points + IDW", "boundary": "SERPRO Carbon Project Zone", "interpretation": "Forecast surface clipped to project boundary; not direct station observation" }, "geometry": { "type": "Point", "coordinates": [ 112.734178731344414, -3.085484379141772 ] } },
{ "type": "Feature", "properties": { "precipitation_mm": 0.0, "temperature_c": 25.061990022205585, "humidity_pct": 89.706922129560226, "cloud_cover_pct": 87.355686912017532, "wind_speed_ms": 9.2368068381003745, "forecast_datetime": "2026-10-03T23:00:00", "source": "BMKG ADM4 forecast points + IDW", "boundary": "SERPRO Carbon Project Zone", "interpretation": "Forecast surface clipped to project boundary; not direct station observation" }, "geometry": { "type": "Point", "coordinates": [ 112.734164093218311, -3.076441499302572 ] } },
{ "type": "Feature", "properties": { "precipitation_mm": 0.0, "temperature_c": 25.027454767353834, "humidity_pct": 89.868138575839836, "cloud_cover_pct": 87.3706062275443, "wind_speed_ms": 9.1376434402299207, "forecast_datetime": "2026-10-03T23:00:00", "source": "BMKG ADM4 forecast points + IDW", "boundary": "SERPRO Carbon Project Zone", "interpretation": "Forecast surface clipped to project boundary; not direct station observation" }, "geometry": { "type": "Point", "coordinates": [ 112.734149498261019, -3.067398617857893 ] } },
{ "type": "Feature", "properties": { "precipitation_mm": 0.0, "temperature_c": 24.995446307350178, "humidity_pct": 90.016411139488838, "cloud_cover_pct": 87.38436038017953, "wind_speed_ms": 9.0480920420195652, "forecast_datetime": "2026-10-03T23:00:00", "source": "BMKG ADM4 forecast points + IDW", "boundary": "SERPRO Carbon Project Zone", "interpretation": "Forecast surface clipped to project boundary; not direct station observation" }, "geometry": { "type": "Point", "coordinates": [ 112.734134946470775, -3.058355734812437 ] } },
{ "type": "Feature", "properties": { "precipitation_mm": 0.0, "temperature_c": 24.965847937922028, "humidity_pct": 90.152544462784221, "cloud_cover_pct": 87.396964888483538, "wind_speed_ms": 8.9672630507721021, "forecast_datetime": "2026-10-03T23:00:00", "source": "BMKG ADM4 forecast points + IDW", "boundary": "SERPRO Carbon Project Zone", "interpretation": "Forecast surface clipped to project boundary; not direct station observation" }, "geometry": { "type": "Point", "coordinates": [ 112.734120437845732, -3.049312850170911 ] } },
{ "type": "Feature", "properties": { "precipitation_mm": 0.0, "temperature_c": 24.938546213750097, "humidity_pct": 90.277300915320112, "cloud_cover_pct": 87.408443686917437, "wind_speed_ms": 8.8943467100340694, "forecast_datetime": "2026-10-03T23:00:00", "source": "BMKG ADM4 forecast points + IDW", "boundary": "SERPRO Carbon Project Zone", "interpretation": "Forecast surface clipped to project boundary; not direct station observation" }, "geometry": { "type": "Point", "coordinates": [ 112.734105972384143, -3.040269963938014 ] } },
{ "type": "Feature", "properties": { "precipitation_mm": 0.0, "temperature_c": 24.913428616807089, "humidity_pct": 90.391409550135549, "cloud_cover_pct": 87.418828765696034, "wind_speed_ms": 8.8286055710559665, "forecast_datetime": "2026-10-03T23:00:00", "source": "BMKG ADM4 forecast points + IDW", "boundary": "SERPRO Carbon Project Zone", "interpretation": "Forecast surface clipped to project boundary; not direct station observation" }, "geometry": { "type": "Point", "coordinates": [ 112.734091550084216, -3.031227076118453 ] } },
{ "type": "Feature", "properties": { "precipitation_mm": 0.0, "temperature_c": 24.890382019755478, "humidity_pct": 90.495572747204989, "cloud_cover_pct": 87.428159556968808, "wind_speed_ms": 8.7693671753231364, "forecast_datetime": "2026-10-03T23:00:00", "source": "BMKG ADM4 forecast points + IDW", "boundary": "SERPRO Carbon Project Zone", "interpretation": "Forecast surface clipped to project boundary; not direct station observation" }, "geometry": { "type": "Point", "coordinates": [ 112.734077170944133, -3.022184186716931 ] } },
{ "type": "Feature", "properties": { "precipitation_mm": 0.0, "temperature_c": 24.869291972616207, "humidity_pct": 90.590470193227844, "cloud_cover_pct": 87.436482076156963, "wind_speed_ms": 8.7160175362115311, "forecast_datetime": "2026-10-03T23:00:00", "source": "BMKG ADM4 forecast points + IDW", "boundary": "SERPRO Carbon Project Zone", "interpretation": "Forecast surface clipped to project boundary; not direct station observation" }, "geometry": { "type": "Point", "coordinates": [ 112.734062834962174, -3.013141295738149 ] } },
{ "type": "Feature", "properties": { "precipitation_mm": 0.0, "temperature_c": 24.85004270939363, "humidity_pct": 90.676760437288678, "cloud_cover_pct": 87.443847865470488, "wind_speed_ms": 8.6679955859568789, "forecast_datetime": "2026-10-03T23:00:00", "source": "BMKG ADM4 forecast points + IDW", "boundary": "SERPRO Carbon Project Zone", "interpretation": "Forecast surface clipped to project boundary; not direct station observation" }, "geometry": { "type": "Point", "coordinates": [ 112.734048542136534, -3.004098403186814 ] } },
{ "type": "Feature", "properties": { "precipitation_mm": 0.0, "temperature_c": 24.832517705986302, "humidity_pct": 90.755080557267576, "cloud_cover_pct": 87.450312806580783, "wind_speed_ms": 8.6247885295764455, "forecast_datetime": "2026-10-03T23:00:00", "source": "BMKG ADM4 forecast points + IDW", "boundary": "SERPRO Carbon Project Zone", "interpretation": "Forecast surface clipped to project boundary; not direct station observation" }, "geometry": { "type": "Point", "coordinates": [ 112.734034292465452, -2.995055509067629 ] } },
{ "type": "Feature", "properties": { "precipitation_mm": 0.0, "temperature_c": 24.816600601854248, "humidity_pct": 90.826044567860237, "cloud_cover_pct": 87.455935875333637, "wind_speed_ms": 8.5859279477533832, "forecast_datetime": "2026-10-03T23:00:00", "source": "BMKG ADM4 forecast points + IDW", "boundary": "SERPRO Carbon Project Zone", "interpretation": "Forecast surface clipped to project boundary; not direct station observation" }, "geometry": { "type": "Point", "coordinates": [ 112.734020085947179, -2.986012613385299 ] } },
{ "type": "Feature", "properties": { "precipitation_mm": 0.0, "temperature_c": 24.80217630934844, "humidity_pct": 90.890241171714521, "cloud_cover_pct": 87.460777907178368, "wind_speed_ms": 8.5509864657659396, "forecast_datetime": "2026-10-03T23:00:00", "source": "BMKG ADM4 forecast points + IDW", "boundary": "SERPRO Carbon Project Zone", "interpretation": "Forecast surface clipped to project boundary; not direct station observation" }, "geometry": { "type": "Point", "coordinates": [ 112.734005922579954, -2.976969716144525 ] } },
{ "type": "Feature", "properties": { "precipitation_mm": 0.0, "temperature_c": 24.78913216335172, "humidity_pct": 90.948231356419811, "cloud_cover_pct": 87.464900431290488, "wind_speed_ms": 8.5195748212496909, "forecast_datetime": "2026-10-03T23:00:00", "source": "BMKG ADM4 forecast points + IDW", "boundary": "SERPRO Carbon Project Zone", "interpretation": "Forecast surface clipped to project boundary; not direct station observation" }, "geometry": { "type": "Point", "coordinates": [ 112.733991802362027, -2.967926817350016 ] } },
{ "type": "Feature", "properties": { "precipitation_mm": 0.0, "temperature_c": 24.777359000048481, "humidity_pct": 91.000546212370324, "cloud_cover_pct": 87.468364617308353, "wind_speed_ms": 8.4913391976071129, "forecast_datetime": "2026-10-03T23:00:00", "source": "BMKG ADM4 forecast points + IDW", "boundary": "SERPRO Carbon Project Zone", "interpretation": "Forecast surface clipped to project boundary; not direct station observation" }, "geometry": { "type": "Point", "coordinates": [ 112.73397772529168, -2.958883917006473 ] } },
{ "type": "Feature", "properties": { "precipitation_mm": 0.0, "temperature_c": 24.766752090275016, "humidity_pct": 91.047685217176209, "cloud_cover_pct": 87.471230363707804, "wind_speed_ms": 8.4659587284215334, "forecast_datetime": "2026-10-03T23:00:00", "source": "BMKG ADM4 forecast points + IDW", "boundary": "SERPRO Carbon Project Zone", "interpretation": "Forecast surface clipped to project boundary; not direct station observation" }, "geometry": { "type": "Point", "coordinates": [ 112.733963691367123, -2.949841015118603 ] } },
{ "type": "Feature", "properties": { "precipitation_mm": 0.0, "temperature_c": 24.757211885628394, "humidity_pct": 91.090115117792863, "cloud_cover_pct": 87.473555542896975, "wind_speed_ms": 8.4431431135263306, "forecast_datetime": "2026-10-03T23:00:00", "source": "BMKG ADM4 forecast points + IDW", "boundary": "SERPRO Carbon Project Zone", "interpretation": "Forecast surface clipped to project boundary; not direct station observation" }, "geometry": { "type": "Point", "coordinates": [ 112.733949700586692, -2.94079811169111 ] } },
{ "type": "Feature", "properties": { "precipitation_mm": 0.0, "temperature_c": 25.245271186001379, "humidity_pct": 88.826986778955117, "cloud_cover_pct": 87.277376824309528, "wind_speed_ms": 9.8178327780955001, "forecast_datetime": "2026-10-03T23:00:00", "source": "BMKG ADM4 forecast points + IDW", "boundary": "SERPRO Carbon Project Zone", "interpretation": "Forecast surface clipped to project boundary; not direct station observation" }, "geometry": { "type": "Point", "coordinates": [ 112.743218669278193, -3.112598103823796 ] } },
{ "type": "Feature", "properties": { "precipitation_mm": 0.0, "temperature_c": 25.200099224326422, "humidity_pct": 89.046078299447444, "cloud_cover_pct": 87.296304624061094, "wind_speed_ms": 9.6702111871850978, "forecast_datetime": "2026-10-03T23:00:00", "source": "BMKG ADM4 forecast points + IDW", "boundary": "SERPRO Carbon Project Zone", "interpretation": "Forecast surface clipped to project boundary; not direct station observation" }, "geometry": { "type": "Point", "coordinates": [ 112.743203825126301, -3.103555272213782 ] } },
{ "type": "Feature", "properties": { "precipitation_mm": 0.0, "temperature_c": 25.157844494608256, "humidity_pct": 89.249343109019136, "cloud_cover_pct": 87.314171853824121, "wind_speed_ms": 9.535871274604597, "forecast_datetime": "2026-10-03T23:00:00", "source": "BMKG ADM4 forecast points + IDW", "boundary": "SERPRO Carbon Project Zone", "interpretation": "Forecast surface clipped to project boundary; not direct station observation" }, "geometry": { "type": "Point", "coordinates": [ 112.743189024372356, -3.094512438983476 ] } },
{ "type": "Feature", "properties": { "precipitation_mm": 0.0, "temperature_c": 25.118384512774796, "humidity_pct": 89.437618352591173, "cloud_cover_pct": 87.330955580125277, "wind_speed_ms": 9.4137970724822111, "forecast_datetime": "2026-10-03T23:00:00", "source": "BMKG ADM4 forecast points + IDW", "boundary": "SERPRO Carbon Project Zone", "interpretation": "Forecast surface clipped to project boundary; not direct station observation" }, "geometry": { "type": "Point", "coordinates": [ 112.743174267014524, -3.085469604137583 ] } },
{ "type": "Feature", "properties": { "precipitation_mm": 0.0, "temperature_c": 25.081594905400635, "humidity_pct": 89.611754512313837, "cloud_cover_pct": 87.346644228131353, "wind_speed_ms": 9.3029846378717309, "forecast_datetime": "2026-10-03T23:00:00", "source": "BMKG ADM4 forecast points + IDW", "boundary": "SERPRO Carbon Project Zone", "interpretation": "Forecast surface clipped to project boundary; not direct station observation" }, "geometry": { "type": "Point", "coordinates": [ 112.743159553050972, -3.076426767680809 ] } },
{ "type": "Feature", "properties": { "precipitation_mm": 0.0, "temperature_c": 25.047354349988243, "humidity_pct": 89.772582508778299, "cloud_cover_pct": 87.36123574500732, "wind_speed_ms": 9.2024747251424586, "forecast_datetime": "2026-10-03T23:00:00", "source": "BMKG ADM4 forecast points + IDW", "boundary": "SERPRO Carbon Project Zone", "interpretation": "Forecast surface clipped to project boundary; not direct station observation" }, "geometry": { "type": "Point", "coordinates": [ 112.743144882479911, -3.067383929617858 ] } },
{ "type": "Feature", "properties": { "precipitation_mm": 0.0, "temperature_c": 25.015545946018928, "humidity_pct": 89.920899986759153, "cloud_cover_pct": 87.374736606907049, "wind_speed_ms": 9.1113685143495182, "forecast_datetime": "2026-10-03T23:00:00", "source": "BMKG ADM4 forecast points + IDW", "boundary": "SERPRO Carbon Project Zone", "interpretation": "Forecast surface clipped to project boundary; not direct station observation" }, "geometry": { "type": "Point", "coordinates": [ 112.743130255299505, -3.058341089953434 ] } },
{ "type": "Feature", "properties": { "precipitation_mm": 0.0, "temperature_c": 24.986056718761578, "humidity_pct": 90.057468336154002, "cloud_cover_pct": 87.387161239592686, "wind_speed_ms": 9.0288331360363419, "forecast_datetime": "2026-10-03T23:00:00", "source": "BMKG ADM4 forecast points + IDW", "boundary": "SERPRO Carbon Project Zone", "interpretation": "Forecast surface clipped to project boundary; not direct station observation" }, "geometry": { "type": "Point", "coordinates": [ 112.743115671507965, -3.049298248692243 ] } },
{ "type": "Feature", "properties": { "precipitation_mm": 0.0, "temperature_c": 24.95877637843698, "humidity_pct": 90.183014878181154, "cloud_cover_pct": 87.398531571060644, "wind_speed_ms": 8.9541014696336987, "forecast_datetime": "2026-10-03T23:00:00", "source": "BMKG ADM4 forecast points + IDW", "boundary": "SERPRO Carbon Project Zone", "interpretation": "Forecast surface clipped to project boundary; not direct station observation" }, "geometry": { "type": "Point", "coordinates": [ 112.743101131103472, -3.04025540583899 ] } },
{ "type": "Feature", "properties": { "precipitation_mm": 0.0, "temperature_c": 24.933596018233079, "humidity_pct": 90.298236785912735, "cloud_cover_pct": 87.408876548540306, "wind_speed_ms": 8.8864690502703372, "forecast_datetime": "2026-10-03T23:00:00", "source": "BMKG ADM4 forecast points + IDW", "boundary": "SERPRO Carbon Project Zone", "interpretation": "Forecast surface clipped to project boundary; not direct station observation" }, "geometry": { "type": "Point", "coordinates": [ 112.74308663408425, -3.031212561398382 ] } },
{ "type": "Feature", "properties": { "precipitation_mm": 0.0, "temperature_c": 24.910407117909354, "humidity_pct": 90.403804820784288, "cloud_cover_pct": 87.418231536106717, "wind_speed_ms": 8.8252897831502128, "forecast_datetime": "2026-10-03T23:00:00", "source": "BMKG ADM4 forecast points + IDW", "boundary": "SERPRO Carbon Project Zone", "interpretation": "Forecast surface clipped to project boundary; not direct station observation" }, "geometry": { "type": "Point", "coordinates": [ 112.743072180448493, -3.022169715375124 ] } },
{ "type": "Feature", "properties": { "precipitation_mm": 0.0, "temperature_c": 24.889101002575753, "humidity_pct": 90.500365985698011, "cloud_cover_pct": 87.42663756809587, "wind_speed_ms": 8.7699714119376164, "forecast_datetime": "2026-10-03T23:00:00", "source": "BMKG ADM4 forecast points + IDW", "boundary": "SERPRO Carbon Project Zone", "interpretation": "Forecast surface clipped to project boundary; not direct station observation" }, "geometry": { "type": "Point", "coordinates": [ 112.743057770194426, -3.01312686777392 ] } },
{ "type": "Feature", "properties": { "precipitation_mm": 0.0, "temperature_c": 24.869568766964004, "humidity_pct": 90.588544841675699, "cloud_cover_pct": 87.434140472270428, "wind_speed_ms": 8.7199712105395761, "forecast_datetime": "2026-10-03T23:00:00", "source": "BMKG ADM4 forecast points + IDW", "boundary": "SERPRO Carbon Project Zone", "interpretation": "Forecast surface clipped to project boundary; not direct station observation" }, "geometry": { "type": "Point", "coordinates": [ 112.743043403320286, -3.004084018599479 ] } },
{ "type": "Feature", "properties": { "precipitation_mm": 0.0, "temperature_c": 24.851701595093893, "humidity_pct": 90.668943609628158, "cloud_cover_pct": 87.440789899400357, "wind_speed_ms": 8.6747920817474533, "forecast_datetime": "2026-10-03T23:00:00", "source": "BMKG ADM4 forecast points + IDW", "boundary": "SERPRO Carbon Project Zone", "interpretation": "Forecast surface clipped to project boundary; not direct station observation" }, "geometry": { "type": "Point", "coordinates": [ 112.743029079824254, -2.995041167856504 ] } },
{ "type": "Feature", "properties": { "precipitation_mm": 0.0, "temperature_c": 24.835391367508404, "humidity_pct": 90.742141362791713, "cloud_cover_pct": 87.446638306260013, "wind_speed_ms": 8.6339790880931613, "forecast_datetime": "2026-10-03T23:00:00", "source": "BMKG ADM4 forecast points + IDW", "boundary": "SERPRO Carbon Project Zone", "interpretation": "Forecast surface clipped to project boundary; not direct station observation" }, "geometry": { "type": "Point", "coordinates": [ 112.743014799704611, -2.985998315549704 ] } },
{ "type": "Feature", "properties": { "precipitation_mm": 0.0, "temperature_c": 24.820531439760391, "humidity_pct": 90.808692672530185, "cloud_cover_pct": 87.451739940300612, "wind_speed_ms": 8.5971163641215682, "forecast_datetime": "2026-10-03T23:00:00", "source": "BMKG ADM4 forecast points + IDW", "boundary": "SERPRO Carbon Project Zone", "interpretation": "Forecast surface clipped to project boundary; not direct station observation" }, "geometry": { "type": "Point", "coordinates": [ 112.743000562959566, -2.976955461683784 ] } },
{ "type": "Feature", "properties": { "precipitation_mm": 0.0, "temperature_c": 24.807017485695361, "humidity_pct": 90.869126049464157, "cloud_cover_pct": 87.456149869382699, "wind_speed_ms": 8.5638243327594044, "forecast_datetime": "2026-10-03T23:00:00", "source": "BMKG ADM4 forecast points + IDW", "boundary": "SERPRO Carbon Project Zone", "interpretation": "Forecast surface clipped to project boundary; not direct station observation" }, "geometry": { "type": "Point", "coordinates": [ 112.742986369587371, -2.96791260626345 ] } },
{ "type": "Feature", "properties": { "precipitation_mm": 0.0, "temperature_c": 24.794748318843613, "humidity_pct": 90.923942459546268, "cloud_cover_pct": 87.459923091475559, "wind_speed_ms": 8.5337571495020867, "forecast_datetime": "2026-10-03T23:00:00", "source": "BMKG ADM4 forecast points + IDW", "boundary": "SERPRO Carbon Project Zone", "interpretation": "Forecast surface clipped to project boundary; not direct station observation" }, "geometry": { "type": "Point", "coordinates": [ 112.742972219586278, -2.95886974929341 ] } },
{ "type": "Feature", "properties": { "precipitation_mm": 0.0, "temperature_c": 24.783626628728626, "humidity_pct": 90.973614116259554, "cloud_cover_pct": 87.463113749202066, "wind_speed_ms": 8.506600312279982, "forecast_datetime": "2026-10-03T23:00:00", "source": "BMKG ADM4 forecast points + IDW", "boundary": "SERPRO Carbon Project Zone", "interpretation": "Forecast surface clipped to project boundary; not direct station observation" }, "geometry": { "type": "Point", "coordinates": [ 112.742958112954526, -2.94982689077837 ] } },
{ "type": "Feature", "properties": { "precipitation_mm": 0.0, "temperature_c": 25.258840532672792, "humidity_pct": 88.758083519692931, "cloud_cover_pct": 87.271869949299784, "wind_speed_ms": 9.8713236938451523, "forecast_datetime": "2026-10-03T23:00:00", "source": "BMKG ADM4 forecast points + IDW", "boundary": "SERPRO Carbon Project Zone", "interpretation": "Forecast surface clipped to project boundary; not direct station observation" }, "geometry": { "type": "Point", "coordinates": [ 112.752214390402798, -3.112583121647482 ] } },
{ "type": "Feature", "properties": { "precipitation_mm": 0.0, "temperature_c": 25.214828091822163, "humidity_pct": 88.972116720278308, "cloud_cover_pct": 87.290079472133513, "wind_speed_ms": 9.7260703825711321, "forecast_datetime": "2026-10-03T23:00:00", "source": "BMKG ADM4 forecast points + IDW", "boundary": "SERPRO Carbon Project Zone", "interpretation": "Forecast surface clipped to project boundary; not direct station observation" }, "geometry": { "type": "Point", "coordinates": [ 112.752199469744312, -3.103540333646187 ] } },
{ "type": "Feature", "properties": { "precipitation_mm": 0.0, "temperature_c": 25.173516438398327, "humidity_pct": 89.171507148917755, "cloud_cover_pct": 87.307319902861536, "wind_speed_ms": 9.5931256373983889, "forecast_datetime": "2026-10-03T23:00:00", "source": "BMKG ADM4 forecast points + IDW", "boundary": "SERPRO Carbon Project Zone", "interpretation": "Forecast surface clipped to project boundary; not direct station observation" }, "geometry": { "type": "Point", "coordinates": [ 112.752184592707437, -3.094497544023892 ] } },
{ "type": "Feature", "properties": { "precipitation_mm": 0.0, "temperature_c": 25.134821058308678, "humidity_pct": 89.356867708355097, "cloud_cover_pct": 87.323562876426209, "wind_speed_ms": 9.4716955855457172, "forecast_datetime": "2026-10-03T23:00:00", "source": "BMKG ADM4 forecast points + IDW", "boundary": "SERPRO Carbon Project Zone", "interpretation": "Forecast surface clipped to project boundary; not direct station observation" }, "geometry": { "type": "Point", "coordinates": [ 112.752169759290339, -3.085454752785303 ] } },
{ "type": "Feature", "properties": { "precipitation_mm": 0.0, "temperature_c": 25.098644734244697, "humidity_pct": 89.528880372762202, "cloud_cover_pct": 87.338792952780352, "wind_speed_ms": 9.3609492191912, "forecast_datetime": "2026-10-03T23:00:00", "source": "BMKG ADM4 forecast points + IDW", "boundary": "SERPRO Carbon Project Zone", "interpretation": "Forecast surface clipped to project boundary; not direct station observation" }, "geometry": { "type": "Point", "coordinates": [ 112.752154969491187, -3.076411959935128 ] } },
{ "type": "Feature", "properties": { "precipitation_mm": 0.0, "temperature_c": 25.064885244300147, "humidity_pct": 89.688250451785123, "cloud_cover_pct": 87.353005122309099, "wind_speed_ms": 9.260060511382326, "forecast_datetime": "2026-10-03T23:00:00", "source": "BMKG ADM4 forecast points + IDW", "boundary": "SERPRO Carbon Project Zone", "interpretation": "Forecast surface clipped to project boundary; not direct station observation" }, "geometry": { "type": "Point", "coordinates": [ 112.752140223308146, -3.067369165478072 ] } },
{ "type": "Feature", "properties": { "precipitation_mm": 0.0, "temperature_c": 25.033439237749118, "humidity_pct": 89.835681166161905, "cloud_cover_pct": 87.366203242098877, "wind_speed_ms": 9.1682329412946153, "forecast_datetime": "2026-10-03T23:00:00", "source": "BMKG ADM4 forecast points + IDW", "boundary": "SERPRO Carbon Project Zone", "interpretation": "Forecast surface clipped to project boundary; not direct station observation" }, "geometry": { "type": "Point", "coordinates": [ 112.752125520739398, -3.058326369418844 ] } },
{ "type": "Feature", "properties": { "precipitation_mm": 0.0, "temperature_c": 25.004203800951327, "humidity_pct": 89.971860971356037, "cloud_cover_pct": 87.378399016465352, "wind_speed_ms": 9.0847124883190027, "forecast_datetime": "2026-10-03T23:00:00", "source": "BMKG ADM4 forecast points + IDW", "boundary": "SERPRO Carbon Project Zone", "interpretation": "Forecast surface clipped to project boundary; not direct station observation" }, "geometry": { "type": "Point", "coordinates": [ 112.752110861783123, -3.049283571762151 ] } },
{ "type": "Feature", "properties": { "precipitation_mm": 0.0, "temperature_c": 24.97707678295987, "humidity_pct": 90.097458283217605, "cloud_cover_pct": 87.389611250194662, "wind_speed_ms": 9.0087934023383411, "forecast_datetime": "2026-10-03T23:00:00", "source": "BMKG ADM4 forecast points + IDW", "boundary": "SERPRO Carbon Project Zone", "interpretation": "Forecast surface clipped to project boundary; not direct station observation" }, "geometry": { "type": "Point", "coordinates": [ 112.752096246437532, -3.0402407725127 ] } },
{ "type": "Feature", "properties": { "precipitation_mm": 0.0, "temperature_c": 24.951956588807217, "humidity_pct": 90.213120038909238, "cloud_cover_pct": 87.399865198013686, "wind_speed_ms": 8.9398196781834418, "forecast_datetime": "2026-10-03T23:00:00", "source": "BMKG ADM4 forecast points + IDW", "boundary": "SERPRO Carbon Project Zone", "interpretation": "Forecast surface clipped to project boundary; not direct station observation" }, "geometry": { "type": "Point", "coordinates": [ 112.752081674700818, -3.0311979716752 ] } },
{ "type": "Feature", "properties": { "precipitation_mm": 0.0, "temperature_c": 24.92874187196243, "humidity_pct": 90.319471865526751, "cloud_cover_pct": 87.409191907498936, "wind_speed_ms": 8.8771841415791464, "forecast_datetime": "2026-10-03T23:00:00", "source": "BMKG ADM4 forecast points + IDW", "boundary": "SERPRO Carbon Project Zone", "interpretation": "Forecast surface clipped to project boundary; not direct station observation" }, "geometry": { "type": "Point", "coordinates": [ 112.75206714657115, -3.022155169254356 ] } },
{ "type": "Feature", "properties": { "precipitation_mm": 0.0, "temperature_c": 24.907331357195524, "humidity_pct": 90.417118585782717, "cloud_cover_pct": 87.417627506799661, "wind_speed_ms": 8.8203263332398656, "forecast_datetime": "2026-10-03T23:00:00", "source": "BMKG ADM4 forecast points + IDW", "boundary": "SERPRO Carbon Project Zone", "interpretation": "Forecast surface clipped to project boundary; not direct station observation" }, "geometry": { "type": "Point", "coordinates": [ 112.752052662046779, -3.013112365254878 ] } },
{ "type": "Feature", "properties": { "precipitation_mm": 0.0, "temperature_c": 24.887623888121656, "humidity_pct": 90.506644439066619, "cloud_cover_pct": 87.425212426060483, "wind_speed_ms": 8.7687298896028558, "forecast_datetime": "2026-10-03T23:00:00", "source": "BMKG ADM4 forecast points + IDW", "boundary": "SERPRO Carbon Project Zone", "interpretation": "Forecast surface clipped to project boundary; not direct station observation" }, "geometry": { "type": "Point", "coordinates": [ 112.752038221125886, -3.004069559681473 ] } },
{ "type": "Feature", "properties": { "precipitation_mm": 0.0, "temperature_c": 24.869518706695217, "humidity_pct": 90.588612809129117, "cloud_cover_pct": 87.431990565316923, "wind_speed_ms": 8.7219198017166395, "forecast_datetime": "2026-10-03T23:00:00", "source": "BMKG ADM4 forecast points + IDW", "boundary": "SERPRO Carbon Project Zone", "interpretation": "Forecast surface clipped to project boundary; not direct station observation" }, "geometry": { "type": "Point", "coordinates": [ 112.752023823806695, -2.995026752538851 ] } },
{ "type": "Feature", "properties": { "precipitation_mm": 0.0, "temperature_c": 24.85291592262406, "humidity_pct": 90.66356548936399, "cloud_cover_pct": 87.438008434793105, "wind_speed_ms": 8.6794597379022207, "forecast_datetime": "2026-10-03T23:00:00", "source": "BMKG ADM4 forecast points + IDW", "boundary": "SERPRO Carbon Project Zone", "interpretation": "Forecast surface clipped to project boundary; not direct station observation" }, "geometry": { "type": "Point", "coordinates": [ 112.75200947008743, -2.98598394383172 ] } },
{ "type": "Feature", "properties": { "precipitation_mm": 0.0, "temperature_c": 24.837717108426212, "humidity_pct": 90.732021635048213, "cloud_cover_pct": 87.44331429861677, "wind_speed_ms": 8.6409495022961185, "forecast_datetime": "2026-10-03T23:00:00", "source": "BMKG ADM4 forecast points + IDW", "boundary": "SERPRO Carbon Project Zone", "interpretation": "Forecast surface clipped to project boundary; not direct station observation" }, "geometry": { "type": "Point", "coordinates": [ 112.751995159966327, -2.976941133564785 ] } },
{ "type": "Feature", "properties": { "precipitation_mm": 0.0, "temperature_c": 24.823825951788297, "humidity_pct": 90.79447659016985, "cloud_cover_pct": 87.447957352357307, "wind_speed_ms": 8.6060226416107124, "forecast_datetime": "2026-10-03T23:00:00", "source": "BMKG ADM4 forecast points + IDW", "boundary": "SERPRO Carbon Project Zone", "interpretation": "Forecast surface clipped to project boundary; not direct station observation" }, "geometry": { "type": "Point", "coordinates": [ 112.751980893441612, -2.967898321742757 ] } },
{ "type": "Feature", "properties": { "precipitation_mm": 0.0, "temperature_c": 24.811148903928355, "humidity_pct": 90.851400766156559, "cloud_cover_pct": 87.451986960539102, "wind_speed_ms": 8.5743441859068703, "forecast_datetime": "2026-10-03T23:00:00", "source": "BMKG ADM4 forecast points + IDW", "boundary": "SERPRO Carbon Project Zone", "interpretation": "Forecast surface clipped to project boundary; not direct station observation" }, "geometry": { "type": "Point", "coordinates": [ 112.751966670511536, -2.958855508370345 ] } },
{ "type": "Feature", "properties": { "precipitation_mm": 0.0, "temperature_c": 24.799595775448733, "humidity_pct": 90.903238713983029, "cloud_cover_pct": 87.455451974069049, "wind_speed_ms": 8.5456085017240664, "forecast_datetime": "2026-10-03T23:00:00", "source": "BMKG ADM4 forecast points + IDW", "boundary": "SERPRO Carbon Project Zone", "interpretation": "Forecast surface clipped to project boundary; not direct station observation" }, "geometry": { "type": "Point", "coordinates": [ 112.751952491174322, -2.949812693452259 ] } },
{ "type": "Feature", "properties": { "precipitation_mm": 0.0, "temperature_c": 24.789080245864291, "humidity_pct": 90.950408485720018, "cloud_cover_pct": 87.458400140639796, "wind_speed_ms": 8.5195372382115568, "forecast_datetime": "2026-10-03T23:00:00", "source": "BMKG ADM4 forecast points + IDW", "boundary": "SERPRO Carbon Project Zone", "interpretation": "Forecast surface clipped to project boundary; not direct station observation" }, "geometry": { "type": "Point", "coordinates": [ 112.751938355428237, -2.940769876993206 ] } },
{ "type": "Feature", "properties": { "precipitation_mm": 0.0, "temperature_c": 25.268949415962432, "humidity_pct": 88.706662065400465, "cloud_cover_pct": 87.26771340622507, "wind_speed_ms": 9.911745642956566, "forecast_datetime": "2026-10-03T23:00:00", "source": "BMKG ADM4 forecast points + IDW", "boundary": "SERPRO Carbon Project Zone", "interpretation": "Forecast surface clipped to project boundary; not direct station observation" }, "geometry": { "type": "Point", "coordinates": [ 112.76121006790396, -3.112568062452384 ] } },
{ "type": "Feature", "properties": { "precipitation_mm": 0.0, "temperature_c": 25.22639890172864, "humidity_pct": 88.91397963643395, "cloud_cover_pct": 87.285135657279241, "wind_speed_ms": 9.7703254075457302, "forecast_datetime": "2026-10-03T23:00:00", "source": "BMKG ADM4 forecast points + IDW", "boundary": "SERPRO Carbon Project Zone", "interpretation": "Forecast surface clipped to project boundary; not direct station observation" }, "geometry": { "type": "Point", "coordinates": [ 112.761195070740712, -3.103525318283986 ] } },
{ "type": "Feature", "properties": { "precipitation_mm": 0.0, "temperature_c": 25.186294798316052, "humidity_pct": 89.10802845250609, "cloud_cover_pct": 87.30168828309499, "wind_speed_ms": 9.6400867111885642, "forecast_datetime": "2026-10-03T23:00:00", "source": "BMKG ADM4 forecast points + IDW", "boundary": "SERPRO Carbon Project Zone", "interpretation": "Forecast surface clipped to project boundary; not direct station observation" }, "geometry": { "type": "Point", "coordinates": [ 112.761180117422754, -3.094482572493874 ] } },
{ "type": "Feature", "properties": { "precipitation_mm": 0.0, "temperature_c": 25.148593530467267, "humidity_pct": 89.289186205739426, "cloud_cover_pct": 87.317335971156183, "wind_speed_ms": 9.5204608183024728, "forecast_datetime": "2026-10-03T23:00:00", "source": "BMKG ADM4 forecast points + IDW", "boundary": "SERPRO Carbon Project Zone", "interpretation": "Forecast surface clipped to project boundary; not direct station observation" }, "geometry": { "type": "Point", "coordinates": [ 112.76116520794821, -3.08543982508676 ] } },
{ "type": "Feature", "properties": { "precipitation_mm": 0.0, "temperature_c": 25.113229641523542, "humidity_pct": 89.457946946771742, "cloud_cover_pct": 87.332057682676904, "wind_speed_ms": 9.4108003148279629, "forecast_datetime": "2026-10-03T23:00:00", "source": "BMKG ADM4 forecast points + IDW", "boundary": "SERPRO Carbon Project Zone", "interpretation": "Forecast surface clipped to project boundary; not direct station observation" }, "geometry": { "type": "Point", "coordinates": [ 112.761150342315261, -3.076397076067351 ] } },
{ "type": "Feature", "properties": { "precipitation_mm": 0.0, "temperature_c": 25.080125200425051, "humidity_pct": 89.614867608330599, "cloud_cover_pct": 87.345843762330091, "wind_speed_ms": 9.3104267146678481, "forecast_datetime": "2026-10-03T23:00:00", "source": "BMKG ADM4 forecast points + IDW", "boundary": "SERPRO Carbon Project Zone", "interpretation": "Forecast surface clipped to project boundary; not direct station observation" }, "geometry": { "type": "Point", "coordinates": [ 112.761135520522075, -3.067354325440356 ] } },
{ "type": "Feature", "properties": { "precipitation_mm": 0.0, "temperature_c": 25.049195483065652, "humidity_pct": 89.76053421500896, "cloud_cover_pct": 87.35869396798762, "wind_speed_ms": 9.218661189433476, "forecast_datetime": "2026-10-03T23:00:00", "source": "BMKG ADM4 forecast points + IDW", "boundary": "SERPRO Carbon Project Zone", "interpretation": "Forecast surface clipped to project boundary; not direct station observation" }, "geometry": { "type": "Point", "coordinates": [ 112.761120742566803, -3.058311573210484 ] } },
{ "type": "Feature", "properties": { "precipitation_mm": 0.0, "temperature_c": 25.020352178047535, "humidity_pct": 89.895541505098649, "cloud_cover_pct": 87.370616100441779, "wind_speed_ms": 9.134843462304616, "forecast_datetime": "2026-10-03T23:00:00", "source": "BMKG ADM4 forecast points + IDW", "boundary": "SERPRO Carbon Project Zone", "interpretation": "Forecast surface clipped to project boundary; not direct station observation" }, "geometry": { "type": "Point", "coordinates": [ 112.761106008447641, -3.049268819382445 ] } },
{ "type": "Feature", "properties": { "precipitation_mm": 0.0, "temperature_c": 24.993505063322928, "humidity_pct": 90.020481212290804, "cloud_cover_pct": 87.381624991615965, "wind_speed_ms": 9.05834270171089, "forecast_datetime": "2026-10-03T23:00:00", "source": "BMKG ADM4 forecast points + IDW", "boundary": "SERPRO Carbon Project Zone", "interpretation": "Forecast surface clipped to project boundary; not direct station observation" }, "geometry": { "type": "Point", "coordinates": [ 112.761091318162741, -3.040226063960948 ] } },
{ "type": "Feature", "properties": { "precipitation_mm": 0.0, "temperature_c": 24.968562826438554, "humidity_pct": 90.135935609014822, "cloud_cover_pct": 87.391741681995185, "wind_speed_ms": 8.9885631958842627, "forecast_datetime": "2026-10-03T23:00:00", "source": "BMKG ADM4 forecast points + IDW", "boundary": "SERPRO Carbon Project Zone", "interpretation": "Forecast surface clipped to project boundary; not direct station observation" }, "geometry": { "type": "Point", "coordinates": [ 112.761076671710313, -3.031183306950703 ] } },
{ "type": "Feature", "properties": { "precipitation_mm": 0.0, "temperature_c": 24.945433476160687, "humidity_pct": 90.242474011700708, "cloud_cover_pct": 87.400992678159426, "wind_speed_ms": 8.9249467452051139, "forecast_datetime": "2026-10-03T23:00:00", "source": "BMKG ADM4 forecast points + IDW", "boundary": "SERPRO Carbon Project Zone", "interpretation": "Forecast surface clipped to project boundary; not direct station observation" }, "geometry": { "type": "Point", "coordinates": [ 112.761062069088553, -3.022140548356422 ] } },
{ "type": "Feature", "properties": { "precipitation_mm": 0.0, "temperature_c": 24.924024620190519, "humidity_pct": 90.340650784506465, "cloud_cover_pct": 87.409409228079113, "wind_speed_ms": 8.8669730724889426, "forecast_datetime": "2026-10-03T23:00:00", "source": "BMKG ADM4 forecast points + IDW", "boundary": "SERPRO Carbon Project Zone", "interpretation": "Forecast surface clipped to project boundary; not direct station observation" }, "geometry": { "type": "Point", "coordinates": [ 112.76104751029564, -3.01309778818281 ] } },
{ "type": "Feature", "properties": { "precipitation_mm": 0.0, "temperature_c": 24.904243757965812, "humidity_pct": 90.431003981460918, "cloud_cover_pct": 87.417026586041459, "wind_speed_ms": 8.8141590923180022, "forecast_datetime": "2026-10-03T23:00:00", "source": "BMKG ADM4 forecast points + IDW", "boundary": "SERPRO Carbon Project Zone", "interpretation": "Forecast surface clipped to project boundary; not direct station observation" }, "geometry": { "type": "Point", "coordinates": [ 112.761032995329785, -3.004055026434582 ] } },
{ "type": "Feature", "properties": { "precipitation_mm": 0.0, "temperature_c": 24.885998651660383, "humidity_pct": 90.514054179488838, "cloud_cover_pct": 87.423883262397254, "wind_speed_ms": 8.7660575624336019, "forecast_datetime": "2026-10-03T23:00:00", "source": "BMKG ADM4 forecast points + IDW", "boundary": "SERPRO Carbon Project Zone", "interpretation": "Forecast surface clipped to project boundary; not direct station observation" }, "geometry": { "type": "Point", "coordinates": [ 112.761018524189197, -2.995012263116446 ] } },
{ "type": "Feature", "properties": { "precipitation_mm": 0.0, "temperature_c": 24.869197784218972, "humidity_pct": 90.590303319340279, "cloud_cover_pct": 87.430020267712152, "wind_speed_ms": 8.7222554281446705, "forecast_datetime": "2026-10-03T23:00:00", "source": "BMKG ADM4 forecast points + IDW", "boundary": "SERPRO Carbon Project Zone", "interpretation": "Forecast surface clipped to project boundary; not direct station observation" }, "geometry": { "type": "Point", "coordinates": [ 112.761004096872114, -2.985969498233112 ] } },
{ "type": "Feature", "properties": { "precipitation_mm": 0.0, "temperature_c": 24.853750882799545, "humidity_pct": 90.660233526785277, "cloud_cover_pct": 87.435480368347754, "wind_speed_ms": 8.682372035103219, "forecast_datetime": "2026-10-03T23:00:00", "source": "BMKG ADM4 forecast points + IDW", "boundary": "SERPRO Carbon Project Zone", "interpretation": "Forecast surface clipped to project boundary; not direct station observation" }, "geometry": { "type": "Point", "coordinates": [ 112.760989713376716, -2.976926731789292 ] } },
{ "type": "Feature", "properties": { "precipitation_mm": 0.0, "temperature_c": 24.83956947247971, "humidity_pct": 90.724305965185025, "cloud_cover_pct": 87.440307372816889, "wind_speed_ms": 8.6460573032118102, "forecast_datetime": "2026-10-03T23:00:00", "source": "BMKG ADM4 forecast points + IDW", "boundary": "SERPRO Carbon Project Zone", "interpretation": "Forecast surface clipped to project boundary; not direct station observation" }, "geometry": { "type": "Point", "coordinates": [ 112.760975373701228, -2.967883963789695 ] } },
{ "type": "Feature", "properties": { "precipitation_mm": 0.0, "temperature_c": 24.826567422814474, "humidity_pct": 90.782959798824209, "cloud_cover_pct": 87.444545467082506, "wind_speed_ms": 8.6129899071405411, "forecast_datetime": "2026-10-03T23:00:00", "source": "BMKG ADM4 forecast points + IDW", "boundary": "SERPRO Carbon Project Zone", "interpretation": "Forecast surface clipped to project boundary; not direct station observation" }, "geometry": { "type": "Point", "coordinates": [ 112.760961077843916, -2.958841194239033 ] } },
{ "type": "Feature", "properties": { "precipitation_mm": 0.0, "temperature_c": 24.814661454304211, "humidity_pct": 90.836611344137793, "cloud_cover_pct": 87.448238613663847, "wind_speed_ms": 8.582875484061546, "forecast_datetime": "2026-10-03T23:00:00", "source": "BMKG ADM4 forecast points + IDW", "boundary": "SERPRO Carbon Project Zone", "interpretation": "Forecast surface clipped to project boundary; not direct station observation" }, "geometry": { "type": "Point", "coordinates": [ 112.760946825802989, -2.949798423142017 ] } },
{ "type": "Feature", "properties": { "precipitation_mm": 0.0, "temperature_c": 24.803771579682188, "humidity_pct": 90.885653467679205, "cloud_cover_pct": 87.451430025062379, "wind_speed_ms": 8.5554448777542529, "forecast_datetime": "2026-10-03T23:00:00", "source": "BMKG ADM4 forecast points + IDW", "boundary": "SERPRO Carbon Project Zone", "interpretation": "Forecast surface clipped to project boundary; not direct station observation" }, "geometry": { "type": "Point", "coordinates": [ 112.760932617576685, -2.940755650503359 ] } },
{ "type": "Feature", "properties": { "precipitation_mm": 0.0, "temperature_c": 24.79382146381084, "humidity_pct": 90.930455265272755, "cloud_cover_pct": 87.454161717433095, "wind_speed_ms": 8.5304524241664446, "forecast_datetime": "2026-10-03T23:00:00", "source": "BMKG ADM4 forecast points + IDW", "boundary": "SERPRO Carbon Project Zone", "interpretation": "Forecast surface clipped to project boundary; not direct station observation" }, "geometry": { "type": "Point", "coordinates": [ 112.760918453163285, -2.931712876327766 ] } },
{ "type": "Feature", "properties": { "precipitation_mm": 0.0, "temperature_c": 25.275910366541254, "humidity_pct": 88.671148860485289, "cloud_cover_pct": 87.264771066044943, "wind_speed_ms": 9.9402614722525904, "forecast_datetime": "2026-10-03T23:00:00", "source": "BMKG ADM4 forecast points + IDW", "boundary": "SERPRO Carbon Project Zone", "interpretation": "Forecast surface clipped to project boundary; not direct station observation" }, "geometry": { "type": "Point", "coordinates": [ 112.770205701557984, -3.112552926240356 ] } },
{ "type": "Feature", "properties": { "precipitation_mm": 0.0, "temperature_c": 25.235054140303383, "humidity_pct": 88.87047013683555, "cloud_cover_pct": 87.281356703169394, "wind_speed_ms": 9.8038171838921642, "forecast_datetime": "2026-10-03T23:00:00", "source": "BMKG ADM4 forecast points + IDW", "boundary": "SERPRO Carbon Project Zone", "interpretation": "Forecast surface clipped to project boundary; not direct station observation" }, "geometry": { "type": "Point", "coordinates": [ 112.77019062789185, -3.103510226129028 ] } },
{ "type": "Feature", "properties": { "precipitation_mm": 0.0, "temperature_c": 25.196370425373896, "humidity_pct": 89.057992000211712, "cloud_cover_pct": 87.297175220979582, "wind_speed_ms": 9.6773511839783186, "forecast_datetime": "2026-10-03T23:00:00", "source": "BMKG ADM4 forecast points + IDW", "boundary": "SERPRO Carbon Project Zone", "interpretation": "Forecast surface clipped to project boundary; not direct station observation" }, "geometry": { "type": "Point", "coordinates": [ 112.770175598294642, -3.09446752439527 ] } },
{ "type": "Feature", "properties": { "precipitation_mm": 0.0, "temperature_c": 25.159855281494824, "humidity_pct": 89.233867239840066, "cloud_cover_pct": 87.312184166045597, "wind_speed_ms": 9.5605065962294837, "forecast_datetime": "2026-10-03T23:00:00", "source": "BMKG ADM4 forecast points + IDW", "boundary": "SERPRO Carbon Project Zone", "interpretation": "Forecast surface clipped to project boundary; not direct station observation" }, "geometry": { "type": "Point", "coordinates": [ 112.770160612764514, -3.085424821043796 ] } },
{ "type": "Feature", "properties": { "precipitation_mm": 0.0, "temperature_c": 25.125475937369441, "humidity_pct": 89.398400791548127, "cloud_cover_pct": 87.326356267315248, "wind_speed_ms": 9.4528162373852833, "forecast_datetime": "2026-10-03T23:00:00", "source": "BMKG ADM4 forecast points + IDW", "boundary": "SERPRO Carbon Project Zone", "interpretation": "Forecast surface clipped to project boundary; not direct station observation" }, "geometry": { "type": "Point", "coordinates": [ 112.770145671299602, -3.076382116079314 ] } },
{ "type": "Feature", "properties": { "precipitation_mm": 0.0, "temperature_c": 25.093180932451318, "humidity_pct": 89.551993307841286, "cloud_cover_pct": 87.339676405616856, "wind_speed_ms": 9.3537519828005635, "forecast_datetime": "2026-10-03T23:00:00", "source": "BMKG ADM4 forecast points + IDW", "boundary": "SERPRO Carbon Project Zone", "interpretation": "Forecast surface clipped to project boundary; not direct station observation" }, "geometry": { "type": "Point", "coordinates": [ 112.770130773898089, -3.067339409506537 ] } },
{ "type": "Feature", "properties": { "precipitation_mm": 0.0, "temperature_c": 25.062906888103907, "humidity_pct": 89.695102493839173, "cloud_cover_pct": 87.352139417085453, "wind_speed_ms": 9.2627589718549146, "forecast_datetime": "2026-10-03T23:00:00", "source": "BMKG ADM4 forecast points + IDW", "boundary": "SERPRO Carbon Project Zone", "interpretation": "Forecast surface clipped to project boundary; not direct station observation" }, "geometry": { "type": "Point", "coordinates": [ 112.770115920558112, -3.058296701330175 ] } },
{ "type": "Feature", "properties": { "precipitation_mm": 0.0, "temperature_c": 25.034582865641784, "humidity_pct": 89.828217395612796, "cloud_cover_pct": 87.363748487800976, "wind_speed_ms": 9.1792785292456429, "forecast_datetime": "2026-10-03T23:00:00", "source": "BMKG ADM4 forecast points + IDW", "boundary": "SERPRO Carbon Project Zone", "interpretation": "Forecast surface clipped to project boundary; not direct station observation" }, "geometry": { "type": "Point", "coordinates": [ 112.770101111277853, -3.049253991554941 ] } },
{ "type": "Feature", "properties": { "precipitation_mm": 0.0, "temperature_c": 25.008133091759788, "humidity_pct": 89.951841712551158, "cloud_cover_pct": 87.374513941318341, "wind_speed_ms": 9.1027629782357842, "forecast_datetime": "2026-10-03T23:00:00", "source": "BMKG ADM4 forecast points + IDW", "boundary": "SERPRO Carbon Project Zone", "interpretation": "Forecast surface clipped to project boundary; not direct station observation" }, "geometry": { "type": "Point", "coordinates": [ 112.770086346055479, -3.040211280185546 ] } },
{ "type": "Feature", "properties": { "precipitation_mm": 0.0, "temperature_c": 24.983478644938454, "humidity_pct": 90.066483130135765, "cloud_cover_pct": 87.384452269604779, "wind_speed_ms": 9.0326848011831231, "forecast_datetime": "2026-10-03T23:00:00", "source": "BMKG ADM4 forecast points + IDW", "boundary": "SERPRO Carbon Project Zone", "interpretation": "Forecast surface clipped to project boundary; not direct station observation" }, "geometry": { "type": "Point", "coordinates": [ 112.770071624889155, -3.031168567226701 ] } },
{ "type": "Feature", "properties": { "precipitation_mm": 0.0, "temperature_c": 24.960538527435549, "humidity_pct": 90.172646497442557, "cloud_cover_pct": 87.393585302918837, "wind_speed_ms": 8.9685419643474162, "forecast_datetime": "2026-10-03T23:00:00", "source": "BMKG ADM4 forecast points + IDW", "boundary": "SERPRO Carbon Project Zone", "interpretation": "Forecast surface clipped to project boundary; not direct station observation" }, "geometry": { "type": "Point", "coordinates": [ 112.770056947777078, -3.02212585268312 ] } },
{ "type": "Feature", "properties": { "precipitation_mm": 0.0, "temperature_c": 24.939230407885418, "humidity_pct": 90.270829352119662, "cloud_cover_pct": 87.401939451774552, "wind_speed_ms": 8.9098607044392804, "forecast_datetime": "2026-10-03T23:00:00", "source": "BMKG ADM4 forecast points + IDW", "boundary": "SERPRO Carbon Project Zone", "interpretation": "Forecast surface clipped to project boundary; not direct station observation" }, "geometry": { "type": "Point", "coordinates": [ 112.770042314717443, -3.013083136559513 ] } },
{ "type": "Feature", "properties": { "precipitation_mm": 0.0, "temperature_c": 24.919471211630647, "humidity_pct": 90.361518817391442, "cloud_cover_pct": 87.409544983355246, "wind_speed_ms": 8.8561966749114198, "forecast_datetime": "2026-10-03T23:00:00", "source": "BMKG ADM4 forecast points + IDW", "boundary": "SERPRO Carbon Project Zone", "interpretation": "Forecast surface clipped to project boundary; not direct station observation" }, "geometry": { "type": "Point", "coordinates": [ 112.770027725708417, -3.004040418860593 ] } },
{ "type": "Feature", "properties": { "precipitation_mm": 0.0, "temperature_c": 24.901177657323682, "humidity_pct": 90.445189275873531, "cloud_cover_pct": 87.416435315949826, "wind_speed_ms": 8.8071350559381276, "forecast_datetime": "2026-10-03T23:00:00", "source": "BMKG ADM4 forecast points + IDW", "boundary": "SERPRO Carbon Project Zone", "interpretation": "Forecast surface clipped to project boundary; not direct station observation" }, "geometry": { "type": "Point", "coordinates": [ 112.770013180748236, -2.994997699591073 ] } },
{ "type": "Feature", "properties": { "precipitation_mm": 0.0, "temperature_c": 24.884266784611391, "humidity_pct": 90.52230048754906, "cloud_cover_pct": 87.422646329204156, "wind_speed_ms": 8.762290023431051, "forecast_datetime": "2026-10-03T23:00:00", "source": "BMKG ADM4 forecast points + IDW", "boundary": "SERPRO Carbon Project Zone", "interpretation": "Forecast surface clipped to project boundary; not direct station observation" }, "geometry": { "type": "Point", "coordinates": [ 112.769998679835084, -2.985954978755665 ] } },
{ "type": "Feature", "properties": { "precipitation_mm": 0.0, "temperature_c": 24.86865648378344, "humidity_pct": 90.593295989741605, "cloud_cover_pct": 87.42821569648558, "wind_speed_ms": 8.7213038294491643, "forecast_datetime": "2026-10-03T23:00:00", "source": "BMKG ADM4 forecast points + IDW", "boundary": "SERPRO Carbon Project Zone", "interpretation": "Forecast surface clipped to project boundary; not direct station observation" }, "geometry": { "type": "Point", "coordinates": [ 112.769984222967153, -2.976912256359081 ] } },
{ "type": "Feature", "properties": { "precipitation_mm": 0.0, "temperature_c": 24.854266019220201, "humidity_pct": 90.658601719029434, "cloud_cover_pct": 87.433182249756626, "wind_speed_ms": 8.6838456516161511, "forecast_datetime": "2026-10-03T23:00:00", "source": "BMKG ADM4 forecast points + IDW", "boundary": "SERPRO Carbon Project Zone", "interpretation": "Forecast surface clipped to project boundary; not direct station observation" }, "geometry": { "type": "Point", "coordinates": [ 112.769969810142697, -2.967869532406034 ] } },
{ "type": "Feature", "properties": { "precipitation_mm": 0.0, "temperature_c": 24.841016529974645, "humidity_pct": 90.718624849031485, "cloud_cover_pct": 87.43758538827278, "wind_speed_ms": 8.6496103085541272, "forecast_datetime": "2026-10-03T23:00:00", "source": "BMKG ADM4 forecast points + IDW", "boundary": "SERPRO Carbon Project Zone", "interpretation": "Forecast surface clipped to project boundary; not direct station observation" }, "geometry": { "type": "Point", "coordinates": [ 112.769955441359912, -2.958826806901238 ] } },
{ "type": "Feature", "properties": { "precipitation_mm": 0.0, "temperature_c": 24.82883148925934, "humidity_pct": 90.773752860172905, "cloud_cover_pct": 87.441464541229067, "wind_speed_ms": 8.6183169009998348, "forecast_datetime": "2026-10-03T23:00:00", "source": "BMKG ADM4 forecast points + IDW", "boundary": "SERPRO Carbon Project Zone", "interpretation": "Forecast surface clipped to project boundary; not direct station observation" }, "geometry": { "type": "Point", "coordinates": [ 112.769941116617019, -2.949784079849405 ] } },
{ "type": "Feature", "properties": { "precipitation_mm": 0.0, "temperature_c": 24.817637107158468, "humidity_pct": 90.824352860370482, "cloud_cover_pct": 87.444858692063718, "wind_speed_ms": 8.5897074161477196, "forecast_datetime": "2026-10-03T23:00:00", "source": "BMKG ADM4 forecast points + IDW", "boundary": "SERPRO Carbon Project Zone", "interpretation": "Forecast surface clipped to project boundary; not direct station observation" }, "geometry": { "type": "Point", "coordinates": [ 112.769926835912287, -2.940741351255248 ] } },
{ "type": "Feature", "properties": { "precipitation_mm": 0.0, "temperature_c": 24.80736266545798, "humidity_pct": 90.870771168107609, "cloud_cover_pct": 87.447805969171043, "wind_speed_ms": 8.5635453201546401, "forecast_datetime": "2026-10-03T23:00:00", "source": "BMKG ADM4 forecast points + IDW", "boundary": "SERPRO Carbon Project Zone", "interpretation": "Forecast surface clipped to project boundary; not direct station observation" }, "geometry": { "type": "Point", "coordinates": [ 112.769912599243895, -2.931698621123481 ] } },
{ "type": "Feature", "properties": { "precipitation_mm": 0.0, "temperature_c": 25.280073857474669, "humidity_pct": 88.649774787462647, "cloud_cover_pct": 87.262898189813129, "wind_speed_ms": 9.9581900030359769, "forecast_datetime": "2026-10-03T23:00:00", "source": "BMKG ADM4 forecast points + IDW", "boundary": "SERPRO Carbon Project Zone", "interpretation": "Forecast surface clipped to project boundary; not direct station observation" }, "geometry": { "type": "Point", "coordinates": [ 112.779201291141234, -3.112537713013266 ] } },
{ "type": "Feature", "properties": { "precipitation_mm": 0.0, "temperature_c": 25.241074789846106, "humidity_pct": 88.840189537070003, "cloud_cover_pct": 87.278617929991313, "wind_speed_ms": 9.827553037467748, "forecast_datetime": "2026-10-03T23:00:00", "source": "BMKG ADM4 forecast points + IDW", "boundary": "SERPRO Carbon Project Zone", "interpretation": "Forecast surface clipped to project boundary; not direct station observation" }, "geometry": { "type": "Point", "coordinates": [ 112.779186140974048, -3.103495057183174 ] } },
{ "type": "Feature", "properties": { "precipitation_mm": 0.0, "temperature_c": 25.203970277981284, "humidity_pct": 89.020290081287172, "cloud_cover_pct": 87.293671817425079, "wind_speed_ms": 9.705679407224828, "forecast_datetime": "2026-10-03T23:00:00", "source": "BMKG ADM4 forecast points + IDW", "boundary": "SERPRO Carbon Project Zone", "interpretation": "Forecast surface clipped to project boundary; not direct station observation" }, "geometry": { "type": "Point", "coordinates": [ 112.779171035099438, -3.094452399729934 ] } },
{ "type": "Feature", "properties": { "precipitation_mm": 0.0, "temperature_c": 25.168791835557034, "humidity_pct": 89.190028855253061, "cloud_cover_pct": 87.308010995929024, "wind_speed_ms": 9.5924001160948649, "forecast_datetime": "2026-10-03T23:00:00", "source": "BMKG ADM4 forecast points + IDW", "boundary": "SERPRO Carbon Project Zone", "interpretation": "Forecast surface clipped to project boundary; not direct station observation" }, "geometry": { "type": "Point", "coordinates": [ 112.779155973515557, -3.085409740658258 ] } },
{ "type": "Feature", "properties": { "precipitation_mm": 0.0, "temperature_c": 25.135537577450375, "humidity_pct": 89.349533935195609, "cloud_cover_pct": 87.321602172362489, "wind_speed_ms": 9.487414649906464, "forecast_datetime": "2026-10-03T23:00:00", "source": "BMKG ADM4 forecast points + IDW", "boundary": "SERPRO Carbon Project Zone", "interpretation": "Forecast surface clipped to project boundary; not direct station observation" }, "geometry": { "type": "Point", "coordinates": [ 112.779140956220544, -3.076367079972861 ] } },
{ "type": "Feature", "properties": { "precipitation_mm": 0.0, "temperature_c": 25.104182298921689, "humidity_pct": 89.49905359536065, "cloud_cover_pct": 87.334424660328366, "wind_speed_ms": 9.3903390304801153, "forecast_datetime": "2026-10-03T23:00:00", "source": "BMKG ADM4 forecast points + IDW", "boundary": "SERPRO Carbon Project Zone", "interpretation": "Forecast surface clipped to project boundary; not direct station observation" }, "geometry": { "type": "Point", "coordinates": [ 112.779125983212552, -3.067324417678453 ] } },
{ "type": "Feature", "properties": { "precipitation_mm": 0.0, "temperature_c": 25.074684693306217, "humidity_pct": 89.63891593670219, "cloud_cover_pct": 87.346468124919966, "wind_speed_ms": 9.300741016976902, "forecast_datetime": "2026-10-03T23:00:00", "source": "BMKG ADM4 forecast points + IDW", "boundary": "SERPRO Carbon Project Zone", "interpretation": "Forecast surface clipped to project boundary; not direct station observation" }, "geometry": { "type": "Point", "coordinates": [ 112.779111054489718, -3.058281753779751 ] } },
{ "type": "Feature", "properties": { "precipitation_mm": 0.0, "temperature_c": 25.046992381942751, "humidity_pct": 89.769500203884945, "cloud_cover_pct": 87.35773086245257, "wind_speed_ms": 9.2181651853623983, "forecast_datetime": "2026-10-03T23:00:00", "source": "BMKG ADM4 forecast points + IDW", "boundary": "SERPRO Carbon Project Zone", "interpretation": "Forecast surface clipped to project boundary; not direct station observation" }, "geometry": { "type": "Point", "coordinates": [ 112.779096170050181, -3.049239088281468 ] } },
{ "type": "Feature", "properties": { "precipitation_mm": 0.0, "temperature_c": 25.021045355430566, "humidity_pct": 89.891216773656268, "cloud_cover_pct": 87.368218465444272, "wind_speed_ms": 9.1421503299402076, "forecast_datetime": "2026-10-03T23:00:00", "source": "BMKG ADM4 forecast points + IDW", "boundary": "SERPRO Carbon Project Zone", "interpretation": "Forecast surface clipped to project boundary; not direct station observation" }, "geometry": { "type": "Point", "coordinates": [ 112.779081329892151, -3.040196421188315 ] } },
{ "type": "Feature", "properties": { "precipitation_mm": 0.0, "temperature_c": 24.996778315248712, "humidity_pct": 90.004493338321865, "cloud_cover_pct": 87.377942750844554, "wind_speed_ms": 9.0722412117837852, "forecast_datetime": "2026-10-03T23:00:00", "source": "BMKG ADM4 forecast points + IDW", "boundary": "SERPRO Carbon Project Zone", "interpretation": "Forecast surface clipped to project boundary; not direct station observation" }, "geometry": { "type": "Point", "coordinates": [ 112.779066534013751, -3.03115375250501 ] } },
{ "type": "Feature", "properties": { "precipitation_mm": 0.0, "temperature_c": 24.974122289627797, "humidity_pct": 90.109765371009345, "cloud_cover_pct": 87.386920859705143, "wind_speed_ms": 9.007996245536452, "forecast_datetime": "2026-10-03T23:00:00", "source": "BMKG ADM4 forecast points + IDW", "boundary": "SERPRO Carbon Project Zone", "interpretation": "Forecast surface clipped to project boundary; not direct station observation" }, "geometry": { "type": "Point", "coordinates": [ 112.779051782413191, -3.022111082236264 ] } },
{ "type": "Feature", "properties": { "precipitation_mm": 0.0, "temperature_c": 24.953005793303159, "humidity_pct": 90.207469466657258, "cloud_cover_pct": 87.395174464308923, "wind_speed_ms": 8.9489923271061986, "forecast_datetime": "2026-10-03T23:00:00", "source": "BMKG ADM4 forecast points + IDW", "boundary": "SERPRO Carbon Project Zone", "interpretation": "Forecast surface clipped to project boundary; not direct station observation" }, "geometry": { "type": "Point", "coordinates": [ 112.779037075088624, -3.013068410386792 ] } },
{ "type": "Feature", "properties": { "precipitation_mm": 0.0, "temperature_c": 24.933355714305879, "humidity_pct": 90.298038572147746, "cloud_cover_pct": 87.402729042010392, "wind_speed_ms": 8.8948276828235624, "forecast_datetime": "2026-10-03T23:00:00", "source": "BMKG ADM4 forecast points + IDW", "boundary": "SERPRO Carbon Project Zone", "interpretation": "Forecast surface clipped to project boundary; not direct station observation" }, "geometry": { "type": "Point", "coordinates": [ 112.779022412038245, -3.004025736961308 ] } },
{ "type": "Feature", "properties": { "precipitation_mm": 0.0, "temperature_c": 24.915098043844246, "humidity_pct": 90.381898444855906, "cloud_cover_pct": 87.409613193024597, "wind_speed_ms": 8.8451233683173722, "forecast_datetime": "2026-10-03T23:00:00", "source": "BMKG ADM4 forecast points + IDW", "boundary": "SERPRO Carbon Project Zone", "interpretation": "Forecast surface clipped to project boundary; not direct station observation" }, "geometry": { "type": "Point", "coordinates": [ 112.779007793260234, -2.994983061964528 ] } },
{ "type": "Feature", "properties": { "precipitation_mm": 0.0, "temperature_c": 24.898158516298921, "humidity_pct": 90.459464918858473, "cloud_cover_pct": 87.415857992333287, "wind_speed_ms": 8.7995238556583981, "forecast_datetime": "2026-10-03T23:00:00", "source": "BMKG ADM4 forecast points + IDW", "boundary": "SERPRO Carbon Project Zone", "interpretation": "Forecast surface clipped to project boundary; not direct station observation" }, "geometry": { "type": "Point", "coordinates": [ 112.778993218752802, -2.985940385401165 ] } },
{ "type": "Feature", "properties": { "precipitation_mm": 0.0, "temperature_c": 24.882463192738648, "humidity_pct": 90.53114172579545, "cloud_cover_pct": 87.421496374391666, "wind_speed_ms": 8.7576970094715101, "forecast_datetime": "2026-10-03T23:00:00", "source": "BMKG ADM4 forecast points + IDW", "boundary": "SERPRO Carbon Project Zone", "interpretation": "Forecast surface clipped to project boundary; not direct station observation" }, "geometry": { "type": "Point", "coordinates": [ 112.778978688514144, -2.976897707275935 ] } },
{ "type": "Feature", "properties": { "precipitation_mm": 0.0, "temperature_c": 24.867939000046167, "humidity_pct": 90.597318728121536, "cloud_cover_pct": 87.426562554242352, "wind_speed_ms": 8.7193336554902157, "forecast_datetime": "2026-10-03T23:00:00", "source": "BMKG ADM4 forecast points + IDW", "boundary": "SERPRO Carbon Project Zone", "interpretation": "Forecast surface clipped to project boundary; not direct station observation" }, "geometry": { "type": "Point", "coordinates": [ 112.778964202542468, -2.967855027593552 ] } },
{ "type": "Feature", "properties": { "precipitation_mm": 0.0, "temperature_c": 24.85451422567041, "humidity_pct": 90.658370490608519, "cloud_cover_pct": 87.431091490825267, "wind_speed_ms": 8.6841468782775326, "forecast_datetime": "2026-10-03T23:00:00", "source": "BMKG ADM4 forecast points + IDW", "boundary": "SERPRO Carbon Project Zone", "interpretation": "Forecast surface clipped to project boundary; not direct station observation" }, "geometry": { "type": "Point", "coordinates": [ 112.778949760835999, -2.958812346358731 ] } },
{ "type": "Feature", "properties": { "precipitation_mm": 0.0, "temperature_c": 24.84211896247723, "humidity_pct": 90.71465515391273, "cloud_cover_pct": 87.435118398515343, "wind_speed_ms": 8.6518711401211306, "forecast_datetime": "2026-10-03T23:00:00", "source": "BMKG ADM4 forecast points + IDW", "boundary": "SERPRO Carbon Project Zone", "interpretation": "Forecast surface clipped to project boundary; not direct station observation" }, "geometry": { "type": "Point", "coordinates": [ 112.778935363392918, -2.949769663576187 ] } },
{ "type": "Feature", "properties": { "precipitation_mm": 0.0, "temperature_c": 24.830685496904927, "humidity_pct": 90.76651359188304, "cloud_cover_pct": 87.438678311907864, "wind_speed_ms": 8.6222612837852388, "forecast_datetime": "2026-10-03T23:00:00", "source": "BMKG ADM4 forecast points + IDW", "boundary": "SERPRO Carbon Project Zone", "interpretation": "Forecast surface clipped to project boundary; not direct station observation" }, "geometry": { "type": "Point", "coordinates": [ 112.778921010211491, -2.940726979250637 ] } },
{ "type": "Feature", "properties": { "precipitation_mm": 0.0, "temperature_c": 24.820148634887879, "humidity_pct": 90.814268839787914, "cloud_cover_pct": 87.441805707172676, "wind_speed_ms": 8.5950914628693837, "forecast_datetime": "2026-10-03T23:00:00", "source": "BMKG ADM4 forecast points + IDW", "boundary": "SERPRO Carbon Project Zone", "interpretation": "Forecast surface clipped to project boundary; not direct station observation" }, "geometry": { "type": "Point", "coordinates": [ 112.778906701289912, -2.931684293386795 ] } },
{ "type": "Feature", "properties": { "precipitation_mm": 0.0, "temperature_c": 25.281802621511655, "humidity_pct": 88.640706373450371, "cloud_cover_pct": 87.261949623406963, "wind_speed_ms": 9.9669035644459605, "forecast_datetime": "2026-10-03T23:00:00", "source": "BMKG ADM4 forecast points + IDW", "boundary": "SERPRO Carbon Project Zone", "interpretation": "Forecast surface clipped to project boundary; not direct station observation" }, "geometry": { "type": "Point", "coordinates": [ 112.788196836430018, -3.112522422772987 ] } },
{ "type": "Feature", "properties": { "precipitation_mm": 0.0, "temperature_c": 25.244759862110655, "humidity_pct": 88.821642536592023, "cloud_cover_pct": 87.276792801124287, "wind_speed_ms": 9.84262354586307, "forecast_datetime": "2026-10-03T23:00:00", "source": "BMKG ADM4 forecast points + IDW", "boundary": "SERPRO Carbon Project Zone", "interpretation": "Forecast surface clipped to project boundary; not direct station observation" }, "geometry": { "type": "Point", "coordinates": [ 112.788181609763654, -3.103479811448293 ] } },
{ "type": "Feature", "properties": { "precipitation_mm": 0.0, "temperature_c": 25.209341553606691, "humidity_pct": 88.99370452365234, "cloud_cover_pct": 87.291066827793202, "wind_speed_ms": 9.7259294192223855, "forecast_datetime": "2026-10-03T23:00:00", "source": "BMKG ADM4 forecast points + IDW", "boundary": "SERPRO Carbon Project Zone", "interpretation": "Forecast surface clipped to project boundary; not direct station observation" }, "geometry": { "type": "Point", "coordinates": [ 112.788166427613518, -3.094437198499727 ] } },
{ "type": "Feature", "properties": { "precipitation_mm": 0.0, "temperature_c": 25.175608876830907, "humidity_pct": 89.156676768596355, "cloud_cover_pct": 87.304717736409131, "wind_speed_ms": 9.6168104824929479, "forecast_datetime": "2026-10-03T23:00:00", "source": "BMKG ADM4 forecast points + IDW", "boundary": "SERPRO Carbon Project Zone", "interpretation": "Forecast surface clipped to project boundary; not direct station observation" }, "geometry": { "type": "Point", "coordinates": [ 112.788151289977762, -3.085394583932005 ] } },
{ "type": "Feature", "properties": { "precipitation_mm": 0.0, "temperature_c": 25.14358726413943, "humidity_pct": 89.31053138637607, "cloud_cover_pct": 87.317706989908743, "wind_speed_ms": 9.5151129367669096, "forecast_datetime": "2026-10-03T23:00:00", "source": "BMKG ADM4 forecast points + IDW", "boundary": "SERPRO Carbon Project Zone", "interpretation": "Forecast surface clipped to project boundary; not direct station observation" }, "geometry": { "type": "Point", "coordinates": [ 112.788136196854495, -3.076351967749842 ] } },
{ "type": "Feature", "properties": { "precipitation_mm": 0.0, "temperature_c": 25.113275837288626, "humidity_pct": 89.45537657395208, "cloud_cover_pct": 87.330008755744586, "wind_speed_ms": 9.4205844119371651, "forecast_datetime": "2026-10-03T23:00:00", "source": "BMKG ADM4 forecast points + IDW", "boundary": "SERPRO Carbon Project Zone", "interpretation": "Forecast surface clipped to project boundary; not direct station observation" }, "geometry": { "type": "Point", "coordinates": [ 112.788121148241856, -3.067309349957953 ] } },
{ "type": "Feature", "properties": { "precipitation_mm": 0.0, "temperature_c": 25.084654553759165, "humidity_pct": 89.591417088602242, "cloud_cover_pct": 87.341607728775273, "wind_speed_ms": 9.3329081640944551, "forecast_datetime": "2026-10-03T23:00:00", "source": "BMKG ADM4 forecast points + IDW", "boundary": "SERPRO Carbon Project Zone", "interpretation": "Forecast surface clipped to project boundary; not direct station observation" }, "geometry": { "type": "Point", "coordinates": [ 112.788106144137998, -3.058266730561054 ] } },
{ "type": "Feature", "properties": { "precipitation_mm": 0.0, "temperature_c": 25.057689486674441, "humidity_pct": 89.718924679252581, "cloud_cover_pct": 87.352497404165021, "wind_speed_ms": 9.2517286640209413, "forecast_datetime": "2026-10-03T23:00:00", "source": "BMKG ADM4 forecast points + IDW", "boundary": "SERPRO Carbon Project Zone", "interpretation": "Forecast surface clipped to project boundary; not direct station observation" }, "geometry": { "type": "Point", "coordinates": [ 112.788091184541045, -3.049224109563859 ] } },
{ "type": "Feature", "properties": { "precipitation_mm": 0.0, "temperature_c": 25.032336662927015, "humidity_pct": 89.838216336196353, "cloud_cover_pct": 87.362678697938861, "wind_speed_ms": 9.1766703106238321, "forecast_datetime": "2026-10-03T23:00:00", "source": "BMKG ADM4 forecast points + IDW", "boundary": "SERPRO Carbon Project Zone", "interpretation": "Forecast surface clipped to project boundary; not direct station observation" }, "geometry": { "type": "Point", "coordinates": [ 112.788076269449164, -3.040181486971087 ] } },
{ "type": "Feature", "properties": { "precipitation_mm": 0.0, "temperature_c": 25.008544835633142, "humidity_pct": 89.949638455676336, "cloud_cover_pct": 87.372158823536196, "wind_speed_ms": 9.1073508284115974, "forecast_datetime": "2026-10-03T23:00:00", "source": "BMKG ADM4 forecast points + IDW", "boundary": "SERPRO Carbon Project Zone", "interpretation": "Forecast surface clipped to project boundary; not direct station observation" }, "geometry": { "type": "Point", "coordinates": [ 112.788061398860521, -3.031138862787452 ] } },
{ "type": "Feature", "properties": { "precipitation_mm": 0.0, "temperature_c": 24.986257498775927, "humidity_pct": 90.053555345670645, "cloud_cover_pct": 87.380950349864548, "wind_speed_ms": 9.043390656652079, "forecast_datetime": "2026-10-03T23:00:00", "source": "BMKG ADM4 forecast points + IDW", "boundary": "SERPRO Carbon Project Zone", "interpretation": "Forecast surface clipped to project boundary; not direct station observation" }, "geometry": { "type": "Point", "coordinates": [ 112.788046572773283, -3.022096237017672 ] } },
{ "type": "Feature", "properties": { "precipitation_mm": 0.0, "temperature_c": 24.965414380979524, "humidity_pct": 90.150340842530468, "cloud_cover_pct": 87.389070384865917, "wind_speed_ms": 8.9844193756467785, "forecast_datetime": "2026-10-03T23:00:00", "source": "BMKG ADM4 forecast points + IDW", "boundary": "SERPRO Carbon Project Zone", "interpretation": "Forecast surface clipped to project boundary; not direct station observation" }, "geometry": { "type": "Point", "coordinates": [ 112.788031791185617, -3.013053609666459 ] } },
{ "type": "Feature", "properties": { "precipitation_mm": 0.0, "temperature_c": 24.945952591063214, "humidity_pct": 90.24037211953231, "cloud_cover_pct": 87.396539845628567, "wind_speed_ms": 8.930079976797737, "forecast_datetime": "2026-10-03T23:00:00", "source": "BMKG ADM4 forecast points + IDW", "boundary": "SERPRO Carbon Project Zone", "interpretation": "Forecast surface clipped to project boundary; not direct station observation" }, "geometry": { "type": "Point", "coordinates": [ 112.788017054095675, -3.004010980738536 ] } },
{ "type": "Feature", "properties": { "precipitation_mm": 0.0, "temperature_c": 24.92780753451845, "humidity_pct": 90.324025028255662, "cloud_cover_pct": 87.403382790250021, "wind_speed_ms": 8.8800315820731885, "forecast_datetime": "2026-10-03T23:00:00", "source": "BMKG ADM4 forecast points + IDW", "boundary": "SERPRO Carbon Project Zone", "interpretation": "Forecast surface clipped to project boundary; not direct station observation" }, "geometry": { "type": "Point", "coordinates": [ 112.788002361501668, -2.994968350238615 ] } },
{ "type": "Feature", "properties": { "precipitation_mm": 0.0, "temperature_c": 24.910913678369678, "humidity_pct": 90.401670517624055, "cloud_cover_pct": 87.409625797562583, "wind_speed_ms": 8.8339510578434659, "forecast_datetime": "2026-10-03T23:00:00", "source": "BMKG ADM4 forecast points + IDW", "boundary": "SERPRO Carbon Project Zone", "interpretation": "Forecast surface clipped to project boundary; not direct station observation" }, "geometry": { "type": "Point", "coordinates": [ 112.787987713401776, -2.985925718171413 ] } },
{ "type": "Feature", "properties": { "precipitation_mm": 0.0, "temperature_c": 24.895205211296414, "humidity_pct": 90.473671827393488, "cloud_cover_pct": 87.41529738858479, "wind_speed_ms": 8.791533844666187, "forecast_datetime": "2026-10-03T23:00:00", "source": "BMKG ADM4 forecast points + IDW", "boundary": "SERPRO Carbon Project Zone", "interpretation": "Forecast surface clipped to project boundary; not direct station observation" }, "geometry": { "type": "Point", "coordinates": [ 112.787973109794166, -2.976883084541648 ] } },
{ "type": "Feature", "properties": { "precipitation_mm": 0.0, "temperature_c": 24.880616624812134, "humidity_pct": 90.540382260652805, "cloud_cover_pct": 87.420427488563689, "wind_speed_ms": 8.7524942327219737, "forecast_datetime": "2026-10-03T23:00:00", "source": "BMKG ADM4 forecast points + IDW", "boundary": "SERPRO Carbon Project Zone", "interpretation": "Forecast surface clipped to project boundary; not direct station observation" }, "geometry": { "type": "Point", "coordinates": [ 112.787958550677075, -2.967840449354036 ] } },
{ "type": "Feature", "properties": { "precipitation_mm": 0.0, "temperature_c": 24.867083227812138, "humidity_pct": 90.602143412516895, "cloud_cover_pct": 87.425046931254442, "wind_speed_ms": 8.7165652459209575, "forecast_datetime": "2026-10-03T23:00:00", "source": "BMKG ADM4 forecast points + IDW", "boundary": "SERPRO Carbon Project Zone", "interpretation": "Forecast surface clipped to project boundary; not direct station observation" }, "geometry": { "type": "Point", "coordinates": [ 112.787944036048685, -2.958797812613295 ] } },
{ "type": "Feature", "properties": { "precipitation_mm": 0.0, "temperature_c": 24.854541599029115, "humidity_pct": 90.659283778313622, "cloud_cover_pct": 87.429187008185977, "wind_speed_ms": 8.6834982503176068, "forecast_datetime": "2026-10-03T23:00:00", "source": "BMKG ADM4 forecast points + IDW", "boundary": "SERPRO Carbon Project Zone", "interpretation": "Forecast surface clipped to project boundary; not direct station observation" }, "geometry": { "type": "Point", "coordinates": [ 112.787929565907206, -2.949755174324143 ] } },
{ "type": "Feature", "properties": { "precipitation_mm": 0.0, "temperature_c": 24.842929978194707, "humidity_pct": 90.712117691781472, "cloud_cover_pct": 87.432879065602847, "wind_speed_ms": 8.6530623693575794, "forecast_datetime": "2026-10-03T23:00:00", "source": "BMKG ADM4 forecast points + IDW", "boundary": "SERPRO Carbon Project Zone", "interpretation": "Forecast surface clipped to project boundary; not direct station observation" }, "geometry": { "type": "Point", "coordinates": [ 112.787915140250846, -2.940712534491296 ] } },
{ "type": "Feature", "properties": { "precipitation_mm": 0.0, "temperature_c": 24.832188595603107, "humidity_pct": 90.760944558279618, "cloud_cover_pct": 87.436154150981849, "wind_speed_ms": 8.6250437655950751, "forecast_datetime": "2026-10-03T23:00:00", "source": "BMKG ADM4 forecast points + IDW", "boundary": "SERPRO Carbon Project Zone", "interpretation": "Forecast surface clipped to project boundary; not direct station observation" }, "geometry": { "type": "Point", "coordinates": [ 112.787900759077814, -2.931669893119472 ] } },
{ "type": "Feature", "properties": { "precipitation_mm": 0.0, "temperature_c": 25.281452132847615, "humidity_pct": 88.64214549018422, "cloud_cover_pct": 87.261785983905327, "wind_speed_ms": 9.9677504955572029, "forecast_datetime": "2026-10-03T23:00:00", "source": "BMKG ADM4 forecast points + IDW", "boundary": "SERPRO Carbon Project Zone", "interpretation": "Forecast surface clipped to project boundary; not direct station observation" }, "geometry": { "type": "Point", "coordinates": [ 112.79719233720067, -3.112507055521404 ] } },
{ "type": "Feature", "properties": { "precipitation_mm": 0.0, "temperature_c": 25.246409867490641, "humidity_pct": 88.813322157311546, "cloud_cover_pct": 87.275758011807, "wind_speed_ms": 9.8501356228916972, "forecast_datetime": "2026-10-03T23:00:00", "source": "BMKG ADM4 forecast points + IDW", "boundary": "SERPRO Carbon Project Zone", "interpretation": "Forecast surface clipped to project boundary; not direct station observation" }, "geometry": { "type": "Point", "coordinates": [ 112.79717703403702, -3.103464488926264 ] } },
{ "type": "Feature", "properties": { "precipitation_mm": 0.0, "temperature_c": 25.212738157954409, "humidity_pct": 88.976976765723279, "cloud_cover_pct": 87.289250710522992, "wind_speed_ms": 9.7390009546531413, "forecast_datetime": "2026-10-03T23:00:00", "source": "BMKG ADM4 forecast points + IDW", "boundary": "SERPRO Carbon Project Zone", "interpretation": "Forecast surface clipped to project boundary; not direct station observation" }, "geometry": { "type": "Point", "coordinates": [ 112.797161775613247, -3.094421920706525 ] } },
{ "type": "Feature", "properties": { "precipitation_mm": 0.0, "temperature_c": 25.18052147626981, "humidity_pct": 89.132760753314798, "cloud_cover_pct": 87.302206534763585, "wind_speed_ms": 9.6344629340477965, "forecast_datetime": "2026-10-03T23:00:00", "source": "BMKG ADM4 forecast points + IDW", "boundary": "SERPRO Carbon Project Zone", "interpretation": "Forecast surface clipped to project boundary; not direct station observation" }, "geometry": { "type": "Point", "coordinates": [ 112.797146561927462, -3.085379350866905 ] } },
{ "type": "Feature", "properties": { "precipitation_mm": 0.0, "temperature_c": 25.149808063940601, "humidity_pct": 89.280515627647404, "cloud_cover_pct": 87.314582800158036, "wind_speed_ms": 9.5364914247391734, "forecast_datetime": "2026-10-03T23:00:00", "source": "BMKG ADM4 forecast points + IDW", "boundary": "SERPRO Carbon Project Zone", "interpretation": "Forecast surface clipped to project boundary; not direct station observation" }, "geometry": { "type": "Point", "coordinates": [ 112.797131392977803, -3.076336779412122 ] } },
{ "type": "Feature", "properties": { "precipitation_mm": 0.0, "temperature_c": 25.12061836538037, "humidity_pct": 89.420226988229388, "cloud_cover_pct": 87.326349285640518, "wind_speed_ms": 9.4449493455374771, "forecast_datetime": "2026-10-03T23:00:00", "source": "BMKG ADM4 forecast points + IDW", "boundary": "SERPRO Carbon Project Zone", "interpretation": "Forecast surface clipped to project boundary; not direct station observation" }, "geometry": { "type": "Point", "coordinates": [ 112.797116268762394, -3.067294206346892 ] } },
{ "type": "Feature", "properties": { "precipitation_mm": 0.0, "temperature_c": 25.092951729268215, "humidity_pct": 89.551987694505186, "cloud_cover_pct": 87.337486232723776, "wind_speed_ms": 9.3596244309508592, "forecast_datetime": "2026-10-03T23:00:00", "source": "BMKG ADM4 forecast points + IDW", "boundary": "SERPRO Carbon Project Zone", "interpretation": "Forecast surface clipped to project boundary; not direct station observation" }, "geometry": { "type": "Point", "coordinates": [ 112.79710118927936, -3.058251631675933 ] } },
{ "type": "Feature", "properties": { "precipitation_mm": 0.0, "temperature_c": 25.066791603094689, "humidity_pct": 89.675969070806048, "cloud_cover_pct": 87.347982697802877, "wind_speed_ms": 9.2802540194587806, "forecast_datetime": "2026-10-03T23:00:00", "source": "BMKG ADM4 forecast points + IDW", "boundary": "SERPRO Carbon Project Zone", "interpretation": "Forecast surface clipped to project boundary; not direct station observation" }, "geometry": { "type": "Point", "coordinates": [ 112.797086154526824, -3.049209055403964 ] } },
{ "type": "Feature", "properties": { "precipitation_mm": 0.0, "temperature_c": 25.0421094928431, "humidity_pct": 89.792398788636817, "cloud_cover_pct": 87.357835196759737, "wind_speed_ms": 9.2065439785332792, "forecast_datetime": "2026-10-03T23:00:00", "source": "BMKG ADM4 forecast points + IDW", "boundary": "SERPRO Carbon Project Zone", "interpretation": "Forecast surface clipped to project boundary; not direct station observation" }, "geometry": { "type": "Point", "coordinates": [ 112.797071164502952, -3.040166477535702 ] } },
{ "type": "Feature", "properties": { "precipitation_mm": 0.0, "temperature_c": 25.018867955900294, "humidity_pct": 89.901544072579753, "cloud_cover_pct": 87.367046579507459, "wind_speed_ms": 9.1381828790062318, "forecast_datetime": "2026-10-03T23:00:00", "source": "BMKG ADM4 forecast points + IDW", "boundary": "SERPRO Carbon Project Zone", "interpretation": "Forecast surface clipped to project boundary; not direct station observation" }, "geometry": { "type": "Point", "coordinates": [ 112.797056219205913, -3.031123898075866 ] } },
{ "type": "Feature", "properties": { "precipitation_mm": 0.0, "temperature_c": 24.997022864345478, "humidity_pct": 90.003699019441356, "cloud_cover_pct": 87.375625078877334, "wind_speed_ms": 9.0748524261947487, "forecast_datetime": "2026-10-03T23:00:00", "source": "BMKG ADM4 forecast points + IDW", "boundary": "SERPRO Carbon Project Zone", "interpretation": "Forecast surface clipped to project boundary; not direct station observation" }, "geometry": { "type": "Point", "coordinates": [ 112.797041318633816, -3.022081317029174 ] } },
{ "type": "Feature", "properties": { "precipitation_mm": 0.0, "temperature_c": 24.976525133569474, "humidity_pct": 90.099175021189779, "cloud_cover_pct": 87.383583488717377, "wind_speed_ms": 9.016235003866937, "forecast_datetime": "2026-10-03T23:00:00", "source": "BMKG ADM4 forecast points + IDW", "boundary": "SERPRO Carbon Project Zone", "interpretation": "Forecast surface clipped to project boundary; not direct station observation" }, "geometry": { "type": "Point", "coordinates": [ 112.797026462784856, -3.013038734400343 ] } },
{ "type": "Feature", "properties": { "precipitation_mm": 0.0, "temperature_c": 24.957322067546674, "humidity_pct": 90.188293491851482, "cloud_cover_pct": 87.390938437286067, "wind_speed_ms": 8.9620190274179858, "forecast_datetime": "2026-10-03T23:00:00", "source": "BMKG ADM4 forecast points + IDW", "boundary": "SERPRO Carbon Project Zone", "interpretation": "Forecast surface clipped to project boundary; not direct station observation" }, "geometry": { "type": "Point", "coordinates": [ 112.797011651657186, -3.003996150194094 ] } },
{ "type": "Feature", "properties": { "precipitation_mm": 0.0, "temperature_c": 24.939358432470556, "humidity_pct": 90.271380290089255, "cloud_cover_pct": 87.397709732301649, "wind_speed_ms": 8.9119026548985936, "forecast_datetime": "2026-10-03T23:00:00", "source": "BMKG ADM4 forecast points + IDW", "boundary": "SERPRO Carbon Project Zone", "interpretation": "Forecast surface clipped to project boundary; not direct station observation" }, "geometry": { "type": "Point", "coordinates": [ 112.796996885248987, -2.994953564415145 ] } },
{ "type": "Feature", "properties": { "precipitation_mm": 0.0, "temperature_c": 24.92257733738499, "humidity_pct": 90.348761390533781, "cloud_cover_pct": 87.403919762525888, "wind_speed_ms": 8.8655962779040483, "forecast_datetime": "2026-10-03T23:00:00", "source": "BMKG ADM4 forecast points + IDW", "boundary": "SERPRO Carbon Project Zone", "interpretation": "Forecast surface clipped to project boundary; not direct station observation" }, "geometry": { "type": "Point", "coordinates": [ 112.796982163558425, -2.985910977068214 ] } },
{ "type": "Feature", "properties": { "precipitation_mm": 0.0, "temperature_c": 24.906920974559959, "humidity_pct": 90.420759484968755, "cloud_cover_pct": 87.40959294726386, "wind_speed_ms": 8.8228241111672059, "forecast_datetime": "2026-10-03T23:00:00", "source": "BMKG ADM4 forecast points + IDW", "boundary": "SERPRO Carbon Project Zone", "interpretation": "Forecast surface clipped to project boundary; not direct station observation" }, "geometry": { "type": "Point", "coordinates": [ 112.796967486583682, -2.97686838815802 ] } },
{ "type": "Feature", "properties": { "precipitation_mm": 0.0, "temperature_c": 24.892331253261748, "humidity_pct": 90.48769129113235, "cloud_cover_pct": 87.414755229720512, "wind_speed_ms": 8.7833251187122361, "forecast_datetime": "2026-10-03T23:00:00", "source": "BMKG ADM4 forecast points + IDW", "boundary": "SERPRO Carbon Project Zone", "interpretation": "Forecast surface clipped to project boundary; not direct station observation" }, "geometry": { "type": "Point", "coordinates": [ 112.796952854322967, -2.967825797689283 ] } },
{ "type": "Feature", "properties": { "precipitation_mm": 0.0, "temperature_c": 24.878750347297629, "humidity_pct": 90.549865416637346, "cloud_cover_pct": 87.419433613025646, "wind_speed_ms": 8.746853452628601, "forecast_datetime": "2026-10-03T23:00:00", "source": "BMKG ADM4 forecast points + IDW", "boundary": "SERPRO Carbon Project Zone", "interpretation": "Forecast surface clipped to project boundary; not direct station observation" }, "geometry": { "type": "Point", "coordinates": [ 112.796938266774447, -2.958783205666722 ] } },
{ "type": "Feature", "properties": { "precipitation_mm": 0.0, "temperature_c": 24.866121168114855, "humidity_pct": 90.607580673619978, "cloud_cover_pct": 87.423655739256333, "wind_speed_ms": 8.7131785343947783, "forecast_datetime": "2026-10-03T23:00:00", "source": "BMKG ADM4 forecast points + IDW", "boundary": "SERPRO Carbon Project Zone", "interpretation": "Forecast surface clipped to project boundary; not direct station observation" }, "geometry": { "type": "Point", "coordinates": [ 112.796923723936331, -2.949740612095056 ] } },
{ "type": "Feature", "properties": { "precipitation_mm": 0.0, "temperature_c": 24.854387770148364, "humidity_pct": 90.661124771392252, "cloud_cover_pct": 87.427449512295581, "wind_speed_ms": 8.6820848748120145, "forecast_datetime": "2026-10-03T23:00:00", "source": "BMKG ADM4 forecast points + IDW", "boundary": "SERPRO Carbon Project Zone", "interpretation": "Forecast surface clipped to project boundary; not direct station observation" }, "geometry": { "type": "Point", "coordinates": [ 112.796909225806843, -2.940698016979006 ] } },
{ "type": "Feature", "properties": { "precipitation_mm": 0.0, "temperature_c": 24.843495692510746, "humidity_pct": 90.7107733341835, "cloud_cover_pct": 87.430842765190604, "wind_speed_ms": 8.6533717040175908, "forecast_datetime": "2026-10-03T23:00:00", "source": "BMKG ADM4 forecast points + IDW", "boundary": "SERPRO Carbon Project Zone", "interpretation": "Forecast surface clipped to project boundary; not direct station observation" }, "geometry": { "type": "Point", "coordinates": [ 112.796894772384164, -2.931655420323289 ] } },
{ "type": "Feature", "properties": { "precipitation_mm": 0.0, "temperature_c": 25.279357126076611, "humidity_pct": 88.652398233527165, "cloud_cover_pct": 87.262277845494225, "wind_speed_ms": 9.962001788569232, "forecast_datetime": "2026-10-03T23:00:00", "source": "BMKG ADM4 forecast points + IDW", "boundary": "SERPRO Carbon Project Zone", "interpretation": "Forecast surface clipped to project boundary; not direct station observation" }, "geometry": { "type": "Point", "coordinates": [ 112.806187793229583, -3.11249161126041 ] } },
{ "type": "Feature", "properties": { "precipitation_mm": 0.0, "temperature_c": 25.246314539238686, "humidity_pct": 88.813772882445889, "cloud_cover_pct": 87.275397189436561, "wind_speed_ms": 9.8511628365784034, "forecast_datetime": "2026-10-03T23:00:00", "source": "BMKG ADM4 forecast points + IDW", "boundary": "SERPRO Carbon Project Zone", "interpretation": "Forecast surface clipped to project boundary; not direct station observation" }, "geometry": { "type": "Point", "coordinates": [ 112.806172413570522, -3.103449089618975 ] } },
{ "type": "Feature", "properties": { "precipitation_mm": 0.0, "temperature_c": 25.214410038457935, "humidity_pct": 88.96886314810132, "cloud_cover_pct": 87.288118754759978, "wind_speed_ms": 9.7457912915741218, "forecast_datetime": "2026-10-03T23:00:00", "source": "BMKG ADM4 forecast points + IDW", "boundary": "SERPRO Carbon Project Zone", "interpretation": "Forecast surface clipped to project boundary; not direct station observation" }, "geometry": { "type": "Point", "coordinates": [ 112.806157078874989, -3.09440656635221 ] } },
{ "type": "Feature", "properties": { "precipitation_mm": 0.0, "temperature_c": 25.18374514472271, "humidity_pct": 89.117221470432739, "cloud_cover_pct": 87.300382962097473, "wind_speed_ms": 9.6461008737143263, "forecast_datetime": "2026-10-03T23:00:00", "source": "BMKG ADM4 forecast points + IDW", "boundary": "SERPRO Carbon Project Zone", "interpretation": "Forecast surface clipped to project boundary; not direct station observation" }, "geometry": { "type": "Point", "coordinates": [ 112.806141789141066, -3.085364041464836 ] } },
{ "type": "Feature", "properties": { "precipitation_mm": 0.0, "temperature_c": 25.154386107195585, "humidity_pct": 89.258585296671001, "cloud_cover_pct": 87.312144195375453, "wind_speed_ms": 9.5521615034081488, "forecast_datetime": "2026-10-03T23:00:00", "source": "BMKG ADM4 forecast points + IDW", "boundary": "SERPRO Carbon Project Zone", "interpretation": "Forecast surface clipped to project boundary; not direct station observation" }, "geometry": { "type": "Point", "coordinates": [ 112.806126544366876, -3.076321514961572 ] } },
{ "type": "Feature", "properties": { "precipitation_mm": 0.0, "temperature_c": 25.126371153166453, "humidity_pct": 89.392837574891544, "cloud_cover_pct": 87.323368776747287, "wind_speed_ms": 9.4639334153132033, "forecast_datetime": "2026-10-03T23:00:00", "source": "BMKG ADM4 forecast points + IDW", "boundary": "SERPRO Carbon Project Zone", "interpretation": "Forecast surface clipped to project boundary; not direct station observation" }, "geometry": { "type": "Point", "coordinates": [ 112.806111344550558, -3.067278986847137 ] } },
{ "type": "Feature", "properties": { "precipitation_mm": 0.0, "temperature_c": 25.099716508774947, "humidity_pct": 89.519973760376701, "cloud_cover_pct": 87.33403320227923, "wind_speed_ms": 9.3812955966617864, "forecast_datetime": "2026-10-03T23:00:00", "source": "BMKG ADM4 forecast points + IDW", "boundary": "SERPRO Carbon Project Zone", "interpretation": "Forecast surface clipped to project boundary; not direct station observation" }, "geometry": { "type": "Point", "coordinates": [ 112.806096189690194, -3.058236457126252 ] } },
{ "type": "Feature", "properties": { "precipitation_mm": 0.0, "temperature_c": 25.074421267394722, "humidity_pct": 89.640074981055619, "cloud_cover_pct": 87.344122634512317, "wind_speed_ms": 9.304068842486199, "forecast_datetime": "2026-10-03T23:00:00", "source": "BMKG ADM4 forecast points + IDW", "boundary": "SERPRO Carbon Project Zone", "interpretation": "Forecast surface clipped to project boundary; not direct station observation" }, "geometry": { "type": "Point", "coordinates": [ 112.806081079783951, -3.049193925803636 ] } },
{ "type": "Feature", "properties": { "precipitation_mm": 0.0, "temperature_c": 25.050471254171697, "humidity_pct": 89.753286630520478, "cloud_cover_pct": 87.353629624676046, "wind_speed_ms": 9.2320340293972674, "forecast_datetime": "2026-10-03T23:00:00", "source": "BMKG ADM4 forecast points + IDW", "boundary": "SERPRO Carbon Project Zone", "interpretation": "Forecast surface clipped to project boundary; not direct station observation" }, "geometry": { "type": "Point", "coordinates": [ 112.806066014829938, -3.04015139288401 ] } },
{ "type": "Feature", "properties": { "precipitation_mm": 0.0, "temperature_c": 25.027842060233439, "humidity_pct": 89.859801517300738, "cloud_cover_pct": 87.362553027846076, "wind_speed_ms": 9.1649463286866499, "forecast_datetime": "2026-10-03T23:00:00", "source": "BMKG ADM4 forecast points + IDW", "boundary": "SERPRO Carbon Project Zone", "interpretation": "Forecast surface clipped to project boundary; not direct station observation" }, "geometry": { "type": "Point", "coordinates": [ 112.806050994826322, -3.031108858372094 ] } },
{ "type": "Feature", "properties": { "precipitation_mm": 0.0, "temperature_c": 25.006501416274133, "humidity_pct": 89.959846706491177, "cloud_cover_pct": 87.370897073592573, "wind_speed_ms": 9.1025460812116155, "forecast_datetime": "2026-10-03T23:00:00", "source": "BMKG ADM4 forecast points + IDW", "boundary": "SERPRO Carbon Project Zone", "interpretation": "Forecast surface clipped to project boundary; not direct station observation" }, "geometry": { "type": "Point", "coordinates": [ 112.806036019771241, -3.022066322272608 ] } },
{ "type": "Feature", "properties": { "precipitation_mm": 0.0, "temperature_c": 24.986411055798875, "humidity_pct": 90.053673277358357, "cloud_cover_pct": 87.378670558771219, "wind_speed_ms": 9.0445669938429241, "forecast_datetime": "2026-10-03T23:00:00", "source": "BMKG ADM4 forecast points + IDW", "boundary": "SERPRO Carbon Project Zone", "interpretation": "Forecast surface clipped to project boundary; not direct station observation" }, "geometry": { "type": "Point", "coordinates": [ 112.806021089662821, -3.013023784590273 ] } },
{ "type": "Feature", "properties": { "precipitation_mm": 0.0, "temperature_c": 24.967528192353921, "humidity_pct": 90.141548342580165, "cloud_cover_pct": 87.385886135367414, "wind_speed_ms": 8.9907422258982628, "forecast_datetime": "2026-10-03T23:00:00", "source": "BMKG ADM4 forecast points + IDW", "boundary": "SERPRO Carbon Project Zone", "interpretation": "Forecast surface clipped to project boundary; not direct station observation" }, "geometry": { "type": "Point", "coordinates": [ 112.806006204499255, -3.003981245329811 ] } },
{ "type": "Feature", "properties": { "precipitation_mm": 0.0, "temperature_c": 24.949806708289639, "humidity_pct": 90.223748802811556, "cloud_cover_pct": 87.392559672982784, "wind_speed_ms": 8.9408088360402704, "forecast_datetime": "2026-10-03T23:00:00", "source": "BMKG ADM4 forecast points + IDW", "boundary": "SERPRO Carbon Project Zone", "interpretation": "Forecast surface clipped to project boundary; not direct station observation" }, "geometry": { "type": "Point", "coordinates": [ 112.805991364278668, -2.994938704495941 ] } },
{ "type": "Feature", "properties": { "precipitation_mm": 0.0, "temperature_c": 24.933198128234235, "humidity_pct": 90.300556428295963, "cloud_cover_pct": 87.39870968165269, "wind_speed_ms": 8.8945109679604695, "forecast_datetime": "2026-10-03T23:00:00", "source": "BMKG ADM4 forecast points + IDW", "boundary": "SERPRO Carbon Project Zone", "interpretation": "Forecast surface clipped to project boundary; not direct station observation" }, "geometry": { "type": "Point", "coordinates": [ 112.805976568999256, -2.985896162093385 ] } },
{ "type": "Feature", "properties": { "precipitation_mm": 0.0, "temperature_c": 24.91765243002272, "humidity_pct": 90.372253959703414, "cloud_cover_pct": 87.404356785710206, "wind_speed_ms": 8.8516020727028302, "forecast_datetime": "2026-10-03T23:00:00", "source": "BMKG ADM4 forecast points + IDW", "boundary": "SERPRO Carbon Project Zone", "interpretation": "Forecast surface clipped to project boundary; not direct station observation" }, "geometry": { "type": "Point", "coordinates": [ 112.805961818659199, -2.976853618126863 ] } },
{ "type": "Feature", "properties": { "precipitation_mm": 0.0, "temperature_c": 24.903118729748435, "humidity_pct": 90.439122001073869, "cloud_cover_pct": 87.409523243208085, "wind_speed_ms": 8.8118463986020181, "forecast_datetime": "2026-10-03T23:00:00", "source": "BMKG ADM4 forecast points + IDW", "boundary": "SERPRO Carbon Project Zone", "interpretation": "Forecast surface clipped to project boundary; not direct station observation" }, "geometry": { "type": "Point", "coordinates": [ 112.80594711325665, -2.967811072601097 ] } },
{ "type": "Feature", "properties": { "precipitation_mm": 0.0, "temperature_c": 24.889545865654416, "humidity_pct": 90.501436539593868, "cloud_cover_pct": 87.414232508027709, "wind_speed_ms": 8.7750199261470314, "forecast_datetime": "2026-10-03T23:00:00", "source": "BMKG ADM4 forecast points + IDW", "boundary": "SERPRO Carbon Project Zone", "interpretation": "Forecast surface clipped to project boundary; not direct station observation" }, "geometry": { "type": "Point", "coordinates": [ 112.805932452789804, -2.958768525520809 ] } },
{ "type": "Feature", "properties": { "precipitation_mm": 0.0, "temperature_c": 24.87688289718815, "humidity_pct": 90.559466972423309, "cloud_cover_pct": 87.418508833398434, "wind_speed_ms": 8.7409108831217246, "forecast_datetime": "2026-10-03T23:00:00", "source": "BMKG ADM4 forecast points + IDW", "boundary": "SERPRO Carbon Project Zone", "interpretation": "Forecast surface clipped to project boundary; not direct station observation" }, "geometry": { "type": "Point", "coordinates": [ 112.805917837256871, -2.949725976890721 ] } },
{ "type": "Feature", "properties": { "precipitation_mm": 0.0, "temperature_c": 24.865079530006629, "humidity_pct": 90.613474553008544, "cloud_cover_pct": 87.422376916337953, "wind_speed_ms": 8.7093199431855961, "forecast_datetime": "2026-10-03T23:00:00", "source": "BMKG ADM4 forecast points + IDW", "boundary": "SERPRO Carbon Project Zone", "interpretation": "Forecast surface clipped to project boundary; not direct station observation" }, "geometry": { "type": "Point", "coordinates": [ 112.805903266656031, -2.940683426715553 ] } },
{ "type": "Feature", "properties": { "precipitation_mm": 0.0, "temperature_c": 24.854086474337649, "humidity_pct": 90.663711191343168, "cloud_cover_pct": 87.42586158271412, "wind_speed_ms": 8.6800601866895253, "forecast_datetime": "2026-10-03T23:00:00", "source": "BMKG ADM4 forecast points + IDW", "boundary": "SERPRO Carbon Project Zone", "interpretation": "Forecast surface clipped to project boundary; not direct station observation" }, "geometry": { "type": "Point", "coordinates": [ 112.805888740985466, -2.931640875000028 ] } }
]
}
