{
"type": "FeatureCollection",
"name": "forecast_surface_project_zone_latest",
"crs": { "type": "name", "properties": { "name": "urn:ogc:def:crs:OGC:1.3:CRS84" } },
"features": [
{ "type": "Feature", "properties": { "precipitation_mm": 0.0, "temperature_c": 24.054612509890443, "humidity_pct": 93.175733087927654, "cloud_cover_pct": 66.237579944274444, "wind_speed_ms": 6.1755178471270638, "forecast_datetime": "2026-10-04T04:00:00", "source": "BMKG ADM4 forecast points + IDW", "boundary": "SERPRO Carbon Project Zone", "interpretation": "Forecast surface clipped to project boundary; not direct station observation" }, "geometry": { "type": "Point", "coordinates": [ 112.284461764970601, -3.176573290485695 ] } },
{ "type": "Feature", "properties": { "precipitation_mm": 0.0, "temperature_c": 24.052030576137209, "humidity_pct": 93.221835577615408, "cloud_cover_pct": 66.293825493339185, "wind_speed_ms": 6.1814656336631364, "forecast_datetime": "2026-10-04T04:00:00", "source": "BMKG ADM4 forecast points + IDW", "boundary": "SERPRO Carbon Project Zone", "interpretation": "Forecast surface clipped to project boundary; not direct station observation" }, "geometry": { "type": "Point", "coordinates": [ 112.284450600949299, -3.167528543461028 ] } },
{ "type": "Feature", "properties": { "precipitation_mm": 0.0, "temperature_c": 24.058270745340295, "humidity_pct": 93.094594279529304, "cloud_cover_pct": 66.1175898508762, "wind_speed_ms": 6.154971180506057, "forecast_datetime": "2026-10-04T04:00:00", "source": "BMKG ADM4 forecast points + IDW", "boundary": "SERPRO Carbon Project Zone", "interpretation": "Forecast surface clipped to project boundary; not direct station observation" }, "geometry": { "type": "Point", "coordinates": [ 112.293482537579791, -3.194651438127659 ] } },
{ "type": "Feature", "properties": { "precipitation_mm": 0.0, "temperature_c": 24.055466498272796, "humidity_pct": 93.144565282990968, "cloud_cover_pct": 66.178501531900238, "wind_speed_ms": 6.1606201830456273, "forecast_datetime": "2026-10-04T04:00:00", "source": "BMKG ADM4 forecast points + IDW", "boundary": "SERPRO Carbon Project Zone", "interpretation": "Forecast surface clipped to project boundary; not direct station observation" }, "geometry": { "type": "Point", "coordinates": [ 112.293471230963135, -3.185606726533216 ] } },
{ "type": "Feature", "properties": { "precipitation_mm": 0.0, "temperature_c": 24.052688784489646, "humidity_pct": 93.194442236448907, "cloud_cover_pct": 66.239712703384399, "wind_speed_ms": 6.1670660731875691, "forecast_datetime": "2026-10-04T04:00:00", "source": "BMKG ADM4 forecast points + IDW", "boundary": "SERPRO Carbon Project Zone", "interpretation": "Forecast surface clipped to project boundary; not direct station observation" }, "geometry": { "type": "Point", "coordinates": [ 112.29345995656702, -3.176562013307762 ] } },
{ "type": "Feature", "properties": { "precipitation_mm": 0.0, "temperature_c": 24.049954538172116, "humidity_pct": 93.243776960047668, "cloud_cover_pct": 66.300474880118159, "wind_speed_ms": 6.1741353733822661, "forecast_datetime": "2026-10-04T04:00:00", "source": "BMKG ADM4 forecast points + IDW", "boundary": "SERPRO Carbon Project Zone", "interpretation": "Forecast surface clipped to project boundary; not direct station observation" }, "geometry": { "type": "Point", "coordinates": [ 112.293448714390038, -3.167517298455907 ] } },
{ "type": "Feature", "properties": { "precipitation_mm": 0.0, "temperature_c": 24.062538072022495, "humidity_pct": 93.001654832040771, "cloud_cover_pct": 65.981866132852133, "wind_speed_ms": 6.1336923973170094, "forecast_datetime": "2026-10-04T04:00:00", "source": "BMKG ADM4 forecast points + IDW", "boundary": "SERPRO Carbon Project Zone", "interpretation": "Forecast surface clipped to project boundary; not direct station observation" }, "geometry": { "type": "Point", "coordinates": [ 112.302503721714587, -3.212729370960798 ] } },
{ "type": "Feature", "properties": { "precipitation_mm": 0.0, "temperature_c": 24.059607497162286, "humidity_pct": 93.053350309126486, "cloud_cover_pct": 66.044253736928638, "wind_speed_ms": 6.1381342564554764, "forecast_datetime": "2026-10-04T04:00:00", "source": "BMKG ADM4 forecast points + IDW", "boundary": "SERPRO Carbon Project Zone", "interpretation": "Forecast surface clipped to project boundary; not direct station observation" }, "geometry": { "type": "Point", "coordinates": [ 112.302492271602432, -3.20368469504164 ] } },
{ "type": "Feature", "properties": { "precipitation_mm": 0.0, "temperature_c": 24.056671888860663, "humidity_pct": 93.105882793468865, "cloud_cover_pct": 66.108586666576997, "wind_speed_ms": 6.1438041422966654, "forecast_datetime": "2026-10-04T04:00:00", "source": "BMKG ADM4 forecast points + IDW", "boundary": "SERPRO Carbon Project Zone", "interpretation": "Forecast surface clipped to project boundary; not direct station observation" }, "geometry": { "type": "Point", "coordinates": [ 112.302480853937595, -3.194640017481701 ] } },
{ "type": "Feature", "properties": { "precipitation_mm": 0.0, "temperature_c": 24.053737430236854, "humidity_pct": 93.15894302410176, "cloud_cover_pct": 66.174205915281831, "wind_speed_ms": 6.1505592087243173, "forecast_datetime": "2026-10-04T04:00:00", "source": "BMKG ADM4 forecast points + IDW", "boundary": "SERPRO Carbon Project Zone", "interpretation": "Forecast surface clipped to project boundary; not direct station observation" }, "geometry": { "type": "Point", "coordinates": [ 112.302469468718698, -3.185595338285595 ] } },
{ "type": "Feature", "properties": { "precipitation_mm": 0.0, "temperature_c": 24.050815204585838, "humidity_pct": 93.212131707022309, "cloud_cover_pct": 66.24033875753527, "wind_speed_ms": 6.1582242476057019, "forecast_datetime": "2026-10-04T04:00:00", "source": "BMKG ADM4 forecast points + IDW", "boundary": "SERPRO Carbon Project Zone", "interpretation": "Forecast surface clipped to project boundary; not direct station observation" }, "geometry": { "type": "Point", "coordinates": [ 112.302458115944319, -3.176550657457935 ] } },
{ "type": "Feature", "properties": { "precipitation_mm": 0.0, "temperature_c": 24.047922200882738, "humidity_pct": 93.264955642219107, "cloud_cover_pct": 66.306116160420999, "wind_speed_ms": 6.1665951836655317, "forecast_datetime": "2026-10-04T04:00:00", "source": "BMKG ADM4 forecast points + IDW", "boundary": "SERPRO Carbon Project Zone", "interpretation": "Forecast surface clipped to project boundary; not direct station observation" }, "geometry": { "type": "Point", "coordinates": [ 112.302446795613051, -3.167505975003338 ] } },
{ "type": "Feature", "properties": { "precipitation_mm": 0.0, "temperature_c": 24.064229937093042, "humidity_pct": 92.952690302595173, "cloud_cover_pct": 65.897246027815612, "wind_speed_ms": 6.1158552567939859, "forecast_datetime": "2026-10-04T04:00:00", "source": "BMKG ADM4 forecast points + IDW", "boundary": "SERPRO Carbon Project Zone", "interpretation": "Forecast surface clipped to project boundary; not direct station observation" }, "geometry": { "type": "Point", "coordinates": [ 112.311513725333967, -3.22176244759759 ] } },
{ "type": "Feature", "properties": { "precipitation_mm": 0.0, "temperature_c": 24.061218067112289, "humidity_pct": 93.005654914151762, "cloud_cover_pct": 65.9609190648804, "wind_speed_ms": 6.1196693504220701, "forecast_datetime": "2026-10-04T04:00:00", "source": "BMKG ADM4 forecast points + IDW", "boundary": "SERPRO Carbon Project Zone", "interpretation": "Forecast surface clipped to project boundary; not direct station observation" }, "geometry": { "type": "Point", "coordinates": [ 112.311502163500194, -3.212717805948253 ] } },
{ "type": "Feature", "properties": { "precipitation_mm": 0.0, "temperature_c": 24.05818845983298, "humidity_pct": 93.059975734415488, "cloud_cover_pct": 66.027582736053603, "wind_speed_ms": 6.1250159424037287, "forecast_datetime": "2026-10-04T04:00:00", "source": "BMKG ADM4 forecast points + IDW", "boundary": "SERPRO Carbon Project Zone", "interpretation": "Forecast surface clipped to project boundary; not direct station observation" }, "geometry": { "type": "Point", "coordinates": [ 112.311490634339165, -3.203673162652971 ] } },
{ "type": "Feature", "properties": { "precipitation_mm": 0.0, "temperature_c": 24.055140730771097, "humidity_pct": 93.11543655620585, "cloud_cover_pct": 66.096656340300839, "wind_speed_ms": 6.1317762819438562, "forecast_datetime": "2026-10-04T04:00:00", "source": "BMKG ADM4 forecast points + IDW", "boundary": "SERPRO Carbon Project Zone", "interpretation": "Forecast surface clipped to project boundary; not direct station observation" }, "geometry": { "type": "Point", "coordinates": [ 112.311479137849503, -3.194628517716362 ] } },
{ "type": "Feature", "properties": { "precipitation_mm": 0.0, "temperature_c": 24.052078617518983, "humidity_pct": 93.171725544619918, "cloud_cover_pct": 66.167407945708803, "wind_speed_ms": 6.1397897363818714, "forecast_datetime": "2026-10-04T04:00:00", "source": "BMKG ADM4 forecast points + IDW", "boundary": "SERPRO Carbon Project Zone", "interpretation": "Forecast surface clipped to project boundary; not direct station observation" }, "geometry": { "type": "Point", "coordinates": [ 112.311467674029743, -3.185583871143039 ] } },
{ "type": "Feature", "properties": { "precipitation_mm": 0.0, "temperature_c": 24.049011446471496, "humidity_pct": 93.228422049586328, "cloud_cover_pct": 66.238958895706077, "wind_speed_ms": 6.1488547243571663, "forecast_datetime": "2026-10-04T04:00:00", "source": "BMKG ADM4 forecast points + IDW", "boundary": "SERPRO Carbon Project Zone", "interpretation": "Forecast surface clipped to project boundary; not direct station observation" }, "geometry": { "type": "Point", "coordinates": [ 112.311456242878492, -3.176539222937619 ] } },
{ "type": "Feature", "properties": { "precipitation_mm": 0.0, "temperature_c": 24.045955553353217, "humidity_pct": 93.284988483764849, "cloud_cover_pct": 66.310301306824613, "wind_speed_ms": 6.1587321228054561, "forecast_datetime": "2026-10-04T04:00:00", "source": "BMKG ADM4 forecast points + IDW", "boundary": "SERPRO Carbon Project Zone", "interpretation": "Forecast surface clipped to project boundary; not direct station observation" }, "geometry": { "type": "Point", "coordinates": [ 112.311444844394344, -3.167494573104717 ] } },
{ "type": "Feature", "properties": { "precipitation_mm": 0.0, "temperature_c": 24.063052585157301, "humidity_pct": 92.952222947225707, "cloud_cover_pct": 65.868221197257938, "wind_speed_ms": 6.0997826657227163, "forecast_datetime": "2026-10-04T04:00:00", "source": "BMKG ADM4 forecast points + IDW", "boundary": "SERPRO Carbon Project Zone", "interpretation": "Forecast surface clipped to project boundary; not direct station observation" }, "geometry": { "type": "Point", "coordinates": [ 112.320512213718246, -3.221750770169303 ] } },
{ "type": "Feature", "properties": { "precipitation_mm": 0.0, "temperature_c": 24.059961771029275, "humidity_pct": 93.007484404060222, "cloud_cover_pct": 65.935801986331583, "wind_speed_ms": 6.1043569228647669, "forecast_datetime": "2026-10-04T04:00:00", "source": "BMKG ADM4 forecast points + IDW", "boundary": "SERPRO Carbon Project Zone", "interpretation": "Forecast surface clipped to project boundary; not direct station observation" }, "geometry": { "type": "Point", "coordinates": [ 112.320500572613028, -3.212706161368846 ] } },
{ "type": "Feature", "properties": { "precipitation_mm": 0.0, "temperature_c": 24.056842744642143, "humidity_pct": 93.064429984324391, "cloud_cover_pct": 66.006976542411678, "wind_speed_ms": 6.1106956922873694, "forecast_datetime": "2026-10-04T04:00:00", "source": "BMKG ADM4 forecast points + IDW", "boundary": "SERPRO Carbon Project Zone", "interpretation": "Forecast surface clipped to project boundary; not direct station observation" }, "geometry": { "type": "Point", "coordinates": [ 112.320488964404561, -3.203661550921892 ] } },
{ "type": "Feature", "properties": { "precipitation_mm": 0.0, "temperature_c": 24.053691482186682, "humidity_pct": 93.12286577027011, "cloud_cover_pct": 66.081126968836799, "wind_speed_ms": 6.1186718904116493, "forecast_datetime": "2026-10-04T04:00:00", "source": "BMKG ADM4 forecast points + IDW", "boundary": "SERPRO Carbon Project Zone", "interpretation": "Forecast surface clipped to project boundary; not direct station observation" }, "geometry": { "type": "Point", "coordinates": [ 112.320477389091465, -3.194616938833059 ] } },
{ "type": "Feature", "properties": { "precipitation_mm": 0.0, "temperature_c": 24.050508280422314, "humidity_pct": 93.182487159593336, "cloud_cover_pct": 66.157447314730774, "wind_speed_ms": 6.1281068729242039, "forecast_datetime": "2026-10-04T04:00:00", "source": "BMKG ADM4 forecast points + IDW", "boundary": "SERPRO Carbon Project Zone", "interpretation": "Forecast surface clipped to project boundary; not direct station observation" }, "geometry": { "type": "Point", "coordinates": [ 112.320465846672278, -3.185572325106961 ] } },
{ "type": "Feature", "properties": { "precipitation_mm": 0.0, "temperature_c": 24.047299660239837, "humidity_pct": 93.242859518411805, "cloud_cover_pct": 66.234943477782934, "wind_speed_ms": 6.1387704559632477, "forecast_datetime": "2026-10-04T04:00:00", "source": "BMKG ADM4 forecast points + IDW", "boundary": "SERPRO Carbon Project Zone", "interpretation": "Forecast surface clipped to project boundary; not direct station observation" }, "geometry": { "type": "Point", "coordinates": [ 112.320454337145577, -3.17652770974822 ] } },
{ "type": "Feature", "properties": { "precipitation_mm": 0.0, "temperature_c": 24.044080312836581, "humidity_pct": 93.303404100953315, "cloud_cover_pct": 66.312449286573838, "wind_speed_ms": 6.1503839258625153, "forecast_datetime": "2026-10-04T04:00:00", "source": "BMKG ADM4 forecast points + IDW", "boundary": "SERPRO Carbon Project Zone", "interpretation": "Forecast surface clipped to project boundary; not direct station observation" }, "geometry": { "type": "Point", "coordinates": [ 112.320442860509942, -3.167483092761449 ] } },
{ "type": "Feature", "properties": { "precipitation_mm": 0.0, "temperature_c": 24.06193043855945, "humidity_pct": 92.94935660510059, "cloud_cover_pct": 65.83420336318045, "wind_speed_ms": 6.0821204538703437, "forecast_datetime": "2026-10-04T04:00:00", "source": "BMKG ADM4 forecast points + IDW", "boundary": "SERPRO Carbon Project Zone", "interpretation": "Forecast surface clipped to project boundary; not direct station observation" }, "geometry": { "type": "Point", "coordinates": [ 112.329510669204311, -3.221739012951142 ] } },
{ "type": "Feature", "properties": { "precipitation_mm": 0.0, "temperature_c": 24.058773879277336, "humidity_pct": 93.006824442653951, "cloud_cover_pct": 65.905777501203346, "wind_speed_ms": 6.0874925112542115, "forecast_datetime": "2026-10-04T04:00:00", "source": "BMKG ADM4 forecast points + IDW", "boundary": "SERPRO Carbon Project Zone", "interpretation": "Forecast surface clipped to project boundary; not direct station observation" }, "geometry": { "type": "Point", "coordinates": [ 112.329498948829055, -3.212694437224015 ] } },
{ "type": "Feature", "properties": { "precipitation_mm": 0.0, "temperature_c": 24.0555791834723, "humidity_pct": 93.066337910088137, "cloud_cover_pct": 65.981657167858927, "wind_speed_ms": 6.0949032999740194, "forecast_datetime": "2026-10-04T04:00:00", "source": "BMKG ADM4 forecast points + IDW", "boundary": "SERPRO Carbon Project Zone", "interpretation": "Forecast surface clipped to project boundary; not direct station observation" }, "geometry": { "type": "Point", "coordinates": [ 112.329487261574627, -3.203649859849835 ] } },
{ "type": "Feature", "properties": { "precipitation_mm": 0.0, "temperature_c": 24.052337716259842, "humidity_pct": 93.127738775580426, "cloud_cover_pct": 66.061196890010024, "wind_speed_ms": 6.1042198425206085, "forecast_datetime": "2026-10-04T04:00:00", "source": "BMKG ADM4 forecast points + IDW", "boundary": "SERPRO Carbon Project Zone", "interpretation": "Forecast surface clipped to project boundary; not direct station observation" }, "geometry": { "type": "Point", "coordinates": [ 112.32947560743952, -3.19460528083322 ] } },
{ "type": "Feature", "properties": { "precipitation_mm": 0.0, "temperature_c": 24.049045159695662, "humidity_pct": 93.190742662804851, "cloud_cover_pct": 66.143519109584574, "wind_speed_ms": 6.1152460779805455, "forecast_datetime": "2026-10-04T04:00:00", "source": "BMKG ADM4 forecast points + IDW", "boundary": "SERPRO Carbon Project Zone", "interpretation": "Forecast surface clipped to project boundary; not direct station observation" }, "geometry": { "type": "Point", "coordinates": [ 112.329463986422311, -3.185560700178788 ] } },
{ "type": "Feature", "properties": { "precipitation_mm": 0.0, "temperature_c": 24.045703923190288, "humidity_pct": 93.254911814301181, "cloud_cover_pct": 66.2275067455395, "wind_speed_ms": 6.1277215169129926, "forecast_datetime": "2026-10-04T04:00:00", "source": "BMKG ADM4 forecast points + IDW", "boundary": "SERPRO Carbon Project Zone", "interpretation": "Forecast surface clipped to project boundary; not direct station observation" }, "geometry": { "type": "Point", "coordinates": [ 112.329452398521596, -3.176516117891159 ] } },
{ "type": "Feature", "properties": { "precipitation_mm": 0.0, "temperature_c": 24.042325733499656, "humidity_pct": 93.319632963203901, "cloud_cover_pct": 66.311815557087954, "wind_speed_ms": 6.141323441213558, "forecast_datetime": "2026-10-04T04:00:00", "source": "BMKG ADM4 forecast points + IDW", "boundary": "SERPRO Carbon Project Zone", "interpretation": "Forecast surface clipped to project boundary; not direct station observation" }, "geometry": { "type": "Point", "coordinates": [ 112.32944084373591, -3.167471533974951 ] } },
{ "type": "Feature", "properties": { "precipitation_mm": 0.0, "temperature_c": 24.038934133652074, "humidity_pct": 93.384105303937474, "cloud_cover_pct": 66.394912388223389, "wind_speed_ms": 6.1556734998585743, "forecast_datetime": "2026-10-04T04:00:00", "source": "BMKG ADM4 forecast points + IDW", "boundary": "SERPRO Carbon Project Zone", "interpretation": "Forecast surface clipped to project boundary; not direct station observation" }, "geometry": { "type": "Point", "coordinates": [ 112.329429322063831, -3.158426948434784 ] } },
{ "type": "Feature", "properties": { "precipitation_mm": 0.0, "temperature_c": 24.060861019887188, "humidity_pct": 92.943837297830513, "cloud_cover_pct": 65.794434852262512, "wind_speed_ms": 6.0625763976940616, "forecast_datetime": "2026-10-04T04:00:00", "source": "BMKG ADM4 forecast points + IDW", "boundary": "SERPRO Carbon Project Zone", "interpretation": "Forecast surface clipped to project boundary; not direct station observation" }, "geometry": { "type": "Point", "coordinates": [ 112.338509091568127, -3.221727175944556 ] } },
{ "type": "Feature", "properties": { "precipitation_mm": 0.0, "temperature_c": 24.057655610853985, "humidity_pct": 93.003356643223057, "cloud_cover_pct": 65.870012354087393, "wind_speed_ms": 6.0687629927954312, "forecast_datetime": "2026-10-04T04:00:00", "source": "BMKG ADM4 forecast points + IDW", "boundary": "SERPRO Carbon Project Zone", "interpretation": "Forecast surface clipped to project boundary; not direct station observation" }, "geometry": { "type": "Point", "coordinates": [ 112.338497291924327, -3.212682633515206 ] } },
{ "type": "Feature", "properties": { "precipitation_mm": 0.0, "temperature_c": 24.054403684444157, "humidity_pct": 93.065310415638407, "cloud_cover_pct": 65.950727495697905, "wind_speed_ms": 6.0773105239095964, "forecast_datetime": "2026-10-04T04:00:00", "source": "BMKG ADM4 forecast points + IDW", "boundary": "SERPRO Carbon Project Zone", "interpretation": "Forecast surface clipped to project boundary; not direct station observation" }, "geometry": { "type": "Point", "coordinates": [ 112.33848552562533, -3.203638089438241 ] } },
{ "type": "Feature", "properties": { "precipitation_mm": 0.0, "temperature_c": 24.051090964290857, "humidity_pct": 93.129592095421714, "cloud_cover_pct": 66.035922341796422, "wind_speed_ms": 6.088083775318224, "forecast_datetime": "2026-10-04T04:00:00", "source": "BMKG ADM4 forecast points + IDW", "boundary": "SERPRO Carbon Project Zone", "interpretation": "Forecast surface clipped to project boundary; not direct station observation" }, "geometry": { "type": "Point", "coordinates": [ 112.338473792669674, -3.194593543718284 ] } },
{ "type": "Feature", "properties": { "precipitation_mm": 0.0, "temperature_c": 24.047707196967803, "humidity_pct": 93.19595391661727, "cloud_cover_pct": 66.124655032800732, "wind_speed_ms": 6.100870874863551, "forecast_datetime": "2026-10-04T04:00:00", "source": "BMKG ADM4 forecast points + IDW", "boundary": "SERPRO Carbon Project Zone", "interpretation": "Forecast surface clipped to project boundary; not direct station observation" }, "geometry": { "type": "Point", "coordinates": [ 112.338462093055895, -3.18554899635995 ] } },
{ "type": "Feature", "properties": { "precipitation_mm": 0.0, "temperature_c": 24.044249127454822, "humidity_pct": 93.263969792078896, "cloud_cover_pct": 66.215681339668706, "wind_speed_ms": 6.1153800464581245, "forecast_datetime": "2026-10-04T04:00:00", "source": "BMKG ADM4 forecast points + IDW", "boundary": "SERPRO Carbon Project Zone", "interpretation": "Forecast surface clipped to project boundary; not direct station observation" }, "geometry": { "type": "Point", "coordinates": [ 112.338450426782572, -3.176504447367866 ] } },
{ "type": "Feature", "properties": { "precipitation_mm": 0.0, "temperature_c": 24.040723848425728, "humidity_pct": 93.333002691719884, "cloud_cover_pct": 66.307459984516029, "wind_speed_ms": 6.1312405046879741, "forecast_datetime": "2026-10-04T04:00:00", "source": "BMKG ADM4 forecast points + IDW", "boundary": "SERPRO Carbon Project Zone", "interpretation": "Forecast surface clipped to project boundary; not direct station observation" }, "geometry": { "type": "Point", "coordinates": [ 112.338438793848255, -3.167459896746648 ] } },
{ "type": "Feature", "properties": { "precipitation_mm": 0.0, "temperature_c": 24.037152226387892, "humidity_pct": 93.402182814191974, "cloud_cover_pct": 66.398190771358429, "wind_speed_ms": 6.148008622636369, "forecast_datetime": "2026-10-04T04:00:00", "source": "BMKG ADM4 forecast points + IDW", "boundary": "SERPRO Carbon Project Zone", "interpretation": "Forecast surface clipped to project boundary; not direct station observation" }, "geometry": { "type": "Point", "coordinates": [ 112.338427194251494, -3.158415344500918 ] } },
{ "type": "Feature", "properties": { "precipitation_mm": 0.0, "temperature_c": 24.059836696231454, "humidity_pct": 92.935441190636993, "cloud_cover_pct": 65.748093818735001, "wind_speed_ms": 6.0408126293647548, "forecast_datetime": "2026-10-04T04:00:00", "source": "BMKG ADM4 forecast points + IDW", "boundary": "SERPRO Carbon Project Zone", "interpretation": "Forecast surface clipped to project boundary; not direct station observation" }, "geometry": { "type": "Point", "coordinates": [ 112.347507480585691, -3.221715259151004 ] } },
{ "type": "Feature", "properties": { "precipitation_mm": 0.0, "temperature_c": 24.056603073206258, "humidity_pct": 92.996782642349501, "cloud_cover_pct": 65.827582777413923, "wind_speed_ms": 6.0478001237317791, "forecast_datetime": "2026-10-04T04:00:00", "source": "BMKG ADM4 forecast points + IDW", "boundary": "SERPRO Carbon Project Zone", "interpretation": "Forecast surface clipped to project boundary; not direct station observation" }, "geometry": { "type": "Point", "coordinates": [ 112.347495601674808, -3.212670750243873 ] } },
{ "type": "Feature", "properties": { "precipitation_mm": 0.0, "temperature_c": 24.053317405947009, "humidity_pct": 93.060963991893928, "cloud_cover_pct": 65.913171411668912, "wind_speed_ms": 6.0575243789484743, "forecast_datetime": "2026-10-04T04:00:00", "source": "BMKG ADM4 forecast points + IDW", "boundary": "SERPRO Carbon Project Zone", "interpretation": "Forecast surface clipped to project boundary; not direct station observation" }, "geometry": { "type": "Point", "coordinates": [ 112.347483756332707, -3.203626239688562 ] } },
{ "type": "Feature", "properties": { "precipitation_mm": 0.0, "temperature_c": 24.049958758412686, "humidity_pct": 93.127948829598111, "cloud_cover_pct": 66.004211262947479, "wind_speed_ms": 6.0698529479623593, "forecast_datetime": "2026-10-04T04:00:00", "source": "BMKG ADM4 forecast points + IDW", "boundary": "SERPRO Carbon Project Zone", "interpretation": "Forecast surface clipped to project boundary; not direct station observation" }, "geometry": { "type": "Point", "coordinates": [ 112.347471944557938, -3.194581727489696 ] } },
{ "type": "Feature", "properties": { "precipitation_mm": 0.0, "temperature_c": 24.04650953929621, "humidity_pct": 93.197545694843086, "cloud_cover_pct": 66.099709944693657, "wind_speed_ms": 6.0845608537444482, "forecast_datetime": "2026-10-04T04:00:00", "source": "BMKG ADM4 forecast points + IDW", "boundary": "SERPRO Carbon Project Zone", "interpretation": "Forecast surface clipped to project boundary; not direct station observation" }, "geometry": { "type": "Point", "coordinates": [ 112.347460166349038, -3.185537213651893 ] } },
{ "type": "Feature", "properties": { "precipitation_mm": 0.0, "temperature_c": 24.04295908033302, "humidity_pct": 93.269359025948262, "cloud_cover_pct": 66.198296927568549, "wind_speed_ms": 6.1013248459607858, "forecast_datetime": "2026-10-04T04:00:00", "source": "BMKG ADM4 forecast points + IDW", "boundary": "SERPRO Carbon Project Zone", "interpretation": "Forecast surface clipped to project boundary; not direct station observation" }, "geometry": { "type": "Point", "coordinates": [ 112.347448421704556, -3.176492698179779 ] } },
{ "type": "Feature", "properties": { "precipitation_mm": 0.0, "temperature_c": 24.039307844685712, "humidity_pct": 93.342743300297144, "cloud_cover_pct": 66.298217261584242, "wind_speed_ms": 6.1197224687402034, "forecast_datetime": "2026-10-04T04:00:00", "source": "BMKG ADM4 forecast points + IDW", "boundary": "SERPRO Carbon Project Zone", "interpretation": "Forecast surface clipped to project boundary; not direct station observation" }, "geometry": { "type": "Point", "coordinates": [ 112.347436710623029, -3.167448181077974 ] } },
{ "type": "Feature", "properties": { "precipitation_mm": 0.0, "temperature_c": 24.035571959031007, "humidity_pct": 93.416768236293919, "cloud_cover_pct": 66.39736623068174, "wind_speed_ms": 6.1392373532793982, "forecast_datetime": "2026-10-04T04:00:00", "source": "BMKG ADM4 forecast points + IDW", "boundary": "SERPRO Carbon Project Zone", "interpretation": "Forecast surface clipped to project boundary; not direct station observation" }, "geometry": { "type": "Point", "coordinates": [ 112.347425033103036, -3.158403662351102 ] } },
{ "type": "Feature", "properties": { "precipitation_mm": 0.0, "temperature_c": 24.031787537048022, "humidity_pct": 93.490204904321004, "cloud_cover_pct": 66.493376835578601, "wind_speed_ms": 6.1592721981936513, "forecast_datetime": "2026-10-04T04:00:00", "source": "BMKG ADM4 forecast points + IDW", "boundary": "SERPRO Carbon Project Zone", "interpretation": "Forecast surface clipped to project boundary; not direct station observation" }, "geometry": { "type": "Point", "coordinates": [ 112.347413389143128, -3.149359142003783 ] } },
{ "type": "Feature", "properties": { "precipitation_mm": 0.0, "temperature_c": 24.058843090301483, "humidity_pct": 92.923998949482325, "cloud_cover_pct": 65.694312624031213, "wind_speed_ms": 6.0164448450449424, "forecast_datetime": "2026-10-04T04:00:00", "source": "BMKG ADM4 forecast points + IDW", "boundary": "SERPRO Carbon Project Zone", "interpretation": "Forecast surface clipped to project boundary; not direct station observation" }, "geometry": { "type": "Point", "coordinates": [ 112.356505836032994, -3.221703262571958 ] } },
{ "type": "Feature", "properties": { "precipitation_mm": 0.0, "temperature_c": 24.055605334566053, "humidity_pct": 92.986850837049502, "cloud_cover_pct": 65.777489587100249, "wind_speed_ms": 6.0241779748391933, "forecast_datetime": "2026-10-04T04:00:00", "source": "BMKG ADM4 forecast points + IDW", "boundary": "SERPRO Carbon Project Zone", "interpretation": "Forecast surface clipped to project boundary; not direct station observation" }, "geometry": { "type": "Point", "coordinates": [ 112.356493877856465, -3.212658787411482 ] } },
{ "type": "Feature", "properties": { "precipitation_mm": 0.0, "temperature_c": 24.052314497388643, "humidity_pct": 93.052949121257029, "cloud_cover_pct": 65.867864191808323, "wind_speed_ms": 6.0350825542283264, "forecast_datetime": "2026-10-04T04:00:00", "source": "BMKG ADM4 forecast points + IDW", "boundary": "SERPRO Carbon Project Zone", "interpretation": "Forecast surface clipped to project boundary; not direct station observation" }, "geometry": { "type": "Point", "coordinates": [ 112.356481953472738, -3.203614310602259 ] } },
{ "type": "Feature", "properties": { "precipitation_mm": 0.0, "temperature_c": 24.04894207288568, "humidity_pct": 93.122347760992625, "cloud_cover_pct": 65.964827622458728, "wind_speed_ms": 6.0490353052761767, "forecast_datetime": "2026-10-04T04:00:00", "source": "BMKG ADM4 forecast points + IDW", "boundary": "SERPRO Carbon Project Zone", "interpretation": "Forecast surface clipped to project boundary; not direct station observation" }, "geometry": { "type": "Point", "coordinates": [ 112.356470062880305, -3.194569832148914 ] } },
{ "type": "Feature", "properties": { "precipitation_mm": 0.0, "temperature_c": 24.045461748736368, "humidity_pct": 93.19493419951641, "cloud_cover_pct": 66.06735893431545, "wind_speed_ms": 6.0658018673146756, "forecast_datetime": "2026-10-04T04:00:00", "source": "BMKG ADM4 forecast points + IDW", "boundary": "SERPRO Carbon Project Zone", "interpretation": "Forecast surface clipped to project boundary; not direct station observation" }, "geometry": { "type": "Point", "coordinates": [ 112.356458206077747, -3.185525352056068 ] } },
{ "type": "Feature", "properties": { "precipitation_mm": 0.0, "temperature_c": 24.041853599670588, "humidity_pct": 93.270366003532118, "cloud_cover_pct": 66.173969031170117, "wind_speed_ms": 6.0850279324197984, "forecast_datetime": "2026-10-04T04:00:00", "source": "BMKG ADM4 forecast points + IDW", "boundary": "SERPRO Carbon Project Zone", "interpretation": "Forecast surface clipped to project boundary; not direct station observation" }, "geometry": { "type": "Point", "coordinates": [ 112.35644638306357, -3.176480870328347 ] } },
{ "type": "Feature", "properties": { "precipitation_mm": 0.0, "temperature_c": 24.038109227531177, "humidity_pct": 93.348008769946262, "cloud_cover_pct": 66.282676805797223, "wind_speed_ms": 6.1062360338479911, "forecast_datetime": "2026-10-04T04:00:00", "source": "BMKG ADM4 forecast points + IDW", "boundary": "SERPRO Carbon Project Zone", "interpretation": "Forecast surface clipped to project boundary; not direct station observation" }, "geometry": { "type": "Point", "coordinates": [ 112.356434593836298, -3.167436386970375 ] } },
{ "type": "Feature", "properties": { "precipitation_mm": 0.0, "temperature_c": 24.034237551504518, "humidity_pct": 93.426884934547758, "cloud_cover_pct": 66.391035584982305, "wind_speed_ms": 6.1288296592390621, "forecast_datetime": "2026-10-04T04:00:00", "source": "BMKG ADM4 forecast points + IDW", "boundary": "SERPRO Carbon Project Zone", "interpretation": "Forecast surface clipped to project boundary; not direct station observation" }, "geometry": { "type": "Point", "coordinates": [ 112.356422838394508, -3.158391901986774 ] } },
{ "type": "Feature", "properties": { "precipitation_mm": 0.0, "temperature_c": 24.030270675318135, "humidity_pct": 93.505645908651204, "cloud_cover_pct": 66.49622768803296, "wind_speed_ms": 6.1521064199853868, "forecast_datetime": "2026-10-04T04:00:00", "source": "BMKG ADM4 forecast points + IDW", "boundary": "SERPRO Carbon Project Zone", "interpretation": "Forecast surface clipped to project boundary; not direct station observation" }, "geometry": { "type": "Point", "coordinates": [ 112.356411116736709, -3.14934741538217 ] } },
{ "type": "Feature", "properties": { "precipitation_mm": 0.0, "temperature_c": 24.057857418288219, "humidity_pct": 92.909425846027105, "cloud_cover_pct": 65.632207890246576, "wind_speed_ms": 5.9890444132996388, "forecast_datetime": "2026-10-04T04:00:00", "source": "BMKG ADM4 forecast points + IDW", "boundary": "SERPRO Carbon Project Zone", "interpretation": "Forecast surface clipped to project boundary; not direct station observation" }, "geometry": { "type": "Point", "coordinates": [ 112.365504157686033, -3.221691186208895 ] } },
{ "type": "Feature", "properties": { "precipitation_mm": 0.0, "temperature_c": 24.054642302390732, "humidity_pct": 92.973390775942306, "cloud_cover_pct": 65.718686405605482, "wind_speed_ms": 5.997413573253044, "forecast_datetime": "2026-10-04T04:00:00", "source": "BMKG ADM4 forecast points + IDW", "boundary": "SERPRO Carbon Project Zone", "interpretation": "Forecast surface clipped to project boundary; not direct station observation" }, "geometry": { "type": "Point", "coordinates": [ 112.365492120245349, -3.212646745019508 ] } },
{ "type": "Feature", "properties": { "precipitation_mm": 0.0, "temperature_c": 24.051379487826779, "humidity_pct": 93.040988574426223, "cloud_cover_pct": 65.813597402442653, "wind_speed_ms": 6.0094524828218745, "forecast_datetime": "2026-10-04T04:00:00", "source": "BMKG ADM4 forecast points + IDW", "boundary": "SERPRO Carbon Project Zone", "interpretation": "Forecast surface clipped to project boundary; not direct station observation" }, "geometry": { "type": "Point", "coordinates": [ 112.365480116821459, -3.203602302180803 ] } },
{ "type": "Feature", "properties": { "precipitation_mm": 0.0, "temperature_c": 24.048032207901816, "humidity_pct": 93.112385028201871, "cloud_cover_pct": 65.916411616832917, "wind_speed_ms": 6.0250547866196627, "forecast_datetime": "2026-10-04T04:00:00", "source": "BMKG ADM4 forecast points + IDW", "boundary": "SERPRO Carbon Project Zone", "interpretation": "Forecast surface clipped to project boundary; not direct station observation" }, "geometry": { "type": "Point", "coordinates": [ 112.365468147412855, -3.194557857697405 ] } },
{ "type": "Feature", "properties": { "precipitation_mm": 0.0, "temperature_c": 24.044564192557957, "humidity_pct": 93.187571353049606, "cloud_cover_pct": 66.026111618905617, "wind_speed_ms": 6.043981160856303, "forecast_datetime": "2026-10-04T04:00:00", "source": "BMKG ADM4 forecast points + IDW", "boundary": "SERPRO Carbon Project Zone", "interpretation": "Forecast surface clipped to project boundary; not direct station observation" }, "geometry": { "type": "Point", "coordinates": [ 112.365456212018088, -3.185513411573939 ] } },
{ "type": "Feature", "properties": { "precipitation_mm": 0.0, "temperature_c": 24.040944467210327, "humidity_pct": 93.266283870681789, "cloud_cover_pct": 66.141106438911251, "wind_speed_ms": 6.0658466665588779, "forecast_datetime": "2026-10-04T04:00:00", "source": "BMKG ADM4 forecast points + IDW", "boundary": "SERPRO Carbon Project Zone", "interpretation": "Forecast surface clipped to project boundary; not direct station observation" }, "geometry": { "type": "Point", "coordinates": [ 112.365444310635652, -3.17646896381503 ] } },
{ "type": "Feature", "properties": { "precipitation_mm": 0.0, "temperature_c": 24.037153467466833, "humidity_pct": 93.347922387483379, "cloud_cover_pct": 66.259182520556237, "wind_speed_ms": 6.0901149898025091, "forecast_datetime": "2026-10-04T04:00:00", "source": "BMKG ADM4 forecast points + IDW", "boundary": "SERPRO Carbon Project Zone", "interpretation": "Forecast surface clipped to project boundary; not direct station observation" }, "geometry": { "type": "Point", "coordinates": [ 112.365432443264098, -3.167424514425304 ] } },
{ "type": "Feature", "properties": { "precipitation_mm": 0.0, "temperature_c": 24.033190195827544, "humidity_pct": 93.431479082274237, "cloud_cover_pct": 66.377515772595842, "wind_speed_ms": 6.1161014773053077, "forecast_datetime": "2026-10-04T04:00:00", "source": "BMKG ADM4 forecast points + IDW", "boundary": "SERPRO Carbon Project Zone", "interpretation": "Forecast surface clipped to project boundary; not direct station observation" }, "geometry": { "type": "Point", "coordinates": [ 112.365420609901946, -3.158380063409385 ] } },
{ "type": "Feature", "properties": { "precipitation_mm": 0.0, "temperature_c": 24.029079828755414, "humidity_pct": 93.51549333448645, "cloud_cover_pct": 66.492770261277812, "wind_speed_ms": 6.1429867802686804, "forecast_datetime": "2026-10-04T04:00:00", "source": "BMKG ADM4 forecast points + IDW", "boundary": "SERPRO Carbon Project Zone", "interpretation": "Forecast surface clipped to project boundary; not direct station observation" }, "geometry": { "type": "Point", "coordinates": [ 112.365408810547748, -3.149335610771902 ] } },
{ "type": "Feature", "properties": { "precipitation_mm": 0.0, "temperature_c": 24.024880753093473, "humidity_pct": 93.598050827945002, "cloud_cover_pct": 66.601304620737281, "wind_speed_ms": 6.1698430598013116, "forecast_datetime": "2026-10-04T04:00:00", "source": "BMKG ADM4 forecast points + IDW", "boundary": "SERPRO Carbon Project Zone", "interpretation": "Forecast surface clipped to project boundary; not direct station observation" }, "geometry": { "type": "Point", "coordinates": [ 112.365397045200041, -3.140291156517479 ] } },
{ "type": "Feature", "properties": { "precipitation_mm": 0.0, "temperature_c": 24.056846927471117, "humidity_pct": 92.891756990939555, "cloud_cover_pct": 65.560924822898173, "wind_speed_ms": 5.9581443897144428, "forecast_datetime": "2026-10-04T04:00:00", "source": "BMKG ADM4 forecast points + IDW", "boundary": "SERPRO Carbon Project Zone", "interpretation": "Forecast surface clipped to project boundary; not direct station observation" }, "geometry": { "type": "Point", "coordinates": [ 112.374502445320815, -3.221679030063305 ] } },
{ "type": "Feature", "properties": { "precipitation_mm": 0.0, "temperature_c": 24.05368259634745, "humidity_pct": 92.956354793761022, "cloud_cover_pct": 65.650124421627069, "wind_speed_ms": 5.9669720148572241, "forecast_datetime": "2026-10-04T04:00:00", "source": "BMKG ADM4 forecast points + IDW", "boundary": "SERPRO Carbon Project Zone", "interpretation": "Forecast surface clipped to project boundary; not direct station observation" }, "geometry": { "type": "Point", "coordinates": [ 112.374490328617455, -3.212634623069437 ] } },
{ "type": "Feature", "properties": { "precipitation_mm": 0.0, "temperature_c": 24.050484520935768, "humidity_pct": 93.024925516047858, "cloud_cover_pct": 65.749122712174142, "wind_speed_ms": 5.9800357582688992, "forecast_datetime": "2026-10-04T04:00:00", "source": "BMKG ADM4 forecast points + IDW", "boundary": "SERPRO Carbon Project Zone", "interpretation": "Forecast surface clipped to project boundary; not direct station observation" }, "geometry": { "type": "Point", "coordinates": [ 112.374478246154879, -3.203590214425675 ] } },
{ "type": "Feature", "properties": { "precipitation_mm": 0.0, "temperature_c": 24.047207309818848, "humidity_pct": 93.097768870496765, "cloud_cover_pct": 65.857521435084848, "wind_speed_ms": 5.997255264650394, "forecast_datetime": "2026-10-04T04:00:00", "source": "BMKG ADM4 forecast points + IDW", "boundary": "SERPRO Carbon Project Zone", "interpretation": "Forecast surface clipped to project boundary; not direct station observation" }, "geometry": { "type": "Point", "coordinates": [ 112.374466197931568, -3.194545804136646 ] } },
{ "type": "Feature", "properties": { "precipitation_mm": 0.0, "temperature_c": 24.043803772813394, "humidity_pct": 93.175006460711643, "cloud_cover_pct": 65.974351159582341, "wind_speed_ms": 6.0183908584017773, "forecast_datetime": "2026-10-04T04:00:00", "source": "BMKG ADM4 forecast points + IDW", "boundary": "SERPRO Carbon Project Zone", "interpretation": "Forecast surface clipped to project boundary; not direct station observation" }, "geometry": { "type": "Point", "coordinates": [ 112.374454183946071, -3.185501392206977 ] } },
{ "type": "Feature", "properties": { "precipitation_mm": 0.0, "temperature_c": 24.040230308587414, "humidity_pct": 93.256481233273931, "cloud_cover_pct": 66.09794715362392, "wind_speed_ms": 6.0430263329875613, "forecast_datetime": "2026-10-04T04:00:00", "source": "BMKG ADM4 forecast points + IDW", "boundary": "SERPRO Carbon Project Zone", "interpretation": "Forecast surface clipped to project boundary; not direct station observation" }, "geometry": { "type": "Point", "coordinates": [ 112.374442204196853, -3.176456978641294 ] } },
{ "type": "Feature", "properties": { "precipitation_mm": 0.0, "temperature_c": 24.036454023678743, "humidity_pct": 93.341652455359196, "cloud_cover_pct": 66.225865654343934, "wind_speed_ms": 6.0705606386832116, "forecast_datetime": "2026-10-04T04:00:00", "source": "BMKG ADM4 forecast points + IDW", "boundary": "SERPRO Carbon Project Zone", "interpretation": "Forecast surface clipped to project boundary; not direct station observation" }, "geometry": { "type": "Point", "coordinates": [ 112.374430258682466, -3.167412563444225 ] } },
{ "type": "Feature", "properties": { "precipitation_mm": 0.0, "temperature_c": 24.03246132318942, "humidity_pct": 93.429501012110933, "cloud_cover_pct": 66.35487390220932, "wind_speed_ms": 6.100210674198026, "forecast_datetime": "2026-10-04T04:00:00", "source": "BMKG ADM4 forecast points + IDW", "boundary": "SERPRO Carbon Project Zone", "interpretation": "Forecast surface clipped to project boundary; not direct station observation" }, "geometry": { "type": "Point", "coordinates": [ 112.374418347401445, -3.158368146620398 ] } },
{ "type": "Feature", "properties": { "precipitation_mm": 0.0, "temperature_c": 24.028267364503748, "humidity_pct": 93.518464242985132, "cloud_cover_pct": 66.481049385167438, "wind_speed_ms": 6.1310268165248605, "forecast_datetime": "2026-10-04T04:00:00", "source": "BMKG ADM4 forecast points + IDW", "boundary": "SERPRO Carbon Project Zone", "interpretation": "Forecast surface clipped to project boundary; not direct station observation" }, "geometry": { "type": "Point", "coordinates": [ 112.374406470352298, -3.149323728174438 ] } },
{ "type": "Feature", "properties": { "precipitation_mm": 0.0, "temperature_c": 24.023925291893715, "humidity_pct": 93.606422922599322, "cloud_cover_pct": 66.600019367843018, "wind_speed_ms": 6.1619226302832333, "forecast_datetime": "2026-10-04T04:00:00", "source": "BMKG ADM4 forecast points + IDW", "boundary": "SERPRO Carbon Project Zone", "interpretation": "Forecast surface clipped to project boundary; not direct station observation" }, "geometry": { "type": "Point", "coordinates": [ 112.374394627533562, -3.140279308110974 ] } },
{ "type": "Feature", "properties": { "precipitation_mm": 0.0, "temperature_c": 24.019533530508731, "humidity_pct": 93.690764590404996, "cloud_cover_pct": 66.707357494438241, "wind_speed_ms": 6.1917208018984971, "forecast_datetime": "2026-10-04T04:00:00", "source": "BMKG ADM4 forecast points + IDW", "boundary": "SERPRO Carbon Project Zone", "interpretation": "Forecast surface clipped to project boundary; not direct station observation" }, "geometry": { "type": "Point", "coordinates": [ 112.374382818943772, -3.131234886434635 ] } },
{ "type": "Feature", "properties": { "precipitation_mm": 0.0, "temperature_c": 24.055767679805037, "humidity_pct": 92.871186186158369, "cloud_cover_pct": 65.479698037825543, "wind_speed_ms": 5.9232504237740669, "forecast_datetime": "2026-10-04T04:00:00", "source": "BMKG ADM4 forecast points + IDW", "boundary": "SERPRO Carbon Project Zone", "interpretation": "Forecast surface clipped to project boundary; not direct station observation" }, "geometry": { "type": "Point", "coordinates": [ 112.38350069871332, -3.221666794136686 ] } },
{ "type": "Feature", "properties": { "precipitation_mm": 0.0, "temperature_c": 24.052681705742504, "humidity_pct": 92.935865286402063, "cloud_cover_pct": 65.57081667191504, "wind_speed_ms": 5.9322772337252605, "forecast_datetime": "2026-10-04T04:00:00", "source": "BMKG ADM4 forecast points + IDW", "boundary": "SERPRO Carbon Project Zone", "interpretation": "Forecast surface clipped to project boundary; not direct station observation" }, "geometry": { "type": "Point", "coordinates": [ 112.383488502748804, -3.212622421562763 ] } },
{ "type": "Feature", "properties": { "precipitation_mm": 0.0, "temperature_c": 24.049586777941823, "humidity_pct": 93.004779672354942, "cloud_cover_pct": 65.673218462782117, "wind_speed_ms": 5.9461794785994941, "forecast_datetime": "2026-10-04T04:00:00", "source": "BMKG ADM4 forecast points + IDW", "boundary": "SERPRO Carbon Project Zone", "interpretation": "Forecast surface clipped to project boundary; not direct station observation" }, "geometry": { "type": "Point", "coordinates": [ 112.383476341249022, -3.203578047338365 ] } },
{ "type": "Feature", "properties": { "precipitation_mm": 0.0, "temperature_c": 24.046428923690282, "humidity_pct": 93.078385630320497, "cloud_cover_pct": 65.786701589672958, "wind_speed_ms": 5.9649134180475096, "forecast_datetime": "2026-10-04T04:00:00", "source": "BMKG ADM4 forecast points + IDW", "boundary": "SERPRO Carbon Project Zone", "interpretation": "Forecast surface clipped to project boundary; not direct station observation" }, "geometry": { "type": "Point", "coordinates": [ 112.383464214212509, -3.194533671468123 ] } },
{ "type": "Feature", "properties": { "precipitation_mm": 0.0, "temperature_c": 24.04314943227201, "humidity_pct": 93.15696371711779, "cloud_cover_pct": 65.910404724725993, "wind_speed_ms": 5.9882433324240143, "forecast_datetime": "2026-10-04T04:00:00", "source": "BMKG ADM4 forecast points + IDW", "boundary": "SERPRO Carbon Project Zone", "interpretation": "Forecast surface clipped to project boundary; not direct station observation" }, "geometry": { "type": "Point", "coordinates": [ 112.383452121637731, -3.185489293956664 ] } },
{ "type": "Feature", "properties": { "precipitation_mm": 0.0, "temperature_c": 24.039690834614305, "humidity_pct": 93.24049360750486, "cloud_cover_pct": 66.042632304776916, "wind_speed_ms": 6.0157186183026568, "forecast_datetime": "2026-10-04T04:00:00", "source": "BMKG ADM4 forecast points + IDW", "boundary": "SERPRO Carbon Project Zone", "interpretation": "Forecast surface clipped to project boundary; not direct station observation" }, "geometry": { "type": "Point", "coordinates": [ 112.383440063523238, -3.176444914808618 ] } },
{ "type": "Feature", "properties": { "precipitation_mm": 0.0, "temperature_c": 24.036005084014683, "humidity_pct": 93.328520580646043, "cloud_cover_pct": 66.180724252123241, "wind_speed_ms": 6.046663150442428, "forecast_datetime": "2026-10-04T04:00:00", "source": "BMKG ADM4 forecast points + IDW", "boundary": "SERPRO Carbon Project Zone", "interpretation": "Forecast surface clipped to project boundary; not direct station observation" }, "geometry": { "type": "Point", "coordinates": [ 112.383428039867511, -3.167400534028612 ] } },
{ "type": "Feature", "properties": { "precipitation_mm": 0.0, "temperature_c": 24.032063648598246, "humidity_pct": 93.420032948966551, "cloud_cover_pct": 66.321014910460519, "wind_speed_ms": 6.0801796903148597, "forecast_datetime": "2026-10-04T04:00:00", "source": "BMKG ADM4 forecast points + IDW", "boundary": "SERPRO Carbon Project Zone", "interpretation": "Forecast surface clipped to project boundary; not direct station observation" }, "geometry": { "type": "Point", "coordinates": [ 112.383416050669069, -3.158356151621278 ] } },
{ "type": "Feature", "properties": { "precipitation_mm": 0.0, "temperature_c": 24.027868839550017, "humidity_pct": 93.513375002851717, "cloud_cover_pct": 66.458929306928326, "wind_speed_ms": 6.1151705705992061, "forecast_datetime": "2026-10-04T04:00:00", "source": "BMKG ADM4 forecast points + IDW", "boundary": "SERPRO Carbon Project Zone", "interpretation": "Forecast surface clipped to project boundary; not direct station observation" }, "geometry": { "type": "Point", "coordinates": [ 112.383404095926423, -3.14931176759124 ] } },
{ "type": "Feature", "properties": { "precipitation_mm": 0.0, "temperature_c": 24.023465220366035, "humidity_pct": 93.606223208513498, "cloud_cover_pct": 66.589259844803507, "wind_speed_ms": 6.1503746652700366, "forecast_datetime": "2026-10-04T04:00:00", "source": "BMKG ADM4 forecast points + IDW", "boundary": "SERPRO Carbon Project Zone", "interpretation": "Forecast surface clipped to project boundary; not direct station observation" }, "geometry": { "type": "Point", "coordinates": [ 112.383392175638107, -3.140267381943132 ] } },
{ "type": "Feature", "properties": { "precipitation_mm": 0.0, "temperature_c": 24.018949292933812, "humidity_pct": 93.69565410132148, "cloud_cover_pct": 66.706649598967729, "wind_speed_ms": 6.1844208300094747, "forecast_datetime": "2026-10-04T04:00:00", "source": "BMKG ADM4 forecast points + IDW", "boundary": "SERPRO Carbon Project Zone", "interpretation": "Forecast surface clipped to project boundary; not direct station observation" }, "geometry": { "type": "Point", "coordinates": [ 112.383380289802659, -3.131222994681582 ] } },
{ "type": "Feature", "properties": { "precipitation_mm": 0.0, "temperature_c": 24.014474748575342, "humidity_pct": 93.778329687700278, "cloud_cover_pct": 66.806274095038361, "wind_speed_ms": 6.2159002258379159, "forecast_datetime": "2026-10-04T04:00:00", "source": "BMKG ADM4 forecast points + IDW", "boundary": "SERPRO Carbon Project Zone", "interpretation": "Forecast surface clipped to project boundary; not direct station observation" }, "geometry": { "type": "Point", "coordinates": [ 112.383368438418586, -3.122178605811219 ] } },
{ "type": "Feature", "properties": { "precipitation_mm": 0.0, "temperature_c": 24.054563992929221, "humidity_pct": 92.848105938992461, "cloud_cover_pct": 65.38793047524733, "wind_speed_ms": 5.8838574460375659, "forecast_datetime": "2026-10-04T04:00:00", "source": "BMKG ADM4 forecast points + IDW", "boundary": "SERPRO Carbon Project Zone", "interpretation": "Forecast surface clipped to project boundary; not direct station observation" }, "geometry": { "type": "Point", "coordinates": [ 112.392498917639557, -3.221654478430549 ] } },
{ "type": "Feature", "properties": { "precipitation_mm": 0.0, "temperature_c": 24.051580814637884, "humidity_pct": 92.912264713683953, "cloud_cover_pct": 65.479923966066366, "wind_speed_ms": 5.8927293473417306, "forecast_datetime": "2026-10-04T04:00:00", "source": "BMKG ADM4 forecast points + IDW", "boundary": "SERPRO Carbon Project Zone", "interpretation": "Forecast surface clipped to project boundary; not direct station observation" }, "geometry": { "type": "Point", "coordinates": [ 112.392486642415363, -3.212610140500989 ] } },
{ "type": "Feature", "properties": { "precipitation_mm": 0.0, "temperature_c": 24.048626571070791, "humidity_pct": 92.980807836483592, "cloud_cover_pct": 65.584781528178425, "wind_speed_ms": 5.9071956101082845, "forecast_datetime": "2026-10-04T04:00:00", "source": "BMKG ADM4 forecast points + IDW", "boundary": "SERPRO Carbon Project Zone", "interpretation": "Forecast surface clipped to project boundary; not direct station observation" }, "geometry": { "type": "Point", "coordinates": [ 112.392474401879909, -3.203565800920374 ] } },
{ "type": "Feature", "properties": { "precipitation_mm": 0.0, "temperature_c": 24.045639192377738, "humidity_pct": 93.054372125301896, "cloud_cover_pct": 65.702580760817924, "wind_speed_ms": 5.927262106165367, "forecast_datetime": "2026-10-04T04:00:00", "source": "BMKG ADM4 forecast points + IDW", "boundary": "SERPRO Carbon Project Zone", "interpretation": "Forecast surface clipped to project boundary; not direct station observation" }, "geometry": { "type": "Point", "coordinates": [ 112.392462196031673, -3.194521459693332 ] } },
{ "type": "Feature", "properties": { "precipitation_mm": 0.0, "temperature_c": 24.04254821082661, "humidity_pct": 93.133429335567584, "cloud_cover_pct": 65.832649096729085, "wind_speed_ms": 5.952701029864655, "forecast_datetime": "2026-10-04T04:00:00", "source": "BMKG ADM4 forecast points + IDW", "boundary": "SERPRO Carbon Project Zone", "interpretation": "Forecast surface clipped to project boundary; not direct station observation" }, "geometry": { "type": "Point", "coordinates": [ 112.392450024869163, -3.185477116824493 ] } },
{ "type": "Feature", "properties": { "precipitation_mm": 0.0, "temperature_c": 24.039281383577475, "humidity_pct": 93.218130249932585, "cloud_cover_pct": 65.973323310244012, "wind_speed_ms": 5.9830204058085501, "forecast_datetime": "2026-10-04T04:00:00", "source": "BMKG ADM4 forecast points + IDW", "boundary": "SERPRO Carbon Project Zone", "interpretation": "Forecast surface clipped to project boundary; not direct station observation" }, "geometry": { "type": "Point", "coordinates": [ 112.392437888390859, -3.176432772318489 ] } },
{ "type": "Feature", "properties": { "precipitation_mm": 0.0, "temperature_c": 24.035774081804462, "humidity_pct": 93.308135328804042, "cloud_cover_pct": 66.121757575846956, "wind_speed_ms": 6.0174513627377948, "forecast_datetime": "2026-10-04T04:00:00", "source": "BMKG ADM4 forecast points + IDW", "boundary": "SERPRO Carbon Project Zone", "interpretation": "Forecast surface clipped to project boundary; not direct station observation" }, "geometry": { "type": "Point", "coordinates": [ 112.392425786595254, -3.16738842617995 ] } },
{ "type": "Feature", "properties": { "precipitation_mm": 0.0, "temperature_c": 24.03198103982308, "humidity_pct": 93.402458291287104, "cloud_cover_pct": 66.273840489782074, "wind_speed_ms": 6.0549571910367579, "forecast_datetime": "2026-10-04T04:00:00", "source": "BMKG ADM4 forecast points + IDW", "boundary": "SERPRO Carbon Project Zone", "interpretation": "Forecast surface clipped to project boundary; not direct station observation" }, "geometry": { "type": "Point", "coordinates": [ 112.392413719480871, -3.158344078413504 ] } },
{ "type": "Feature", "properties": { "precipitation_mm": 0.0, "temperature_c": 24.027889588787325, "humidity_pct": 93.499355442607225, "cloud_cover_pct": 66.424285677700198, "wind_speed_ms": 6.0942649765760217, "forecast_datetime": "2026-10-04T04:00:00", "source": "BMKG ADM4 forecast points + IDW", "boundary": "SERPRO Carbon Project Zone", "interpretation": "Forecast surface clipped to project boundary; not direct station observation" }, "geometry": { "type": "Point", "coordinates": [ 112.392401687046231, -3.149299729023786 ] } },
{ "type": "Feature", "properties": { "precipitation_mm": 0.0, "temperature_c": 24.023533034343551, "humidity_pct": 93.59629553316249, "cloud_cover_pct": 66.566952985275108, "wind_speed_ms": 6.1339172694331854, "forecast_datetime": "2026-10-04T04:00:00", "source": "BMKG ADM4 forecast points + IDW", "boundary": "SERPRO Carbon Project Zone", "interpretation": "Forecast surface clipped to project boundary; not direct station observation" }, "geometry": { "type": "Point", "coordinates": [ 112.392389689289814, -3.140255378015424 ] } },
{ "type": "Feature", "properties": { "precipitation_mm": 0.0, "temperature_c": 24.019002303409483, "humidity_pct": 93.690042360964341, "cloud_cover_pct": 66.695434991562053, "wind_speed_ms": 6.1723397621183258, "forecast_datetime": "2026-10-04T04:00:00", "source": "BMKG ADM4 forecast points + IDW", "boundary": "SERPRO Carbon Project Zone", "interpretation": "Forecast surface clipped to project boundary; not direct station observation" }, "geometry": { "type": "Point", "coordinates": [ 112.392377726210157, -3.13121102539305 ] } },
{ "type": "Feature", "properties": { "precipitation_mm": 0.0, "temperature_c": 24.014453177219856, "humidity_pct": 93.776876073869701, "cloud_cover_pct": 66.803902292219632, "wind_speed_ms": 6.2079233597675723, "forecast_datetime": "2026-10-04T04:00:00", "source": "BMKG ADM4 forecast points + IDW", "boundary": "SERPRO Carbon Project Zone", "interpretation": "Forecast surface clipped to project boundary; not direct station observation" }, "geometry": { "type": "Point", "coordinates": [ 112.39236579780578, -3.122166671161295 ] } },
{ "type": "Feature", "properties": { "precipitation_mm": 0.0, "temperature_c": 24.010105199437831, "humidity_pct": 93.852967675713828, "cloud_cover_pct": 66.888131362513391, "wind_speed_ms": 6.2391254968858734, "forecast_datetime": "2026-10-04T04:00:00", "source": "BMKG ADM4 forecast points + IDW", "boundary": "SERPRO Carbon Project Zone", "interpretation": "Forecast surface clipped to project boundary; not direct station observation" }, "geometry": { "type": "Point", "coordinates": [ 112.392353904075208, -3.11312231532479 ] } },
{ "type": "Feature", "properties": { "precipitation_mm": 0.0, "temperature_c": 24.006227158200328, "humidity_pct": 93.914896171646035, "cloud_cover_pct": 66.946530744168484, "wind_speed_ms": 6.2646016035009273, "forecast_datetime": "2026-10-04T04:00:00", "source": "BMKG ADM4 forecast points + IDW", "boundary": "SERPRO Carbon Project Zone", "interpretation": "Forecast surface clipped to project boundary; not direct station observation" }, "geometry": { "type": "Point", "coordinates": [ 112.392342045016974, -3.104077957888167 ] } },
{ "type": "Feature", "properties": { "precipitation_mm": 0.0, "temperature_c": 24.003104625936746, "humidity_pct": 93.960245212029548, "cloud_cover_pct": 66.980848693631486, "wind_speed_ms": 6.2833729454128866, "forecast_datetime": "2026-10-04T04:00:00", "source": "BMKG ADM4 forecast points + IDW", "boundary": "SERPRO Carbon Project Zone", "interpretation": "Forecast surface clipped to project boundary; not direct station observation" }, "geometry": { "type": "Point", "coordinates": [ 112.392330220629617, -3.095033598856058 ] } },
{ "type": "Feature", "properties": { "precipitation_mm": 0.0, "temperature_c": 24.000306111723667, "humidity_pct": 93.996776255149129, "cloud_cover_pct": 67.000050770015164, "wind_speed_ms": 6.2986414510939914, "forecast_datetime": "2026-10-04T04:00:00", "source": "BMKG ADM4 forecast points + IDW", "boundary": "SERPRO Carbon Project Zone", "interpretation": "Forecast surface clipped to project boundary; not direct station observation" }, "geometry": { "type": "Point", "coordinates": [ 112.392294955478192, -3.067900512233131 ] } },
{ "type": "Feature", "properties": { "precipitation_mm": 0.0, "temperature_c": 24.001663364025962, "humidity_pct": 93.983484800534228, "cloud_cover_pct": 67.003025293046576, "wind_speed_ms": 6.2930949207347826, "forecast_datetime": "2026-10-04T04:00:00", "source": "BMKG ADM4 forecast points + IDW", "boundary": "SERPRO Carbon Project Zone", "interpretation": "Forecast surface clipped to project boundary; not direct station observation" }, "geometry": { "type": "Point", "coordinates": [ 112.392283269759773, -3.058856146865395 ] } },
{ "type": "Feature", "properties": { "precipitation_mm": 0.0, "temperature_c": 24.003910572704676, "humidity_pct": 93.96315487856846, "cloud_cover_pct": 67.012474140484443, "wind_speed_ms": 6.2848622740440439, "forecast_datetime": "2026-10-04T04:00:00", "source": "BMKG ADM4 forecast points + IDW", "boundary": "SERPRO Carbon Project Zone", "interpretation": "Forecast surface clipped to project boundary; not direct station observation" }, "geometry": { "type": "Point", "coordinates": [ 112.392271618704967, -3.049811779925334 ] } },
{ "type": "Feature", "properties": { "precipitation_mm": 0.0, "temperature_c": 24.006795834055367, "humidity_pct": 93.938738956616234, "cloud_cover_pct": 67.029004179473901, "wind_speed_ms": 6.2755635767463467, "forecast_datetime": "2026-10-04T04:00:00", "source": "BMKG ADM4 forecast points + IDW", "boundary": "SERPRO Carbon Project Zone", "interpretation": "Forecast surface clipped to project boundary; not direct station observation" }, "geometry": { "type": "Point", "coordinates": [ 112.392260002312327, -3.04076741141758 ] } },
{ "type": "Feature", "properties": { "precipitation_mm": 0.0, "temperature_c": 24.053168893017286, "humidity_pct": 92.823145358242527, "cloud_cover_pct": 65.285291174215047, "wind_speed_ms": 5.8394729374577938, "forecast_datetime": "2026-10-04T04:00:00", "source": "BMKG ADM4 forecast points + IDW", "boundary": "SERPRO Carbon Project Zone", "interpretation": "Forecast surface clipped to project boundary; not direct station observation" }, "geometry": { "type": "Point", "coordinates": [ 112.401497101875549, -3.221642082946411 ] } },
{ "type": "Feature", "properties": { "precipitation_mm": 0.0, "temperature_c": 24.050306737064847, "humidity_pct": 92.886164335911332, "cloud_cover_pct": 65.376863511461153, "wind_speed_ms": 5.8477291338558155, "forecast_datetime": "2026-10-04T04:00:00", "source": "BMKG ADM4 forecast points + IDW", "boundary": "SERPRO Carbon Project Zone", "interpretation": "Forecast surface clipped to project boundary; not direct station observation" }, "geometry": { "type": "Point", "coordinates": [ 112.401484747393212, -3.212597779885632 ] } },
{ "type": "Feature", "properties": { "precipitation_mm": 0.0, "temperature_c": 24.047526684303957, "humidity_pct": 92.95356325756832, "cloud_cover_pct": 65.482945231319718, "wind_speed_ms": 5.8623886696666059, "forecast_datetime": "2026-10-04T04:00:00", "source": "BMKG ADM4 forecast points + IDW", "boundary": "SERPRO Carbon Project Zone", "interpretation": "Forecast surface clipped to project boundary; not direct station observation" }, "geometry": { "type": "Point", "coordinates": [ 112.401472427823592, -3.20355347517321 ] } },
{ "type": "Feature", "properties": { "precipitation_mm": 0.0, "temperature_c": 24.044759481436099, "humidity_pct": 93.026186481419472, "cloud_cover_pct": 65.603999006417709, "wind_speed_ms": 5.8835243921184111, "forecast_datetime": "2026-10-04T04:00:00", "source": "BMKG ADM4 forecast points + IDW", "boundary": "SERPRO Carbon Project Zone", "interpretation": "Forecast surface clipped to project boundary; not direct station observation" }, "geometry": { "type": "Point", "coordinates": [ 112.401460143165139, -3.194509168813778 ] } },
{ "type": "Feature", "properties": { "precipitation_mm": 0.0, "temperature_c": 24.041922921315251, "humidity_pct": 93.104736816112947, "cloud_cover_pct": 65.739649857929649, "wind_speed_ms": 5.9109210392453084, "forecast_datetime": "2026-10-04T04:00:00", "source": "BMKG ADM4 forecast points + IDW", "boundary": "SERPRO Carbon Project Zone", "interpretation": "Forecast surface clipped to project boundary; not direct station observation" }, "geometry": { "type": "Point", "coordinates": [ 112.401447893416375, -3.185464860811965 ] } },
{ "type": "Feature", "properties": { "precipitation_mm": 0.0, "temperature_c": 24.038929218917293, "humidity_pct": 93.189580291803267, "cloud_cover_pct": 65.888359179998062, "wind_speed_ms": 5.9440339036111682, "forecast_datetime": "2026-10-04T04:00:00", "source": "BMKG ADM4 forecast points + IDW", "boundary": "SERPRO Carbon Project Zone", "interpretation": "Forecast surface clipped to project boundary; not direct station observation" }, "geometry": { "type": "Point", "coordinates": [ 112.401435678575766, -3.176420551172404 ] } },
{ "type": "Feature", "properties": { "precipitation_mm": 0.0, "temperature_c": 24.03569590751022, "humidity_pct": 93.280530050889055, "cloud_cover_pct": 66.047151337213052, "wind_speed_ms": 5.9819738633971307, "forecast_datetime": "2026-10-04T04:00:00", "source": "BMKG ADM4 forecast points + IDW", "boundary": "SERPRO Carbon Project Zone", "interpretation": "Forecast surface clipped to project boundary; not direct station observation" }, "geometry": { "type": "Point", "coordinates": [ 112.40142349864179, -3.167376239899728 ] } },
{ "type": "Feature", "properties": { "precipitation_mm": 0.0, "temperature_c": 24.032159605043056, "humidity_pct": 93.3766466794915, "cloud_cover_pct": 66.211475371257734, "wind_speed_ms": 6.0235252334516849, "forecast_datetime": "2026-10-04T04:00:00", "source": "BMKG ADM4 forecast points + IDW", "boundary": "SERPRO Carbon Project Zone", "interpretation": "Forecast surface clipped to project boundary; not direct station observation" }, "geometry": { "type": "Point", "coordinates": [ 112.401411353612971, -3.158331926998569 ] } },
{ "type": "Feature", "properties": { "precipitation_mm": 0.0, "temperature_c": 24.028291344929755, "humidity_pct": 93.476100770742448, "cloud_cover_pct": 66.375288653935087, "wind_speed_ms": 6.0671970755218636, "forecast_datetime": "2026-10-04T04:00:00", "source": "BMKG ADM4 forecast points + IDW", "boundary": "SERPRO Carbon Project Zone", "interpretation": "Forecast surface clipped to project boundary; not direct station observation" }, "geometry": { "type": "Point", "coordinates": [ 112.401399243487788, -3.149287612473558 ] } },
{ "type": "Feature", "properties": { "precipitation_mm": 0.0, "temperature_c": 24.024111681456318, "humidity_pct": 93.576143152553044, "cloud_cover_pct": 66.531435215490831, "wind_speed_ms": 6.1113016589032156, "forecast_datetime": "2026-10-04T04:00:00", "source": "BMKG ADM4 forecast points + IDW", "boundary": "SERPRO Carbon Project Zone", "interpretation": "Forecast surface clipped to project boundary; not direct station observation" }, "geometry": { "type": "Point", "coordinates": [ 112.401387168264762, -3.140243296329329 ] } },
{ "type": "Feature", "properties": { "precipitation_mm": 0.0, "temperature_c": 24.019703479407564, "humidity_pct": 93.673218868089378, "cloud_cover_pct": 66.672358147821782, "wind_speed_ms": 6.1540487931969441, "forecast_datetime": "2026-10-04T04:00:00", "source": "BMKG ADM4 forecast points + IDW", "boundary": "SERPRO Carbon Project Zone", "interpretation": "Forecast surface clipped to project boundary; not direct station observation" }, "geometry": { "type": "Point", "coordinates": [ 112.401375127942373, -3.131198978570514 ] } },
{ "type": "Feature", "properties": { "precipitation_mm": 0.0, "temperature_c": 24.01521990498733, "humidity_pct": 93.763246076143076, "cloud_cover_pct": 66.791133006634524, "wind_speed_ms": 6.1936457753360701, "forecast_datetime": "2026-10-04T04:00:00", "source": "BMKG ADM4 forecast points + IDW", "boundary": "SERPRO Carbon Project Zone", "interpretation": "Forecast surface clipped to project boundary; not direct station observation" }, "geometry": { "type": "Point", "coordinates": [ 112.401363122519172, -3.122154659201746 ] } },
{ "type": "Feature", "properties": { "precipitation_mm": 0.0, "temperature_c": 24.010884180467436, "humidity_pct": 93.842063422919281, "cloud_cover_pct": 66.882730173599199, "wind_speed_ms": 6.2284021184435261, "forecast_datetime": "2026-10-04T04:00:00", "source": "BMKG ADM4 forecast points + IDW", "boundary": "SERPRO Carbon Project Zone", "interpretation": "Forecast surface clipped to project boundary; not direct station observation" }, "geometry": { "type": "Point", "coordinates": [ 112.401351151993651, -3.113110338227658 ] } },
{ "type": "Feature", "properties": { "precipitation_mm": 0.0, "temperature_c": 24.006976106184684, "humidity_pct": 93.906023465962406, "cloud_cover_pct": 66.94529087991117, "wind_speed_ms": 6.2568525773528298, "forecast_datetime": "2026-10-04T04:00:00", "source": "BMKG ADM4 forecast points + IDW", "boundary": "SERPRO Carbon Project Zone", "interpretation": "Forecast surface clipped to project boundary; not direct station observation" }, "geometry": { "type": "Point", "coordinates": [ 112.401339216364335, -3.104066015652885 ] } },
{ "type": "Feature", "properties": { "precipitation_mm": 0.0, "temperature_c": 24.003799729585129, "humidity_pct": 93.952657945372664, "cloud_cover_pct": 66.981032330739183, "wind_speed_ms": 6.2779179885157772, "forecast_datetime": "2026-10-04T04:00:00", "source": "BMKG ADM4 forecast points + IDW", "boundary": "SERPRO Carbon Project Zone", "interpretation": "Forecast surface clipped to project boundary; not direct station observation" }, "geometry": { "type": "Point", "coordinates": [ 112.401327315629743, -3.095021691482057 ] } },
{ "type": "Feature", "properties": { "precipitation_mm": 0.0, "temperature_c": 24.001630474818729, "humidity_pct": 93.981252712868653, "cloud_cover_pct": 66.996265620960145, "wind_speed_ms": 6.2911016367378005, "forecast_datetime": "2026-10-04T04:00:00", "source": "BMKG ADM4 forecast points + IDW", "boundary": "SERPRO Carbon Project Zone", "interpretation": "Forecast surface clipped to project boundary; not direct station observation" }, "geometry": { "type": "Point", "coordinates": [ 112.401315449788441, -3.08597736571981 ] } },
{ "type": "Feature", "properties": { "precipitation_mm": 0.0, "temperature_c": 24.00065144363456, "humidity_pct": 93.993087967699026, "cloud_cover_pct": 67.000126732002371, "wind_speed_ms": 6.2966638823180272, "forecast_datetime": "2026-10-04T04:00:00", "source": "BMKG ADM4 forecast points + IDW", "boundary": "SERPRO Carbon Project Zone", "interpretation": "Forecast surface clipped to project boundary; not direct station observation" }, "geometry": { "type": "Point", "coordinates": [ 112.401303618838909, -3.076933038370776 ] } },
{ "type": "Feature", "properties": { "precipitation_mm": 0.0, "temperature_c": 24.000902974699915, "humidity_pct": 93.991135239485033, "cloud_cover_pct": 67.002167524121887, "wind_speed_ms": 6.2956667209098436, "forecast_datetime": "2026-10-04T04:00:00", "source": "BMKG ADM4 forecast points + IDW", "boundary": "SERPRO Carbon Project Zone", "interpretation": "Forecast surface clipped to project boundary; not direct station observation" }, "geometry": { "type": "Point", "coordinates": [ 112.401291822779726, -3.067888709439591 ] } },
{ "type": "Feature", "properties": { "precipitation_mm": 0.0, "temperature_c": 24.002272733416103, "humidity_pct": 93.9792359280965, "cloud_cover_pct": 67.009718811391011, "wind_speed_ms": 6.2898018510270681, "forecast_datetime": "2026-10-04T04:00:00", "source": "BMKG ADM4 forecast points + IDW", "boundary": "SERPRO Carbon Project Zone", "interpretation": "Forecast surface clipped to project boundary; not direct station observation" }, "geometry": { "type": "Point", "coordinates": [ 112.401280061609413, -3.058844378930886 ] } },
{ "type": "Feature", "properties": { "precipitation_mm": 0.0, "temperature_c": 24.004535137360484, "humidity_pct": 93.961095907831222, "cloud_cover_pct": 67.026251047808941, "wind_speed_ms": 6.2810310072955113, "forecast_datetime": "2026-10-04T04:00:00", "source": "BMKG ADM4 forecast points + IDW", "boundary": "SERPRO Carbon Project Zone", "interpretation": "Forecast surface clipped to project boundary; not direct station observation" }, "geometry": { "type": "Point", "coordinates": [ 112.401268335326534, -3.049800046849297 ] } },
{ "type": "Feature", "properties": { "precipitation_mm": 0.0, "temperature_c": 24.007420154709752, "humidity_pct": 93.939539455376192, "cloud_cover_pct": 67.051379370824037, "wind_speed_ms": 6.2711871639153056, "forecast_datetime": "2026-10-04T04:00:00", "source": "BMKG ADM4 forecast points + IDW", "boundary": "SERPRO Carbon Project Zone", "interpretation": "Forecast surface clipped to project boundary; not direct station observation" }, "geometry": { "type": "Point", "coordinates": [ 112.401256643929628, -3.040755713199458 ] } },
{ "type": "Feature", "properties": { "precipitation_mm": 0.0, "temperature_c": 24.054443825602704, "humidity_pct": 92.739092131939827, "cloud_cover_pct": 65.096906713143909, "wind_speed_ms": 5.789460521075088, "forecast_datetime": "2026-10-04T04:00:00", "source": "BMKG ADM4 forecast points + IDW", "boundary": "SERPRO Carbon Project Zone", "interpretation": "Forecast surface clipped to project boundary; not direct station observation" }, "geometry": { "type": "Point", "coordinates": [ 112.410507720074477, -3.230673873996517 ] } },
{ "type": "Feature", "properties": { "precipitation_mm": 0.0, "temperature_c": 24.051505946921662, "humidity_pct": 92.797202090975333, "cloud_cover_pct": 65.171831915419901, "wind_speed_ms": 5.789647698564278, "forecast_datetime": "2026-10-04T04:00:00", "source": "BMKG ADM4 forecast points + IDW", "boundary": "SERPRO Carbon Project Zone", "interpretation": "Forecast surface clipped to project boundary; not direct station observation" }, "geometry": { "type": "Point", "coordinates": [ 112.410495251197304, -3.221629607685799 ] } },
{ "type": "Feature", "properties": { "precipitation_mm": 0.0, "temperature_c": 24.048773409085531, "humidity_pct": 92.858487219395556, "cloud_cover_pct": 65.261440511401915, "wind_speed_ms": 5.7967100090917025, "forecast_datetime": "2026-10-04T04:00:00", "source": "BMKG ADM4 forecast points + IDW", "boundary": "SERPRO Carbon Project Zone", "interpretation": "Forecast surface clipped to project boundary; not direct station observation" }, "geometry": { "type": "Point", "coordinates": [ 112.410482817458345, -3.212585339718215 ] } },
{ "type": "Feature", "properties": { "precipitation_mm": 0.0, "temperature_c": 24.046193540595578, "humidity_pct": 92.923947753830333, "cloud_cover_pct": 65.367222733242102, "wind_speed_ms": 5.8110912823929066, "forecast_datetime": "2026-10-04T04:00:00", "source": "BMKG ADM4 forecast points + IDW", "boundary": "SERPRO Carbon Project Zone", "interpretation": "Forecast surface clipped to project boundary; not direct station observation" }, "geometry": { "type": "Point", "coordinates": [ 112.410470418856065, -3.203541070098396 ] } },
{ "type": "Feature", "properties": { "precipitation_mm": 0.0, "temperature_c": 24.043691232543946, "humidity_pct": 92.994667925155014, "cloud_cover_pct": 65.490161328216089, "wind_speed_ms": 5.8329566825635606, "forecast_datetime": "2026-10-04T04:00:00", "source": "BMKG ADM4 forecast points + IDW", "boundary": "SERPRO Carbon Project Zone", "interpretation": "Forecast surface clipped to project boundary; not direct station observation" }, "geometry": { "type": "Point", "coordinates": [ 112.410458055388943, -3.194496798830977 ] } },
{ "type": "Feature", "properties": { "precipitation_mm": 0.0, "temperature_c": 24.041172610357787, "humidity_pct": 93.071635257988532, "cloud_cover_pct": 65.630326808918653, "wind_speed_ms": 5.862111479739271, "forecast_datetime": "2026-10-04T04:00:00", "source": "BMKG ADM4 forecast points + IDW", "boundary": "SERPRO Carbon Project Zone", "interpretation": "Forecast surface clipped to project boundary; not direct station observation" }, "geometry": { "type": "Point", "coordinates": [ 112.410445727055418, -3.185452525920591 ] } },
{ "type": "Feature", "properties": { "precipitation_mm": 0.0, "temperature_c": 24.038533305652233, "humidity_pct": 93.15549465254503, "cloud_cover_pct": 65.786440148998366, "wind_speed_ms": 5.8979435314213591, "forecast_datetime": "2026-10-04T04:00:00", "source": "BMKG ADM4 forecast points + IDW", "boundary": "SERPRO Carbon Project Zone", "interpretation": "Forecast surface clipped to project boundary; not direct station observation" }, "geometry": { "type": "Point", "coordinates": [ 112.410433433854024, -3.176408251371871 ] } },
{ "type": "Feature", "properties": { "precipitation_mm": 0.0, "temperature_c": 24.035671346764754, "humidity_pct": 93.24626960535447, "cloud_cover_pct": 65.955491293322282, "wind_speed_ms": 5.9394050668290213, "forecast_datetime": "2026-10-04T04:00:00", "source": "BMKG ADM4 forecast points + IDW", "boundary": "SERPRO Carbon Project Zone", "interpretation": "Forecast surface clipped to project boundary; not direct station observation" }, "geometry": { "type": "Point", "coordinates": [ 112.410421175783185, -3.167363975189452 ] } },
{ "type": "Feature", "properties": { "precipitation_mm": 0.0, "temperature_c": 24.032503623454122, "humidity_pct": 93.343104330322873, "cloud_cover_pct": 66.132527832470757, "wind_speed_ms": 5.9850444650362711, "forecast_datetime": "2026-10-04T04:00:00", "source": "BMKG ADM4 forecast points + IDW", "boundary": "SERPRO Carbon Project Zone", "interpretation": "Forecast surface clipped to project boundary; not direct station observation" }, "geometry": { "type": "Point", "coordinates": [ 112.410408952841408, -3.158319697377967 ] } },
{ "type": "Feature", "properties": { "precipitation_mm": 0.0, "temperature_c": 24.02898386200523, "humidity_pct": 93.444092552974752, "cloud_cover_pct": 66.31073140802215, "wind_speed_ms": 6.0330890374089137, "forecast_datetime": "2026-10-04T04:00:00", "source": "BMKG ADM4 forecast points + IDW", "boundary": "SERPRO Carbon Project Zone", "interpretation": "Forecast surface clipped to project boundary; not direct station observation" }, "geometry": { "type": "Point", "coordinates": [ 112.410396765027201, -3.149275417942051 ] } },
{ "type": "Feature", "properties": { "precipitation_mm": 0.0, "temperature_c": 24.025119443101449, "humidity_pct": 93.54625470925707, "cloud_cover_pct": 66.481872425164426, "wind_speed_ms": 6.0815672909127967, "forecast_datetime": "2026-10-04T04:00:00", "source": "BMKG ADM4 forecast points + IDW", "boundary": "SERPRO Carbon Project Zone", "interpretation": "Forecast surface clipped to project boundary; not direct station observation" }, "geometry": { "type": "Point", "coordinates": [ 112.410384612339044, -3.140231136886336 ] } },
{ "type": "Feature", "properties": { "precipitation_mm": 0.0, "temperature_c": 24.02098440512275, "humidity_pct": 93.645704440803044, "cloud_cover_pct": 66.637179170631683, "wind_speed_ms": 6.1284484473791281, "forecast_datetime": "2026-10-04T04:00:00", "source": "BMKG ADM4 forecast points + IDW", "boundary": "SERPRO Carbon Project Zone", "interpretation": "Forecast surface clipped to project boundary; not direct station observation" }, "geometry": { "type": "Point", "coordinates": [ 112.41037249477543, -3.13118685421546 ] } },
{ "type": "Feature", "properties": { "precipitation_mm": 0.0, "temperature_c": 24.016726335984742, "humidity_pct": 93.738014740409938, "cloud_cover_pct": 66.768585326999798, "wind_speed_ms": 6.1717747179755076, "forecast_datetime": "2026-10-04T04:00:00", "source": "BMKG ADM4 forecast points + IDW", "boundary": "SERPRO Carbon Project Zone", "interpretation": "Forecast surface clipped to project boundary; not direct station observation" }, "geometry": { "type": "Point", "coordinates": [ 112.410360412334867, -3.122142569934053 ] } },
{ "type": "Feature", "properties": { "precipitation_mm": 0.0, "temperature_c": 24.01256477610297, "humidity_pct": 93.818763873359472, "cloud_cover_pct": 66.870232100279296, "wind_speed_ms": 6.2097732984874074, "forecast_datetime": "2026-10-04T04:00:00", "source": "BMKG ADM4 forecast points + IDW", "boundary": "SERPRO Carbon Project Zone", "interpretation": "Forecast surface clipped to project boundary; not direct station observation" }, "geometry": { "type": "Point", "coordinates": [ 112.410348365015878, -3.113098284046755 ] } },
{ "type": "Feature", "properties": { "precipitation_mm": 0.0, "temperature_c": 24.008777508308338, "humidity_pct": 93.884211850272223, "cloud_cover_pct": 66.939976040634335, "wind_speed_ms": 6.2409587581998203, "forecast_datetime": "2026-10-04T04:00:00", "source": "BMKG ADM4 forecast points + IDW", "boundary": "SERPRO Carbon Project Zone", "interpretation": "Forecast surface clipped to project boundary; not direct station observation" }, "geometry": { "type": "Point", "coordinates": [ 112.410336352816955, -3.104053996558197 ] } },
{ "type": "Feature", "properties": { "precipitation_mm": 0.0, "temperature_c": 24.005669530100427, "humidity_pct": 93.932011575398661, "cloud_cover_pct": 66.980466142608989, "wind_speed_ms": 6.2642579392975408, "forecast_datetime": "2026-10-04T04:00:00", "source": "BMKG ADM4 forecast points + IDW", "boundary": "SERPRO Carbon Project Zone", "interpretation": "Forecast surface clipped to project boundary; not direct station observation" }, "geometry": { "type": "Point", "coordinates": [ 112.410324375736622, -3.095009707473015 ] } },
{ "type": "Feature", "properties": { "precipitation_mm": 0.0, "temperature_c": 24.003521425145749, "humidity_pct": 93.961775426703284, "cloud_cover_pct": 66.99917051988588, "wind_speed_ms": 6.2791810039501685, "forecast_datetime": "2026-10-04T04:00:00", "source": "BMKG ADM4 forecast points + IDW", "boundary": "SERPRO Carbon Project Zone", "interpretation": "Forecast surface clipped to project boundary; not direct station observation" }, "geometry": { "type": "Point", "coordinates": [ 112.410312433773385, -3.085965416795845 ] } },
{ "type": "Feature", "properties": { "precipitation_mm": 0.0, "temperature_c": 24.002524223754058, "humidity_pct": 93.975235067761886, "cloud_cover_pct": 67.006817335466408, "wind_speed_ms": 6.2860031401422267, "forecast_datetime": "2026-10-04T04:00:00", "source": "BMKG ADM4 forecast points + IDW", "boundary": "SERPRO Carbon Project Zone", "interpretation": "Forecast surface clipped to project boundary; not direct station observation" }, "geometry": { "type": "Point", "coordinates": [ 112.410300526925795, -3.076921124531322 ] } },
{ "type": "Feature", "properties": { "precipitation_mm": 0.0, "temperature_c": 24.002724606707748, "humidity_pct": 93.975780692547715, "cloud_cover_pct": 67.014378639530563, "wind_speed_ms": 6.2858412247270561, "forecast_datetime": "2026-10-04T04:00:00", "source": "BMKG ADM4 forecast points + IDW", "boundary": "SERPRO Carbon Project Zone", "interpretation": "Forecast surface clipped to project boundary; not direct station observation" }, "geometry": { "type": "Point", "coordinates": [ 112.410288655192375, -3.06787683068408 ] } },
{ "type": "Feature", "properties": { "precipitation_mm": 0.0, "temperature_c": 24.004011701970686, "humidity_pct": 93.967451320704967, "cloud_cover_pct": 67.029778013818358, "wind_speed_ms": 6.2805011725457174, "forecast_datetime": "2026-10-04T04:00:00", "source": "BMKG ADM4 forecast points + IDW", "boundary": "SERPRO Carbon Project Zone", "interpretation": "Forecast surface clipped to project boundary; not direct station observation" }, "geometry": { "type": "Point", "coordinates": [ 112.410276818571631, -3.058832535258756 ] } },
{ "type": "Feature", "properties": { "precipitation_mm": 0.0, "temperature_c": 24.006158353809916, "humidity_pct": 93.953816026737996, "cloud_cover_pct": 67.055986040099199, "wind_speed_ms": 6.2720953675447353, "forecast_datetime": "2026-10-04T04:00:00", "source": "BMKG ADM4 forecast points + IDW", "boundary": "SERPRO Carbon Project Zone", "interpretation": "Forecast surface clipped to project boundary; not direct station observation" }, "geometry": { "type": "Point", "coordinates": [ 112.41026501706213, -3.049788238259985 ] } },
{ "type": "Feature", "properties": { "precipitation_mm": 0.0, "temperature_c": 24.008895473681587, "humidity_pct": 93.937271521960824, "cloud_cover_pct": 67.091340760715639, "wind_speed_ms": 6.2625933375862219, "forecast_datetime": "2026-10-04T04:00:00", "source": "BMKG ADM4 forecast points + IDW", "boundary": "SERPRO Carbon Project Zone", "interpretation": "Forecast surface clipped to project boundary; not direct station observation" }, "geometry": { "type": "Point", "coordinates": [ 112.410253250662421, -3.040743939692404 ] } },
{ "type": "Feature", "properties": { "precipitation_mm": 0.0, "temperature_c": 24.011980353287562, "humidity_pct": 93.918964612462219, "cloud_cover_pct": 67.131466407294894, "wind_speed_ms": 6.2535060177235025, "forecast_datetime": "2026-10-04T04:00:00", "source": "BMKG ADM4 forecast points + IDW", "boundary": "SERPRO Carbon Project Zone", "interpretation": "Forecast surface clipped to project boundary; not direct station observation" }, "geometry": { "type": "Point", "coordinates": [ 112.410241519371027, -3.031699639560648 ] } },
{ "type": "Feature", "properties": { "precipitation_mm": 0.0, "temperature_c": 24.015233109599112, "humidity_pct": 93.899150269928484, "cloud_cover_pct": 67.171439245334511, "wind_speed_ms": 6.245789086421464, "forecast_datetime": "2026-10-04T04:00:00", "source": "BMKG ADM4 forecast points + IDW", "boundary": "SERPRO Carbon Project Zone", "interpretation": "Forecast surface clipped to project boundary; not direct station observation" }, "geometry": { "type": "Point", "coordinates": [ 112.410229823186498, -3.022655337869354 ] } },
{ "type": "Feature", "properties": { "precipitation_mm": 0.0, "temperature_c": 24.055607053930977, "humidity_pct": 92.660169772452349, "cloud_cover_pct": 64.921219771838665, "wind_speed_ms": 5.7460318137913919, "forecast_datetime": "2026-10-04T04:00:00", "source": "BMKG ADM4 forecast points + IDW", "boundary": "SERPRO Carbon Project Zone", "interpretation": "Forecast surface clipped to project boundary; not direct station observation" }, "geometry": { "type": "Point", "coordinates": [ 112.419518497457062, -3.239705512973198 ] } },
{ "type": "Feature", "properties": { "precipitation_mm": 0.0, "temperature_c": 24.052392779144974, "humidity_pct": 92.714973848531045, "cloud_cover_pct": 64.977917880884874, "wind_speed_ms": 5.7365836660543215, "forecast_datetime": "2026-10-04T04:00:00", "source": "BMKG ADM4 forecast points + IDW", "boundary": "SERPRO Carbon Project Zone", "interpretation": "Forecast surface clipped to project boundary; not direct station observation" }, "geometry": { "type": "Point", "coordinates": [ 112.419505913737083, -3.230661283642775 ] } },
{ "type": "Feature", "properties": { "precipitation_mm": 0.0, "temperature_c": 24.049492833247985, "humidity_pct": 92.771464059246782, "cloud_cover_pct": 65.048122111481291, "wind_speed_ms": 5.7340156380118135, "forecast_datetime": "2026-10-04T04:00:00", "source": "BMKG ADM4 forecast points + IDW", "boundary": "SERPRO Carbon Project Zone", "interpretation": "Forecast surface clipped to project boundary; not direct station observation" }, "geometry": { "type": "Point", "coordinates": [ 112.419493365380845, -3.221617052650254 ] } },
{ "type": "Feature", "properties": { "precipitation_mm": 0.0, "temperature_c": 24.046885337371442, "humidity_pct": 92.830501319754049, "cloud_cover_pct": 65.134003017775584, "wind_speed_ms": 5.7391783106528411, "forecast_datetime": "2026-10-04T04:00:00", "source": "BMKG ADM4 forecast points + IDW", "boundary": "SERPRO Carbon Project Zone", "interpretation": "Forecast surface clipped to project boundary; not direct station observation" }, "geometry": { "type": "Point", "coordinates": [ 112.419480852386798, -3.212572820000271 ] } },
{ "type": "Feature", "properties": { "precipitation_mm": 0.0, "temperature_c": 24.0445206705106, "humidity_pct": 92.893251296406376, "cloud_cover_pct": 65.237675540100369, "wind_speed_ms": 5.7527071882162781, "forecast_datetime": "2026-10-04T04:00:00", "source": "BMKG ADM4 forecast points + IDW", "boundary": "SERPRO Carbon Project Zone", "interpretation": "Forecast surface clipped to project boundary; not direct station observation" }, "geometry": { "type": "Point", "coordinates": [ 112.419468374753393, -3.203528585697459 ] } },
{ "type": "Feature", "properties": { "precipitation_mm": 0.0, "temperature_c": 24.042319674244858, "humidity_pct": 92.961077280260582, "cloud_cover_pct": 65.360814159903612, "wind_speed_ms": 5.7748985860448174, "forecast_datetime": "2026-10-04T04:00:00", "source": "BMKG ADM4 forecast points + IDW", "boundary": "SERPRO Carbon Project Zone", "interpretation": "Forecast surface clipped to project boundary; not direct station observation" }, "geometry": { "type": "Point", "coordinates": [ 112.41945593247911, -3.194484349746455 ] } },
{ "type": "Feature", "properties": { "precipitation_mm": 0.0, "temperature_c": 24.040176728113227, "humidity_pct": 93.035326516913415, "cloud_cover_pct": 65.504135647547528, "wind_speed_ms": 5.805594221479752, "forecast_datetime": "2026-10-04T04:00:00", "source": "BMKG ADM4 forecast points + IDW", "boundary": "SERPRO Carbon Project Zone", "interpretation": "Forecast surface clipped to project boundary; not direct station observation" }, "geometry": { "type": "Point", "coordinates": [ 112.419443525562372, -3.185440112151891 ] } },
{ "type": "Feature", "properties": { "precipitation_mm": 0.0, "temperature_c": 24.037969017873145, "humidity_pct": 93.117019342454952, "cloud_cover_pct": 65.66681651992613, "wind_speed_ms": 5.8440993274449662, "forecast_datetime": "2026-10-04T04:00:00", "source": "BMKG ADM4 forecast points + IDW", "boundary": "SERPRO Carbon Project Zone", "interpretation": "Forecast surface clipped to project boundary; not direct station observation" }, "geometry": { "type": "Point", "coordinates": [ 112.419431154001686, -3.176395872918405 ] } },
{ "type": "Feature", "properties": { "precipitation_mm": 0.0, "temperature_c": 24.035572091423692, "humidity_pct": 93.206485407529897, "cloud_cover_pct": 65.84596703150504, "wind_speed_ms": 5.8891590748443052, "forecast_datetime": "2026-10-04T04:00:00", "source": "BMKG ADM4 forecast points + IDW", "boundary": "SERPRO Carbon Project Zone", "interpretation": "Forecast surface clipped to project boundary; not direct station observation" }, "geometry": { "type": "Point", "coordinates": [ 112.419418817795517, -3.167351632050632 ] } },
{ "type": "Feature", "properties": { "precipitation_mm": 0.0, "temperature_c": 24.032880102404373, "humidity_pct": 93.30302468890001, "cloud_cover_pct": 66.03632189677225, "wind_speed_ms": 5.9390105770328523, "forecast_datetime": "2026-10-04T04:00:00", "source": "BMKG ADM4 forecast points + IDW", "boundary": "SERPRO Carbon Project Zone", "interpretation": "Forecast surface clipped to project boundary; not direct station observation" }, "geometry": { "type": "Point", "coordinates": [ 112.419406516942303, -3.158307389553208 ] } },
{ "type": "Feature", "properties": { "precipitation_mm": 0.0, "temperature_c": 24.029827503575902, "humidity_pct": 93.404688771050388, "cloud_cover_pct": 66.230308349529551, "wind_speed_ms": 5.9915122038031816, "forecast_datetime": "2026-10-04T04:00:00", "source": "BMKG ADM4 forecast points + IDW", "boundary": "SERPRO Carbon Project Zone", "interpretation": "Forecast surface clipped to project boundary; not direct station observation" }, "geometry": { "type": "Point", "coordinates": [ 112.419394251440565, -3.149263145430767 ] } },
{ "type": "Feature", "properties": { "precipitation_mm": 0.0, "temperature_c": 24.026408067869102, "humidity_pct": 93.508268169489753, "cloud_cover_pct": 66.418602620825993, "wind_speed_ms": 6.0443311700595297, "forecast_datetime": "2026-10-04T04:00:00", "source": "BMKG ADM4 forecast points + IDW", "boundary": "SERPRO Carbon Project Zone", "interpretation": "Forecast surface clipped to project boundary; not direct station observation" }, "geometry": { "type": "Point", "coordinates": [ 112.419382021288797, -3.140218899687946 ] } },
{ "type": "Feature", "properties": { "precipitation_mm": 0.0, "temperature_c": 24.022687481837778, "humidity_pct": 93.609532679328311, "cloud_cover_pct": 66.591194995775837, "wind_speed_ms": 6.0951515200441522, "forecast_datetime": "2026-10-04T04:00:00", "source": "BMKG ADM4 forecast points + IDW", "boundary": "SERPRO Carbon Project Zone", "interpretation": "Forecast surface clipped to project boundary; not direct station observation" }, "geometry": { "type": "Point", "coordinates": [ 112.41936982648545, -3.131174652329381 ] } },
{ "type": "Feature", "properties": { "precipitation_mm": 0.0, "temperature_c": 24.01880718519136, "humidity_pct": 93.703716867436967, "cloud_cover_pct": 66.73887841403652, "wind_speed_ms": 6.1418577303662403, "forecast_datetime": "2026-10-04T04:00:00", "source": "BMKG ADM4 forecast points + IDW", "boundary": "SERPRO Carbon Project Zone", "interpretation": "Forecast surface clipped to project boundary; not direct station observation" }, "geometry": { "type": "Point", "coordinates": [ 112.419357667029033, -3.122130403359709 ] } },
{ "type": "Feature", "properties": { "precipitation_mm": 0.0, "temperature_c": 24.01497851780589, "humidity_pct": 93.78619281830477, "cloud_cover_pct": 66.854977753947296, "wind_speed_ms": 6.1826625143950853, "forecast_datetime": "2026-10-04T04:00:00", "source": "BMKG ADM4 forecast points + IDW", "boundary": "SERPRO Carbon Project Zone", "interpretation": "Forecast surface clipped to project boundary; not direct station observation" }, "geometry": { "type": "Point", "coordinates": [ 112.419345542918037, -3.113086152783566 ] } },
{ "type": "Feature", "properties": { "precipitation_mm": 0.0, "temperature_c": 24.011466121133292, "humidity_pct": 93.853237296239314, "cloud_cover_pct": 66.937028624597176, "wind_speed_ms": 6.2161809378713855, "forecast_datetime": "2026-10-04T04:00:00", "source": "BMKG ADM4 forecast points + IDW", "boundary": "SERPRO Carbon Project Zone", "interpretation": "Forecast surface clipped to project boundary; not direct station observation" }, "geometry": { "type": "Point", "coordinates": [ 112.419333454150987, -3.104041900605587 ] } },
{ "type": "Feature", "properties": { "precipitation_mm": 0.0, "temperature_c": 24.008557767184872, "humidity_pct": 93.902763653314878, "cloud_cover_pct": 66.987944114236711, "wind_speed_ms": 6.2414915978021428, "forecast_datetime": "2026-10-04T04:00:00", "source": "BMKG ADM4 forecast points + IDW", "boundary": "SERPRO Carbon Project Zone", "interpretation": "Forecast surface clipped to project boundary; not direct station observation" }, "geometry": { "type": "Point", "coordinates": [ 112.419321400726375, -3.094997646830411 ] } },
{ "type": "Feature", "properties": { "precipitation_mm": 0.0, "temperature_c": 24.006517578066145, "humidity_pct": 93.934822436777836, "cloud_cover_pct": 67.016002001535341, "wind_speed_ms": 6.2582370684526847, "forecast_datetime": "2026-10-04T04:00:00", "source": "BMKG ADM4 forecast points + IDW", "boundary": "SERPRO Carbon Project Zone", "interpretation": "Forecast surface clipped to project boundary; not direct station observation" }, "geometry": { "type": "Point", "coordinates": [ 112.419309382642709, -3.085953391462674 ] } },
{ "type": "Feature", "properties": { "precipitation_mm": 0.0, "temperature_c": 24.005526924517724, "humidity_pct": 93.951609303565647, "cloud_cover_pct": 67.033024654886333, "wind_speed_ms": 6.2667657880270129, "forecast_datetime": "2026-10-04T04:00:00", "source": "BMKG ADM4 forecast points + IDW", "boundary": "SERPRO Carbon Project Zone", "interpretation": "Forecast surface clipped to project boundary; not direct station observation" }, "geometry": { "type": "Point", "coordinates": [ 112.419297399898511, -3.076909134507012 ] } },
{ "type": "Feature", "properties": { "precipitation_mm": 0.0, "temperature_c": 24.005633100729472, "humidity_pct": 93.956796808836444, "cloud_cover_pct": 67.050851241429413, "wind_speed_ms": 6.26821810018237, "forecast_datetime": "2026-10-04T04:00:00", "source": "BMKG ADM4 forecast points + IDW", "boundary": "SERPRO Carbon Project Zone", "interpretation": "Forecast surface clipped to project boundary; not direct station observation" }, "geometry": { "type": "Point", "coordinates": [ 112.419285452492318, -3.067864875968064 ] } },
{ "type": "Feature", "properties": { "precipitation_mm": 0.0, "temperature_c": 24.006736025056977, "humidity_pct": 93.95434599970045, "cloud_cover_pct": 67.077507691582284, "wind_speed_ms": 6.2644096216110849, "forecast_datetime": "2026-10-04T04:00:00", "source": "BMKG ADM4 forecast points + IDW", "boundary": "SERPRO Carbon Project Zone", "interpretation": "Forecast surface clipped to project boundary; not direct station observation" }, "geometry": { "type": "Point", "coordinates": [ 112.419273540422608, -3.058820615850465 ] } },
{ "type": "Feature", "properties": { "precipitation_mm": 0.0, "temperature_c": 24.008627780403181, "humidity_pct": 93.947354392078495, "cloud_cover_pct": 67.11515062983139, "wind_speed_ms": 6.2574698316833448, "forecast_datetime": "2026-10-04T04:00:00", "source": "BMKG ADM4 forecast points + IDW", "boundary": "SERPRO Carbon Project Zone", "interpretation": "Forecast surface clipped to project boundary; not direct station observation" }, "geometry": { "type": "Point", "coordinates": [ 112.419261663687962, -3.049776354158855 ] } },
{ "type": "Feature", "properties": { "precipitation_mm": 0.0, "temperature_c": 24.011064703399732, "humidity_pct": 93.937511103357394, "cloud_cover_pct": 67.160790072604769, "wind_speed_ms": 6.2493856512983355, "forecast_datetime": "2026-10-04T04:00:00", "source": "BMKG ADM4 forecast points + IDW", "boundary": "SERPRO Carbon Project Zone", "interpretation": "Forecast surface clipped to project boundary; not direct station observation" }, "geometry": { "type": "Point", "coordinates": [ 112.419249822286872, -3.040732090897869 ] } },
{ "type": "Feature", "properties": { "precipitation_mm": 0.0, "temperature_c": 24.013832101413904, "humidity_pct": 93.925272196339378, "cloud_cover_pct": 67.208851177634941, "wind_speed_ms": 6.2416715338740962, "forecast_datetime": "2026-10-04T04:00:00", "source": "BMKG ADM4 forecast points + IDW", "boundary": "SERPRO Carbon Project Zone", "interpretation": "Forecast surface clipped to project boundary; not direct station observation" }, "geometry": { "type": "Point", "coordinates": [ 112.419238016217903, -3.031687826072147 ] } },
{ "type": "Feature", "properties": { "precipitation_mm": 0.0, "temperature_c": 24.016775913775671, "humidity_pct": 93.91041407402318, "cloud_cover_pct": 67.253772966105302, "wind_speed_ms": 6.2352711898842497, "forecast_datetime": "2026-10-04T04:00:00", "source": "BMKG ADM4 forecast points + IDW", "boundary": "SERPRO Carbon Project Zone", "interpretation": "Forecast surface clipped to project boundary; not direct station observation" }, "geometry": { "type": "Point", "coordinates": [ 112.419226245479578, -3.022643559686325 ] } },
{ "type": "Feature", "properties": { "precipitation_mm": 0.0, "temperature_c": 24.019802784978371, "humidity_pct": 93.892558189310137, "cloud_cover_pct": 67.291517848541673, "wind_speed_ms": 6.2306399448131788, "forecast_datetime": "2026-10-04T04:00:00", "source": "BMKG ADM4 forecast points + IDW", "boundary": "SERPRO Carbon Project Zone", "interpretation": "Forecast surface clipped to project boundary; not direct station observation" }, "geometry": { "type": "Point", "coordinates": [ 112.419214510070447, -3.013599291745042 ] } },
{ "type": "Feature", "properties": { "precipitation_mm": 0.0, "temperature_c": 24.022864174725051, "humidity_pct": 93.871474319237649, "cloud_cover_pct": 67.319933336574849, "wind_speed_ms": 6.2278973311621684, "forecast_datetime": "2026-10-04T04:00:00", "source": "BMKG ADM4 forecast points + IDW", "boundary": "SERPRO Carbon Project Zone", "interpretation": "Forecast surface clipped to project boundary; not direct station observation" }, "geometry": { "type": "Point", "coordinates": [ 112.419202809989088, -3.004555022252936 ] } },
{ "type": "Feature", "properties": { "precipitation_mm": 0.0, "temperature_c": 24.025938355798381, "humidity_pct": 93.847173810988849, "cloud_cover_pct": 67.338440222778615, "wind_speed_ms": 6.2269691557012887, "forecast_datetime": "2026-10-04T04:00:00", "source": "BMKG ADM4 forecast points + IDW", "boundary": "SERPRO Carbon Project Zone", "interpretation": "Forecast surface clipped to project boundary; not direct station observation" }, "geometry": { "type": "Point", "coordinates": [ 112.419191145234024, -2.995510751214646 ] } },
{ "type": "Feature", "properties": { "precipitation_mm": 0.0, "temperature_c": 24.029016797685664, "humidity_pct": 93.819881343054831, "cloud_cover_pct": 67.347510212815791, "wind_speed_ms": 6.2276883487820776, "forecast_datetime": "2026-10-04T04:00:00", "source": "BMKG ADM4 forecast points + IDW", "boundary": "SERPRO Carbon Project Zone", "interpretation": "Forecast surface clipped to project boundary; not direct station observation" }, "geometry": { "type": "Point", "coordinates": [ 112.419179515803819, -2.98646647863481 ] } },
{ "type": "Feature", "properties": { "precipitation_mm": 0.0, "temperature_c": 24.053253411132395, "humidity_pct": 92.638506934034496, "cloud_cover_pct": 64.801421979238754, "wind_speed_ms": 5.6924059084132583, "forecast_datetime": "2026-10-04T04:00:00", "source": "BMKG ADM4 forecast points + IDW", "boundary": "SERPRO Carbon Project Zone", "interpretation": "Forecast surface clipped to project boundary; not direct station observation" }, "geometry": { "type": "Point", "coordinates": [ 112.428516735457421, -3.239692807078455 ] } },
{ "type": "Feature", "properties": { "precipitation_mm": 0.0, "temperature_c": 24.049947753970955, "humidity_pct": 92.692589675541299, "cloud_cover_pct": 64.851572914276545, "wind_speed_ms": 5.6786058918019258, "forecast_datetime": "2026-10-04T04:00:00", "source": "BMKG ADM4 forecast points + IDW", "boundary": "SERPRO Carbon Project Zone", "interpretation": "Forecast surface clipped to project boundary; not direct station observation" }, "geometry": { "type": "Point", "coordinates": [ 112.428504072035949, -3.23064861329124 ] } },
{ "type": "Feature", "properties": { "precipitation_mm": 0.0, "temperature_c": 24.0470470170646, "humidity_pct": 92.747415935396191, "cloud_cover_pct": 64.915400454933916, "wind_speed_ms": 5.6723455070660149, "forecast_datetime": "2026-10-04T04:00:00", "source": "BMKG ADM4 forecast points + IDW", "boundary": "SERPRO Carbon Project Zone", "interpretation": "Forecast surface clipped to project boundary; not direct station observation" }, "geometry": { "type": "Point", "coordinates": [ 112.42849144420218, -3.221604417841323 ] } },
{ "type": "Feature", "properties": { "precipitation_mm": 0.0, "temperature_c": 24.044543351092919, "humidity_pct": 92.803838939996638, "cloud_cover_pct": 64.99562115382858, "wind_speed_ms": 5.6747643222438429, "forecast_datetime": "2026-10-04T04:00:00", "source": "BMKG ADM4 forecast points + IDW", "boundary": "SERPRO Carbon Project Zone", "interpretation": "Forecast surface clipped to project boundary; not direct station observation" }, "geometry": { "type": "Point", "coordinates": [ 112.428478851954608, -3.212560220733345 ] } },
{ "type": "Feature", "properties": { "precipitation_mm": 0.0, "temperature_c": 24.042394799579615, "humidity_pct": 92.863176034596805, "cloud_cover_pct": 65.09510939344537, "wind_speed_ms": 5.6867629965485467, "forecast_datetime": "2026-10-04T04:00:00", "source": "BMKG ADM4 forecast points + IDW", "boundary": "SERPRO Carbon Project Zone", "interpretation": "Forecast surface clipped to project boundary; not direct station observation" }, "geometry": { "type": "Point", "coordinates": [ 112.428466295291628, -3.20351602197194 ] } },
{ "type": "Feature", "properties": { "precipitation_mm": 0.0, "temperature_c": 24.040520693541232, "humidity_pct": 92.927114316350611, "cloud_cover_pct": 65.216445506927926, "wind_speed_ms": 5.70882862821309, "forecast_datetime": "2026-10-04T04:00:00", "source": "BMKG ADM4 forecast points + IDW", "boundary": "SERPRO Carbon Project Zone", "interpretation": "Forecast surface clipped to project boundary; not direct station observation" }, "geometry": { "type": "Point", "coordinates": [ 112.428453774211704, -3.194471821561745 ] } },
{ "type": "Feature", "properties": { "precipitation_mm": 0.0, "temperature_c": 24.038803355283477, "humidity_pct": 92.997464067671089, "cloud_cover_pct": 65.361260917606259, "wind_speed_ms": 5.7408691216764254, "forecast_datetime": "2026-10-04T04:00:00", "source": "BMKG ADM4 forecast points + IDW", "boundary": "SERPRO Carbon Project Zone", "interpretation": "Forecast surface clipped to project boundary; not direct station observation" }, "geometry": { "type": "Point", "coordinates": [ 112.428441288713302, -3.185427619507398 ] } },
{ "type": "Feature", "properties": { "precipitation_mm": 0.0, "temperature_c": 24.037098305995453, "humidity_pct": 93.0757658624985, "cloud_cover_pct": 65.529465890485866, "wind_speed_ms": 5.7820951295540581, "forecast_datetime": "2026-10-04T04:00:00", "source": "BMKG ADM4 forecast points + IDW", "boundary": "SERPRO Carbon Project Zone", "interpretation": "Forecast surface clipped to project boundary; not direct station observation" }, "geometry": { "type": "Point", "coordinates": [ 112.428428838794858, -3.176383415813533 ] } },
{ "type": "Feature", "properties": { "precipitation_mm": 0.0, "temperature_c": 24.035253312304814, "humidity_pct": 93.162811229473888, "cloud_cover_pct": 65.718528763580508, "wind_speed_ms": 5.8309881502019127, "forecast_datetime": "2026-10-04T04:00:00", "source": "BMKG ADM4 forecast points + IDW", "boundary": "SERPRO Carbon Project Zone", "interpretation": "Forecast surface clipped to project boundary; not direct station observation" }, "geometry": { "type": "Point", "coordinates": [ 112.428416424454852, -3.167339210484792 ] } },
{ "type": "Feature", "properties": { "precipitation_mm": 0.0, "temperature_c": 24.033133939929282, "humidity_pct": 93.258188850222467, "cloud_cover_pct": 65.923032419311397, "wind_speed_ms": 5.8853812217124331, "forecast_datetime": "2026-10-04T04:00:00", "source": "BMKG ADM4 forecast points + IDW", "boundary": "SERPRO Carbon Project Zone", "interpretation": "Forecast surface clipped to project boundary; not direct station observation" }, "geometry": { "type": "Point", "coordinates": [ 112.428404045691735, -3.158295003525807 ] } },
{ "type": "Feature", "properties": { "precipitation_mm": 0.0, "temperature_c": 24.030650681949382, "humidity_pct": 93.359994700203785, "cloud_cover_pct": 66.134728520385792, "wind_speed_ms": 5.9426538961368536, "forecast_datetime": "2026-10-04T04:00:00", "source": "BMKG ADM4 forecast points + IDW", "boundary": "SERPRO Carbon Project Zone", "interpretation": "Forecast surface clipped to project boundary; not direct station observation" }, "geometry": { "type": "Point", "coordinates": [ 112.428391702504001, -3.14925079494122 ] } },
{ "type": "Feature", "properties": { "precipitation_mm": 0.0, "temperature_c": 24.027781378144429, "humidity_pct": 93.464825739136401, "cloud_cover_pct": 66.34322423469176, "wind_speed_ms": 6.0000106218003291, "forecast_datetime": "2026-10-04T04:00:00", "source": "BMKG ADM4 forecast points + IDW", "boundary": "SERPRO Carbon Project Zone", "interpretation": "Forecast surface clipped to project boundary; not direct station observation" }, "geometry": { "type": "Point", "coordinates": [ 112.428379394890086, -3.140206584735666 ] } },
{ "type": "Feature", "properties": { "precipitation_mm": 0.0, "temperature_c": 24.024583443389041, "humidity_pct": 93.56811091699268, "cloud_cover_pct": 66.537288212662006, "wind_speed_ms": 6.0547824804803998, "forecast_datetime": "2026-10-04T04:00:00", "source": "BMKG ADM4 forecast points + IDW", "boundary": "SERPRO Carbon Project Zone", "interpretation": "Forecast surface clipped to project boundary; not direct station observation" }, "geometry": { "type": "Point", "coordinates": [ 112.428367122848513, -3.131162372913784 ] } },
{ "type": "Feature", "properties": { "precipitation_mm": 0.0, "temperature_c": 24.021193249193654, "humidity_pct": 93.664743488956034, "cloud_cover_pct": 66.706606856509779, "wind_speed_ms": 6.1046810998942389, "forecast_datetime": "2026-10-04T04:00:00", "source": "BMKG ADM4 forecast points + IDW", "boundary": "SERPRO Carbon Project Zone", "interpretation": "Forecast surface clipped to project boundary; not direct station observation" }, "geometry": { "type": "Point", "coordinates": [ 112.428354886377733, -3.122118159480211 ] } },
{ "type": "Feature", "properties": { "precipitation_mm": 0.0, "temperature_c": 24.017813342203851, "humidity_pct": 93.749902365138553, "cloud_cover_pct": 66.843711637574728, "wind_speed_ms": 6.147951234809951, "forecast_datetime": "2026-10-04T04:00:00", "source": "BMKG ADM4 forecast points + IDW", "boundary": "SERPRO Carbon Project Zone", "interpretation": "Forecast surface clipped to project boundary; not direct station observation" }, "geometry": { "type": "Point", "coordinates": [ 112.428342685476267, -3.113073944439586 ] } },
{ "type": "Feature", "properties": { "precipitation_mm": 0.0, "temperature_c": 24.014689818571519, "humidity_pct": 93.81991056574067, "cloud_cover_pct": 66.945728006806448, "wind_speed_ms": 6.1834135884162675, "forecast_datetime": "2026-10-04T04:00:00", "source": "BMKG ADM4 forecast points + IDW", "boundary": "SERPRO Carbon Project Zone", "interpretation": "Forecast surface clipped to project boundary; not direct station observation" }, "geometry": { "type": "Point", "coordinates": [ 112.42833052014258, -3.104029727796546 ] } },
{ "type": "Feature", "properties": { "precipitation_mm": 0.0, "temperature_c": 24.012081016726476, "humidity_pct": 93.872959833256488, "cloud_cover_pct": 67.015489890761529, "wind_speed_ms": 6.21044412251561, "forecast_datetime": "2026-10-04T04:00:00", "source": "BMKG ADM4 forecast points + IDW", "boundary": "SERPRO Carbon Project Zone", "interpretation": "Forecast surface clipped to project boundary; not direct station observation" }, "geometry": { "type": "Point", "coordinates": [ 112.428318390375182, -3.094985509555731 ] } },
{ "type": "Feature", "properties": { "precipitation_mm": 0.0, "temperature_c": 24.010216985338761, "humidity_pct": 93.909494903813041, "cloud_cover_pct": 67.061392445691112, "wind_speed_ms": 6.2289667180509012, "forecast_datetime": "2026-10-04T04:00:00", "source": "BMKG ADM4 forecast points + IDW", "boundary": "SERPRO Carbon Project Zone", "interpretation": "Forecast surface clipped to project boundary; not direct station observation" }, "geometry": { "type": "Point", "coordinates": [ 112.428306296172579, -3.085941289721778 ] } },
{ "type": "Feature", "properties": { "precipitation_mm": 0.0, "temperature_c": 24.009252562702756, "humidity_pct": 93.932021065048659, "cloud_cover_pct": 67.095371035640781, "wind_speed_ms": 6.2395036015435492, "forecast_datetime": "2026-10-04T04:00:00", "source": "BMKG ADM4 forecast points + IDW", "boundary": "SERPRO Carbon Project Zone", "interpretation": "Forecast surface clipped to project boundary; not direct station observation" }, "geometry": { "type": "Point", "coordinates": [ 112.428294237533251, -3.076897068299327 ] } },
{ "type": "Feature", "properties": { "precipitation_mm": 0.0, "temperature_c": 24.009228245849041, "humidity_pct": 93.944219286789192, "cloud_cover_pct": 67.129111613476027, "wind_speed_ms": 6.2432277597552339, "forecast_datetime": "2026-10-04T04:00:00", "source": "BMKG ADM4 forecast points + IDW", "boundary": "SERPRO Carbon Project Zone", "interpretation": "Forecast surface clipped to project boundary; not direct station observation" }, "geometry": { "type": "Point", "coordinates": [ 112.428282214455749, -3.067852845293016 ] } },
{ "type": "Feature", "properties": { "precipitation_mm": 0.0, "temperature_c": 24.01006223649166, "humidity_pct": 93.949636927939764, "cloud_cover_pct": 67.170016894821472, "wind_speed_ms": 6.2418783209022486, "forecast_datetime": "2026-10-04T04:00:00", "source": "BMKG ADM4 forecast points + IDW", "boundary": "SERPRO Carbon Project Zone", "interpretation": "Forecast surface clipped to project boundary; not direct station observation" }, "geometry": { "type": "Point", "coordinates": [ 112.428270226938551, -3.058808620707484 ] } },
{ "type": "Feature", "properties": { "precipitation_mm": 0.0, "temperature_c": 24.011585765857664, "humidity_pct": 93.950613309782682, "cloud_cover_pct": 67.219235160034202, "wind_speed_ms": 6.2374613817597568, "forecast_datetime": "2026-10-04T04:00:00", "source": "BMKG ADM4 forecast points + IDW", "boundary": "SERPRO Carbon Project Zone", "interpretation": "Forecast surface clipped to project boundary; not direct station observation" }, "geometry": { "type": "Point", "coordinates": [ 112.428258274980195, -3.049764394547371 ] } },
{ "type": "Feature", "properties": { "precipitation_mm": 0.0, "temperature_c": 24.013604201788031, "humidity_pct": 93.947994544213785, "cloud_cover_pct": 67.272804574897307, "wind_speed_ms": 6.2318439080591235, "forecast_datetime": "2026-10-04T04:00:00", "source": "BMKG ADM4 forecast points + IDW", "boundary": "SERPRO Carbon Project Zone", "interpretation": "Forecast surface clipped to project boundary; not direct station observation" }, "geometry": { "type": "Point", "coordinates": [ 112.428246358579216, -3.040720166817315 ] } },
{ "type": "Feature", "properties": { "precipitation_mm": 0.0, "temperature_c": 24.015949511659773, "humidity_pct": 93.94159172941545, "cloud_cover_pct": 67.324674559186178, "wind_speed_ms": 6.2264486405929329, "forecast_datetime": "2026-10-04T04:00:00", "source": "BMKG ADM4 forecast points + IDW", "boundary": "SERPRO Carbon Project Zone", "interpretation": "Forecast surface clipped to project boundary; not direct station observation" }, "geometry": { "type": "Point", "coordinates": [ 112.428234477734122, -3.031675937521956 ] } },
{ "type": "Feature", "properties": { "precipitation_mm": 0.0, "temperature_c": 24.018503206684329, "humidity_pct": 93.930879527625777, "cloud_cover_pct": 67.369470882654269, "wind_speed_ms": 6.2221629056164707, "forecast_datetime": "2026-10-04T04:00:00", "source": "BMKG ADM4 forecast points + IDW", "boundary": "SERPRO Carbon Project Zone", "interpretation": "Forecast surface clipped to project boundary; not direct station observation" }, "geometry": { "type": "Point", "coordinates": [ 112.42822263244345, -3.022631706665934 ] } },
{ "type": "Feature", "properties": { "precipitation_mm": 0.0, "temperature_c": 24.021193252268635, "humidity_pct": 93.915498140906777, "cloud_cover_pct": 67.403846999738391, "wind_speed_ms": 6.2194186333792851, "forecast_datetime": "2026-10-04T04:00:00", "source": "BMKG ADM4 forecast points + IDW", "boundary": "SERPRO Carbon Project Zone", "interpretation": "Forecast surface clipped to project boundary; not direct station observation" }, "geometry": { "type": "Point", "coordinates": [ 112.428210822705751, -3.013587474253888 ] } },
{ "type": "Feature", "properties": { "precipitation_mm": 0.0, "temperature_c": 24.023979607281802, "humidity_pct": 93.89544247193659, "cloud_cover_pct": 67.426557462445643, "wind_speed_ms": 6.2183373655457457, "forecast_datetime": "2026-10-04T04:00:00", "source": "BMKG ADM4 forecast points + IDW", "boundary": "SERPRO Carbon Project Zone", "interpretation": "Forecast surface clipped to project boundary; not direct station observation" }, "geometry": { "type": "Point", "coordinates": [ 112.428199048519545, -3.004543240290458 ] } },
{ "type": "Feature", "properties": { "precipitation_mm": 0.0, "temperature_c": 24.026839874044455, "humidity_pct": 93.871035201933353, "cloud_cover_pct": 67.43790627066663, "wind_speed_ms": 6.218862799495076, "forecast_datetime": "2026-10-04T04:00:00", "source": "BMKG ADM4 forecast points + IDW", "boundary": "SERPRO Carbon Project Zone", "interpretation": "Forecast surface clipped to project boundary; not direct station observation" }, "geometry": { "type": "Point", "coordinates": [ 112.428187309883398, -2.995499004780285 ] } },
{ "type": "Feature", "properties": { "precipitation_mm": 0.0, "temperature_c": 24.029759514509642, "humidity_pct": 93.8428145457695, "cloud_cover_pct": 67.439095247244211, "wind_speed_ms": 6.2208530993737101, "forecast_datetime": "2026-10-04T04:00:00", "source": "BMKG ADM4 forecast points + IDW", "boundary": "SERPRO Carbon Project Zone", "interpretation": "Forecast surface clipped to project boundary; not direct station observation" }, "geometry": { "type": "Point", "coordinates": [ 112.428175606795861, -2.986454767728008 ] } },
{ "type": "Feature", "properties": { "precipitation_mm": 0.0, "temperature_c": 24.032726604778901, "humidity_pct": 93.811419178647768, "cloud_cover_pct": 67.431712109513683, "wind_speed_ms": 6.224135371063638, "forecast_datetime": "2026-10-04T04:00:00", "source": "BMKG ADM4 forecast points + IDW", "boundary": "SERPRO Carbon Project Zone", "interpretation": "Forecast surface clipped to project boundary; not direct station observation" }, "geometry": { "type": "Point", "coordinates": [ 112.428163939255455, -2.977410529138267 ] } },
{ "type": "Feature", "properties": { "precipitation_mm": 0.0, "temperature_c": 24.04409396715004, "humidity_pct": 92.726822742583494, "cloud_cover_pct": 64.775739357518162, "wind_speed_ms": 5.6046099683448487, "forecast_datetime": "2026-10-04T04:00:00", "source": "BMKG ADM4 forecast points + IDW", "boundary": "SERPRO Carbon Project Zone", "interpretation": "Forecast surface clipped to project boundary; not direct station observation" }, "geometry": { "type": "Point", "coordinates": [ 112.437489487437375, -3.221591703260565 ] } },
{ "type": "Feature", "properties": { "precipitation_mm": 0.0, "temperature_c": 24.04165303714435, "humidity_pct": 92.780497941305384, "cloud_cover_pct": 64.848292224459342, "wind_speed_ms": 5.6032897639386805, "forecast_datetime": "2026-10-04T04:00:00", "source": "BMKG ADM4 forecast points + IDW", "boundary": "SERPRO Carbon Project Zone", "interpretation": "Forecast surface clipped to project boundary; not direct station observation" }, "geometry": { "type": "Point", "coordinates": [ 112.437476815937799, -3.21254754191899 ] } },
{ "type": "Feature", "properties": { "precipitation_mm": 0.0, "temperature_c": 24.039704799404213, "humidity_pct": 92.835843326871611, "cloud_cover_pct": 64.941303939543118, "wind_speed_ms": 5.6129742957954862, "forecast_datetime": "2026-10-04T04:00:00", "source": "BMKG ADM4 forecast points + IDW", "boundary": "SERPRO Carbon Project Zone", "interpretation": "Forecast surface clipped to project boundary; not direct station observation" }, "geometry": { "type": "Point", "coordinates": [ 112.437464180246806, -3.203503378923387 ] } },
{ "type": "Feature", "properties": { "precipitation_mm": 0.0, "temperature_c": 24.038170893398199, "humidity_pct": 92.894913457964208, "cloud_cover_pct": 65.05851825417254, "wind_speed_ms": 5.6344304512603642, "forecast_datetime": "2026-10-04T04:00:00", "source": "BMKG ADM4 forecast points + IDW", "boundary": "SERPRO Carbon Project Zone", "interpretation": "Forecast surface clipped to project boundary; not direct station observation" }, "geometry": { "type": "Point", "coordinates": [ 112.437451580362804, -3.194459214278394 ] } },
{ "type": "Feature", "properties": { "precipitation_mm": 0.0, "temperature_c": 24.036921189920427, "humidity_pct": 92.960117553489113, "cloud_cover_pct": 65.202829736511688, "wind_speed_ms": 5.6676815889564303, "forecast_datetime": "2026-10-04T04:00:00", "source": "BMKG ADM4 forecast points + IDW", "boundary": "SERPRO Carbon Project Zone", "interpretation": "Forecast surface clipped to project boundary; not direct station observation" }, "geometry": { "type": "Point", "coordinates": [ 112.437439016284259, -3.185415047988649 ] } },
{ "type": "Feature", "properties": { "precipitation_mm": 0.0, "temperature_c": 24.035784594269778, "humidity_pct": 93.033724282575577, "cloud_cover_pct": 65.375263278891879, "wind_speed_ms": 5.7118371450690502, "forecast_datetime": "2026-10-04T04:00:00", "source": "BMKG ADM4 forecast points + IDW", "boundary": "SERPRO Carbon Project Zone", "interpretation": "Forecast surface clipped to project boundary; not direct station observation" }, "geometry": { "type": "Point", "coordinates": [ 112.437426488009606, -3.176370880058792 ] } },
{ "type": "Feature", "properties": { "precipitation_mm": 0.0, "temperature_c": 24.03457256733844, "humidity_pct": 93.117224899491873, "cloud_cover_pct": 65.573989324474411, "wind_speed_ms": 5.7650499114660176, "forecast_datetime": "2026-10-04T04:00:00", "source": "BMKG ADM4 forecast points + IDW", "boundary": "SERPRO Carbon Project Zone", "interpretation": "Forecast surface clipped to project boundary; not direct station observation" }, "geometry": { "type": "Point", "coordinates": [ 112.437413995537298, -3.167326710493461 ] } },
{ "type": "Feature", "properties": { "precipitation_mm": 0.0, "temperature_c": 24.033112056290168, "humidity_pct": 93.210715993272245, "cloud_cover_pct": 65.793693308217513, "wind_speed_ms": 5.824638546444028, "forecast_datetime": "2026-10-04T04:00:00", "source": "BMKG ADM4 forecast points + IDW", "boundary": "SERPRO Carbon Project Zone", "interpretation": "Forecast surface clipped to project boundary; not direct station observation" }, "geometry": { "type": "Point", "coordinates": [ 112.437401538865799, -3.158282539297296 ] } },
{ "type": "Feature", "properties": { "precipitation_mm": 0.0, "temperature_c": 24.031280508331164, "humidity_pct": 93.312501355145045, "cloud_cover_pct": 66.025601378901058, "wind_speed_ms": 5.887373317707886, "forecast_datetime": "2026-10-04T04:00:00", "source": "BMKG ADM4 forecast points + IDW", "boundary": "SERPRO Carbon Project Zone", "interpretation": "Forecast surface clipped to project boundary; not direct station observation" }, "geometry": { "type": "Point", "coordinates": [ 112.437389117993575, -3.149238366474933 ] } },
{ "type": "Feature", "properties": { "precipitation_mm": 0.0, "temperature_c": 24.029033665225793, "humidity_pct": 93.419078366320036, "cloud_cover_pct": 66.258323456707231, "wind_speed_ms": 5.949874380123755, "forecast_datetime": "2026-10-04T04:00:00", "source": "BMKG ADM4 forecast points + IDW", "boundary": "SERPRO Carbon Project Zone", "interpretation": "Forecast surface clipped to project boundary; not direct station observation" }, "geometry": { "type": "Point", "coordinates": [ 112.437376732919077, -3.140194192031016 ] } },
{ "type": "Feature", "properties": { "precipitation_mm": 0.0, "temperature_c": 24.026418284070935, "humidity_pct": 93.525568582988427, "cloud_cover_pct": 66.479445012932899, "wind_speed_ms": 6.0090314073516886, "forecast_datetime": "2026-10-04T04:00:00", "source": "BMKG ADM4 forecast points + IDW", "boundary": "SERPRO Carbon Project Zone", "interpretation": "Forecast surface clipped to project boundary; not direct station observation" }, "geometry": { "type": "Point", "coordinates": [ 112.437364383640784, -3.131150015970181 ] } },
{ "type": "Feature", "properties": { "precipitation_mm": 0.0, "temperature_c": 24.02356658805358, "humidity_pct": 93.626515048569658, "cloud_cover_pct": 66.677574602185302, "wind_speed_ms": 6.0623413611900787, "forecast_datetime": "2026-10-04T04:00:00", "source": "BMKG ADM4 forecast points + IDW", "boundary": "SERPRO Carbon Project Zone", "interpretation": "Forecast surface clipped to project boundary; not direct station observation" }, "geometry": { "type": "Point", "coordinates": [ 112.437352070157161, -3.122105838297069 ] } },
{ "type": "Feature", "properties": { "precipitation_mm": 0.0, "temperature_c": 24.020674933176405, "humidity_pct": 93.716861370230831, "cloud_cover_pct": 66.844430291315774, "wind_speed_ms": 6.1080891445481171, "forecast_datetime": "2026-10-04T04:00:00", "source": "BMKG ADM4 forecast points + IDW", "boundary": "SERPRO Carbon Project Zone", "interpretation": "Forecast surface clipped to project boundary; not direct station observation" }, "geometry": { "type": "Point", "coordinates": [ 112.437339792466702, -3.113061659016321 ] } },
{ "type": "Feature", "properties": { "precipitation_mm": 0.0, "temperature_c": 24.017972794260654, "humidity_pct": 93.792888471905499, "cloud_cover_pct": 66.976536782522757, "wind_speed_ms": 6.1453567043456765, "forecast_datetime": "2026-10-04T04:00:00", "source": "BMKG ADM4 forecast points + IDW", "boundary": "SERPRO Carbon Project Zone", "interpretation": "Forecast surface clipped to project boundary; not direct station observation" }, "geometry": { "type": "Point", "coordinates": [ 112.437327550567886, -3.104017478132575 ] } },
{ "type": "Feature", "properties": { "precipitation_mm": 0.0, "temperature_c": 24.015687961969537, "humidity_pct": 93.852897078701531, "cloud_cover_pct": 67.076109046373304, "wind_speed_ms": 6.1739145976436038, "forecast_datetime": "2026-10-04T04:00:00", "source": "BMKG ADM4 forecast points + IDW", "boundary": "SERPRO Carbon Project Zone", "interpretation": "Forecast surface clipped to project boundary; not direct station observation" }, "geometry": { "type": "Point", "coordinates": [ 112.437315344459194, -3.094973295650471 ] } },
{ "type": "Feature", "properties": { "precipitation_mm": 0.0, "temperature_c": 24.01401133209929, "humidity_pct": 93.897437710104896, "cloud_cover_pct": 67.150635366512148, "wind_speed_ms": 6.1940917661156636, "forecast_datetime": "2026-10-04T04:00:00", "source": "BMKG ADM4 forecast points + IDW", "boundary": "SERPRO Carbon Project Zone", "interpretation": "Forecast surface clipped to project boundary; not direct station observation" }, "geometry": { "type": "Point", "coordinates": [ 112.437303174139132, -3.085929111574651 ] } },
{ "type": "Feature", "properties": { "precipitation_mm": 0.0, "temperature_c": 24.013064432497153, "humidity_pct": 93.928914157183982, "cloud_cover_pct": 67.210726273228872, "wind_speed_ms": 6.2067011915865784, "forecast_datetime": "2026-10-04T04:00:00", "source": "BMKG ADM4 forecast points + IDW", "boundary": "SERPRO Carbon Project Zone", "interpretation": "Forecast surface clipped to project boundary; not direct station observation" }, "geometry": { "type": "Point", "coordinates": [ 112.437291039606194, -3.076884925909753 ] } },
{ "type": "Feature", "properties": { "precipitation_mm": 0.0, "temperature_c": 24.012877882953081, "humidity_pct": 93.950551318780825, "cloud_cover_pct": 67.26644673540919, "wind_speed_ms": 6.2130127578585093, "forecast_datetime": "2026-10-04T04:00:00", "source": "BMKG ADM4 forecast points + IDW", "boundary": "SERPRO Carbon Project Zone", "interpretation": "Forecast surface clipped to project boundary; not direct station observation" }, "geometry": { "type": "Point", "coordinates": [ 112.437278940858846, -3.06784073866042 ] } },
{ "type": "Feature", "properties": { "precipitation_mm": 0.0, "temperature_c": 24.013393477429936, "humidity_pct": 93.965106234880096, "cloud_cover_pct": 67.323644241366253, "wind_speed_ms": 6.2146711117439377, "forecast_datetime": "2026-10-04T04:00:00", "source": "BMKG ADM4 forecast points + IDW", "boundary": "SERPRO Carbon Project Zone", "interpretation": "Forecast surface clipped to project boundary; not direct station observation" }, "geometry": { "type": "Point", "coordinates": [ 112.437266877895652, -3.058796549831292 ] } },
{ "type": "Feature", "properties": { "precipitation_mm": 0.0, "temperature_c": 24.014494464202542, "humidity_pct": 93.974014078751395, "cloud_cover_pct": 67.382451159677359, "wind_speed_ms": 6.2134723372895149, "forecast_datetime": "2026-10-04T04:00:00", "source": "BMKG ADM4 forecast points + IDW", "boundary": "SERPRO Carbon Project Zone", "interpretation": "Forecast surface clipped to project boundary; not direct station observation" }, "geometry": { "type": "Point", "coordinates": [ 112.437254850715078, -3.049752359427008 ] } },
{ "type": "Feature", "properties": { "precipitation_mm": 0.0, "temperature_c": 24.016049426624448, "humidity_pct": 93.977411188768656, "cloud_cover_pct": 67.438789261402164, "wind_speed_ms": 6.2110552746377419, "forecast_datetime": "2026-10-04T04:00:00", "source": "BMKG ADM4 forecast points + IDW", "boundary": "SERPRO Carbon Project Zone", "interpretation": "Forecast surface clipped to project boundary; not direct station observation" }, "geometry": { "type": "Point", "coordinates": [ 112.43724285931566, -3.040708167452211 ] } },
{ "type": "Feature", "properties": { "precipitation_mm": 0.0, "temperature_c": 24.017946144467466, "humidity_pct": 93.974799409672499, "cloud_cover_pct": 67.487421082327941, "wind_speed_ms": 6.2086653745841733, "forecast_datetime": "2026-10-04T04:00:00", "source": "BMKG ADM4 forecast points + IDW", "boundary": "SERPRO Carbon Project Zone", "interpretation": "Forecast surface clipped to project boundary; not direct station observation" }, "geometry": { "type": "Point", "coordinates": [ 112.437230903695919, -3.031663973911541 ] } },
{ "type": "Feature", "properties": { "precipitation_mm": 0.0, "temperature_c": 24.020103698959396, "humidity_pct": 93.965749776865934, "cloud_cover_pct": 67.524402214802407, "wind_speed_ms": 6.2070879659061697, "forecast_datetime": "2026-10-04T04:00:00", "source": "BMKG ADM4 forecast points + IDW", "boundary": "SERPRO Carbon Project Zone", "interpretation": "Forecast surface clipped to project boundary; not direct station observation" }, "geometry": { "type": "Point", "coordinates": [ 112.437218983854365, -3.022619778809641 ] } },
{ "type": "Feature", "properties": { "precipitation_mm": 0.0, "temperature_c": 24.022468042331692, "humidity_pct": 93.950264906166211, "cloud_cover_pct": 67.547989239163954, "wind_speed_ms": 6.2067200040589183, "forecast_datetime": "2026-10-04T04:00:00", "source": "BMKG ADM4 forecast points + IDW", "boundary": "SERPRO Carbon Project Zone", "interpretation": "Forecast surface clipped to project boundary; not direct station observation" }, "geometry": { "type": "Point", "coordinates": [ 112.437207099789532, -3.013575582151151 ] } },
{ "type": "Feature", "properties": { "precipitation_mm": 0.0, "temperature_c": 24.025002041026706, "humidity_pct": 93.928801090886324, "cloud_cover_pct": 67.558366855492338, "wind_speed_ms": 6.2076932038761878, "forecast_datetime": "2026-10-04T04:00:00", "source": "BMKG ADM4 forecast points + IDW", "boundary": "SERPRO Carbon Project Zone", "interpretation": "Forecast surface clipped to project boundary; not direct station observation" }, "geometry": { "type": "Point", "coordinates": [ 112.437195251499944, -3.004531383940711 ] } },
{ "type": "Feature", "properties": { "precipitation_mm": 0.0, "temperature_c": 24.027677119253006, "humidity_pct": 93.902121938802665, "cloud_cover_pct": 67.55693276342862, "wind_speed_ms": 6.2099849073989848, "forecast_datetime": "2026-10-04T04:00:00", "source": "BMKG ADM4 forecast points + IDW", "boundary": "SERPRO Carbon Project Zone", "interpretation": "Forecast surface clipped to project boundary; not direct station observation" }, "geometry": { "type": "Point", "coordinates": [ 112.437183438984178, -2.995487184182967 ] } },
{ "type": "Feature", "properties": { "precipitation_mm": 0.0, "temperature_c": 24.030468426654682, "humidity_pct": 93.871128311561364, "cloud_cover_pct": 67.545629317228887, "wind_speed_ms": 6.2134948291063719, "forecast_datetime": "2026-10-04T04:00:00", "source": "BMKG ADM4 forecast points + IDW", "boundary": "SERPRO Carbon Project Zone", "interpretation": "Forecast surface clipped to project boundary; not direct station observation" }, "geometry": { "type": "Point", "coordinates": [ 112.437171662240701, -2.986442982882557 ] } },
{ "type": "Feature", "properties": { "precipitation_mm": 0.0, "temperature_c": 24.033352801304158, "humidity_pct": 93.836729700827178, "cloud_cover_pct": 67.526490068721372, "wind_speed_ms": 6.2180905869857828, "forecast_datetime": "2026-10-04T04:00:00", "source": "BMKG ADM4 forecast points + IDW", "boundary": "SERPRO Carbon Project Zone", "interpretation": "Forecast surface clipped to project boundary; not direct station observation" }, "geometry": { "type": "Point", "coordinates": [ 112.437159921268133, -2.977398780044125 ] } },
{ "type": "Feature", "properties": { "precipitation_mm": 0.0, "temperature_c": 24.036308285572993, "humidity_pct": 93.799767643343358, "cloud_cover_pct": 67.501391920661376, "wind_speed_ms": 6.2236320234885767, "forecast_datetime": "2026-10-04T04:00:00", "source": "BMKG ADM4 forecast points + IDW", "boundary": "SERPRO Carbon Project Zone", "interpretation": "Forecast surface clipped to project boundary; not direct station observation" }, "geometry": { "type": "Point", "coordinates": [ 112.437148216064983, -2.968354575672312 ] } },
{ "type": "Feature", "properties": { "precipitation_mm": 0.0, "temperature_c": 24.047406298725782, "humidity_pct": 92.604091300115584, "cloud_cover_pct": 64.551572535217147, "wind_speed_ms": 5.5741814820092062, "forecast_datetime": "2026-10-04T04:00:00", "source": "BMKG ADM4 forecast points + IDW", "boundary": "SERPRO Carbon Project Zone", "interpretation": "Forecast surface clipped to project boundary; not direct station observation" }, "geometry": { "type": "Point", "coordinates": [ 112.446513104466263, -3.239667154628635 ] } },
{ "type": "Feature", "properties": { "precipitation_mm": 0.0, "temperature_c": 24.043683838455308, "humidity_pct": 92.65892361723165, "cloud_cover_pct": 64.585619651278463, "wind_speed_ms": 5.5482039382336588, "forecast_datetime": "2026-10-04T04:00:00", "source": "BMKG ADM4 forecast points + IDW", "boundary": "SERPRO Carbon Project Zone", "interpretation": "Forecast surface clipped to project boundary; not direct station observation" }, "geometry": { "type": "Point", "coordinates": [ 112.446500281646522, -3.230623032601047 ] } },
{ "type": "Feature", "properties": { "precipitation_mm": 0.0, "temperature_c": 24.040578558143544, "humidity_pct": 92.711676481071407, "cloud_cover_pct": 64.632211142186506, "wind_speed_ms": 5.5310809664048239, "forecast_datetime": "2026-10-04T04:00:00", "source": "BMKG ADM4 forecast points + IDW", "boundary": "SERPRO Carbon Project Zone", "interpretation": "Forecast surface clipped to project boundary; not direct station observation" }, "geometry": { "type": "Point", "coordinates": [ 112.446487494862438, -3.221578908909545 ] } },
{ "type": "Feature", "properties": { "precipitation_mm": 0.0, "temperature_c": 24.038136473198445, "humidity_pct": 92.762814771177958, "cloud_cover_pct": 64.695169679243833, "wind_speed_ms": 5.5248626228323063, "forecast_datetime": "2026-10-04T04:00:00", "source": "BMKG ADM4 forecast points + IDW", "boundary": "SERPRO Carbon Project Zone", "interpretation": "Forecast surface clipped to project boundary; not direct station observation" }, "geometry": { "type": "Point", "coordinates": [ 112.446474744112436, -3.21253478355877 ] } },
{ "type": "Feature", "properties": { "precipitation_mm": 0.0, "temperature_c": 24.036353956307131, "humidity_pct": 92.81377923681876, "cloud_cover_pct": 64.779284084943413, "wind_speed_ms": 5.5313389788246656, "forecast_datetime": "2026-10-04T04:00:00", "source": "BMKG ADM4 forecast points + IDW", "boundary": "SERPRO Carbon Project Zone", "interpretation": "Forecast surface clipped to project boundary; not direct station observation" }, "geometry": { "type": "Point", "coordinates": [ 112.446462029394979, -3.203490656553359 ] } },
{ "type": "Feature", "properties": { "precipitation_mm": 0.0, "temperature_c": 24.035160945939406, "humidity_pct": 92.867020122425174, "cloud_cover_pct": 64.889754843558379, "wind_speed_ms": 5.551684210416413, "forecast_datetime": "2026-10-04T04:00:00", "source": "BMKG ADM4 forecast points + IDW", "boundary": "SERPRO Carbon Project Zone", "interpretation": "Forecast surface clipped to project boundary; not direct station observation" }, "geometry": { "type": "Point", "coordinates": [ 112.446449350708448, -3.194446527897954 ] } },
{ "type": "Feature", "properties": { "precipitation_mm": 0.0, "temperature_c": 24.034414778730273, "humidity_pct": 92.925714640908453, "cloud_cover_pct": 65.031174752934547, "wind_speed_ms": 5.5861089561369166, "forecast_datetime": "2026-10-04T04:00:00", "source": "BMKG ADM4 forecast points + IDW", "boundary": "SERPRO Carbon Project Zone", "interpretation": "Forecast surface clipped to project boundary; not direct station observation" }, "geometry": { "type": "Point", "coordinates": [ 112.446436708051309, -3.185402397597197 ] } },
{ "type": "Feature", "properties": { "precipitation_mm": 0.0, "temperature_c": 24.033910859431803, "humidity_pct": 92.993144017793625, "cloud_cover_pct": 65.206182070251032, "wind_speed_ms": 5.6336166265223282, "forecast_datetime": "2026-10-04T04:00:00", "source": "BMKG ADM4 forecast points + IDW", "boundary": "SERPRO Carbon Project Zone", "interpretation": "Forecast surface clipped to project boundary; not direct station observation" }, "geometry": { "type": "Point", "coordinates": [ 112.446424101421997, -3.176358265655726 ] } },
{ "type": "Feature", "properties": { "precipitation_mm": 0.0, "temperature_c": 24.033411938058091, "humidity_pct": 93.071839535661013, "cloud_cover_pct": 65.414117049896475, "wind_speed_ms": 5.6919513854184061, "forecast_datetime": "2026-10-04T04:00:00", "source": "BMKG ADM4 forecast points + IDW", "boundary": "SERPRO Carbon Project Zone", "interpretation": "Forecast surface clipped to project boundary; not direct station observation" }, "geometry": { "type": "Point", "coordinates": [ 112.446411530818935, -3.167314132078181 ] } },
{ "type": "Feature", "properties": { "precipitation_mm": 0.0, "temperature_c": 24.03269123820985, "humidity_pct": 93.162731909999678, "cloud_cover_pct": 65.650130569093193, "wind_speed_ms": 5.7577854123415459, "forecast_datetime": "2026-10-04T04:00:00", "source": "BMKG ADM4 forecast points + IDW", "boundary": "SERPRO Carbon Project Zone", "interpretation": "Forecast surface clipped to project boundary; not direct station observation" }, "geometry": { "type": "Point", "coordinates": [ 112.446398996240603, -3.158269996869206 ] } },
{ "type": "Feature", "properties": { "precipitation_mm": 0.0, "temperature_c": 24.031578660648172, "humidity_pct": 93.264590280860332, "cloud_cover_pct": 65.905153478584253, "wind_speed_ms": 5.8271297625859031, "forecast_datetime": "2026-10-04T04:00:00", "source": "BMKG ADM4 forecast points + IDW", "boundary": "SERPRO Carbon Project Zone", "interpretation": "Forecast surface clipped to project boundary; not direct station observation" }, "geometry": { "type": "Point", "coordinates": [ 112.44638649768541, -3.149225860033439 ] } },
{ "type": "Feature", "properties": { "precipitation_mm": 0.0, "temperature_c": 24.029996676632258, "humidity_pct": 93.373975877042483, "cloud_cover_pct": 66.166913210438153, "wind_speed_ms": 5.8958847413221562, "forecast_datetime": "2026-10-04T04:00:00", "source": "BMKG ADM4 forecast points + IDW", "boundary": "SERPRO Carbon Project Zone", "interpretation": "Forecast surface clipped to project boundary; not direct station observation" }, "geometry": { "type": "Point", "coordinates": [ 112.446374035151848, -3.140181721575522 ] } },
{ "type": "Feature", "properties": { "precipitation_mm": 0.0, "temperature_c": 24.027975100452391, "humidity_pct": 93.485772170914998, "cloud_cover_pct": 66.421847429548635, "wind_speed_ms": 5.9603968659671134, "forecast_datetime": "2026-10-04T04:00:00", "source": "BMKG ADM4 forecast points + IDW", "boundary": "SERPRO Carbon Project Zone", "interpretation": "Forecast surface clipped to project boundary; not direct station observation" }, "geometry": { "type": "Point", "coordinates": [ 112.446361608638369, -3.131137581500097 ] } },
{ "type": "Feature", "properties": { "precipitation_mm": 0.0, "temperature_c": 24.025641033303003, "humidity_pct": 93.59415554705059, "cloud_cover_pct": 66.657458593660238, "wind_speed_ms": 6.0178841815416382, "forecast_datetime": "2026-10-04T04:00:00", "source": "BMKG ADM4 forecast points + IDW", "boundary": "SERPRO Carbon Project Zone", "interpretation": "Forecast surface clipped to project boundary; not direct station observation" }, "geometry": { "type": "Point", "coordinates": [ 112.446349218143425, -3.122093439811804 ] } },
{ "type": "Feature", "properties": { "precipitation_mm": 0.0, "temperature_c": 24.023188638179629, "humidity_pct": 93.693729290417878, "cloud_cover_pct": 66.864519162926683, "wind_speed_ms": 6.0666385730238206, "forecast_datetime": "2026-10-04T04:00:00", "source": "BMKG ADM4 forecast points + IDW", "boundary": "SERPRO Carbon Project Zone", "interpretation": "Forecast surface clipped to project boundary; not direct station observation" }, "geometry": { "type": "Point", "coordinates": [ 112.446336863665508, -3.113049296515286 ] } },
{ "type": "Feature", "properties": { "precipitation_mm": 0.0, "temperature_c": 24.020838901721049, "humidity_pct": 93.780513738889113, "cloud_cover_pct": 67.038602294664301, "wind_speed_ms": 6.1059953171089187, "forecast_datetime": "2026-10-04T04:00:00", "source": "BMKG ADM4 forecast points + IDW", "boundary": "SERPRO Carbon Project Zone", "interpretation": "Forecast surface clipped to project boundary; not direct station observation" }, "geometry": { "type": "Point", "coordinates": [ 112.446324545203069, -3.104005151615183 ] } },
{ "type": "Feature", "properties": { "precipitation_mm": 0.0, "temperature_c": 24.018799964753473, "humidity_pct": 93.852545891358275, "cloud_cover_pct": 67.180563711037081, "wind_speed_ms": 6.1361398244538989, "forecast_datetime": "2026-10-04T04:00:00", "source": "BMKG ADM4 forecast points + IDW", "boundary": "SERPRO Carbon Project Zone", "interpretation": "Forecast surface clipped to project boundary; not direct station observation" }, "geometry": { "type": "Point", "coordinates": [ 112.446312262754603, -3.094961005116137 ] } },
{ "type": "Feature", "properties": { "precipitation_mm": 0.0, "temperature_c": 24.017235322563721, "humidity_pct": 93.909929042813474, "cloud_cover_pct": 67.295717083871608, "wind_speed_ms": 6.1578634633970113, "forecast_datetime": "2026-10-04T04:00:00", "source": "BMKG ADM4 forecast points + IDW", "boundary": "SERPRO Carbon Project Zone", "interpretation": "Forecast surface clipped to project boundary; not direct station observation" }, "geometry": { "type": "Point", "coordinates": [ 112.446300016318574, -3.085916857022792 ] } },
{ "type": "Feature", "properties": { "precipitation_mm": 0.0, "temperature_c": 24.016243927516602, "humidity_pct": 93.954275588736294, "cloud_cover_pct": 67.391627825037105, "wind_speed_ms": 6.1723637392844726, "forecast_datetime": "2026-10-04T04:00:00", "source": "BMKG ADM4 forecast points + IDW", "boundary": "SERPRO Carbon Project Zone", "interpretation": "Forecast surface clipped to project boundary; not direct station observation" }, "geometry": { "type": "Point", "coordinates": [ 112.446287805893505, -3.076872707339788 ] } },
{ "type": "Feature", "properties": { "precipitation_mm": 0.0, "temperature_c": 24.015855246800847, "humidity_pct": 93.987687513922666, "cloud_cover_pct": 67.475019245906708, "wind_speed_ms": 6.1811122430933754, "forecast_datetime": "2026-10-04T04:00:00", "source": "BMKG ADM4 forecast points + IDW", "boundary": "SERPRO Carbon Project Zone", "interpretation": "Forecast surface clipped to project boundary; not direct station observation" }, "geometry": { "type": "Point", "coordinates": [ 112.446275631477846, -3.067828556071768 ] } },
{ "type": "Feature", "properties": { "precipitation_mm": 0.0, "temperature_c": 24.016041035709666, "humidity_pct": 94.011730212672646, "cloud_cover_pct": 67.549179693529339, "wind_speed_ms": 6.1857335336957737, "forecast_datetime": "2026-10-04T04:00:00", "source": "BMKG ADM4 forecast points + IDW", "boundary": "SERPRO Carbon Project Zone", "interpretation": "Forecast surface clipped to project boundary; not direct station observation" }, "geometry": { "type": "Point", "coordinates": [ 112.44626349307012, -3.058784403223374 ] } },
{ "type": "Feature", "properties": { "precipitation_mm": 0.0, "temperature_c": 24.016739615093449, "humidity_pct": 94.026977296311159, "cloud_cover_pct": 67.613441864635888, "wind_speed_ms": 6.187831954109738, "forecast_datetime": "2026-10-04T04:00:00", "source": "BMKG ADM4 forecast points + IDW", "boundary": "SERPRO Carbon Project Zone", "interpretation": "Forecast surface clipped to project boundary; not direct station observation" }, "geometry": { "type": "Point", "coordinates": [ 112.44625139066882, -3.04974024879925 ] } },
{ "type": "Feature", "properties": { "precipitation_mm": 0.0, "temperature_c": 24.017881023480566, "humidity_pct": 94.033313364782543, "cloud_cover_pct": 67.664915356219495, "wind_speed_ms": 6.1887899433070643, "forecast_datetime": "2026-10-04T04:00:00", "source": "BMKG ADM4 forecast points + IDW", "boundary": "SERPRO Carbon Project Zone", "interpretation": "Forecast surface clipped to project boundary; not direct station observation" }, "geometry": { "type": "Point", "coordinates": [ 112.446239324272454, -3.040696092804036 ] } },
{ "type": "Feature", "properties": { "precipitation_mm": 0.0, "temperature_c": 24.019402127650352, "humidity_pct": 94.030589583150274, "cloud_cover_pct": 67.700923382029359, "wind_speed_ms": 6.1896306825036884, "forecast_datetime": "2026-10-04T04:00:00", "source": "BMKG ADM4 forecast points + IDW", "boundary": "SERPRO Carbon Project Zone", "interpretation": "Forecast surface clipped to project boundary; not direct station observation" }, "geometry": { "type": "Point", "coordinates": [ 112.446227293879531, -3.031651935242378 ] } },
{ "type": "Feature", "properties": { "precipitation_mm": 0.0, "temperature_c": 24.021249977060126, "humidity_pct": 94.019090725109052, "cloud_cover_pct": 67.720488582037831, "wind_speed_ms": 6.1909995814404599, "forecast_datetime": "2026-10-04T04:00:00", "source": "BMKG ADM4 forecast points + IDW", "boundary": "SERPRO Carbon Project Zone", "interpretation": "Forecast surface clipped to project boundary; not direct station observation" }, "geometry": { "type": "Point", "coordinates": [ 112.446215299488557, -3.022607776118917 ] } },
{ "type": "Feature", "properties": { "precipitation_mm": 0.0, "temperature_c": 24.023378977969088, "humidity_pct": 93.999619428425973, "cloud_cover_pct": 67.724477474618809, "wind_speed_ms": 6.1932355776677044, "forecast_datetime": "2026-10-04T04:00:00", "source": "BMKG ADM4 forecast points + IDW", "boundary": "SERPRO Carbon Project Zone", "interpretation": "Forecast surface clipped to project boundary; not direct station observation" }, "geometry": { "type": "Point", "coordinates": [ 112.446203341098069, -3.013563615438295 ] } },
{ "type": "Feature", "properties": { "precipitation_mm": 0.0, "temperature_c": 24.02574749951421, "humidity_pct": 93.973331008407357, "cloud_cover_pct": 67.714984777353891, "wind_speed_ms": 6.1964699055294243, "forecast_datetime": "2026-10-04T04:00:00", "source": "BMKG ADM4 forecast points + IDW", "boundary": "SERPRO Carbon Project Zone", "interpretation": "Forecast surface clipped to project boundary; not direct station observation" }, "geometry": { "type": "Point", "coordinates": [ 112.446191418706562, -3.004519453205159 ] } },
{ "type": "Feature", "properties": { "precipitation_mm": 0.0, "temperature_c": 24.028316150271198, "humidity_pct": 93.94151321114316, "cloud_cover_pct": 67.694609244813265, "wind_speed_ms": 6.2007102592268817, "forecast_datetime": "2026-10-04T04:00:00", "source": "BMKG ADM4 forecast points + IDW", "boundary": "SERPRO Carbon Project Zone", "interpretation": "Forecast surface clipped to project boundary; not direct station observation" }, "geometry": { "type": "Point", "coordinates": [ 112.446179532312598, -2.99547528942415 ] } },
{ "type": "Feature", "properties": { "precipitation_mm": 0.0, "temperature_c": 24.031047556312053, "humidity_pct": 93.905417937929258, "cloud_cover_pct": 67.665934366440936, "wind_speed_ms": 6.2058981310033952, "forecast_datetime": "2026-10-04T04:00:00", "source": "BMKG ADM4 forecast points + IDW", "boundary": "SERPRO Carbon Project Zone", "interpretation": "Forecast surface clipped to project boundary; not direct station observation" }, "geometry": { "type": "Point", "coordinates": [ 112.446167681914702, -2.986431124099911 ] } },
{ "type": "Feature", "properties": { "precipitation_mm": 0.0, "temperature_c": 24.033906825469256, "humidity_pct": 93.866166965686489, "cloud_cover_pct": 67.631253300413874, "wind_speed_ms": 6.21194327591415, "forecast_datetime": "2026-10-04T04:00:00", "source": "BMKG ADM4 forecast points + IDW", "boundary": "SERPRO Carbon Project Zone", "interpretation": "Forecast surface clipped to project boundary; not direct station observation" }, "geometry": { "type": "Point", "coordinates": [ 112.446155867511393, -2.977386957237087 ] } },
{ "type": "Feature", "properties": { "precipitation_mm": 0.0, "temperature_c": 24.036862093698414, "humidity_pct": 93.824715248947584, "cloud_cover_pct": 67.592469722647763, "wind_speed_ms": 6.2187430262620387, "forecast_datetime": "2026-10-04T04:00:00", "source": "BMKG ADM4 forecast points + IDW", "boundary": "SERPRO Carbon Project Zone", "interpretation": "Forecast surface clipped to project boundary; not direct station observation" }, "geometry": { "type": "Point", "coordinates": [ 112.44614408910121, -2.968342788840321 ] } },
{ "type": "Feature", "properties": { "precipitation_mm": 0.0, "temperature_c": 24.03988488536843, "humidity_pct": 93.781848876300941, "cloud_cover_pct": 67.551097589519472, "wind_speed_ms": 6.2261927267118278, "forecast_datetime": "2026-10-04T04:00:00", "source": "BMKG ADM4 forecast points + IDW", "boundary": "SERPRO Carbon Project Zone", "interpretation": "Forecast surface clipped to project boundary; not direct station observation" }, "geometry": { "type": "Point", "coordinates": [ 112.446132346682731, -2.959298618914258 ] } },
{ "type": "Feature", "properties": { "precipitation_mm": 0.0, "temperature_c": 24.04295023504557, "humidity_pct": 93.738200128227376, "cloud_cover_pct": 67.508305662910331, "wind_speed_ms": 6.2341912544010993, "forecast_datetime": "2026-10-04T04:00:00", "source": "BMKG ADM4 forecast points + IDW", "boundary": "SERPRO Carbon Project Zone", "interpretation": "Forecast surface clipped to project boundary; not direct station observation" }, "geometry": { "type": "Point", "coordinates": [ 112.446120640254463, -2.950254447463541 ] } },
{ "type": "Feature", "properties": { "precipitation_mm": 0.0, "temperature_c": 24.048634635129797, "humidity_pct": 92.532841198598945, "cloud_cover_pct": 64.409615442035687, "wind_speed_ms": 5.5521368834336915, "forecast_datetime": "2026-10-04T04:00:00", "source": "BMKG ADM4 forecast points + IDW", "boundary": "SERPRO Carbon Project Zone", "interpretation": "Forecast surface clipped to project boundary; not direct station observation" }, "geometry": { "type": "Point", "coordinates": [ 112.455524173804562, -3.248698292218726 ] } },
{ "type": "Feature", "properties": { "precipitation_mm": 0.0, "temperature_c": 24.043930132329272, "humidity_pct": 92.593262800201799, "cloud_cover_pct": 64.426849092293295, "wind_speed_ms": 5.5111957747209184, "forecast_datetime": "2026-10-04T04:00:00", "source": "BMKG ADM4 forecast points + IDW", "boundary": "SERPRO Carbon Project Zone", "interpretation": "Forecast surface clipped to project boundary; not direct station observation" }, "geometry": { "type": "Point", "coordinates": [ 112.455511235026805, -3.239654208076721 ] } },
{ "type": "Feature", "properties": { "precipitation_mm": 0.0, "temperature_c": 24.039838811323442, "humidity_pct": 92.650672115272641, "cloud_cover_pct": 64.452449490541269, "wind_speed_ms": 5.4771091483335788, "forecast_datetime": "2026-10-04T04:00:00", "source": "BMKG ADM4 forecast points + IDW", "boundary": "SERPRO Carbon Project Zone", "interpretation": "Forecast surface clipped to project boundary; not direct station observation" }, "geometry": { "type": "Point", "coordinates": [ 112.455498332510274, -3.230610122265545 ] } },
{ "type": "Feature", "properties": { "precipitation_mm": 0.0, "temperature_c": 24.03648065946745, "humidity_pct": 92.704078057905747, "cloud_cover_pct": 64.489027938653521, "wind_speed_ms": 5.4524648581626121, "forecast_datetime": "2026-10-04T04:00:00", "source": "BMKG ADM4 forecast points + IDW", "boundary": "SERPRO Carbon Project Zone", "interpretation": "Forecast surface clipped to project boundary; not direct station observation" }, "geometry": { "type": "Point", "coordinates": [ 112.455485466253393, -3.221566034789843 ] } },
{ "type": "Feature", "properties": { "precipitation_mm": 0.0, "temperature_c": 24.033948394309434, "humidity_pct": 92.753385228146058, "cloud_cover_pct": 64.540799601844981, "wind_speed_ms": 5.4400169705636614, "forecast_datetime": "2026-10-04T04:00:00", "source": "BMKG ADM4 forecast points + IDW", "boundary": "SERPRO Carbon Project Zone", "interpretation": "Forecast surface clipped to project boundary; not direct station observation" }, "geometry": { "type": "Point", "coordinates": [ 112.455472636254555, -3.212521945654256 ] } },
{ "type": "Feature", "properties": { "precipitation_mm": 0.0, "temperature_c": 24.032276668574006, "humidity_pct": 92.799860006899038, "cloud_cover_pct": 64.613630999369107, "wind_speed_ms": 5.4422803880897073, "forecast_datetime": "2026-10-04T04:00:00", "source": "BMKG ADM4 forecast points + IDW", "boundary": "SERPRO Carbon Project Zone", "interpretation": "Forecast surface clipped to project boundary; not direct station observation" }, "geometry": { "type": "Point", "coordinates": [ 112.455459842512184, -3.203477854863424 ] } },
{ "type": "Feature", "properties": { "precipitation_mm": 0.0, "temperature_c": 24.031413091024529, "humidity_pct": 92.846337528508101, "cloud_cover_pct": 64.714488404614997, "wind_speed_ms": 5.461011566476655, "forecast_datetime": "2026-10-04T04:00:00", "source": "BMKG ADM4 forecast points + IDW", "boundary": "SERPRO Carbon Project Zone", "interpretation": "Forecast surface clipped to project boundary; not direct station observation" }, "geometry": { "type": "Point", "coordinates": [ 112.455447085024716, -3.194433762421992 ] } },
{ "type": "Feature", "properties": { "precipitation_mm": 0.0, "temperature_c": 24.031203179234531, "humidity_pct": 92.896963883354644, "cloud_cover_pct": 64.850182670572337, "wind_speed_ms": 5.496699769043687, "forecast_datetime": "2026-10-04T04:00:00", "source": "BMKG ADM4 forecast points + IDW", "boundary": "SERPRO Carbon Project Zone", "interpretation": "Forecast surface clipped to project boundary; not direct station observation" }, "geometry": { "type": "Point", "coordinates": [ 112.455434363790545, -3.1853896683346 ] } },
{ "type": "Feature", "properties": { "precipitation_mm": 0.0, "temperature_c": 24.031399793101432, "humidity_pct": 92.956408920331413, "cloud_cover_pct": 65.025588508949212, "wind_speed_ms": 5.5482252031234891, "forecast_datetime": "2026-10-04T04:00:00", "source": "BMKG ADM4 forecast points + IDW", "boundary": "SERPRO Carbon Project Zone", "interpretation": "Forecast surface clipped to project boundary; not direct station observation" }, "geometry": { "type": "Point", "coordinates": [ 112.455421678808122, -3.176345572605891 ] } },
{ "type": "Feature", "properties": { "precipitation_mm": 0.0, "temperature_c": 24.031700186317281, "humidity_pct": 93.028705694015642, "cloud_cover_pct": 65.241814202587136, "wind_speed_ms": 5.6128116880051753, "forecast_datetime": "2026-10-04T04:00:00", "source": "BMKG ADM4 forecast points + IDW", "boundary": "SERPRO Carbon Project Zone", "interpretation": "Forecast surface clipped to project boundary; not direct station observation" }, "geometry": { "type": "Point", "coordinates": [ 112.45540903007587, -3.167301475240505 ] } },
{ "type": "Feature", "properties": { "precipitation_mm": 0.0, "temperature_c": 24.031803366829497, "humidity_pct": 93.116065806799938, "cloud_cover_pct": 65.494953659399116, "wind_speed_ms": 5.6863212305862891, "forecast_datetime": "2026-10-04T04:00:00", "source": "BMKG ADM4 forecast points + IDW", "boundary": "SERPRO Carbon Project Zone", "interpretation": "Forecast surface clipped to project boundary; not direct station observation" }, "geometry": { "type": "Point", "coordinates": [ 112.455396417592226, -3.158257376243087 ] } },
{ "type": "Feature", "properties": { "precipitation_mm": 0.0, "temperature_c": 24.031471781350643, "humidity_pct": 93.218080943144102, "cloud_cover_pct": 65.775959549493123, "wind_speed_ms": 5.7638379384354721, "forecast_datetime": "2026-10-04T04:00:00", "source": "BMKG ADM4 forecast points + IDW", "boundary": "SERPRO Carbon Project Zone", "interpretation": "Forecast surface clipped to project boundary; not direct station observation" }, "geometry": { "type": "Point", "coordinates": [ 112.455383841355641, -3.149213275618279 ] } },
{ "type": "Feature", "properties": { "precipitation_mm": 0.0, "temperature_c": 24.030578565738754, "humidity_pct": 93.331608238064376, "cloud_cover_pct": 66.071837096701287, "wind_speed_ms": 5.8404029800359565, "forecast_datetime": "2026-10-04T04:00:00", "source": "BMKG ADM4 forecast points + IDW", "boundary": "SERPRO Carbon Project Zone", "interpretation": "Forecast surface clipped to project boundary; not direct station observation" }, "geometry": { "type": "Point", "coordinates": [ 112.455371301364565, -3.140169173370723 ] } },
{ "type": "Feature", "properties": { "precipitation_mm": 0.0, "temperature_c": 24.029126277620666, "humidity_pct": 93.451392784008149, "cloud_cover_pct": 66.367895422188212, "wind_speed_ms": 5.91171765236738, "forecast_datetime": "2026-10-04T04:00:00", "source": "BMKG ADM4 forecast points + IDW", "boundary": "SERPRO Carbon Project Zone", "interpretation": "Forecast surface clipped to project boundary; not direct station observation" }, "geometry": { "type": "Point", "coordinates": [ 112.455358797617407, -3.131125069505064 ] } },
{ "type": "Feature", "properties": { "precipitation_mm": 0.0, "temperature_c": 24.02723332386919, "humidity_pct": 93.57121185705978, "cloud_cover_pct": 66.650407258478026, "wind_speed_ms": 5.9746461958911876, "forecast_datetime": "2026-10-04T04:00:00", "source": "BMKG ADM4 forecast points + IDW", "boundary": "SERPRO Carbon Project Zone", "interpretation": "Forecast surface clipped to project boundary; not direct station observation" }, "geometry": { "type": "Point", "coordinates": [ 112.455346330112675, -3.122080964025943 ] } },
{ "type": "Feature", "properties": { "precipitation_mm": 0.0, "temperature_c": 24.025095534780554, "humidity_pct": 93.685153384038259, "cloud_cover_pct": 66.908894098580774, "wind_speed_ms": 6.0274234608152621, "forecast_datetime": "2026-10-04T04:00:00", "source": "BMKG ADM4 forecast points + IDW", "boundary": "SERPRO Carbon Project Zone", "interpretation": "Forecast surface clipped to project boundary; not direct station observation" }, "geometry": { "type": "Point", "coordinates": [ 112.455333898848821, -3.113036856938004 ] } },
{ "type": "Feature", "properties": { "precipitation_mm": 0.0, "temperature_c": 24.022937354477818, "humidity_pct": 93.788631125788825, "cloud_cover_pct": 67.137406941007072, "wind_speed_ms": 6.0695760161807319, "forecast_datetime": "2026-10-04T04:00:00", "source": "BMKG ADM4 forecast points + IDW", "boundary": "SERPRO Carbon Project Zone", "interpretation": "Forecast surface clipped to project boundary; not direct station observation" }, "geometry": { "type": "Point", "coordinates": [ 112.455321503824294, -3.10399274824589 ] } },
{ "type": "Feature", "properties": { "precipitation_mm": 0.0, "temperature_c": 24.020967466262665, "humidity_pct": 93.878864980617607, "cloud_cover_pct": 67.334491677588716, "wind_speed_ms": 6.1016520343216047, "forecast_datetime": "2026-10-04T04:00:00", "source": "BMKG ADM4 forecast points + IDW", "boundary": "SERPRO Carbon Project Zone", "interpretation": "Forecast surface clipped to project boundary; not direct station observation" }, "geometry": { "type": "Point", "coordinates": [ 112.455309145037546, -3.094948637954245 ] } },
{ "type": "Feature", "properties": { "precipitation_mm": 0.0, "temperature_c": 24.019348894217316, "humidity_pct": 93.954742605051521, "cloud_cover_pct": 67.501879622584084, "wind_speed_ms": 6.124888141887415, "forecast_datetime": "2026-10-04T04:00:00", "source": "BMKG ADM4 forecast points + IDW", "boundary": "SERPRO Carbon Project Zone", "interpretation": "Forecast surface clipped to project boundary; not direct station observation" }, "geometry": { "type": "Point", "coordinates": [ 112.455296822487085, -3.085904526067712 ] } },
{ "type": "Feature", "properties": { "precipitation_mm": 0.0, "temperature_c": 24.018187232565943, "humidity_pct": 94.016188357513229, "cloud_cover_pct": 67.642341095682426, "wind_speed_ms": 6.1409120402818811, "forecast_datetime": "2026-10-04T04:00:00", "source": "BMKG ADM4 forecast points + IDW", "boundary": "SERPRO Carbon Project Zone", "interpretation": "Forecast surface clipped to project boundary; not direct station observation" }, "geometry": { "type": "Point", "coordinates": [ 112.455284536171391, -3.076860412590937 ] } },
{ "type": "Feature", "properties": { "precipitation_mm": 0.0, "temperature_c": 24.017534956198336, "humidity_pct": 94.06338885421161, "cloud_cover_pct": 67.757629158854499, "wind_speed_ms": 6.1515109629723002, "forecast_datetime": "2026-10-04T04:00:00", "source": "BMKG ADM4 forecast points + IDW", "boundary": "SERPRO Carbon Project Zone", "interpretation": "Forecast surface clipped to project boundary; not direct station observation" }, "geometry": { "type": "Point", "coordinates": [ 112.455272286088899, -3.067816297528561 ] } },
{ "type": "Feature", "properties": { "precipitation_mm": 0.0, "temperature_c": 24.017405225101111, "humidity_pct": 94.096345046249198, "cloud_cover_pct": 67.847676007882256, "wind_speed_ms": 6.1584386034691114, "forecast_datetime": "2026-10-04T04:00:00", "source": "BMKG ADM4 forecast points + IDW", "boundary": "SERPRO Carbon Project Zone", "interpretation": "Forecast surface clipped to project boundary; not direct station observation" }, "geometry": { "type": "Point", "coordinates": [ 112.455260072238161, -3.058772180885231 ] } },
{ "type": "Feature", "properties": { "precipitation_mm": 0.0, "temperature_c": 24.017786469314338, "humidity_pct": 94.11500587604327, "cloud_cover_pct": 67.911517083709157, "wind_speed_ms": 6.1632379068754304, "forecast_datetime": "2026-10-04T04:00:00", "source": "BMKG ADM4 forecast points + IDW", "boundary": "SERPRO Carbon Project Zone", "interpretation": "Forecast surface clipped to project boundary; not direct station observation" }, "geometry": { "type": "Point", "coordinates": [ 112.455247894617614, -3.049728062665589 ] } },
{ "type": "Feature", "properties": { "precipitation_mm": 0.0, "temperature_c": 24.018651729217382, "humidity_pct": 94.11974131750533, "cloud_cover_pct": 67.949032901643378, "wind_speed_ms": 6.1671092501288971, "forecast_datetime": "2026-10-04T04:00:00", "source": "BMKG ADM4 forecast points + IDW", "boundary": "SERPRO Carbon Project Zone", "interpretation": "Forecast surface clipped to project boundary; not direct station observation" }, "geometry": { "type": "Point", "coordinates": [ 112.455235753225793, -3.04068394287428 ] } },
{ "type": "Feature", "properties": { "precipitation_mm": 0.0, "temperature_c": 24.019962751726702, "humidity_pct": 94.111655423441107, "cloud_cover_pct": 67.962026199568371, "wind_speed_ms": 6.170870579579991, "forecast_datetime": "2026-10-04T04:00:00", "source": "BMKG ADM4 forecast points + IDW", "boundary": "SERPRO Carbon Project Zone", "interpretation": "Forecast surface clipped to project boundary; not direct station observation" }, "geometry": { "type": "Point", "coordinates": [ 112.455223648061178, -3.031639821515949 ] } },
{ "type": "Feature", "properties": { "precipitation_mm": 0.0, "temperature_c": 24.021672400172932, "humidity_pct": 94.092503201278987, "cloud_cover_pct": 67.954049108903504, "wind_speed_ms": 6.1750083489960979, "forecast_datetime": "2026-10-04T04:00:00", "source": "BMKG ADM4 forecast points + IDW", "boundary": "SERPRO Carbon Project Zone", "interpretation": "Forecast surface clipped to project boundary; not direct station observation" }, "geometry": { "type": "Point", "coordinates": [ 112.455211579122277, -3.02259569859524 ] } },
{ "type": "Feature", "properties": { "precipitation_mm": 0.0, "temperature_c": 24.023727783608724, "humidity_pct": 94.064358941001615, "cloud_cover_pct": 67.929502470093894, "wind_speed_ms": 6.1797708804752407, "forecast_datetime": "2026-10-04T04:00:00", "source": "BMKG ADM4 forecast points + IDW", "boundary": "SERPRO Carbon Project Zone", "interpretation": "Forecast surface clipped to project boundary; not direct station observation" }, "geometry": { "type": "Point", "coordinates": [ 112.455199546407599, -3.013551574116799 ] } },
{ "type": "Feature", "properties": { "precipitation_mm": 0.0, "temperature_c": 24.026074027926068, "humidity_pct": 94.029283194442513, "cloud_cover_pct": 67.89274707830937, "wind_speed_ms": 6.185256663491403, "forecast_datetime": "2026-10-04T04:00:00", "source": "BMKG ADM4 forecast points + IDW", "boundary": "SERPRO Carbon Project Zone", "interpretation": "Forecast surface clipped to project boundary; not direct station observation" }, "geometry": { "type": "Point", "coordinates": [ 112.455187549915664, -3.00450744808527 ] } },
{ "type": "Feature", "properties": { "precipitation_mm": 0.0, "temperature_c": 24.028657668239777, "humidity_pct": 93.989114403159022, "cloud_cover_pct": 67.847574054515775, "wind_speed_ms": 6.1914775260454897, "forecast_datetime": "2026-10-04T04:00:00", "source": "BMKG ADM4 forecast points + IDW", "boundary": "SERPRO Carbon Project Zone", "interpretation": "Forecast surface clipped to project boundary; not direct station observation" }, "geometry": { "type": "Point", "coordinates": [ 112.455175589644981, -2.9954633205053 ] } },
{ "type": "Feature", "properties": { "precipitation_mm": 0.0, "temperature_c": 24.031429023445909, "humidity_pct": 93.945386882051835, "cloud_cover_pct": 67.797021367477029, "wind_speed_ms": 6.198397584830901, "forecast_datetime": "2026-10-04T04:00:00", "source": "BMKG ADM4 forecast points + IDW", "boundary": "SERPRO Carbon Project Zone", "interpretation": "Forecast surface clipped to project boundary; not direct station observation" }, "geometry": { "type": "Point", "coordinates": [ 112.455163665594085, -2.986419191381532 ] } },
{ "type": "Feature", "properties": { "precipitation_mm": 0.0, "temperature_c": 24.03434349788683, "humidity_pct": 93.89932929419777, "cloud_cover_pct": 67.74339886969797, "wind_speed_ms": 6.2059557121121829, "forecast_datetime": "2026-10-04T04:00:00", "source": "BMKG ADM4 forecast points + IDW", "boundary": "SERPRO Carbon Project Zone", "interpretation": "Forecast surface clipped to project boundary; not direct station observation" }, "geometry": { "type": "Point", "coordinates": [ 112.455151777761515, -2.977375060718611 ] } },
{ "type": "Feature", "properties": { "precipitation_mm": 0.0, "temperature_c": 24.0373620543585, "humidity_pct": 93.851900549059494, "cloud_cover_pct": 67.688401252213339, "wind_speed_ms": 6.2140784071106703, "forecast_datetime": "2026-10-04T04:00:00", "source": "BMKG ADM4 forecast points + IDW", "boundary": "SERPRO Carbon Project Zone", "interpretation": "Forecast surface clipped to project boundary; not direct station observation" }, "geometry": { "type": "Point", "coordinates": [ 112.455139926145762, -2.968330928521185 ] } },
{ "type": "Feature", "properties": { "precipitation_mm": 0.0, "temperature_c": 24.040451151839779, "humidity_pct": 93.803836618207697, "cloud_cover_pct": 67.633238901928706, "wind_speed_ms": 6.2226873931782229, "forecast_datetime": "2026-10-04T04:00:00", "source": "BMKG ADM4 forecast points + IDW", "boundary": "SERPRO Carbon Project Zone", "interpretation": "Forecast surface clipped to project boundary; not direct station observation" }, "geometry": { "type": "Point", "coordinates": [ 112.455128110745392, -2.959286794793899 ] } },
{ "type": "Feature", "properties": { "precipitation_mm": 0.0, "temperature_c": 24.043582383069626, "humidity_pct": 93.755695536095885, "cloud_cover_pct": 67.578755748083239, "wind_speed_ms": 6.2317042743956197, "forecast_datetime": "2026-10-04T04:00:00", "source": "BMKG ADM4 forecast points + IDW", "boundary": "SERPRO Carbon Project Zone", "interpretation": "Forecast surface clipped to project boundary; not direct station observation" }, "geometry": { "type": "Point", "coordinates": [ 112.455116331558955, -2.950242659541399 ] } },
{ "type": "Feature", "properties": { "precipitation_mm": 0.0, "temperature_c": 24.045437374398109, "humidity_pct": 92.520737793874517, "cloud_cover_pct": 64.294806194176715, "wind_speed_ms": 5.4978159905825921, "forecast_datetime": "2026-10-04T04:00:00", "source": "BMKG ADM4 forecast points + IDW", "boundary": "SERPRO Carbon Project Zone", "interpretation": "Forecast surface clipped to project boundary; not direct station observation" }, "geometry": { "type": "Point", "coordinates": [ 112.464522348023024, -3.248685229009508 ] } },
{ "type": "Feature", "properties": { "precipitation_mm": 0.0, "temperature_c": 24.040174106007086, "humidity_pct": 92.587322011339552, "cloud_cover_pct": 64.306512173489537, "wind_speed_ms": 5.4475428044119569, "forecast_datetime": "2026-10-04T04:00:00", "source": "BMKG ADM4 forecast points + IDW", "boundary": "SERPRO Carbon Project Zone", "interpretation": "Forecast surface clipped to project boundary; not direct station observation" }, "geometry": { "type": "Point", "coordinates": [ 112.464509329326106, -3.239641181308926 ] } },
{ "type": "Feature", "properties": { "precipitation_mm": 0.0, "temperature_c": 24.035581179351674, "humidity_pct": 92.649780679481424, "cloud_cover_pct": 64.324751545230328, "wind_speed_ms": 5.4038688581754224, "forecast_datetime": "2026-10-04T04:00:00", "source": "BMKG ADM4 forecast points + IDW", "boundary": "SERPRO Carbon Project Zone", "interpretation": "Forecast surface clipped to project boundary; not direct station observation" }, "geometry": { "type": "Point", "coordinates": [ 112.464496347114391, -3.230597131938558 ] } },
{ "type": "Feature", "properties": { "precipitation_mm": 0.0, "temperature_c": 24.031836364213326, "humidity_pct": 92.706001649064333, "cloud_cover_pct": 64.351591504532763, "wind_speed_ms": 5.3700956059618496, "forecast_datetime": "2026-10-04T04:00:00", "source": "BMKG ADM4 forecast points + IDW", "boundary": "SERPRO Carbon Project Zone", "interpretation": "Forecast surface clipped to project boundary; not direct station observation" }, "geometry": { "type": "Point", "coordinates": [ 112.464483401386303, -3.221553080903045 ] } },
{ "type": "Feature", "properties": { "precipitation_mm": 0.0, "temperature_c": 24.029098717504446, "humidity_pct": 92.754879872203205, "cloud_cover_pct": 64.391312080687129, "wind_speed_ms": 5.3499231545225356, "forecast_datetime": "2026-10-04T04:00:00", "source": "BMKG ADM4 forecast points + IDW", "boundary": "SERPRO Carbon Project Zone", "interpretation": "Forecast surface clipped to project boundary; not direct station observation" }, "geometry": { "type": "Point", "coordinates": [ 112.464470492140208, -3.212509028207033 ] } },
{ "type": "Feature", "properties": { "precipitation_mm": 0.0, "temperature_c": 24.027461806332276, "humidity_pct": 92.797166324786303, "cloud_cover_pct": 64.450794457284744, "wind_speed_ms": 5.3468737612763686, "forecast_datetime": "2026-10-04T04:00:00", "source": "BMKG ADM4 forecast points + IDW", "boundary": "SERPRO Carbon Project Zone", "interpretation": "Forecast surface clipped to project boundary; not direct station observation" }, "geometry": { "type": "Point", "coordinates": [ 112.464457619374528, -3.203464973855163 ] } },
{ "type": "Feature", "properties": { "precipitation_mm": 0.0, "temperature_c": 24.026905075290326, "humidity_pct": 92.835997979630648, "cloud_cover_pct": 64.539060482663146, "wind_speed_ms": 5.3635169921815722, "forecast_datetime": "2026-10-04T04:00:00", "source": "BMKG ADM4 forecast points + IDW", "boundary": "SERPRO Carbon Project Zone", "interpretation": "Forecast surface clipped to project boundary; not direct station observation" }, "geometry": { "type": "Point", "coordinates": [ 112.464444783087671, -3.194420917852081 ] } },
{ "type": "Feature", "properties": { "precipitation_mm": 0.0, "temperature_c": 24.027263956646571, "humidity_pct": 92.876725769325915, "cloud_cover_pct": 64.665734663604198, "wind_speed_ms": 5.400717747492271, "forecast_datetime": "2026-10-04T04:00:00", "source": "BMKG ADM4 forecast points + IDW", "boundary": "SERPRO Carbon Project Zone", "interpretation": "Forecast surface clipped to project boundary; not direct station observation" }, "geometry": { "type": "Point", "coordinates": [ 112.464431983278047, -3.185376860202428 ] } },
{ "type": "Feature", "properties": { "precipitation_mm": 0.0, "temperature_c": 24.028236879183151, "humidity_pct": 92.925900006858086, "cloud_cover_pct": 64.838673003620997, "wind_speed_ms": 5.4571722833899097, "forecast_datetime": "2026-10-04T04:00:00", "source": "BMKG ADM4 forecast points + IDW", "boundary": "SERPRO Carbon Project Zone", "interpretation": "Forecast surface clipped to project boundary; not direct station observation" }, "geometry": { "type": "Point", "coordinates": [ 112.464419219944077, -3.17633280091085 ] } },
{ "type": "Feature", "properties": { "precipitation_mm": 0.0, "temperature_c": 24.029433885932214, "humidity_pct": 92.989658767299829, "cloud_cover_pct": 65.061472434761612, "wind_speed_ms": 5.5294105018009985, "forecast_datetime": "2026-10-04T04:00:00", "source": "BMKG ADM4 forecast points + IDW", "boundary": "SERPRO Carbon Project Zone", "interpretation": "Forecast surface clipped to project boundary; not direct station observation" }, "geometry": { "type": "Point", "coordinates": [ 112.464406493084198, -3.167288739981991 ] } },
{ "type": "Feature", "properties": { "precipitation_mm": 0.0, "temperature_c": 24.030454283744799, "humidity_pct": 93.07206458719341, "cloud_cover_pct": 65.331755048764336, "wind_speed_ms": 5.6122771956571915, "forecast_datetime": "2026-10-04T04:00:00", "source": "BMKG ADM4 forecast points + IDW", "boundary": "SERPRO Carbon Project Zone", "interpretation": "Forecast surface clipped to project boundary; not direct station observation" }, "geometry": { "type": "Point", "coordinates": [ 112.464393802696804, -3.158244677420494 ] } },
{ "type": "Feature", "properties": { "precipitation_mm": 0.0, "temperature_c": 24.030969057097685, "humidity_pct": 93.173977893989019, "cloud_cover_pct": 65.640905537667521, "wind_speed_ms": 5.6997540369619912, "forecast_datetime": "2026-10-04T04:00:00", "source": "BMKG ADM4 forecast points + IDW", "boundary": "SERPRO Carbon Project Zone", "interpretation": "Forecast surface clipped to project boundary; not direct station observation" }, "geometry": { "type": "Point", "coordinates": [ 112.464381148780362, -3.149200613231005 ] } },
{ "type": "Feature", "properties": { "precipitation_mm": 0.0, "temperature_c": 24.030782627838597, "humidity_pct": 93.29283874293499, "cloud_cover_pct": 65.975432703895393, "wind_speed_ms": 5.7859025911912063, "forecast_datetime": "2026-10-04T04:00:00", "source": "BMKG ADM4 forecast points + IDW", "boundary": "SERPRO Carbon Project Zone", "interpretation": "Forecast surface clipped to project boundary; not direct station observation" }, "geometry": { "type": "Point", "coordinates": [ 112.464368531333307, -3.140156547418166 ] } },
{ "type": "Feature", "properties": { "precipitation_mm": 0.0, "temperature_c": 24.029857143098731, "humidity_pct": 93.423373076544195, "cloud_cover_pct": 66.31953954815458, "wind_speed_ms": 5.8656997937223903, "forecast_datetime": "2026-10-04T04:00:00", "source": "BMKG ADM4 forecast points + IDW", "boundary": "SERPRO Carbon Project Zone", "interpretation": "Forecast surface clipped to project boundary; not direct station observation" }, "geometry": { "type": "Point", "coordinates": [ 112.464355950354062, -3.131112479986624 ] } },
{ "type": "Feature", "properties": { "precipitation_mm": 0.0, "temperature_c": 24.028296557273951, "humidity_pct": 93.558902610795286, "cloud_cover_pct": 66.658050487911311, "wind_speed_ms": 5.9355892264355337, "forecast_datetime": "2026-10-04T04:00:00", "source": "BMKG ADM4 forecast points + IDW", "boundary": "SERPRO Carbon Project Zone", "interpretation": "Forecast surface clipped to project boundary; not direct station observation" }, "geometry": { "type": "Point", "coordinates": [ 112.464343405841063, -3.122068410941023 ] } },
{ "type": "Feature", "properties": { "precipitation_mm": 0.0, "temperature_c": 24.026301485587606, "humidity_pct": 93.692750050300916, "cloud_cover_pct": 66.978730703464265, "wind_speed_ms": 5.9936706943985563, "forecast_datetime": "2026-10-04T04:00:00", "source": "BMKG ADM4 forecast points + IDW", "boundary": "SERPRO Carbon Project Zone", "interpretation": "Forecast surface clipped to project boundary; not direct station observation" }, "geometry": { "type": "Point", "coordinates": [ 112.464330897792806, -3.11302434028601 ] } },
{ "type": "Feature", "properties": { "precipitation_mm": 0.0, "temperature_c": 24.024113642138445, "humidity_pct": 93.819254255626717, "cloud_cover_pct": 67.273275107213081, "wind_speed_ms": 6.0395666207464451, "forecast_datetime": "2026-10-04T04:00:00", "source": "BMKG ADM4 forecast points + IDW", "boundary": "SERPRO Carbon Project Zone", "interpretation": "Forecast surface clipped to project boundary; not direct station observation" }, "geometry": { "type": "Point", "coordinates": [ 112.464318426207697, -3.103980268026226 ] } },
{ "type": "Feature", "properties": { "precipitation_mm": 0.0, "temperature_c": 24.021968134595895, "humidity_pct": 93.934114964402198, "cloud_cover_pct": 67.536737360190671, "wind_speed_ms": 6.07408947002543, "forecast_datetime": "2026-10-04T04:00:00", "source": "BMKG ADM4 forecast points + IDW", "boundary": "SERPRO Carbon Project Zone", "interpretation": "Forecast surface clipped to project boundary; not direct station observation" }, "geometry": { "type": "Point", "coordinates": [ 112.464305991084217, -3.094936194166319 ] } },
{ "type": "Feature", "properties": { "precipitation_mm": 0.0, "temperature_c": 24.020064554026693, "humidity_pct": 94.034098366249125, "cloud_cover_pct": 67.765790693421664, "wind_speed_ms": 6.0988528133441449, "forecast_datetime": "2026-10-04T04:00:00", "source": "BMKG ADM4 forecast points + IDW", "boundary": "SERPRO Carbon Project Zone", "interpretation": "Forecast surface clipped to project boundary; not direct station observation" }, "geometry": { "type": "Point", "coordinates": [ 112.464293592420844, -3.085892118710934 ] } },
{ "type": "Feature", "properties": { "precipitation_mm": 0.0, "temperature_c": 24.018557554829872, "humidity_pct": 94.116473299223244, "cloud_cover_pct": 67.956870287548625, "wind_speed_ms": 6.1159180047200437, "forecast_datetime": "2026-10-04T04:00:00", "source": "BMKG ADM4 forecast points + IDW", "boundary": "SERPRO Carbon Project Zone", "interpretation": "Forecast surface clipped to project boundary; not direct station observation" }, "geometry": { "type": "Point", "coordinates": [ 112.464281230216031, -3.076848041664716 ] } },
{ "type": "Feature", "properties": { "precipitation_mm": 0.0, "temperature_c": 24.017558759822464, "humidity_pct": 94.178760173630891, "cloud_cover_pct": 68.105615208578811, "wind_speed_ms": 6.1274891840036005, "forecast_datetime": "2026-10-04T04:00:00", "source": "BMKG ADM4 forecast points + IDW", "boundary": "SERPRO Carbon Project Zone", "interpretation": "Forecast surface clipped to project boundary; not direct station observation" }, "geometry": { "type": "Point", "coordinates": [ 112.464268904468241, -3.067803963032313 ] } },
{ "type": "Feature", "properties": { "precipitation_mm": 0.0, "temperature_c": 24.017139135664888, "humidity_pct": 94.219175634301081, "cloud_cover_pct": 68.208382352966467, "wind_speed_ms": 6.1356311376735864, "forecast_datetime": "2026-10-04T04:00:00", "source": "BMKG ADM4 forecast points + IDW", "boundary": "SERPRO Carbon Project Zone", "interpretation": "Forecast surface clipped to project boundary; not direct station observation" }, "geometry": { "type": "Point", "coordinates": [ 112.464256615175984, -3.058759882818367 ] } },
{ "type": "Feature", "properties": { "precipitation_mm": 0.0, "temperature_c": 24.017327334217871, "humidity_pct": 94.237480051432499, "cloud_cover_pct": 68.264812899349934, "wind_speed_ms": 6.1420267755970546, "forecast_datetime": "2026-10-04T04:00:00", "source": "BMKG ADM4 forecast points + IDW", "boundary": "SERPRO Carbon Project Zone", "interpretation": "Forecast surface clipped to project boundary; not direct station observation" }, "geometry": { "type": "Point", "coordinates": [ 112.464244362337709, -3.049715801027527 ] } },
{ "type": "Feature", "properties": { "precipitation_mm": 0.0, "temperature_c": 24.018109076912705, "humidity_pct": 94.235421918602668, "cloud_cover_pct": 68.279205715623647, "wind_speed_ms": 6.1478478556637581, "forecast_datetime": "2026-10-04T04:00:00", "source": "BMKG ADM4 forecast points + IDW", "boundary": "SERPRO Carbon Project Zone", "interpretation": "Forecast surface clipped to project boundary; not direct station observation" }, "geometry": { "type": "Point", "coordinates": [ 112.464232145951939, -3.040671717664439 ] } },
{ "type": "Feature", "properties": { "precipitation_mm": 0.0, "temperature_c": 24.019434137725796, "humidity_pct": 94.216324488556182, "cloud_cover_pct": 68.259541109212293, "wind_speed_ms": 6.1537811628724297, "forecast_datetime": "2026-10-04T04:00:00", "source": "BMKG ADM4 forecast points + IDW", "boundary": "SERPRO Carbon Project Zone", "interpretation": "Forecast surface clipped to project boundary; not direct station observation" }, "geometry": { "type": "Point", "coordinates": [ 112.464219966017112, -3.031627632733747 ] } },
{ "type": "Feature", "properties": { "precipitation_mm": 0.0, "temperature_c": 24.02123016198173, "humidity_pct": 94.184149422467812, "cloud_cover_pct": 68.215127884298809, "wind_speed_ms": 6.1601594804531636, "forecast_datetime": "2026-10-04T04:00:00", "source": "BMKG ADM4 forecast points + IDW", "boundary": "SERPRO Carbon Project Zone", "interpretation": "Forecast surface clipped to project boundary; not direct station observation" }, "geometry": { "type": "Point", "coordinates": [ 112.464207822531762, -3.022583546240101 ] } },
{ "type": "Feature", "properties": { "precipitation_mm": 0.0, "temperature_c": 24.023417106999474, "humidity_pct": 94.142652768832377, "cloud_cover_pct": 68.154523279432127, "wind_speed_ms": 6.1671066732489814, "forecast_datetime": "2026-10-04T04:00:00", "source": "BMKG ADM4 forecast points + IDW", "boundary": "SERPRO Carbon Project Zone", "interpretation": "Forecast surface clipped to project boundary; not direct station observation" }, "geometry": { "type": "Point", "coordinates": [ 112.464195715494398, -3.013539458188144 ] } },
{ "type": "Feature", "properties": { "precipitation_mm": 0.0, "temperature_c": 24.025917522660809, "humidity_pct": 94.094940113088882, "cloud_cover_pct": 68.084504387783525, "wind_speed_ms": 6.1746420906455928, "forecast_datetime": "2026-10-04T04:00:00", "source": "BMKG ADM4 forecast points + IDW", "boundary": "SERPRO Carbon Project Zone", "interpretation": "Forecast surface clipped to project boundary; not direct station observation" }, "geometry": { "type": "Point", "coordinates": [ 112.4641836449035, -3.004495368582526 ] } },
{ "type": "Feature", "properties": { "precipitation_mm": 0.0, "temperature_c": 24.028661846872339, "humidity_pct": 94.043374207153875, "cloud_cover_pct": 68.009935341238702, "wind_speed_ms": 6.1827382076296633, "forecast_datetime": "2026-10-04T04:00:00", "source": "BMKG ADM4 forecast points + IDW", "boundary": "SERPRO Carbon Project Zone", "interpretation": "Forecast surface clipped to project boundary; not direct station observation" }, "geometry": { "type": "Point", "coordinates": [ 112.464171610757589, -2.995451277427891 ] } },
{ "type": "Feature", "properties": { "precipitation_mm": 0.0, "temperature_c": 24.031590136441825, "humidity_pct": 93.989667646900472, "cloud_cover_pct": 67.934079188874833, "wind_speed_ms": 6.1913471892407861, "forecast_datetime": "2026-10-04T04:00:00", "source": "BMKG ADM4 forecast points + IDW", "boundary": "SERPRO Carbon Project Zone", "interpretation": "Forecast surface clipped to project boundary; not direct station observation" }, "geometry": { "type": "Point", "coordinates": [ 112.464159613055187, -2.986407184728889 ] } },
{ "type": "Feature", "properties": { "precipitation_mm": 0.0, "temperature_c": 24.034651896573934, "humidity_pct": 93.935029690519656, "cloud_cover_pct": 67.859016520819083, "wind_speed_ms": 6.2004120157540887, "forecast_datetime": "2026-10-04T04:00:00", "source": "BMKG ADM4 forecast points + IDW", "boundary": "SERPRO Carbon Project Zone", "interpretation": "Forecast surface clipped to project boundary; not direct station observation" }, "geometry": { "type": "Point", "coordinates": [ 112.464147651794789, -2.977363090490164 ] } },
{ "type": "Feature", "properties": { "precipitation_mm": 0.0, "temperature_c": 24.037805128190964, "humidity_pct": 93.880303012776679, "cloud_cover_pct": 67.786013558415149, "wind_speed_ms": 6.2098713802443202, "forecast_datetime": "2026-10-04T04:00:00", "source": "BMKG ADM4 forecast points + IDW", "boundary": "SERPRO Carbon Project Zone", "interpretation": "Forecast surface clipped to project boundary; not direct station observation" }, "geometry": { "type": "Point", "coordinates": [ 112.464135726974916, -2.968318994716365 ] } },
{ "type": "Feature", "properties": { "precipitation_mm": 0.0, "temperature_c": 24.041015171746128, "humidity_pct": 93.826070598339257, "cloud_cover_pct": 67.71579780217175, "wind_speed_ms": 6.2196624308566424, "forecast_datetime": "2026-10-04T04:00:00", "source": "BMKG ADM4 forecast points + IDW", "boundary": "SERPRO Carbon Project Zone", "interpretation": "Forecast surface clipped to project boundary; not direct station observation" }, "geometry": { "type": "Point", "coordinates": [ 112.464123838594134, -2.959274897412139 ] } },
{ "type": "Feature", "properties": { "precipitation_mm": 0.0, "temperature_c": 24.044253593863822, "humidity_pct": 93.772733000441974, "cloud_cover_pct": 67.648748820003391, "wind_speed_ms": 6.2297227642279767, "forecast_datetime": "2026-10-04T04:00:00", "source": "BMKG ADM4 forecast points + IDW", "boundary": "SERPRO Carbon Project Zone", "interpretation": "Forecast surface clipped to project boundary; not direct station observation" }, "geometry": { "type": "Point", "coordinates": [ 112.464111986650963, -2.950230798582135 ] } },
{ "type": "Feature", "properties": { "precipitation_mm": 0.0, "temperature_c": 24.042226930881299, "humidity_pct": 92.509864889192954, "cloud_cover_pct": 64.184714894159342, "wind_speed_ms": 5.4461925492371135, "forecast_datetime": "2026-10-04T04:00:00", "source": "BMKG ADM4 forecast points + IDW", "boundary": "SERPRO Carbon Project Zone", "interpretation": "Forecast surface clipped to project boundary; not direct station observation" }, "geometry": { "type": "Point", "coordinates": [ 112.473520485754648, -3.248672085361624 ] } },
{ "type": "Feature", "properties": { "precipitation_mm": 0.0, "temperature_c": 24.036288715332191, "humidity_pct": 92.585648210090895, "cloud_cover_pct": 64.193737526361303, "wind_speed_ms": 5.3855259407037597, "forecast_datetime": "2026-10-04T04:00:00", "source": "BMKG ADM4 forecast points + IDW", "boundary": "SERPRO Carbon Project Zone", "interpretation": "Forecast surface clipped to project boundary; not direct station observation" }, "geometry": { "type": "Point", "coordinates": [ 112.473507387140188, -3.23962807432686 ] } },
{ "type": "Feature", "properties": { "precipitation_mm": 0.0, "temperature_c": 24.031051849298233, "humidity_pct": 92.656573635455572, "cloud_cover_pct": 64.207325456233747, "wind_speed_ms": 5.3308049376903828, "forecast_datetime": "2026-10-04T04:00:00", "source": "BMKG ADM4 forecast points + IDW", "boundary": "SERPRO Carbon Project Zone", "interpretation": "Forecast surface clipped to project boundary; not direct station observation" }, "geometry": { "type": "Point", "coordinates": [ 112.47349432523491, -3.230584061621687 ] } },
{ "type": "Feature", "properties": { "precipitation_mm": 0.0, "temperature_c": 24.026766599018874, "humidity_pct": 92.718846019297601, "cloud_cover_pct": 64.226320476058049, "wind_speed_ms": 5.2862082346193224, "forecast_datetime": "2026-10-04T04:00:00", "source": "BMKG ADM4 forecast points + IDW", "boundary": "SERPRO Carbon Project Zone", "interpretation": "Forecast surface clipped to project boundary; not direct station observation" }, "geometry": { "type": "Point", "coordinates": [ 112.473481300037193, -3.22154004725075 ] } },
{ "type": "Feature", "properties": { "precipitation_mm": 0.0, "temperature_c": 24.023684176178634, "humidity_pct": 92.769648886363171, "cloud_cover_pct": 64.254438321822519, "wind_speed_ms": 5.2567012417145209, "forecast_datetime": "2026-10-04T04:00:00", "source": "BMKG ADM4 forecast points + IDW", "boundary": "SERPRO Carbon Project Zone", "interpretation": "Forecast surface clipped to project boundary; not direct station observation" }, "geometry": { "type": "Point", "coordinates": [ 112.473468311545446, -3.212496031218693 ] } },
{ "type": "Feature", "properties": { "precipitation_mm": 0.0, "temperature_c": 24.02198627762947, "humidity_pct": 92.808634094105614, "cloud_cover_pct": 64.299282733798165, "wind_speed_ms": 5.2471990554439385, "forecast_datetime": "2026-10-04T04:00:00", "source": "BMKG ADM4 forecast points + IDW", "boundary": "SERPRO Carbon Project Zone", "interpretation": "Forecast surface clipped to project boundary; not direct station observation" }, "geometry": { "type": "Point", "coordinates": [ 112.473455359758034, -3.203452013530162 ] } },
{ "type": "Feature", "properties": { "precipitation_mm": 0.0, "temperature_c": 24.021704544521619, "humidity_pct": 92.839043279617599, "cloud_cover_pct": 64.372149466687745, "wind_speed_ms": 5.2613776023360295, "forecast_datetime": "2026-10-04T04:00:00", "source": "BMKG ADM4 forecast points + IDW", "boundary": "SERPRO Carbon Project Zone", "interpretation": "Forecast surface clipped to project boundary; not direct station observation" }, "geometry": { "type": "Point", "coordinates": [ 112.473442444673381, -3.194407994189803 ] } },
{ "type": "Feature", "properties": { "precipitation_mm": 0.0, "temperature_c": 24.022666461472856, "humidity_pct": 92.867724741545828, "cloud_cover_pct": 64.48614005580194, "wind_speed_ms": 5.3005482933699026, "forecast_datetime": "2026-10-04T04:00:00", "source": "BMKG ADM4 forecast points + IDW", "boundary": "SERPRO Carbon Project Zone", "interpretation": "Forecast surface clipped to project boundary; not direct station observation" }, "geometry": { "type": "Point", "coordinates": [ 112.473429566289894, -3.185363973202261 ] } },
{ "type": "Feature", "properties": { "precipitation_mm": 0.0, "temperature_c": 24.024499608736281, "humidity_pct": 92.903763505350582, "cloud_cover_pct": 64.652952551823063, "wind_speed_ms": 5.3630638425600594, "forecast_datetime": "2026-10-04T04:00:00", "source": "BMKG ADM4 forecast points + IDW", "boundary": "SERPRO Carbon Project Zone", "interpretation": "Forecast surface clipped to project boundary; not direct station observation" }, "geometry": { "type": "Point", "coordinates": [ 112.473416724605968, -3.176319950572181 ] } },
{ "type": "Feature", "properties": { "precipitation_mm": 0.0, "temperature_c": 24.026699544705352, "humidity_pct": 92.956168815628331, "cloud_cover_pct": 64.879488889274469, "wind_speed_ms": 5.4444829611485801, "forecast_datetime": "2026-10-04T04:00:00", "source": "BMKG ADM4 forecast points + IDW", "boundary": "SERPRO Carbon Project Zone", "interpretation": "Forecast surface clipped to project boundary; not direct station observation" }, "geometry": { "type": "Point", "coordinates": [ 112.473403919620011, -3.167275926304209 ] } },
{ "type": "Feature", "properties": { "precipitation_mm": 0.0, "temperature_c": 24.028736989386299, "humidity_pct": 93.031527461994813, "cloud_cover_pct": 65.165561858453927, "wind_speed_ms": 5.5383797704511286, "forecast_datetime": "2026-10-04T04:00:00", "source": "BMKG ADM4 forecast points + IDW", "boundary": "SERPRO Carbon Project Zone", "interpretation": "Forecast surface clipped to project boundary; not direct station observation" }, "geometry": { "type": "Point", "coordinates": [ 112.473391151330461, -3.158231900402993 ] } },
{ "type": "Feature", "properties": { "precipitation_mm": 0.0, "temperature_c": 24.030166529930558, "humidity_pct": 93.132463146472105, "cloud_cover_pct": 65.503488045496553, "wind_speed_ms": 5.6374820443993778, "forecast_datetime": "2026-10-04T04:00:00", "source": "BMKG ADM4 forecast points + IDW", "boundary": "SERPRO Carbon Project Zone", "interpretation": "Forecast surface clipped to project boundary; not direct station observation" }, "geometry": { "type": "Point", "coordinates": [ 112.473378419735724, -3.149187872873177 ] } },
{ "type": "Feature", "properties": { "precipitation_mm": 0.0, "temperature_c": 24.030704438251959, "humidity_pct": 93.257307602981584, "cloud_cover_pct": 65.879604507057124, "wind_speed_ms": 5.7348145472276633, "forecast_datetime": "2026-10-04T04:00:00", "source": "BMKG ADM4 forecast points + IDW", "boundary": "SERPRO Carbon Project Zone", "interpretation": "Forecast surface clipped to project boundary; not direct station observation" }, "geometry": { "type": "Point", "coordinates": [ 112.473365724834238, -3.140143843719407 ] } },
{ "type": "Feature", "properties": { "precipitation_mm": 0.0, "temperature_c": 24.03025871649093, "humidity_pct": 93.400892921335469, "cloud_cover_pct": 66.277088013954611, "wind_speed_ms": 5.8246111279914352, "forecast_datetime": "2026-10-04T04:00:00", "source": "BMKG ADM4 forecast points + IDW", "boundary": "SERPRO Carbon Project Zone", "interpretation": "Forecast surface clipped to project boundary; not direct station observation" }, "geometry": { "type": "Point", "coordinates": [ 112.473353066624426, -3.131099812946331 ] } },
{ "type": "Feature", "properties": { "precipitation_mm": 0.0, "temperature_c": 24.028911944305303, "humidity_pct": 93.556006587303699, "cloud_cover_pct": 66.679050221697267, "wind_speed_ms": 5.9028601639990184, "forecast_datetime": "2026-10-04T04:00:00", "source": "BMKG ADM4 forecast points + IDW", "boundary": "SERPRO Carbon Project Zone", "interpretation": "Forecast surface clipped to project boundary; not direct station observation" }, "geometry": { "type": "Point", "coordinates": [ 112.473340445104753, -3.122055780558594 ] } },
{ "type": "Feature", "properties": { "precipitation_mm": 0.0, "temperature_c": 24.026871881273529, "humidity_pct": 93.714889121178942, "cloud_cover_pct": 67.070819330203292, "wind_speed_ms": 5.967450707171329, "forecast_datetime": "2026-10-04T04:00:00", "source": "BMKG ADM4 forecast points + IDW", "boundary": "SERPRO Carbon Project Zone", "interpretation": "Forecast surface clipped to project boundary; not direct station observation" }, "geometry": { "type": "Point", "coordinates": [ 112.473327860273614, -3.113011746560845 ] } },
{ "type": "Feature", "properties": { "precipitation_mm": 0.0, "temperature_c": 24.024412138859333, "humidity_pct": 93.870226331292812, "cloud_cover_pct": 67.44063673899872, "wind_speed_ms": 6.0179900732960814, "forecast_datetime": "2026-10-04T04:00:00", "source": "BMKG ADM4 forecast points + IDW", "boundary": "SERPRO Carbon Project Zone", "interpretation": "Forecast surface clipped to project boundary; not direct station observation" }, "geometry": { "type": "Point", "coordinates": [ 112.473315312129486, -3.103967710957728 ] } },
{ "type": "Feature", "properties": { "precipitation_mm": 0.0, "temperature_c": 24.021823135345453, "humidity_pct": 94.015377696708072, "cloud_cover_pct": 67.778653571305512, "wind_speed_ms": 6.0554365461281145, "forecast_datetime": "2026-10-04T04:00:00", "source": "BMKG ADM4 forecast points + IDW", "boundary": "SERPRO Carbon Project Zone", "interpretation": "Forecast surface clipped to project boundary; not direct station observation" }, "geometry": { "type": "Point", "coordinates": [ 112.473302800670822, -3.094923673753892 ] } },
{ "type": "Feature", "properties": { "precipitation_mm": 0.0, "temperature_c": 24.019382872844819, "humidity_pct": 94.144028287074917, "cloud_cover_pct": 68.075012214259317, "wind_speed_ms": 6.0816944168025922, "forecast_datetime": "2026-10-04T04:00:00", "source": "BMKG ADM4 forecast points + IDW", "boundary": "SERPRO Carbon Project Zone", "interpretation": "Forecast surface clipped to project boundary; not direct station observation" }, "geometry": { "type": "Point", "coordinates": [ 112.473290325896059, -3.085879634953985 ] } },
{ "type": "Feature", "properties": { "precipitation_mm": 0.0, "temperature_c": 24.017342486133895, "humidity_pct": 94.249912234665203, "cloud_cover_pct": 68.318689410358999, "wind_speed_ms": 6.0992462372603056, "forecast_datetime": "2026-10-04T04:00:00", "source": "BMKG ADM4 forecast points + IDW", "boundary": "SERPRO Carbon Project Zone", "interpretation": "Forecast surface clipped to project boundary; not direct station observation" }, "geometry": { "type": "Point", "coordinates": [ 112.473277887803661, -3.076835594562651 ] } },
{ "type": "Feature", "properties": { "precipitation_mm": 0.0, "temperature_c": 24.015911702710156, "humidity_pct": 94.32738421634977, "cloud_cover_pct": 68.49888607708364, "wind_speed_ms": 6.1108001603228486, "forecast_datetime": "2026-10-04T04:00:00", "source": "BMKG ADM4 forecast points + IDW", "boundary": "SERPRO Carbon Project Zone", "interpretation": "Forecast surface clipped to project boundary; not direct station observation" }, "geometry": { "type": "Point", "coordinates": [ 112.47326548639208, -3.067791552584541 ] } },
{ "type": "Feature", "properties": { "precipitation_mm": 0.0, "temperature_c": 24.015234697835833, "humidity_pct": 94.372973090992232, "cloud_cover_pct": 68.6090507826368, "wind_speed_ms": 6.1189069194431918, "forecast_datetime": "2026-10-04T04:00:00", "source": "BMKG ADM4 forecast points + IDW", "boundary": "SERPRO Carbon Project Zone", "interpretation": "Forecast surface clipped to project boundary; not direct station observation" }, "geometry": { "type": "Point", "coordinates": [ 112.473253121659823, -3.0587475090243 ] } },
{ "type": "Feature", "properties": { "precipitation_mm": 0.0, "temperature_c": 24.015366314962264, "humidity_pct": 94.386895507624274, "cloud_cover_pct": 68.650802223307593, "wind_speed_ms": 6.1255978443035053, "forecast_datetime": "2026-10-04T04:00:00", "source": "BMKG ADM4 forecast points + IDW", "boundary": "SERPRO Carbon Project Zone", "interpretation": "Forecast surface clipped to project boundary; not direct station observation" }, "geometry": { "type": "Point", "coordinates": [ 112.473240793605328, -3.049703463886577 ] } },
{ "type": "Feature", "properties": { "precipitation_mm": 0.0, "temperature_c": 24.016269878327453, "humidity_pct": 94.373169364809002, "cloud_cover_pct": 68.634334837998651, "wind_speed_ms": 6.1321901591240202, "forecast_datetime": "2026-10-04T04:00:00", "source": "BMKG ADM4 forecast points + IDW", "boundary": "SERPRO Carbon Project Zone", "interpretation": "Forecast surface clipped to project boundary; not direct station observation" }, "geometry": { "type": "Point", "coordinates": [ 112.473228502227087, -3.04065941717602 ] } },
{ "type": "Feature", "properties": { "precipitation_mm": 0.0, "temperature_c": 24.017843157171484, "humidity_pct": 94.338134311780763, "cloud_cover_pct": 68.574896850850095, "wind_speed_ms": 6.1393379011826132, "forecast_datetime": "2026-10-04T04:00:00", "source": "BMKG ADM4 forecast points + IDW", "boundary": "SERPRO Carbon Project Zone", "interpretation": "Forecast surface clipped to project boundary; not direct station observation" }, "geometry": { "type": "Point", "coordinates": [ 112.473216247523581, -3.031615368897277 ] } },
{ "type": "Feature", "properties": { "precipitation_mm": 0.0, "temperature_c": 24.019956462218296, "humidity_pct": 94.288479525578325, "cloud_cover_pct": 68.488107397050996, "wind_speed_ms": 6.1472433274581189, "forecast_datetime": "2026-10-04T04:00:00", "source": "BMKG ADM4 forecast points + IDW", "boundary": "SERPRO Carbon Project Zone", "interpretation": "Forecast surface clipped to project boundary; not direct station observation" }, "geometry": { "type": "Point", "coordinates": [ 112.473204029493289, -3.022571319054996 ] } },
{ "type": "Feature", "properties": { "precipitation_mm": 0.0, "temperature_c": 24.022483072139217, "humidity_pct": 94.229881566511239, "cloud_cover_pct": 68.386807421875474, "wind_speed_ms": 6.1558797908074636, "forecast_datetime": "2026-10-04T04:00:00", "source": "BMKG ADM4 forecast points + IDW", "boundary": "SERPRO Carbon Project Zone", "interpretation": "Forecast surface clipped to project boundary; not direct station observation" }, "geometry": { "type": "Point", "coordinates": [ 112.473191848134718, -3.013527267653826 ] } },
{ "type": "Feature", "properties": { "precipitation_mm": 0.0, "temperature_c": 24.025314507600974, "humidity_pct": 94.166530907137499, "cloud_cover_pct": 68.280075814448011, "wind_speed_ms": 6.1651409356145388, "forecast_datetime": "2026-10-04T04:00:00", "source": "BMKG ADM4 forecast points + IDW", "boundary": "SERPRO Carbon Project Zone", "interpretation": "Forecast surface clipped to project boundary; not direct station observation" }, "geometry": { "type": "Point", "coordinates": [ 112.473179703446348, -3.004483214698414 ] } },
{ "type": "Feature", "properties": { "precipitation_mm": 0.0, "temperature_c": 24.028363979793593, "humidity_pct": 94.101247112117065, "cloud_cover_pct": 68.173640172785909, "wind_speed_ms": 6.1749120774087887, "forecast_datetime": "2026-10-04T04:00:00", "source": "BMKG ADM4 forecast points + IDW", "boundary": "SERPRO Carbon Project Zone", "interpretation": "Forecast surface clipped to project boundary; not direct station observation" }, "geometry": { "type": "Point", "coordinates": [ 112.473167595426688, -2.99543916019341 ] } },
{ "type": "Feature", "properties": { "precipitation_mm": 0.0, "temperature_c": 24.031564029147034, "humidity_pct": 94.035811768343834, "cloud_cover_pct": 68.070768706254981, "wind_speed_ms": 6.1850933400507371, "forecast_datetime": "2026-10-04T04:00:00", "source": "BMKG ADM4 forecast points + IDW", "boundary": "SERPRO Carbon Project Zone", "interpretation": "Forecast surface clipped to project boundary; not direct station observation" }, "geometry": { "type": "Point", "coordinates": [ 112.473155524074244, -2.986395104143463 ] } },
{ "type": "Feature", "properties": { "precipitation_mm": 0.0, "temperature_c": 24.034862547766689, "humidity_pct": 93.97130065460945, "cloud_cover_pct": 67.97312002817678, "wind_speed_ms": 6.1956016708513513, "forecast_datetime": "2026-10-04T04:00:00", "source": "BMKG ADM4 forecast points + IDW", "boundary": "SERPRO Carbon Project Zone", "interpretation": "Forecast surface clipped to project boundary; not direct station observation" }, "geometry": { "type": "Point", "coordinates": [ 112.473143489387525, -2.97735104655322 ] } },
{ "type": "Feature", "properties": { "precipitation_mm": 0.0, "temperature_c": 24.038219090875049, "humidity_pct": 93.908338249916568, "cloud_cover_pct": 67.88137722039032, "wind_speed_ms": 6.2063668063482673, "forecast_datetime": "2026-10-04T04:00:00", "source": "BMKG ADM4 forecast points + IDW", "boundary": "SERPRO Carbon Project Zone", "interpretation": "Forecast surface clipped to project boundary; not direct station observation" }, "geometry": { "type": "Point", "coordinates": [ 112.473131491365024, -2.968306987427332 ] } },
{ "type": "Feature", "properties": { "precipitation_mm": 0.0, "temperature_c": 24.04160200793234, "humidity_pct": 93.847270158976258, "cloud_cover_pct": 67.795666734684247, "wind_speed_ms": 6.2173271919798587, "forecast_datetime": "2026-10-04T04:00:00", "source": "BMKG ADM4 forecast points + IDW", "boundary": "SERPRO Carbon Project Zone", "interpretation": "Forecast surface clipped to project boundary; not direct station observation" }, "geometry": { "type": "Point", "coordinates": [ 112.473119530005292, -2.959262926770447 ] } },
{ "type": "Feature", "properties": { "precipitation_mm": 0.0, "temperature_c": 24.044986354830922, "humidity_pct": 93.788272541787265, "cloud_cover_pct": 67.715816151618313, "wind_speed_ms": 6.228427357619684, "forecast_datetime": "2026-10-04T04:00:00", "source": "BMKG ADM4 forecast points + IDW", "boundary": "SERPRO Carbon Project Zone", "interpretation": "Forecast surface clipped to project boundary; not direct station observation" }, "geometry": { "type": "Point", "coordinates": [ 112.473107605306836, -2.950218864587216 ] } },
{ "type": "Feature", "properties": { "precipitation_mm": 0.0, "temperature_c": 24.04636668179263, "humidity_pct": 92.409243076072499, "cloud_cover_pct": 64.07461900903526, "wind_speed_ms": 5.473150998350885, "forecast_datetime": "2026-10-04T04:00:00", "source": "BMKG ADM4 forecast points + IDW", "boundary": "SERPRO Carbon Project Zone", "interpretation": "Forecast surface clipped to project boundary; not direct station observation" }, "geometry": { "type": "Point", "coordinates": [ 112.482531802240629, -3.257702833745574 ] } },
{ "type": "Feature", "properties": { "precipitation_mm": 0.0, "temperature_c": 24.039219085101571, "humidity_pct": 92.497410849938035, "cloud_cover_pct": 64.079910428221964, "wind_speed_ms": 5.4000988078231833, "forecast_datetime": "2026-10-04T04:00:00", "source": "BMKG ADM4 forecast points + IDW", "boundary": "SERPRO Carbon Project Zone", "interpretation": "Forecast surface clipped to project boundary; not direct station observation" }, "geometry": { "type": "Point", "coordinates": [ 112.482518586775484, -3.248658861276697 ] } },
{ "type": "Feature", "properties": { "precipitation_mm": 0.0, "temperature_c": 24.032513580440529, "humidity_pct": 92.58594630984129, "cloud_cover_pct": 64.090734009725125, "wind_speed_ms": 5.3283544293661667, "forecast_datetime": "2026-10-04T04:00:00", "source": "BMKG ADM4 forecast points + IDW", "boundary": "SERPRO Carbon Project Zone", "interpretation": "Forecast surface clipped to project boundary; not direct station observation" }, "geometry": { "type": "Point", "coordinates": [ 112.482505408245089, -3.239614887132139 ] } },
{ "type": "Feature", "properties": { "precipitation_mm": 0.0, "temperature_c": 24.026499984331796, "humidity_pct": 92.669752150766371, "cloud_cover_pct": 64.104563581949208, "wind_speed_ms": 5.2613543199416082, "forecast_datetime": "2026-10-04T04:00:00", "source": "BMKG ADM4 forecast points + IDW", "boundary": "SERPRO Carbon Project Zone", "interpretation": "Forecast surface clipped to project boundary; not direct station observation" }, "geometry": { "type": "Point", "coordinates": [ 112.482492266647867, -3.230570911316545 ] } },
{ "type": "Feature", "properties": { "precipitation_mm": 0.0, "temperature_c": 24.021514296279161, "humidity_pct": 92.742610168568405, "cloud_cover_pct": 64.119997512118104, "wind_speed_ms": 5.2043138504507045, "forecast_datetime": "2026-10-04T04:00:00", "source": "BMKG ADM4 forecast points + IDW", "boundary": "SERPRO Carbon Project Zone", "interpretation": "Forecast surface clipped to project boundary; not direct station observation" }, "geometry": { "type": "Point", "coordinates": [ 112.482479161982141, -3.221526933834562 ] } },
{ "type": "Feature", "properties": { "precipitation_mm": 0.0, "temperature_c": 24.017932019528509, "humidity_pct": 92.798924869423757, "cloud_cover_pct": 64.139077814163912, "wind_speed_ms": 5.1638746254997026, "forecast_datetime": "2026-10-04T04:00:00", "source": "BMKG ADM4 forecast points + IDW", "boundary": "SERPRO Carbon Project Zone", "interpretation": "Forecast surface clipped to project boundary; not direct station observation" }, "geometry": { "type": "Point", "coordinates": [ 112.482466094246334, -3.212482954690838 ] } },
{ "type": "Feature", "properties": { "precipitation_mm": 0.0, "temperature_c": 24.016063011250687, "humidity_pct": 92.836288794661769, "cloud_cover_pct": 64.169436944761799, "wind_speed_ms": 5.1468663972063018, "forecast_datetime": "2026-10-04T04:00:00", "source": "BMKG ADM4 forecast points + IDW", "boundary": "SERPRO Carbon Project Zone", "interpretation": "Forecast surface clipped to project boundary; not direct station observation" }, "geometry": { "type": "Point", "coordinates": [ 112.482453063438797, -3.203438973890019 ] } },
{ "type": "Feature", "properties": { "precipitation_mm": 0.0, "temperature_c": 24.016018640085061, "humidity_pct": 92.857689628901866, "cloud_cover_pct": 64.224717869307995, "wind_speed_ms": 5.1584277423267118, "forecast_datetime": "2026-10-04T04:00:00", "source": "BMKG ADM4 forecast points + IDW", "boundary": "SERPRO Carbon Project Zone", "interpretation": "Forecast surface clipped to project boundary; not direct station observation" }, "geometry": { "type": "Point", "coordinates": [ 112.482440069557953, -3.194394991436754 ] } },
{ "type": "Feature", "properties": { "precipitation_mm": 0.0, "temperature_c": 24.017618823935251, "humidity_pct": 92.871884970088743, "cloud_cover_pct": 64.322242545537776, "wind_speed_ms": 5.2003013152718829, "forecast_datetime": "2026-10-04T04:00:00", "source": "BMKG ADM4 forecast points + IDW", "boundary": "SERPRO Carbon Project Zone", "interpretation": "Forecast surface clipped to project boundary; not direct station observation" }, "geometry": { "type": "Point", "coordinates": [ 112.482427112602181, -3.185351007335686 ] } },
{ "type": "Feature", "properties": { "precipitation_mm": 0.0, "temperature_c": 24.020396375025079, "humidity_pct": 92.891396220499274, "cloud_cover_pct": 64.478536346025336, "wind_speed_ms": 5.2701552920271748, "forecast_datetime": "2026-10-04T04:00:00", "source": "BMKG ADM4 forecast points + IDW", "boundary": "SERPRO Carbon Project Zone", "interpretation": "Forecast surface clipped to project boundary; not direct station observation" }, "geometry": { "type": "Point", "coordinates": [ 112.482414192569863, -3.176307021591466 ] } },
{ "type": "Feature", "properties": { "precipitation_mm": 0.0, "temperature_c": 24.023699553233055, "humidity_pct": 92.929044795576345, "cloud_cover_pct": 64.704673300477339, "wind_speed_ms": 5.3621562111815182, "forecast_datetime": "2026-10-04T04:00:00", "source": "BMKG ADM4 forecast points + IDW", "boundary": "SERPRO Carbon Project Zone", "interpretation": "Forecast surface clipped to project boundary; not direct station observation" }, "geometry": { "type": "Point", "coordinates": [ 112.482401309459419, -3.167263034208741 ] } },
{ "type": "Feature", "properties": { "precipitation_mm": 0.0, "temperature_c": 24.026842246532709, "humidity_pct": 92.994647509548031, "cloud_cover_pct": 65.003328430019081, "wind_speed_ms": 5.4683349855525387, "forecast_datetime": "2026-10-04T04:00:00", "source": "BMKG ADM4 forecast points + IDW", "boundary": "SERPRO Carbon Project Zone", "interpretation": "Forecast surface clipped to project boundary; not direct station observation" }, "geometry": { "type": "Point", "coordinates": [ 112.482388463269274, -3.158219045192159 ] } },
{ "type": "Feature", "properties": { "precipitation_mm": 0.0, "temperature_c": 24.029242717431636, "humidity_pct": 93.093037467936597, "cloud_cover_pct": 65.368302287019816, "wind_speed_ms": 5.5801057737088673, "forecast_datetime": "2026-10-04T04:00:00", "source": "BMKG ADM4 forecast points + IDW", "boundary": "SERPRO Carbon Project Zone", "interpretation": "Forecast surface clipped to project boundary; not direct station observation" }, "geometry": { "type": "Point", "coordinates": [ 112.482375653997835, -3.149175054546366 ] } },
{ "type": "Feature", "properties": { "precipitation_mm": 0.0, "temperature_c": 24.030514738243951, "humidity_pct": 93.223700921440724, "cloud_cover_pct": 65.786201991981869, "wind_speed_ms": 5.6895304756128127, "forecast_datetime": "2026-10-04T04:00:00", "source": "BMKG ADM4 forecast points + IDW", "boundary": "SERPRO Carbon Project Zone", "interpretation": "Forecast surface clipped to project boundary; not direct station observation" }, "geometry": { "type": "Point", "coordinates": [ 112.482362881643482, -3.140131062276012 ] } },
{ "type": "Feature", "properties": { "precipitation_mm": 0.0, "temperature_c": 24.030500888962898, "humidity_pct": 93.381687445715997, "cloud_cover_pct": 66.239380431094233, "wind_speed_ms": 5.7901877917589069, "forecast_datetime": "2026-10-04T04:00:00", "source": "BMKG ADM4 forecast points + IDW", "boundary": "SERPRO Carbon Project Zone", "interpretation": "Forecast surface clipped to project boundary; not direct station observation" }, "geometry": { "type": "Point", "coordinates": [ 112.482350146204695, -3.131087068385744 ] } },
{ "type": "Feature", "properties": { "precipitation_mm": 0.0, "temperature_c": 24.02925535141247, "humidity_pct": 93.559166383126666, "cloud_cover_pct": 66.709013818953593, "wind_speed_ms": 5.8776327772633357, "forecast_datetime": "2026-10-04T04:00:00", "source": "BMKG ADM4 forecast points + IDW", "boundary": "SERPRO Carbon Project Zone", "interpretation": "Forecast surface clipped to project boundary; not direct station observation" }, "geometry": { "type": "Point", "coordinates": [ 112.482337447679853, -3.122043072880212 ] } },
{ "type": "Feature", "properties": { "precipitation_mm": 0.0, "temperature_c": 24.026994449349768, "humidity_pct": 93.746947288335079, "cloud_cover_pct": 67.177226375867292, "wind_speed_ms": 5.9494819651696389, "forecast_datetime": "2026-10-04T04:00:00", "source": "BMKG ADM4 forecast points + IDW", "boundary": "SERPRO Carbon Project Zone", "interpretation": "Forecast surface clipped to project boundary; not direct station observation" }, "geometry": { "type": "Point", "coordinates": [ 112.482324786067423, -3.112999075764063 ] } },
{ "type": "Feature", "properties": { "precipitation_mm": 0.0, "temperature_c": 24.024038140521757, "humidity_pct": 93.935419968637149, "cloud_cover_pct": 67.627531681569522, "wind_speed_ms": 6.0052111148236822, "forecast_datetime": "2026-10-04T04:00:00", "source": "BMKG ADM4 forecast points + IDW", "boundary": "SERPRO Carbon Project Zone", "interpretation": "Forecast surface clipped to project boundary; not direct station observation" }, "geometry": { "type": "Point", "coordinates": [ 112.482312161365812, -3.103955077041946 ] } },
{ "type": "Feature", "properties": { "precipitation_mm": 0.0, "temperature_c": 24.02076174778421, "humidity_pct": 94.114732874247366, "cloud_cover_pct": 68.043646460756719, "wind_speed_ms": 6.0458023147160462, "forecast_datetime": "2026-10-04T04:00:00", "source": "BMKG ADM4 forecast points + IDW", "boundary": "SERPRO Carbon Project Zone", "interpretation": "Forecast surface clipped to project boundary; not direct station observation" }, "geometry": { "type": "Point", "coordinates": [ 112.482299573573485, -3.09491107671851 ] } },
{ "type": "Feature", "properties": { "precipitation_mm": 0.0, "temperature_c": 24.01756332207616, "humidity_pct": 94.274590379650704, "cloud_cover_pct": 68.407873852261886, "wind_speed_ms": 6.0733710637313747, "forecast_datetime": "2026-10-04T04:00:00", "source": "BMKG ADM4 forecast points + IDW", "boundary": "SERPRO Carbon Project Zone", "interpretation": "Forecast surface clipped to project boundary; not direct station observation" }, "geometry": { "type": "Point", "coordinates": [ 112.48228702268888, -3.085867074798404 ] } },
{ "type": "Feature", "properties": { "precipitation_mm": 0.0, "temperature_c": 24.014834082608083, "humidity_pct": 94.404573599567783, "cloud_cover_pct": 68.701245623810763, "wind_speed_ms": 6.0908166358441331, "forecast_datetime": "2026-10-04T04:00:00", "source": "BMKG ADM4 forecast points + IDW", "boundary": "SERPRO Carbon Project Zone", "interpretation": "Forecast surface clipped to project boundary; not direct station observation" }, "geometry": { "type": "Point", "coordinates": [ 112.482274508710432, -3.076823071286276 ] } },
{ "type": "Feature", "properties": { "precipitation_mm": 0.0, "temperature_c": 24.012912517018425, "humidity_pct": 94.495810309263874, "cloud_cover_pct": 68.907222422557282, "wind_speed_ms": 6.1014285234374235, "forecast_datetime": "2026-10-04T04:00:00", "source": "BMKG ADM4 forecast points + IDW", "boundary": "SERPRO Carbon Project Zone", "interpretation": "Forecast surface clipped to project boundary; not direct station observation" }, "geometry": { "type": "Point", "coordinates": [ 112.482262031636608, -3.067779066186776 ] } },
{ "type": "Feature", "properties": { "precipitation_mm": 0.0, "temperature_c": 24.012021897906774, "humidity_pct": 94.543658853354174, "cloud_cover_pct": 69.017952340064781, "wind_speed_ms": 6.108380552398553, "forecast_datetime": "2026-10-04T04:00:00", "source": "BMKG ADM4 forecast points + IDW", "boundary": "SERPRO Carbon Project Zone", "interpretation": "Forecast surface clipped to project boundary; not direct station observation" }, "geometry": { "type": "Point", "coordinates": [ 112.482249591465873, -3.058735059504554 ] } },
{ "type": "Feature", "properties": { "precipitation_mm": 0.0, "temperature_c": 24.012224161361971, "humidity_pct": 94.549594335474339, "cloud_cover_pct": 69.038712998803675, "wind_speed_ms": 6.1142079151722015, "forecast_datetime": "2026-10-04T04:00:00", "source": "BMKG ADM4 forecast points + IDW", "boundary": "SERPRO Carbon Project Zone", "interpretation": "Forecast surface clipped to project boundary; not direct station observation" }, "geometry": { "type": "Point", "coordinates": [ 112.482237188196692, -3.04969105124426 ] } },
{ "type": "Feature", "properties": { "precipitation_mm": 0.0, "temperature_c": 24.013427391471051, "humidity_pct": 94.520611327258081, "cloud_cover_pct": 68.986603134626293, "wind_speed_ms": 6.1205043892373974, "forecast_datetime": "2026-10-04T04:00:00", "source": "BMKG ADM4 forecast points + IDW", "boundary": "SERPRO Carbon Project Zone", "interpretation": "Forecast surface clipped to project boundary; not direct station observation" }, "geometry": { "type": "Point", "coordinates": [ 112.482224821827515, -3.040647041410541 ] } },
{ "type": "Feature", "properties": { "precipitation_mm": 0.0, "temperature_c": 24.015444594014454, "humidity_pct": 94.466481832519719, "cloud_cover_pct": 68.884329812549439, "wind_speed_ms": 6.1279716858513273, "forecast_datetime": "2026-10-04T04:00:00", "source": "BMKG ADM4 forecast points + IDW", "boundary": "SERPRO Carbon Project Zone", "interpretation": "Forecast surface clipped to project boundary; not direct station observation" }, "geometry": { "type": "Point", "coordinates": [ 112.482212492356837, -3.031603030008049 ] } },
{ "type": "Feature", "properties": { "precipitation_mm": 0.0, "temperature_c": 24.018064514741251, "humidity_pct": 94.396769773992006, "cloud_cover_pct": 68.75351421839153, "wind_speed_ms": 6.13670832090971, "forecast_datetime": "2026-10-04T04:00:00", "source": "BMKG ADM4 forecast points + IDW", "boundary": "SERPRO Carbon Project Zone", "interpretation": "Forecast surface clipped to project boundary; not direct station observation" }, "geometry": { "type": "Point", "coordinates": [ 112.482200199783108, -3.022559017041434 ] } },
{ "type": "Feature", "properties": { "precipitation_mm": 0.0, "temperature_c": 24.021099826792621, "humidity_pct": 94.319061071142997, "cloud_cover_pct": 68.61083949247066, "wind_speed_ms": 6.1465245492194569, "forecast_datetime": "2026-10-04T04:00:00", "source": "BMKG ADM4 forecast points + IDW", "boundary": "SERPRO Carbon Project Zone", "interpretation": "Forecast surface clipped to project boundary; not direct station observation" }, "geometry": { "type": "Point", "coordinates": [ 112.482187944104837, -3.013515002515345 ] } },
{ "type": "Feature", "properties": { "precipitation_mm": 0.0, "temperature_c": 24.024405346126152, "humidity_pct": 94.23855459913473, "cloud_cover_pct": 68.467310759187043, "wind_speed_ms": 6.1571556251772357, "forecast_datetime": "2026-10-04T04:00:00", "source": "BMKG ADM4 forecast points + IDW", "boundary": "SERPRO Carbon Project Zone", "interpretation": "Forecast surface clipped to project boundary; not direct station observation" }, "geometry": { "type": "Point", "coordinates": [ 112.482175725320502, -3.004470986434434 ] } },
{ "type": "Feature", "properties": { "precipitation_mm": 0.0, "temperature_c": 24.027876632132184, "humidity_pct": 94.15843560164052, "cloud_cover_pct": 68.329259486900895, "wind_speed_ms": 6.1683621801162705, "forecast_datetime": "2026-10-04T04:00:00", "source": "BMKG ADM4 forecast points + IDW", "boundary": "SERPRO Carbon Project Zone", "interpretation": "Forecast surface clipped to project boundary; not direct station observation" }, "geometry": { "type": "Point", "coordinates": [ 112.482163543428584, -2.995426968803349 ] } },
{ "type": "Feature", "properties": { "precipitation_mm": 0.0, "temperature_c": 24.031441033897899, "humidity_pct": 94.080469888133891, "cloud_cover_pct": 68.199797685880029, "wind_speed_ms": 6.1799585095181797, "forecast_datetime": "2026-10-04T04:00:00", "source": "BMKG ADM4 forecast points + IDW", "boundary": "SERPRO Carbon Project Zone", "interpretation": "Forecast surface clipped to project boundary; not direct station observation" }, "geometry": { "type": "Point", "coordinates": [ 112.48215139842759, -2.986382949626744 ] } },
{ "type": "Feature", "properties": { "precipitation_mm": 0.0, "temperature_c": 24.035048254759232, "humidity_pct": 94.005527880548811, "cloud_cover_pct": 68.080067138440612, "wind_speed_ms": 6.1918086999687452, "forecast_datetime": "2026-10-04T04:00:00", "source": "BMKG ADM4 forecast points + IDW", "boundary": "SERPRO Carbon Project Zone", "interpretation": "Forecast surface clipped to project boundary; not direct station observation" }, "geometry": { "type": "Point", "coordinates": [ 112.482139290316013, -2.977338928909265 ] } },
{ "type": "Feature", "properties": { "precipitation_mm": 0.0, "temperature_c": 24.038662994510606, "humidity_pct": 93.933957554117399, "cloud_cover_pct": 67.97011364854977, "wind_speed_ms": 6.203813821881436, "forecast_datetime": "2026-10-04T04:00:00", "source": "BMKG ADM4 forecast points + IDW", "boundary": "SERPRO Carbon Project Zone", "interpretation": "Forecast surface clipped to project boundary; not direct station observation" }, "geometry": { "type": "Point", "coordinates": [ 112.482127219092376, -2.968294906655566 ] } },
{ "type": "Feature", "properties": { "precipitation_mm": 0.0, "temperature_c": 24.042259913994844, "humidity_pct": 93.865821016095921, "cloud_cover_pct": 67.869432342040966, "wind_speed_ms": 6.2158998912353756, "forecast_datetime": "2026-10-04T04:00:00", "source": "BMKG ADM4 forecast points + IDW", "boundary": "SERPRO Carbon Project Zone", "interpretation": "Forecast surface clipped to project boundary; not direct station observation" }, "geometry": { "type": "Point", "coordinates": [ 112.482115184755173, -2.959250882870298 ] } },
{ "type": "Feature", "properties": { "precipitation_mm": 0.0, "temperature_c": 24.045820398692303, "humidity_pct": 93.801034161065303, "cloud_cover_pct": 67.777282343767993, "wind_speed_ms": 6.2280091941228255, "forecast_datetime": "2026-10-04T04:00:00", "source": "BMKG ADM4 forecast points + IDW", "boundary": "SERPRO Carbon Project Zone", "interpretation": "Forecast surface clipped to project boundary; not direct station observation" }, "geometry": { "type": "Point", "coordinates": [ 112.482103187302911, -2.950206857558111 ] } },
{ "type": "Feature", "properties": { "precipitation_mm": 0.0, "temperature_c": 24.036694147086262, "humidity_pct": 92.47836690674724, "cloud_cover_pct": 63.978504284042486, "wind_speed_ms": 5.3630264779641221, "forecast_datetime": "2026-10-04T04:00:00", "source": "BMKG ADM4 forecast points + IDW", "boundary": "SERPRO Carbon Project Zone", "interpretation": "Forecast surface clipped to project boundary; not direct station observation" }, "geometry": { "type": "Point", "coordinates": [ 112.491516650861541, -3.248645556756356 ] } },
{ "type": "Feature", "properties": { "precipitation_mm": 0.0, "temperature_c": 24.029188139501301, "humidity_pct": 92.583241719642402, "cloud_cover_pct": 63.997210190930197, "wind_speed_ms": 5.2802779807148683, "forecast_datetime": "2026-10-04T04:00:00", "source": "BMKG ADM4 forecast points + IDW", "boundary": "SERPRO Carbon Project Zone", "interpretation": "Forecast surface clipped to project boundary; not direct station observation" }, "geometry": { "type": "Point", "coordinates": [ 112.49150339241686, -3.239601619726387 ] } },
{ "type": "Feature", "properties": { "precipitation_mm": 0.0, "temperature_c": 24.022310477089796, "humidity_pct": 92.685104557282841, "cloud_cover_pct": 64.018780710414006, "wind_speed_ms": 5.2003792970250586, "forecast_datetime": "2026-10-04T04:00:00", "source": "BMKG ADM4 forecast points + IDW", "boundary": "SERPRO Carbon Project Zone", "interpretation": "Forecast surface clipped to project boundary; not direct station observation" }, "geometry": { "type": "Point", "coordinates": [ 112.491490171129286, -3.230557681024753 ] } },
{ "type": "Feature", "properties": { "precipitation_mm": 0.0, "temperature_c": 24.016488140020066, "humidity_pct": 92.774437118570688, "cloud_cover_pct": 64.038162970116701, "wind_speed_ms": 5.1296790081706245, "forecast_datetime": "2026-10-04T04:00:00", "source": "BMKG ADM4 forecast points + IDW", "boundary": "SERPRO Carbon Project Zone", "interpretation": "Forecast surface clipped to project boundary; not direct station observation" }, "geometry": { "type": "Point", "coordinates": [ 112.491476986997199, -3.2215137406561 ] } },
{ "type": "Feature", "properties": { "precipitation_mm": 0.0, "temperature_c": 24.012256552501277, "humidity_pct": 92.841301418752366, "cloud_cover_pct": 64.053875256405547, "wind_speed_ms": 5.0769896807912422, "forecast_datetime": "2026-10-04T04:00:00", "source": "BMKG ADM4 forecast points + IDW", "boundary": "SERPRO Carbon Project Zone", "interpretation": "Forecast surface clipped to project boundary; not direct station observation" }, "geometry": { "type": "Point", "coordinates": [ 112.491463840018923, -3.212469798625082 ] } },
{ "type": "Feature", "properties": { "precipitation_mm": 0.0, "temperature_c": 24.010105516948808, "humidity_pct": 92.879704160463604, "cloud_cover_pct": 64.07219405726417, "wind_speed_ms": 5.0517420792557379, "forecast_datetime": "2026-10-04T04:00:00", "source": "BMKG ADM4 forecast points + IDW", "boundary": "SERPRO Carbon Project Zone", "interpretation": "Forecast surface clipped to project boundary; not direct station observation" }, "geometry": { "type": "Point", "coordinates": [ 112.491450730192881, -3.203425854936342 ] } },
{ "type": "Feature", "properties": { "precipitation_mm": 0.0, "temperature_c": 24.010260491002324, "humidity_pct": 92.891814123679353, "cloud_cover_pct": 64.108930885273608, "wind_speed_ms": 5.060938597383557, "forecast_datetime": "2026-10-04T04:00:00", "source": "BMKG ADM4 forecast points + IDW", "boundary": "SERPRO Carbon Project Zone", "interpretation": "Forecast surface clipped to project boundary; not direct station observation" }, "geometry": { "type": "Point", "coordinates": [ 112.491437657517437, -3.194381909594534 ] } },
{ "type": "Feature", "properties": { "precipitation_mm": 0.0, "temperature_c": 24.012528360022138, "humidity_pct": 92.888962210727527, "cloud_cover_pct": 64.186516619153664, "wind_speed_ms": 5.1065546589487862, "forecast_datetime": "2026-10-04T04:00:00", "source": "BMKG ADM4 forecast points + IDW", "boundary": "SERPRO Carbon Project Zone", "interpretation": "Forecast surface clipped to project boundary; not direct station observation" }, "geometry": { "type": "Point", "coordinates": [ 112.491424621990973, -3.185337962604303 ] } },
{ "type": "Feature", "properties": { "precipitation_mm": 0.0, "temperature_c": 24.016312703700322, "humidity_pct": 92.888378263381995, "cloud_cover_pct": 64.327468132347391, "wind_speed_ms": 5.1849602253888483, "forecast_datetime": "2026-10-04T04:00:00", "source": "BMKG ADM4 forecast points + IDW", "boundary": "SERPRO Carbon Project Zone", "interpretation": "Forecast surface clipped to project boundary; not direct station observation" }, "geometry": { "type": "Point", "coordinates": [ 112.491411623611882, -3.176294013970301 ] } },
{ "type": "Feature", "properties": { "precipitation_mm": 0.0, "temperature_c": 24.020779357521242, "humidity_pct": 92.907772405110478, "cloud_cover_pct": 64.547892698892852, "wind_speed_ms": 5.2883715293168985, "forecast_datetime": "2026-10-04T04:00:00", "source": "BMKG ADM4 forecast points + IDW", "boundary": "SERPRO Carbon Project Zone", "interpretation": "Forecast surface clipped to project boundary; not direct station observation" }, "geometry": { "type": "Point", "coordinates": [ 112.491398662378558, -3.167250063697175 ] } },
{ "type": "Feature", "properties": { "precipitation_mm": 0.0, "temperature_c": 24.025066234935053, "humidity_pct": 92.960762616189058, "cloud_cover_pct": 64.853888381643813, "wind_speed_ms": 5.4070784653891613, "forecast_datetime": "2026-10-04T04:00:00", "source": "BMKG ADM4 forecast points + IDW", "boundary": "SERPRO Carbon Project Zone", "interpretation": "Forecast surface clipped to project boundary; not direct station observation" }, "geometry": { "type": "Point", "coordinates": [ 112.491385738289409, -3.158206111789577 ] } },
{ "type": "Feature", "properties": { "precipitation_mm": 0.0, "temperature_c": 24.028449330918605, "humidity_pct": 93.054613616195894, "cloud_cover_pct": 65.241241342840141, "wind_speed_ms": 5.5313205235375973, "forecast_datetime": "2026-10-04T04:00:00", "source": "BMKG ADM4 forecast points + IDW", "boundary": "SERPRO Carbon Project Zone", "interpretation": "Forecast surface clipped to project boundary; not direct station observation" }, "geometry": { "type": "Point", "coordinates": [ 112.491372851342817, -3.149162158252154 ] } },
{ "type": "Feature", "properties": { "precipitation_mm": 0.0, "temperature_c": 24.03043691746716, "humidity_pct": 93.190074939303557, "cloud_cover_pct": 65.697344079990884, "wind_speed_ms": 5.6524719929039922, "forecast_datetime": "2026-10-04T04:00:00", "source": "BMKG ADM4 forecast points + IDW", "boundary": "SERPRO Carbon Project Zone", "interpretation": "Forecast surface clipped to project boundary; not direct station observation" }, "geometry": { "type": "Point", "coordinates": [ 112.491360001537203, -3.140118203089557 ] } },
{ "type": "Feature", "properties": { "precipitation_mm": 0.0, "temperature_c": 24.030800384200685, "humidity_pct": 93.362482549531279, "cloud_cover_pct": 66.204078459150921, "wind_speed_ms": 5.7636821641243543, "forecast_datetime": "2026-10-04T04:00:00", "source": "BMKG ADM4 forecast points + IDW", "boundary": "SERPRO Carbon Project Zone", "interpretation": "Forecast surface clipped to project boundary; not direct station observation" }, "geometry": { "type": "Point", "coordinates": [ 112.491347188870989, -3.131074246306437 ] } },
{ "type": "Feature", "properties": { "precipitation_mm": 0.0, "temperature_c": 24.029559050976136, "humidity_pct": 93.563332425960468, "cloud_cover_pct": 66.740604043404545, "wind_speed_ms": 5.860161824346477, "forecast_datetime": "2026-10-04T04:00:00", "source": "BMKG ADM4 forecast points + IDW", "boundary": "SERPRO Carbon Project Zone", "interpretation": "Forecast surface clipped to project boundary; not direct station observation" }, "geometry": { "type": "Point", "coordinates": [ 112.491334413342585, -3.122030287907444 ] } },
{ "type": "Feature", "properties": { "precipitation_mm": 0.0, "temperature_c": 24.026937413454604, "humidity_pct": 93.781699402739378, "cloud_cover_pct": 67.285152936512162, "wind_speed_ms": 5.9392129330169965, "forecast_datetime": "2026-10-04T04:00:00", "source": "BMKG ADM4 forecast points + IDW", "boundary": "SERPRO Carbon Project Zone", "interpretation": "Forecast surface clipped to project boundary; not direct station observation" }, "geometry": { "type": "Point", "coordinates": [ 112.491321674950399, -3.112986327897227 ] } },
{ "type": "Feature", "properties": { "precipitation_mm": 0.0, "temperature_c": 24.023313959628833, "humidity_pct": 94.005080576728545, "cloud_cover_pct": 67.815287751118376, "wind_speed_ms": 6.0000652708686797, "forecast_datetime": "2026-10-04T04:00:00", "source": "BMKG ADM4 forecast points + IDW", "boundary": "SERPRO Carbon Project Zone", "interpretation": "Forecast surface clipped to project boundary; not direct station observation" }, "geometry": { "type": "Point", "coordinates": [ 112.491308973692881, -3.103942366280437 ] } },
{ "type": "Feature", "properties": { "precipitation_mm": 0.0, "temperature_c": 24.019175442137538, "humidity_pct": 94.21964101584949, "cloud_cover_pct": 68.306929256765528, "wind_speed_ms": 6.0436095880229521, "forecast_datetime": "2026-10-04T04:00:00", "source": "BMKG ADM4 forecast points + IDW", "boundary": "SERPRO Carbon Project Zone", "interpretation": "Forecast surface clipped to project boundary; not direct station observation" }, "geometry": { "type": "Point", "coordinates": [ 112.491296309568455, -3.094898403061723 ] } },
{ "type": "Feature", "properties": { "precipitation_mm": 0.0, "temperature_c": 24.015074950733656, "humidity_pct": 94.410451110095579, "cloud_cover_pct": 68.73372180963257, "wind_speed_ms": 6.0721103216124925, "forecast_datetime": "2026-10-04T04:00:00", "source": "BMKG ADM4 forecast points + IDW", "boundary": "SERPRO Carbon Project Zone", "interpretation": "Forecast surface clipped to project boundary; not direct station observation" }, "geometry": { "type": "Point", "coordinates": [ 112.491283682575542, -3.08585443824574 ] } },
{ "type": "Feature", "properties": { "precipitation_mm": 0.0, "temperature_c": 24.011574362961696, "humidity_pct": 94.562765036040901, "cloud_cover_pct": 69.069142679826669, "wind_speed_ms": 6.0888905036249694, "forecast_datetime": "2026-10-04T04:00:00", "source": "BMKG ADM4 forecast points + IDW", "boundary": "SERPRO Carbon Project Zone", "interpretation": "Forecast surface clipped to project boundary; not direct station observation" }, "geometry": { "type": "Point", "coordinates": [ 112.491271092712594, -3.076810471837134 ] } },
{ "type": "Feature", "properties": { "precipitation_mm": 0.0, "temperature_c": 24.009153722644914, "humidity_pct": 94.664955343735656, "cloud_cover_pct": 69.292613712087316, "wind_speed_ms": 6.0978762017630554, "forecast_datetime": "2026-10-04T04:00:00", "source": "BMKG ADM4 forecast points + IDW", "boundary": "SERPRO Carbon Project Zone", "interpretation": "Forecast surface clipped to project boundary; not direct station observation" }, "geometry": { "type": "Point", "coordinates": [ 112.491258539978062, -3.06776650384056 ] } },
{ "type": "Feature", "properties": { "precipitation_mm": 0.0, "temperature_c": 24.00810626824946, "humidity_pct": 94.712086041204955, "cloud_cover_pct": 69.397192336254108, "wind_speed_ms": 6.1029321290386918, "forecast_datetime": "2026-10-04T04:00:00", "source": "BMKG ADM4 forecast points + IDW", "boundary": "SERPRO Carbon Project Zone", "interpretation": "Forecast surface clipped to project boundary; not direct station observation" }, "geometry": { "type": "Point", "coordinates": [ 112.491246024370398, -3.058722534260665 ] } },
{ "type": "Feature", "properties": { "precipitation_mm": 0.0, "temperature_c": 24.008478203600841, "humidity_pct": 94.707664975721173, "cloud_cover_pct": 69.393323448574364, "wind_speed_ms": 6.1071558027021702, "forecast_datetime": "2026-10-04T04:00:00", "source": "BMKG ADM4 forecast points + IDW", "boundary": "SERPRO Carbon Project Zone", "interpretation": "Forecast surface clipped to project boundary; not direct station observation" }, "geometry": { "type": "Point", "coordinates": [ 112.491233545888036, -3.049678563102104 ] } },
{ "type": "Feature", "properties": { "precipitation_mm": 0.0, "temperature_c": 24.010098552482663, "humidity_pct": 94.661987420811784, "cloud_cover_pct": 69.30519112219514, "wind_speed_ms": 6.112463527365934, "forecast_datetime": "2026-10-04T04:00:00", "source": "BMKG ADM4 forecast points + IDW", "boundary": "SERPRO Carbon Project Zone", "interpretation": "Forecast surface clipped to project boundary; not direct station observation" }, "geometry": { "type": "Point", "coordinates": [ 112.491221104529458, -3.040634590369526 ] } },
{ "type": "Feature", "properties": { "precipitation_mm": 0.0, "temperature_c": 24.012678328615205, "humidity_pct": 94.588160428190037, "cloud_cover_pct": 69.162129271188121, "wind_speed_ms": 6.1196390274291392, "forecast_datetime": "2026-10-04T04:00:00", "source": "BMKG ADM4 forecast points + IDW", "boundary": "SERPRO Carbon Project Zone", "interpretation": "Forecast surface clipped to project boundary; not direct station observation" }, "geometry": { "type": "Point", "coordinates": [ 112.491208700293114, -3.031590616067585 ] } },
{ "type": "Feature", "properties": { "precipitation_mm": 0.0, "temperature_c": 24.015914883027744, "humidity_pct": 94.498342092632029, "cloud_cover_pct": 68.990633898736434, "wind_speed_ms": 6.1286970307765394, "forecast_datetime": "2026-10-04T04:00:00", "source": "BMKG ADM4 forecast points + IDW", "boundary": "SERPRO Carbon Project Zone", "interpretation": "Forecast surface clipped to project boundary; not direct station observation" }, "geometry": { "type": "Point", "coordinates": [ 112.49119633317747, -3.022546640200931 ] } },
{ "type": "Feature", "properties": { "precipitation_mm": 0.0, "temperature_c": 24.019555665373989, "humidity_pct": 94.401762248064657, "cloud_cover_pct": 68.81031750851453, "wind_speed_ms": 6.1392885297190407, "forecast_datetime": "2026-10-04T04:00:00", "source": "BMKG ADM4 forecast points + IDW", "boundary": "SERPRO Carbon Project Zone", "interpretation": "Forecast surface clipped to project boundary; not direct station observation" }, "geometry": { "type": "Point", "coordinates": [ 112.491184003181019, -3.013502662774215 ] } },
{ "type": "Feature", "properties": { "precipitation_mm": 0.0, "temperature_c": 24.023417239144056, "humidity_pct": 94.304452880492548, "cloud_cover_pct": 68.633562332806619, "wind_speed_ms": 6.1509811350274903, "forecast_datetime": "2026-10-04T04:00:00", "source": "BMKG ADM4 forecast points + IDW", "boundary": "SERPRO Carbon Project Zone", "interpretation": "Forecast surface clipped to project boundary; not direct station observation" }, "geometry": { "type": "Point", "coordinates": [ 112.491171710302211, -3.004458683792092 ] } },
{ "type": "Feature", "properties": { "precipitation_mm": 0.0, "temperature_c": 24.027377692052706, "humidity_pct": 94.209873591877482, "cloud_cover_pct": 68.467054799402703, "wind_speed_ms": 6.1633943424587931, "forecast_datetime": "2026-10-04T04:00:00", "source": "BMKG ADM4 forecast points + IDW", "boundary": "SERPRO Carbon Project Zone", "interpretation": "Forecast surface clipped to project boundary; not direct station observation" }, "geometry": { "type": "Point", "coordinates": [ 112.491159454539542, -2.995414703259212 ] } },
{ "type": "Feature", "properties": { "precipitation_mm": 0.0, "temperature_c": 24.031360312726971, "humidity_pct": 94.119736536469858, "cloud_cover_pct": 68.313686038301526, "wind_speed_ms": 6.1762384118215898, "forecast_datetime": "2026-10-04T04:00:00", "source": "BMKG ADM4 forecast points + IDW", "boundary": "SERPRO Carbon Project Zone", "interpretation": "Forecast surface clipped to project boundary; not direct station observation" }, "geometry": { "type": "Point", "coordinates": [ 112.491147235891503, -2.986370721180228 ] } },
{ "type": "Feature", "properties": { "precipitation_mm": 0.0, "temperature_c": 24.035318214998714, "humidity_pct": 94.034695972193745, "cloud_cover_pct": 68.174107328942497, "wind_speed_ms": 6.1893080133500336, "forecast_datetime": "2026-10-04T04:00:00", "source": "BMKG ADM4 forecast points + IDW", "boundary": "SERPRO Carbon Project Zone", "interpretation": "Forecast surface clipped to project boundary; not direct station observation" }, "geometry": { "type": "Point", "coordinates": [ 112.49113505435659, -2.977326737559792 ] } },
{ "type": "Feature", "properties": { "precipitation_mm": 0.0, "temperature_c": 24.0392229969388, "humidity_pct": 93.954823674728402, "cloud_cover_pct": 68.047788052920424, "wind_speed_ms": 6.2024620975752578, "forecast_datetime": "2026-10-04T04:00:00", "source": "BMKG ADM4 forecast points + IDW", "boundary": "SERPRO Carbon Project Zone", "interpretation": "Forecast surface clipped to project boundary; not direct station observation" }, "geometry": { "type": "Point", "coordinates": [ 112.491122909933281, -2.968282752402557 ] } },
{ "type": "Feature", "properties": { "precipitation_mm": 0.0, "temperature_c": 24.043057342624529, "humidity_pct": 93.879901831797056, "cloud_cover_pct": 67.933658838144083, "wind_speed_ms": 6.2156040888697826, "forecast_datetime": "2026-10-04T04:00:00", "source": "BMKG ADM4 forecast points + IDW", "boundary": "SERPRO Carbon Project Zone", "interpretation": "Forecast surface clipped to project boundary; not direct station observation" }, "geometry": { "type": "Point", "coordinates": [ 112.491110802620085, -2.959238765713175 ] } },
{ "type": "Feature", "properties": { "precipitation_mm": 0.0, "temperature_c": 24.026737852132701, "humidity_pct": 92.568612402518582, "cloud_cover_pct": 63.907918412603479, "wind_speed_ms": 5.2465348415054445, "forecast_datetime": "2026-10-04T04:00:00", "source": "BMKG ADM4 forecast points + IDW", "boundary": "SERPRO Carbon Project Zone", "interpretation": "Forecast surface clipped to project boundary; not direct station observation" }, "geometry": { "type": "Point", "coordinates": [ 112.500501339431523, -3.239588272111241 ] } },
{ "type": "Feature", "properties": { "precipitation_mm": 0.0, "temperature_c": 24.019014498936819, "humidity_pct": 92.693585244568794, "cloud_cover_pct": 63.947145659371479, "wind_speed_ms": 5.1543860519770321, "forecast_datetime": "2026-10-04T04:00:00", "source": "BMKG ADM4 forecast points + IDW", "boundary": "SERPRO Carbon Project Zone", "interpretation": "Forecast surface clipped to project boundary; not direct station observation" }, "geometry": { "type": "Point", "coordinates": [ 112.500488038455259, -3.230544370747941 ] } },
{ "type": "Feature", "properties": { "precipitation_mm": 0.0, "temperature_c": 24.012300635591881, "humidity_pct": 92.806186586515508, "cloud_cover_pct": 63.981751433834894, "wind_speed_ms": 5.0698357272514372, "forecast_datetime": "2026-10-04T04:00:00", "source": "BMKG ADM4 forecast points + IDW", "boundary": "SERPRO Carbon Project Zone", "interpretation": "Forecast surface clipped to project boundary; not direct station observation" }, "geometry": { "type": "Point", "coordinates": [ 112.500474774858404, -3.221500467716991 ] } },
{ "type": "Feature", "properties": { "precipitation_mm": 0.0, "temperature_c": 24.007319965308525, "humidity_pct": 92.890012465081298, "cloud_cover_pct": 64.003829988545462, "wind_speed_ms": 5.0043598948894177, "forecast_datetime": "2026-10-04T04:00:00", "source": "BMKG ADM4 forecast points + IDW", "boundary": "SERPRO Carbon Project Zone", "interpretation": "Forecast surface clipped to project boundary; not direct station observation" }, "geometry": { "type": "Point", "coordinates": [ 112.500461548639308, -3.212456563023044 ] } },
{ "type": "Feature", "properties": { "precipitation_mm": 0.0, "temperature_c": 24.00480114970787, "humidity_pct": 92.933169826682061, "cloud_cover_pct": 64.015763397656471, "wind_speed_ms": 4.9708152182998768, "forecast_datetime": "2026-10-04T04:00:00", "source": "BMKG ADM4 forecast points + IDW", "boundary": "SERPRO Carbon Project Zone", "interpretation": "Forecast surface clipped to project boundary; not direct station observation" }, "geometry": { "type": "Point", "coordinates": [ 112.500448359796366, -3.203412656670749 ] } },
{ "type": "Feature", "properties": { "precipitation_mm": 0.0, "temperature_c": 24.005121400773554, "humidity_pct": 92.936211982946233, "cloud_cover_pct": 64.034933544820973, "wind_speed_ms": 4.9784479520125275, "forecast_datetime": "2026-10-04T04:00:00", "source": "BMKG ADM4 forecast points + IDW", "boundary": "SERPRO Carbon Project Zone", "interpretation": "Forecast surface clipped to project boundary; not direct station observation" }, "geometry": { "type": "Point", "coordinates": [ 112.500435208327943, -3.194368748664758 ] } },
{ "type": "Feature", "properties": { "precipitation_mm": 0.0, "temperature_c": 24.008058947729179, "humidity_pct": 92.914157737141849, "cloud_cover_pct": 64.090058256283314, "wind_speed_ms": 5.0289679671514644, "forecast_datetime": "2026-10-04T04:00:00", "source": "BMKG ADM4 forecast points + IDW", "boundary": "SERPRO Carbon Project Zone", "interpretation": "Forecast surface clipped to project boundary; not direct station observation" }, "geometry": { "type": "Point", "coordinates": [ 112.50042209423242, -3.18532483900972 ] } },
{ "type": "Feature", "properties": { "precipitation_mm": 0.0, "temperature_c": 24.012845485956767, "humidity_pct": 92.890666060988679, "cloud_cover_pct": 64.211101980182974, "wind_speed_ms": 5.1165454340990486, "forecast_datetime": "2026-10-04T04:00:00", "source": "BMKG ADM4 forecast points + IDW", "boundary": "SERPRO Carbon Project Zone", "interpretation": "Forecast surface clipped to project boundary; not direct station observation" }, "geometry": { "type": "Point", "coordinates": [ 112.500409017508147, -3.176280927710287 ] } },
{ "type": "Feature", "properties": { "precipitation_mm": 0.0, "temperature_c": 24.018438805635238, "humidity_pct": 92.889349510604859, "cloud_cover_pct": 64.419984164613339, "wind_speed_ms": 5.2309007180939764, "forecast_datetime": "2026-10-04T04:00:00", "source": "BMKG ADM4 forecast points + IDW", "boundary": "SERPRO Carbon Project Zone", "interpretation": "Forecast surface clipped to project boundary; not direct station observation" }, "geometry": { "type": "Point", "coordinates": [ 112.500395978153534, -3.16723701477111 ] } },
{ "type": "Feature", "properties": { "precipitation_mm": 0.0, "temperature_c": 24.023804819163853, "humidity_pct": 92.927760375417208, "cloud_cover_pct": 64.726500051305479, "wind_speed_ms": 5.3606520633994146, "forecast_datetime": "2026-10-04T04:00:00", "source": "BMKG ADM4 forecast points + IDW", "boundary": "SERPRO Carbon Project Zone", "interpretation": "Forecast surface clipped to project boundary; not direct station observation" }, "geometry": { "type": "Point", "coordinates": [ 112.500382976166975, -3.158193100196839 ] } },
{ "type": "Feature", "properties": { "precipitation_mm": 0.0, "temperature_c": 24.028094660495732, "humidity_pct": 93.015367394853186, "cloud_cover_pct": 65.12869375881229, "wind_speed_ms": 5.4953113516393017, "forecast_datetime": "2026-10-04T04:00:00", "source": "BMKG ADM4 forecast points + IDW", "boundary": "SERPRO Carbon Project Zone", "interpretation": "Forecast surface clipped to project boundary; not direct station observation" }, "geometry": { "type": "Point", "coordinates": [ 112.500370011546835, -3.149149183992129 ] } },
{ "type": "Feature", "properties": { "precipitation_mm": 0.0, "temperature_c": 24.030723575881556, "humidity_pct": 93.154029771442069, "cloud_cover_pct": 65.615194195652791, "wind_speed_ms": 5.6260561352311411, "forecast_datetime": "2026-10-04T04:00:00", "source": "BMKG ADM4 forecast points + IDW", "boundary": "SERPRO Carbon Project Zone", "interpretation": "Forecast surface clipped to project boundary; not direct station observation" }, "geometry": { "type": "Point", "coordinates": [ 112.500357084291537, -3.140105266161628 ] } },
{ "type": "Feature", "properties": { "precipitation_mm": 0.0, "temperature_c": 24.031392774270039, "humidity_pct": 93.339377312809773, "cloud_cover_pct": 66.167861026167998, "wind_speed_ms": 5.7459433591925357, "forecast_datetime": "2026-10-04T04:00:00", "source": "BMKG ADM4 forecast points + IDW", "boundary": "SERPRO Carbon Project Zone", "interpretation": "Forecast surface clipped to project boundary; not direct station observation" }, "geometry": { "type": "Point", "coordinates": [ 112.500344194399489, -3.13106134670999 ] } },
{ "type": "Feature", "properties": { "precipitation_mm": 0.0, "temperature_c": 24.030080747702602, "humidity_pct": 93.562256526754041, "cloud_cover_pct": 66.763973701701005, "wind_speed_ms": 5.84997541129853, "forecast_datetime": "2026-10-04T04:00:00", "source": "BMKG ADM4 forecast points + IDW", "boundary": "SERPRO Carbon Project Zone", "interpretation": "Forecast surface clipped to project boundary; not direct station observation" }, "geometry": { "type": "Point", "coordinates": [ 112.500331341869071, -3.122017425641865 ] } },
{ "type": "Feature", "properties": { "precipitation_mm": 0.0, "temperature_c": 24.027016522323159, "humidity_pct": 93.809868220288706, "cloud_cover_pct": 67.377499756606738, "wind_speed_ms": 5.9351180028046411, "forecast_datetime": "2026-10-04T04:00:00", "source": "BMKG ADM4 forecast points + IDW", "boundary": "SERPRO Carbon Project Zone", "interpretation": "Forecast surface clipped to project boundary; not direct station observation" }, "geometry": { "type": "Point", "coordinates": [ 112.50031852669872, -3.112973502961907 ] } },
{ "type": "Feature", "properties": { "precipitation_mm": 0.0, "temperature_c": 24.022643414511322, "humidity_pct": 94.066458120499689, "cloud_cover_pct": 67.979273092038156, "wind_speed_ms": 6.0002569555573055, "forecast_datetime": "2026-10-04T04:00:00", "source": "BMKG ADM4 forecast points + IDW", "boundary": "SERPRO Carbon Project Zone", "interpretation": "Forecast surface clipped to project boundary; not direct station observation" }, "geometry": { "type": "Point", "coordinates": [ 112.500305748886845, -3.103929578674766 ] } },
{ "type": "Feature", "properties": { "precipitation_mm": 0.0, "temperature_c": 24.017576552880275, "humidity_pct": 94.313785481769116, "cloud_cover_pct": 68.536723227632876, "wind_speed_ms": 6.0460966979776947, "forecast_datetime": "2026-10-04T04:00:00", "source": "BMKG ADM4 forecast points + IDW", "boundary": "SERPRO Carbon Project Zone", "interpretation": "Forecast surface clipped to project boundary; not direct station observation" }, "geometry": { "type": "Point", "coordinates": [ 112.500293008431882, -3.094885652785096 ] } },
{ "type": "Feature", "properties": { "precipitation_mm": 0.0, "temperature_c": 24.012543378132694, "humidity_pct": 94.532134743734829, "cloud_cover_pct": 69.014951194277799, "wind_speed_ms": 6.0750039496216575, "forecast_datetime": "2026-10-04T04:00:00", "source": "BMKG ADM4 forecast points + IDW", "boundary": "SERPRO Carbon Project Zone", "interpretation": "Forecast surface clipped to project boundary; not direct station observation" }, "geometry": { "type": "Point", "coordinates": [ 112.500280305332225, -3.08584172529755 ] } },
{ "type": "Feature", "properties": { "precipitation_mm": 0.0, "temperature_c": 24.008284935918763, "humidity_pct": 94.70284972787276, "cloud_cover_pct": 69.381292341941659, "wind_speed_ms": 6.0907210188303553, "forecast_datetime": "2026-10-04T04:00:00", "source": "BMKG ADM4 forecast points + IDW", "boundary": "SERPRO Carbon Project Zone", "interpretation": "Forecast surface clipped to project boundary; not direct station observation" }, "geometry": { "type": "Point", "coordinates": [ 112.500267639586355, -3.076797796216779 ] } },
{ "type": "Feature", "properties": { "precipitation_mm": 0.0, "temperature_c": 24.005412861838192, "humidity_pct": 94.812481692230961, "cloud_cover_pct": 69.613487090237996, "wind_speed_ms": 6.0978058232129664, "forecast_datetime": "2026-10-04T04:00:00", "source": "BMKG ADM4 forecast points + IDW", "boundary": "SERPRO Carbon Project Zone", "interpretation": "Forecast surface clipped to project boundary; not direct station observation" }, "geometry": { "type": "Point", "coordinates": [ 112.50025501119265, -3.067753865547437 ] } },
{ "type": "Feature", "properties": { "precipitation_mm": 0.0, "temperature_c": 24.004267860877903, "humidity_pct": 94.856767252793446, "cloud_cover_pct": 69.707595630035584, "wind_speed_ms": 6.1007764839377403, "forecast_datetime": "2026-10-04T04:00:00", "source": "BMKG ADM4 forecast points + IDW", "boundary": "SERPRO Carbon Project Zone", "interpretation": "Forecast surface clipped to project boundary; not direct station observation" }, "geometry": { "type": "Point", "coordinates": [ 112.50024242014959, -3.058709933294176 ] } },
{ "type": "Feature", "properties": { "precipitation_mm": 0.0, "temperature_c": 24.004860034849305, "humidity_pct": 94.841696216780505, "cloud_cover_pct": 69.679899312225601, "wind_speed_ms": 6.1032330310758685, "forecast_datetime": "2026-10-04T04:00:00", "source": "BMKG ADM4 forecast points + IDW", "boundary": "SERPRO Carbon Project Zone", "interpretation": "Forecast surface clipped to project boundary; not direct station observation" }, "geometry": { "type": "Point", "coordinates": [ 112.500229866455612, -3.04966599946165 ] } },
{ "type": "Feature", "properties": { "precipitation_mm": 0.0, "temperature_c": 24.006930916865169, "humidity_pct": 94.780642468980986, "cloud_cover_pct": 69.560748693806602, "wind_speed_ms": 6.1073677114049225, "forecast_datetime": "2026-10-04T04:00:00", "source": "BMKG ADM4 forecast points + IDW", "boundary": "SERPRO Carbon Project Zone", "interpretation": "Forecast surface clipped to project boundary; not direct station observation" }, "geometry": { "type": "Point", "coordinates": [ 112.500217350109153, -3.040622064054511 ] } },
{ "type": "Feature", "properties": { "precipitation_mm": 0.0, "temperature_c": 24.010091835526715, "humidity_pct": 94.689431798657495, "cloud_cover_pct": 69.384360448478844, "wind_speed_ms": 6.1140334273319699, "forecast_datetime": "2026-10-04T04:00:00", "source": "BMKG ADM4 forecast points + IDW", "boundary": "SERPRO Carbon Project Zone", "interpretation": "Forecast surface clipped to project boundary; not direct station observation" }, "geometry": { "type": "Point", "coordinates": [ 112.500204871108693, -3.031578127077414 ] } },
{ "type": "Feature", "properties": { "precipitation_mm": 0.0, "temperature_c": 24.013955071524997, "humidity_pct": 94.582180745610998, "cloud_cover_pct": 69.180426924683914, "wind_speed_ms": 6.1231749561243412, "forecast_datetime": "2026-10-04T04:00:00", "source": "BMKG ADM4 forecast points + IDW", "boundary": "SERPRO Carbon Project Zone", "interpretation": "Forecast surface clipped to project boundary; not direct station observation" }, "geometry": { "type": "Point", "coordinates": [ 112.500192429452667, -3.022534188535012 ] } },
{ "type": "Feature", "properties": { "precipitation_mm": 0.0, "temperature_c": 24.018208073382386, "humidity_pct": 94.46931920275874, "cloud_cover_pct": 68.970342948000251, "wind_speed_ms": 6.1343061773904806, "forecast_datetime": "2026-10-04T04:00:00", "source": "BMKG ADM4 forecast points + IDW", "boundary": "SERPRO Carbon Project Zone", "interpretation": "Forecast surface clipped to project boundary; not direct station observation" }, "geometry": { "type": "Point", "coordinates": [ 112.500180025139542, -3.013490248431958 ] } },
{ "type": "Feature", "properties": { "precipitation_mm": 0.0, "temperature_c": 24.022631753730838, "humidity_pct": 94.357487864804625, "cloud_cover_pct": 68.767288527382732, "wind_speed_ms": 6.1468444175256343, "forecast_datetime": "2026-10-04T04:00:00", "source": "BMKG ADM4 forecast points + IDW", "boundary": "SERPRO Carbon Project Zone", "interpretation": "Forecast surface clipped to project boundary; not direct station observation" }, "geometry": { "type": "Point", "coordinates": [ 112.500167658167783, -3.004446306772905 ] } },
{ "type": "Feature", "properties": { "precipitation_mm": 0.0, "temperature_c": 24.027087316444717, "humidity_pct": 94.25035414025119, "cloud_cover_pct": 68.578130685540728, "wind_speed_ms": 6.1602766021382269, "forecast_datetime": "2026-10-04T04:00:00", "source": "BMKG ADM4 forecast points + IDW", "boundary": "SERPRO Carbon Project Zone", "interpretation": "Forecast surface clipped to project boundary; not direct station observation" }, "geometry": { "type": "Point", "coordinates": [ 112.500155328535897, -2.99540236356251 ] } },
{ "type": "Feature", "properties": { "precipitation_mm": 0.0, "temperature_c": 24.031493616464704, "humidity_pct": 94.149595708827533, "cloud_cover_pct": 68.405589172758496, "wind_speed_ms": 6.1742102440811601, "forecast_datetime": "2026-10-04T04:00:00", "source": "BMKG ADM4 forecast points + IDW", "boundary": "SERPRO Carbon Project Zone", "interpretation": "Forecast surface clipped to project boundary; not direct station observation" }, "geometry": { "type": "Point", "coordinates": [ 112.500143036242306, -2.986358418805425 ] } },
{ "type": "Feature", "properties": { "precipitation_mm": 0.0, "temperature_c": 24.035806591175703, "humidity_pct": 94.055704308138218, "cloud_cover_pct": 68.249969016071361, "wind_speed_ms": 6.1883676557092464, "forecast_datetime": "2026-10-04T04:00:00", "source": "BMKG ADM4 forecast points + IDW", "boundary": "SERPRO Carbon Project Zone", "interpretation": "Forecast surface clipped to project boundary; not direct station observation" }, "geometry": { "type": "Point", "coordinates": [ 112.500130781285549, -2.977314472506304 ] } },
{ "type": "Feature", "properties": { "precipitation_mm": 0.0, "temperature_c": 24.04000428933027, "humidity_pct": 93.968535364272554, "cloud_cover_pct": 68.110329161661255, "wind_speed_ms": 6.2025610413830972, "forecast_datetime": "2026-10-04T04:00:00", "source": "BMKG ADM4 forecast points + IDW", "boundary": "SERPRO Carbon Project Zone", "interpretation": "Forecast surface clipped to project boundary; not direct station observation" }, "geometry": { "type": "Point", "coordinates": [ 112.500118563664074, -2.9682705246698 ] } },
{ "type": "Feature", "properties": { "precipitation_mm": 0.0, "temperature_c": 24.044077203956899, "humidity_pct": 93.887644744350126, "cloud_cover_pct": 67.985189460109993, "wind_speed_ms": 6.2166664778572587, "forecast_datetime": "2026-10-04T04:00:00", "source": "BMKG ADM4 forecast points + IDW", "boundary": "SERPRO Carbon Project Zone", "interpretation": "Forecast surface clipped to project boundary; not direct station observation" }, "geometry": { "type": "Point", "coordinates": [ 112.500106383376391, -2.959226575300572 ] } },
{ "type": "Feature", "properties": { "precipitation_mm": 0.0, "temperature_c": 24.05219875563753, "humidity_pct": 92.154121869492229, "cloud_cover_pct": 63.720910167363726, "wind_speed_ms": 5.5125015401970465, "forecast_datetime": "2026-10-04T04:00:00", "source": "BMKG ADM4 forecast points + IDW", "boundary": "SERPRO Carbon Project Zone", "interpretation": "Forecast surface clipped to project boundary; not direct station observation" }, "geometry": { "type": "Point", "coordinates": [ 112.509539616691811, -3.266706425633908 ] } },
{ "type": "Feature", "properties": { "precipitation_mm": 0.0, "temperature_c": 24.043192697887765, "humidity_pct": 92.261139087870575, "cloud_cover_pct": 63.725625866682286, "wind_speed_ms": 5.4245308043776994, "forecast_datetime": "2026-10-04T04:00:00", "source": "BMKG ADM4 forecast points + IDW", "boundary": "SERPRO Carbon Project Zone", "interpretation": "Forecast surface clipped to project boundary; not direct station observation" }, "geometry": { "type": "Point", "coordinates": [ 112.509526123208488, -3.257662566866077 ] } },
{ "type": "Feature", "properties": { "precipitation_mm": 0.0, "temperature_c": 24.034316616132521, "humidity_pct": 92.386127243193116, "cloud_cover_pct": 63.755784881025079, "wind_speed_ms": 5.3313855565355599, "forecast_datetime": "2026-10-04T04:00:00", "source": "BMKG ADM4 forecast points + IDW", "boundary": "SERPRO Carbon Project Zone", "interpretation": "Forecast surface clipped to project boundary; not direct station observation" }, "geometry": { "type": "Point", "coordinates": [ 112.509512667333482, -3.248618706416005 ] } },
{ "type": "Feature", "properties": { "precipitation_mm": 0.0, "temperature_c": 24.025602255333229, "humidity_pct": 92.528037240850395, "cloud_cover_pct": 63.809273921154016, "wind_speed_ms": 5.2328032728666596, "forecast_datetime": "2026-10-04T04:00:00", "source": "BMKG ADM4 forecast points + IDW", "boundary": "SERPRO Carbon Project Zone", "interpretation": "Forecast surface clipped to project boundary; not direct station observation" }, "geometry": { "type": "Point", "coordinates": [ 112.509499249065129, -3.239574844288346 ] } },
{ "type": "Feature", "properties": { "precipitation_mm": 0.0, "temperature_c": 24.017243031690668, "humidity_pct": 92.678896592026518, "cloud_cover_pct": 63.876676563111552, "wind_speed_ms": 5.1313060209759609, "forecast_datetime": "2026-10-04T04:00:00", "source": "BMKG ADM4 forecast points + IDW", "boundary": "SERPRO Carbon Project Zone", "interpretation": "Forecast surface clipped to project boundary; not direct station observation" }, "geometry": { "type": "Point", "coordinates": [ 112.509485868401811, -3.230530980487751 ] } },
{ "type": "Feature", "properties": { "precipitation_mm": 0.0, "temperature_c": 24.009760699198761, "humidity_pct": 92.820825914576218, "cloud_cover_pct": 63.940853077472809, "wind_speed_ms": 5.0348041346252179, "forecast_datetime": "2026-10-04T04:00:00", "source": "BMKG ADM4 forecast points + IDW", "boundary": "SERPRO Carbon Project Zone", "interpretation": "Forecast surface clipped to project boundary; not direct station observation" }, "geometry": { "type": "Point", "coordinates": [ 112.509472525341835, -3.221487115018871 ] } },
{ "type": "Feature", "properties": { "precipitation_mm": 0.0, "temperature_c": 24.004060342935329, "humidity_pct": 92.928554118175413, "cloud_cover_pct": 63.983426021439691, "wind_speed_ms": 4.9576414573379042, "forecast_datetime": "2026-10-04T04:00:00", "source": "BMKG ADM4 forecast points + IDW", "boundary": "SERPRO Carbon Project Zone", "interpretation": "Forecast surface clipped to project boundary; not direct station observation" }, "geometry": { "type": "Point", "coordinates": [ 112.509459219883567, -3.212443247886359 ] } },
{ "type": "Feature", "properties": { "precipitation_mm": 0.0, "temperature_c": 24.001154539761441, "humidity_pct": 92.981113980222531, "cloud_cover_pct": 63.998604188709038, "wind_speed_ms": 4.9168503854775212, "forecast_datetime": "2026-10-04T04:00:00", "source": "BMKG ADM4 forecast points + IDW", "boundary": "SERPRO Carbon Project Zone", "interpretation": "Forecast surface clipped to project boundary; not direct station observation" }, "geometry": { "type": "Point", "coordinates": [ 112.509445952025345, -3.203399379094867 ] } },
{ "type": "Feature", "properties": { "precipitation_mm": 0.0, "temperature_c": 24.001603402578919, "humidity_pct": 92.97642865212454, "cloud_cover_pct": 64.004041648762907, "wind_speed_ms": 4.9241250039180269, "forecast_datetime": "2026-10-04T04:00:00", "source": "BMKG ADM4 forecast points + IDW", "boundary": "SERPRO Carbon Project Zone", "interpretation": "Forecast surface clipped to project boundary; not direct station observation" }, "geometry": { "type": "Point", "coordinates": [ 112.509432721765563, -3.194355508649048 ] } },
{ "type": "Feature", "properties": { "precipitation_mm": 0.0, "temperature_c": 24.005134400229814, "humidity_pct": 92.934852271161205, "cloud_cover_pct": 64.036335737977296, "wind_speed_ms": 4.9800945374192507, "forecast_datetime": "2026-10-04T04:00:00", "source": "BMKG ADM4 forecast points + IDW", "boundary": "SERPRO Carbon Project Zone", "interpretation": "Forecast surface clipped to project boundary; not direct station observation" }, "geometry": { "type": "Point", "coordinates": [ 112.509419529102573, -3.185311636553554 ] } },
{ "type": "Feature", "properties": { "precipitation_mm": 0.0, "temperature_c": 24.01077721807555, "humidity_pct": 92.888366502228408, "cloud_cover_pct": 64.134667779601259, "wind_speed_ms": 5.075810776017895, "forecast_datetime": "2026-10-04T04:00:00", "source": "BMKG ADM4 forecast points + IDW", "boundary": "SERPRO Carbon Project Zone", "interpretation": "Forecast surface clipped to project boundary; not direct station observation" }, "geometry": { "type": "Point", "coordinates": [ 112.509406374034754, -3.176267762813039 ] } },
{ "type": "Feature", "properties": { "precipitation_mm": 0.0, "temperature_c": 24.017291495577901, "humidity_pct": 92.866905049353306, "cloud_cover_pct": 64.327277021786244, "wind_speed_ms": 5.1983694392187507, "forecast_datetime": "2026-10-04T04:00:00", "source": "BMKG ADM4 forecast points + IDW", "boundary": "SERPRO Carbon Project Zone", "interpretation": "Forecast surface clipped to project boundary; not direct station observation" }, "geometry": { "type": "Point", "coordinates": [ 112.509393256560458, -3.167223887432154 ] } },
{ "type": "Feature", "properties": { "precipitation_mm": 0.0, "temperature_c": 24.023513163216343, "humidity_pct": 92.891268128167653, "cloud_cover_pct": 64.627425513224267, "wind_speed_ms": 5.3352927317055219, "forecast_datetime": "2026-10-04T04:00:00", "source": "BMKG ADM4 forecast points + IDW", "boundary": "SERPRO Carbon Project Zone", "interpretation": "Forecast surface clipped to project boundary; not direct station observation" }, "geometry": { "type": "Point", "coordinates": [ 112.509380176678079, -3.158180010415554 ] } },
{ "type": "Feature", "properties": { "precipitation_mm": 0.0, "temperature_c": 24.028510991861864, "humidity_pct": 92.972329359628603, "cloud_cover_pct": 65.035265896165043, "wind_speed_ms": 5.4761175741761852, "forecast_datetime": "2026-10-04T04:00:00", "source": "BMKG ADM4 forecast points + IDW", "boundary": "SERPRO Carbon Project Zone", "interpretation": "Forecast surface clipped to project boundary; not direct station observation" }, "geometry": { "type": "Point", "coordinates": [ 112.509367134386011, -3.149136131767891 ] } },
{ "type": "Feature", "properties": { "precipitation_mm": 0.0, "temperature_c": 24.031631615415538, "humidity_pct": 93.112650206348448, "cloud_cover_pct": 65.540869208009354, "wind_speed_ms": 5.6124074196389531, "forecast_datetime": "2026-10-04T04:00:00", "source": "BMKG ADM4 forecast points + IDW", "boundary": "SERPRO Carbon Project Zone", "interpretation": "Forecast surface clipped to project boundary; not direct station observation" }, "geometry": { "type": "Point", "coordinates": [ 112.509354129682634, -3.140092251493818 ] } },
{ "type": "Feature", "properties": { "precipitation_mm": 0.0, "temperature_c": 24.032511311075343, "humidity_pct": 93.308136720806701, "cloud_cover_pct": 66.12649536063428, "wind_speed_ms": 5.7374574143264843, "forecast_datetime": "2026-10-04T04:00:00", "source": "BMKG ADM4 forecast points + IDW", "boundary": "SERPRO Carbon Project Zone", "interpretation": "Forecast surface clipped to project boundary; not direct station observation" }, "geometry": { "type": "Point", "coordinates": [ 112.509341162566315, -3.131048369597991 ] } },
{ "type": "Feature", "properties": { "precipitation_mm": 0.0, "temperature_c": 24.031081667385056, "humidity_pct": 93.549151092174753, "cloud_cover_pct": 66.767929148455195, "wind_speed_ms": 5.8461866939194591, "forecast_datetime": "2026-10-04T04:00:00", "source": "BMKG ADM4 forecast points + IDW", "boundary": "SERPRO Carbon Project Zone", "interpretation": "Forecast surface clipped to project boundary; not direct station observation" }, "geometry": { "type": "Point", "coordinates": [ 112.509328233035504, -3.122004486085062 ] } },
{ "type": "Feature", "properties": { "precipitation_mm": 0.0, "temperature_c": 24.027568340424097, "humidity_pct": 93.821178125390801, "cloud_cover_pct": 67.435075304681646, "wind_speed_ms": 5.9352222580108478, "forecast_datetime": "2026-10-04T04:00:00", "source": "BMKG ADM4 forecast points + IDW", "boundary": "SERPRO Carbon Project Zone", "interpretation": "Forecast surface clipped to project boundary; not direct station observation" }, "geometry": { "type": "Point", "coordinates": [ 112.50931534108858, -3.112960600959684 ] } },
{ "type": "Feature", "properties": { "precipitation_mm": 0.0, "temperature_c": 24.022475799885342, "humidity_pct": 94.105321725433399, "cloud_cover_pct": 68.092184719488813, "wind_speed_ms": 6.0030500219372547, "forecast_datetime": "2026-10-04T04:00:00", "source": "BMKG ADM4 forecast points + IDW", "boundary": "SERPRO Carbon Project Zone", "interpretation": "Forecast surface clipped to project boundary; not direct station observation" }, "geometry": { "type": "Point", "coordinates": [ 112.509302486723925, -3.103916714226511 ] } },
{ "type": "Feature", "properties": { "precipitation_mm": 0.0, "temperature_c": 24.016546919063892, "humidity_pct": 94.379152162376215, "cloud_cover_pct": 68.698725270725646, "wind_speed_ms": 6.0501323299165977, "forecast_datetime": "2026-10-04T04:00:00", "source": "BMKG ADM4 forecast points + IDW", "boundary": "SERPRO Carbon Project Zone", "interpretation": "Forecast surface clipped to project boundary; not direct station observation" }, "geometry": { "type": "Point", "coordinates": [ 112.509289669939989, -3.0948728258902 ] } },
{ "type": "Feature", "properties": { "precipitation_mm": 0.0, "temperature_c": 24.010677621681715, "humidity_pct": 94.618744741323326, "cloud_cover_pct": 69.212664731986166, "wind_speed_ms": 6.0788969278330436, "forecast_datetime": "2026-10-04T04:00:00", "source": "BMKG ADM4 forecast points + IDW", "boundary": "SERPRO Carbon Project Zone", "interpretation": "Forecast surface clipped to project boundary; not direct station observation" }, "geometry": { "type": "Point", "coordinates": [ 112.50927689073518, -3.085828935955402 ] } },
{ "type": "Feature", "properties": { "precipitation_mm": 0.0, "temperature_c": 24.005768797285729, "humidity_pct": 94.802550645718952, "cloud_cover_pct": 69.597495493628358, "wind_speed_ms": 6.0934494501475989, "forecast_datetime": "2026-10-04T04:00:00", "source": "BMKG ADM4 forecast points + IDW", "boundary": "SERPRO Carbon Project Zone", "interpretation": "Forecast surface clipped to project boundary; not direct station observation" }, "geometry": { "type": "Point", "coordinates": [ 112.509264149107906, -3.076785044426773 ] } },
{ "type": "Feature", "properties": { "precipitation_mm": 0.0, "temperature_c": 24.002533174300975, "humidity_pct": 94.916437318196174, "cloud_cover_pct": 69.83162310666313, "wind_speed_ms": 6.0988692681549459, "forecast_datetime": "2026-10-04T04:00:00", "source": "BMKG ADM4 forecast points + IDW", "boundary": "SERPRO Carbon Project Zone", "interpretation": "Forecast surface clipped to project boundary; not direct station observation" }, "geometry": { "type": "Point", "coordinates": [ 112.509251445056606, -3.067741151308968 ] } },
{ "type": "Feature", "properties": { "precipitation_mm": 0.0, "temperature_c": 24.001331775372542, "humidity_pct": 94.957492777876723, "cloud_cover_pct": 69.915264028515764, "wind_speed_ms": 6.1001632557012195, "forecast_datetime": "2026-10-04T04:00:00", "source": "BMKG ADM4 forecast points + IDW", "boundary": "SERPRO Carbon Project Zone", "interpretation": "Forecast surface clipped to project boundary; not direct station observation" }, "geometry": { "type": "Point", "coordinates": [ 112.509238778579714, -3.058697256606641 ] } },
{ "type": "Feature", "properties": { "precipitation_mm": 0.0, "temperature_c": 24.002129366609374, "humidity_pct": 94.934054341339106, "cloud_cover_pct": 69.869882016259126, "wind_speed_ms": 6.1012659734358179, "forecast_datetime": "2026-10-04T04:00:00", "source": "BMKG ADM4 forecast points + IDW", "boundary": "SERPRO Carbon Project Zone", "interpretation": "Forecast surface clipped to project boundary; not direct station observation" }, "geometry": { "type": "Point", "coordinates": [ 112.509226149675655, -3.049653360324446 ] } },
{ "type": "Feature", "properties": { "precipitation_mm": 0.0, "temperature_c": 24.004590543721719, "humidity_pct": 94.861779821769616, "cloud_cover_pct": 69.730007082113175, "wind_speed_ms": 6.1045319205976902, "forecast_datetime": "2026-10-04T04:00:00", "source": "BMKG ADM4 forecast points + IDW", "boundary": "SERPRO Carbon Project Zone", "interpretation": "Forecast surface clipped to project boundary; not direct station observation" }, "geometry": { "type": "Point", "coordinates": [ 112.509213558342879, -3.04060946246704 ] } },
{ "type": "Feature", "properties": { "precipitation_mm": 0.0, "temperature_c": 24.00824754022036, "humidity_pct": 94.75821207298155, "cloud_cover_pct": 69.532433235081427, "wind_speed_ms": 6.1108437863019534, "forecast_datetime": "2026-10-04T04:00:00", "source": "BMKG ADM4 forecast points + IDW", "boundary": "SERPRO Carbon Project Zone", "interpretation": "Forecast surface clipped to project boundary; not direct station observation" }, "geometry": { "type": "Point", "coordinates": [ 112.509201004579822, -3.031565563039077 ] } },
{ "type": "Feature", "properties": { "precipitation_mm": 0.0, "temperature_c": 24.012647048136635, "humidity_pct": 94.638598885967397, "cloud_cover_pct": 69.308206215849111, "wind_speed_ms": 6.1200924870724576, "forecast_datetime": "2026-10-04T04:00:00", "source": "BMKG ADM4 forecast points + IDW", "boundary": "SERPRO Carbon Project Zone", "interpretation": "Forecast surface clipped to project boundary; not direct station observation" }, "geometry": { "type": "Point", "coordinates": [ 112.509188488384936, -3.022521662045212 ] } },
{ "type": "Feature", "properties": { "precipitation_mm": 0.0, "temperature_c": 24.017429195638332, "humidity_pct": 94.514064249275279, "cloud_cover_pct": 69.079389568613564, "wind_speed_ms": 6.1316948024741595, "forecast_datetime": "2026-10-04T04:00:00", "source": "BMKG ADM4 forecast points + IDW", "boundary": "SERPRO Carbon Project Zone", "interpretation": "Forecast surface clipped to project boundary; not direct station observation" }, "geometry": { "type": "Point", "coordinates": [ 112.509176009756686, -3.013477759490101 ] } },
{ "type": "Feature", "properties": { "precipitation_mm": 0.0, "temperature_c": 24.022344855220833, "humidity_pct": 94.391640466962969, "cloud_cover_pct": 68.859481549003675, "wind_speed_ms": 6.1449581860776599, "forecast_datetime": "2026-10-04T04:00:00", "source": "BMKG ADM4 forecast points + IDW", "boundary": "SERPRO Carbon Project Zone", "interpretation": "Forecast surface clipped to project boundary; not direct station observation" }, "geometry": { "type": "Point", "coordinates": [ 112.509163568693523, -3.0044338553784 ] } },
{ "type": "Feature", "properties": { "precipitation_mm": 0.0, "temperature_c": 24.027239106776406, "humidity_pct": 94.275175630293717, "cloud_cover_pct": 68.655464794700151, "wind_speed_ms": 6.1592673318929361, "forecast_datetime": "2026-10-04T04:00:00", "source": "BMKG ADM4 forecast points + IDW", "boundary": "SERPRO Carbon Project Zone", "interpretation": "Forecast surface clipped to project boundary; not direct station observation" }, "geometry": { "type": "Point", "coordinates": [ 112.509151165193913, -2.995389949714764 ] } },
{ "type": "Feature", "properties": { "precipitation_mm": 0.0, "temperature_c": 24.032024672715764, "humidity_pct": 94.166383113468967, "cloud_cover_pct": 68.470037833816605, "wind_speed_ms": 6.1741458673884493, "forecast_datetime": "2026-10-04T04:00:00", "source": "BMKG ADM4 forecast points + IDW", "boundary": "SERPRO Carbon Project Zone", "interpretation": "Forecast surface clipped to project boundary; not direct station observation" }, "geometry": { "type": "Point", "coordinates": [ 112.50913879925632, -2.986346042503849 ] } },
{ "type": "Feature", "properties": { "precipitation_mm": 0.0, "temperature_c": 24.036657811958307, "humidity_pct": 94.065697337427238, "cloud_cover_pct": 68.303390946953698, "wind_speed_ms": 6.189253631032841, "forecast_datetime": "2026-10-04T04:00:00", "source": "BMKG ADM4 forecast points + IDW", "boundary": "SERPRO Carbon Project Zone", "interpretation": "Forecast surface clipped to project boundary; not direct station observation" }, "geometry": { "type": "Point", "coordinates": [ 112.50912647087921, -2.977302133750312 ] } },
{ "type": "Feature", "properties": { "precipitation_mm": 0.0, "temperature_c": 24.04112059814782, "humidity_pct": 93.972863884384992, "cloud_cover_pct": 68.154411828976663, "wind_speed_ms": 6.2043601647812716, "forecast_datetime": "2026-10-04T04:00:00", "source": "BMKG ADM4 forecast points + IDW", "boundary": "SERPRO Carbon Project Zone", "interpretation": "Forecast surface clipped to project boundary; not direct station observation" }, "geometry": { "type": "Point", "coordinates": [ 112.50911418006109, -2.968258223458807 ] } },
{ "type": "Feature", "properties": { "precipitation_mm": 0.0, "temperature_c": 24.045409334194936, "humidity_pct": 93.887305467185044, "cloud_cover_pct": 68.02142312836105, "wind_speed_ms": 6.2193150294971851, "forecast_datetime": "2026-10-04T04:00:00", "source": "BMKG ADM4 forecast points + IDW", "boundary": "SERPRO Carbon Project Zone", "interpretation": "Forecast surface clipped to project boundary; not direct station observation" }, "geometry": { "type": "Point", "coordinates": [ 112.509101926800412, -2.959214311633993 ] } },
{ "type": "Feature", "properties": { "precipitation_mm": 0.0, "temperature_c": 24.062515041778884, "humidity_pct": 91.97012307611493, "cloud_cover_pct": 63.598430325209364, "wind_speed_ms": 5.6070761352071612, "forecast_datetime": "2026-10-04T04:00:00", "source": "BMKG ADM4 forecast points + IDW", "boundary": "SERPRO Carbon Project Zone", "interpretation": "Forecast surface clipped to project boundary; not direct station observation" }, "geometry": { "type": "Point", "coordinates": [ 112.518551340794929, -3.275736623531146 ] } },
{ "type": "Feature", "properties": { "precipitation_mm": 0.0, "temperature_c": 24.053020293376971, "humidity_pct": 92.057021125338309, "cloud_cover_pct": 63.568964342070018, "wind_speed_ms": 5.5226639053475139, "forecast_datetime": "2026-10-04T04:00:00", "source": "BMKG ADM4 forecast points + IDW", "boundary": "SERPRO Carbon Project Zone", "interpretation": "Forecast surface clipped to project boundary; not direct station observation" }, "geometry": { "type": "Point", "coordinates": [ 112.518537729120339, -3.266692804239853 ] } },
{ "type": "Feature", "properties": { "precipitation_mm": 0.0, "temperature_c": 24.04379827196038, "humidity_pct": 92.16176573897927, "cloud_cover_pct": 63.568551819939835, "wind_speed_ms": 5.4350563279440056, "forecast_datetime": "2026-10-04T04:00:00", "source": "BMKG ADM4 forecast points + IDW", "boundary": "SERPRO Carbon Project Zone", "interpretation": "Forecast surface clipped to project boundary; not direct station observation" }, "geometry": { "type": "Point", "coordinates": [ 112.518524155279749, -3.257648983261022 ] } },
{ "type": "Feature", "properties": { "precipitation_mm": 0.0, "temperature_c": 24.034825764231599, "humidity_pct": 92.289419017647162, "cloud_cover_pct": 63.60360731992369, "wind_speed_ms": 5.3425653835851694, "forecast_datetime": "2026-10-04T04:00:00", "source": "BMKG ADM4 forecast points + IDW", "boundary": "SERPRO Carbon Project Zone", "interpretation": "Forecast surface clipped to project boundary; not direct station observation" }, "geometry": { "type": "Point", "coordinates": [ 112.518510619271424, -3.248605160599306 ] } },
{ "type": "Feature", "properties": { "precipitation_mm": 0.0, "temperature_c": 24.026053463724608, "humidity_pct": 92.442582522899997, "cloud_cover_pct": 63.676102235198272, "wind_speed_ms": 5.2436160268419565, "forecast_datetime": "2026-10-04T04:00:00", "source": "BMKG ADM4 forecast points + IDW", "boundary": "SERPRO Carbon Project Zone", "interpretation": "Forecast surface clipped to project boundary; not direct station observation" }, "geometry": { "type": "Point", "coordinates": [ 112.518497121093745, -3.239561336259359 ] } },
{ "type": "Feature", "properties": { "precipitation_mm": 0.0, "temperature_c": 24.017542232640597, "humidity_pct": 92.615771779896576, "cloud_cover_pct": 63.777724402291824, "wind_speed_ms": 5.1390389239093741, "forecast_datetime": "2026-10-04T04:00:00", "source": "BMKG ADM4 forecast points + IDW", "boundary": "SERPRO Carbon Project Zone", "interpretation": "Forecast surface clipped to project boundary; not direct station observation" }, "geometry": { "type": "Point", "coordinates": [ 112.518483660745005, -3.230517510245834 ] } },
{ "type": "Feature", "properties": { "precipitation_mm": 0.0, "temperature_c": 24.009720477579769, "humidity_pct": 92.78847855127151, "cloud_cover_pct": 63.885028091662072, "wind_speed_ms": 5.0360776274071668, "forecast_datetime": "2026-10-04T04:00:00", "source": "BMKG ADM4 forecast points + IDW", "boundary": "SERPRO Carbon Project Zone", "interpretation": "Forecast surface clipped to project boundary; not direct station observation" }, "geometry": { "type": "Point", "coordinates": [ 112.518470238223557, -3.221473682563385 ] } },
{ "type": "Feature", "properties": { "precipitation_mm": 0.0, "temperature_c": 24.0035788968178, "humidity_pct": 92.925176863348312, "cloud_cover_pct": 63.964976771372299, "wind_speed_ms": 4.9512123664802941, "forecast_datetime": "2026-10-04T04:00:00", "source": "BMKG ADM4 forecast points + IDW", "boundary": "SERPRO Carbon Project Zone", "interpretation": "Forecast surface clipped to project boundary; not direct station observation" }, "geometry": { "type": "Point", "coordinates": [ 112.518456853527738, -3.212429853216667 ] } },
{ "type": "Feature", "properties": { "precipitation_mm": 0.0, "temperature_c": 24.000388945503342, "humidity_pct": 92.992452344387559, "cloud_cover_pct": 63.997430559594982, "wind_speed_ms": 4.9056747278565727, "forecast_datetime": "2026-10-04T04:00:00", "source": "BMKG ADM4 forecast points + IDW", "boundary": "SERPRO Carbon Project Zone", "interpretation": "Forecast surface clipped to project boundary; not direct station observation" }, "geometry": { "type": "Point", "coordinates": [ 112.518443506655913, -3.203386022210332 ] } },
{ "type": "Feature", "properties": { "precipitation_mm": 0.0, "temperature_c": 24.000899346516174, "humidity_pct": 92.984352905397159, "cloud_cover_pct": 63.997792161448054, "wind_speed_ms": 4.9133954705133904, "forecast_datetime": "2026-10-04T04:00:00", "source": "BMKG ADM4 forecast points + IDW", "boundary": "SERPRO Carbon Project Zone", "interpretation": "Forecast surface clipped to project boundary; not direct station observation" }, "geometry": { "type": "Point", "coordinates": [ 112.518430197606392, -3.194342189549037 ] } },
{ "type": "Feature", "properties": { "precipitation_mm": 0.0, "temperature_c": 24.00478847768963, "humidity_pct": 92.92801660613847, "cloud_cover_pct": 64.012017820390852, "wind_speed_ms": 4.9732045878771718, "forecast_datetime": "2026-10-04T04:00:00", "source": "BMKG ADM4 forecast points + IDW", "boundary": "SERPRO Carbon Project Zone", "interpretation": "Forecast surface clipped to project boundary; not direct station observation" }, "geometry": { "type": "Point", "coordinates": [ 112.518416926377583, -3.185298355237435 ] } },
{ "type": "Feature", "properties": { "precipitation_mm": 0.0, "temperature_c": 24.010919597238566, "humidity_pct": 92.864559788574596, "cloud_cover_pct": 64.089906413478758, "wind_speed_ms": 5.072922789459656, "forecast_datetime": "2026-10-04T04:00:00", "source": "BMKG ADM4 forecast points + IDW", "boundary": "SERPRO Carbon Project Zone", "interpretation": "Forecast surface clipped to project boundary; not direct station observation" }, "geometry": { "type": "Point", "coordinates": [ 112.518403692967823, -3.17625451928018 ] } },
{ "type": "Feature", "properties": { "precipitation_mm": 0.0, "temperature_c": 24.017932621290374, "humidity_pct": 92.829175361184525, "cloud_cover_pct": 64.265759729491933, "wind_speed_ms": 5.1978798015916983, "forecast_datetime": "2026-10-04T04:00:00", "source": "BMKG ADM4 forecast points + IDW", "boundary": "SERPRO Carbon Project Zone", "interpretation": "Forecast surface clipped to project boundary; not direct station observation" }, "geometry": { "type": "Point", "coordinates": [ 112.518390497375478, -3.167210681681928 ] } },
{ "type": "Feature", "properties": { "precipitation_mm": 0.0, "temperature_c": 24.024613453917489, "humidity_pct": 92.844282435815998, "cloud_cover_pct": 64.555441973497508, "wind_speed_ms": 5.3356177243930398, "forecast_datetime": "2026-10-04T04:00:00", "source": "BMKG ADM4 forecast points + IDW", "boundary": "SERPRO Carbon Project Zone", "interpretation": "Forecast surface clipped to project boundary; not direct station observation" }, "geometry": { "type": "Point", "coordinates": [ 112.518377339598914, -3.158166842447332 ] } },
{ "type": "Feature", "properties": { "precipitation_mm": 0.0, "temperature_c": 24.030000470793595, "humidity_pct": 92.921059889847882, "cloud_cover_pct": 64.960655789397904, "wind_speed_ms": 5.4764892017471389, "forecast_datetime": "2026-10-04T04:00:00", "source": "BMKG ADM4 forecast points + IDW", "boundary": "SERPRO Carbon Project Zone", "interpretation": "Forecast surface clipped to project boundary; not direct station observation" }, "geometry": { "type": "Point", "coordinates": [ 112.51836421963651, -3.14912300158105 ] } },
{ "type": "Feature", "properties": { "precipitation_mm": 0.0, "temperature_c": 24.033394704434293, "humidity_pct": 93.062371715477937, "cloud_cover_pct": 65.472847210953717, "wind_speed_ms": 5.6128383114979687, "forecast_datetime": "2026-10-04T04:00:00", "source": "BMKG ADM4 forecast points + IDW", "boundary": "SERPRO Carbon Project Zone", "interpretation": "Forecast surface clipped to project boundary; not direct station observation" }, "geometry": { "type": "Point", "coordinates": [ 112.518351137486633, -3.140079159087734 ] } },
{ "type": "Feature", "properties": { "precipitation_mm": 0.0, "temperature_c": 24.034371603966619, "humidity_pct": 93.264487082795213, "cloud_cover_pct": 66.075010590205565, "wind_speed_ms": 5.7383503862572285, "forecast_datetime": "2026-10-04T04:00:00", "source": "BMKG ADM4 forecast points + IDW", "boundary": "SERPRO Carbon Project Zone", "interpretation": "Forecast surface clipped to project boundary; not direct station observation" }, "geometry": { "type": "Point", "coordinates": [ 112.51833809314769, -3.131035314972043 ] } },
{ "type": "Feature", "properties": { "precipitation_mm": 0.0, "temperature_c": 24.032809857375753, "humidity_pct": 93.517647542940779, "cloud_cover_pct": 66.742080288060194, "wind_speed_ms": 5.8479113513337238, "forecast_datetime": "2026-10-04T04:00:00", "source": "BMKG ADM4 forecast points + IDW", "boundary": "SERPRO Carbon Project Zone", "interpretation": "Forecast surface clipped to project boundary; not direct station observation" }, "geometry": { "type": "Point", "coordinates": [ 112.518325086618049, -3.121991469238628 ] } },
{ "type": "Feature", "properties": { "precipitation_mm": 0.0, "temperature_c": 24.028920564419696, "humidity_pct": 93.806159629227494, "cloud_cover_pct": 67.440850975814328, "wind_speed_ms": 5.9378302144880379, "forecast_datetime": "2026-10-04T04:00:00", "source": "BMKG ADM4 forecast points + IDW", "boundary": "SERPRO Carbon Project Zone", "interpretation": "Forecast surface clipped to project boundary; not direct station observation" }, "geometry": { "type": "Point", "coordinates": [ 112.518312117896116, -3.11294762189215 ] } },
{ "type": "Feature", "properties": { "precipitation_mm": 0.0, "temperature_c": 24.023253766947271, "humidity_pct": 94.108714555059478, "cloud_cover_pct": 68.130389098955078, "wind_speed_ms": 6.0062075221567728, "forecast_datetime": "2026-10-04T04:00:00", "source": "BMKG ADM4 forecast points + IDW", "boundary": "SERPRO Carbon Project Zone", "interpretation": "Forecast surface clipped to project boundary; not direct station observation" }, "geometry": { "type": "Point", "coordinates": [ 112.5182991869803, -3.10390377293726 ] } },
{ "type": "Feature", "properties": { "precipitation_mm": 0.0, "temperature_c": 24.016656769553432, "humidity_pct": 94.399713207546398, "cloud_cover_pct": 68.764254038440924, "wind_speed_ms": 6.0532634802559695, "forecast_datetime": "2026-10-04T04:00:00", "source": "BMKG ADM4 forecast points + IDW", "boundary": "SERPRO Carbon Project Zone", "interpretation": "Forecast surface clipped to project boundary; not direct station observation" }, "geometry": { "type": "Point", "coordinates": [ 112.518286293868982, -3.094859922378616 ] } },
{ "type": "Feature", "properties": { "precipitation_mm": 0.0, "temperature_c": 24.010158582606447, "humidity_pct": 94.652364652243634, "cloud_cover_pct": 69.295966491504231, "wind_speed_ms": 6.0814385586176005, "forecast_datetime": "2026-10-04T04:00:00", "source": "BMKG ADM4 forecast points + IDW", "boundary": "SERPRO Carbon Project Zone", "interpretation": "Forecast surface clipped to project boundary; not direct station observation" }, "geometry": { "type": "Point", "coordinates": [ 112.51827343856057, -3.085816070220873 ] } },
{ "type": "Feature", "properties": { "precipitation_mm": 0.0, "temperature_c": 24.004774549899498, "humidity_pct": 94.843655504374269, "cloud_cover_pct": 69.687882128823517, "wind_speed_ms": 6.0950650153287453, "forecast_datetime": "2026-10-04T04:00:00", "source": "BMKG ADM4 forecast points + IDW", "boundary": "SERPRO Carbon Project Zone", "interpretation": "Forecast surface clipped to project boundary; not direct station observation" }, "geometry": { "type": "Point", "coordinates": [ 112.518260621053486, -3.07677221646869 ] } },
{ "type": "Feature", "properties": { "precipitation_mm": 0.0, "temperature_c": 24.001276435151429, "humidity_pct": 94.959766731481011, "cloud_cover_pct": 69.920701845877659, "wind_speed_ms": 6.0995125135127504, "forecast_datetime": "2026-10-04T04:00:00", "source": "BMKG ADM4 forecast points + IDW", "boundary": "SERPRO Carbon Project Zone", "interpretation": "Forecast surface clipped to project boundary; not direct station observation" }, "geometry": { "type": "Point", "coordinates": [ 112.518247841346167, -3.06772836112672 ] } },
{ "type": "Feature", "properties": { "precipitation_mm": 0.0, "temperature_c": 24.000024362876271, "humidity_pct": 94.999257460880216, "cloud_cover_pct": 69.998553443659432, "wind_speed_ms": 6.100003856149371, "forecast_datetime": "2026-10-04T04:00:00", "source": "BMKG ADM4 forecast points + IDW", "boundary": "SERPRO Carbon Project Zone", "interpretation": "Forecast surface clipped to project boundary; not direct station observation" }, "geometry": { "type": "Point", "coordinates": [ 112.518235099436993, -3.058684504199622 ] } },
{ "type": "Feature", "properties": { "precipitation_mm": 0.0, "temperature_c": 24.00094484424551, "humidity_pct": 94.972058863321351, "cloud_cover_pct": 69.946155675237989, "wind_speed_ms": 6.100575485858136, "forecast_datetime": "2026-10-04T04:00:00", "source": "BMKG ADM4 forecast points + IDW", "boundary": "SERPRO Carbon Project Zone", "interpretation": "Forecast surface clipped to project boundary; not direct station observation" }, "geometry": { "type": "Point", "coordinates": [ 112.518222395324429, -3.049640645692052 ] } },
{ "type": "Feature", "properties": { "precipitation_mm": 0.0, "temperature_c": 24.003653036370057, "humidity_pct": 94.894911565530705, "cloud_cover_pct": 69.799577231024557, "wind_speed_ms": 6.1036060769298475, "forecast_datetime": "2026-10-04T04:00:00", "source": "BMKG ADM4 forecast points + IDW", "boundary": "SERPRO Carbon Project Zone", "interpretation": "Forecast surface clipped to project boundary; not direct station observation" }, "geometry": { "type": "Point", "coordinates": [ 112.51820972900687, -3.040596785608666 ] } },
{ "type": "Feature", "properties": { "precipitation_mm": 0.0, "temperature_c": 24.007635038042881, "humidity_pct": 94.785914974747115, "cloud_cover_pct": 69.595798689572348, "wind_speed_ms": 6.1099670550323788, "forecast_datetime": "2026-10-04T04:00:00", "source": "BMKG ADM4 forecast points + IDW", "boundary": "SERPRO Carbon Project Zone", "interpretation": "Forecast surface clipped to project boundary; not direct station observation" }, "geometry": { "type": "Point", "coordinates": [ 112.51819710048278, -3.031552923954121 ] } },
{ "type": "Feature", "properties": { "precipitation_mm": 0.0, "temperature_c": 24.012398857924278, "humidity_pct": 94.660607929897338, "cloud_cover_pct": 69.365557614632962, "wind_speed_ms": 6.1195196777149548, "forecast_datetime": "2026-10-04T04:00:00", "source": "BMKG ADM4 forecast points + IDW", "boundary": "SERPRO Carbon Project Zone", "interpretation": "Forecast surface clipped to project boundary; not direct station observation" }, "geometry": { "type": "Point", "coordinates": [ 112.518184509750597, -3.022509060733076 ] } },
{ "type": "Feature", "properties": { "precipitation_mm": 0.0, "temperature_c": 24.01755386615671, "humidity_pct": 94.530338319558822, "cloud_cover_pct": 69.130684897340586, "wind_speed_ms": 6.1316358174055319, "forecast_datetime": "2026-10-04T04:00:00", "source": "BMKG ADM4 forecast points + IDW", "boundary": "SERPRO Carbon Project Zone", "interpretation": "Forecast surface clipped to project boundary; not direct station observation" }, "geometry": { "type": "Point", "coordinates": [ 112.518171956808757, -3.013465195950186 ] } },
{ "type": "Feature", "properties": { "precipitation_mm": 0.0, "temperature_c": 24.022828121071395, "humidity_pct": 94.402352325198649, "cloud_cover_pct": 68.904670626329434, "wind_speed_ms": 6.1455670933302047, "forecast_datetime": "2026-10-04T04:00:00", "source": "BMKG ADM4 forecast points + IDW", "boundary": "SERPRO Carbon Project Zone", "interpretation": "Forecast surface clipped to project boundary; not direct station observation" }, "geometry": { "type": "Point", "coordinates": [ 112.518159441655698, -3.004421329610109 ] } },
{ "type": "Feature", "properties": { "precipitation_mm": 0.0, "temperature_c": 24.028051521207754, "humidity_pct": 94.280684530571747, "cloud_cover_pct": 68.694640096194007, "wind_speed_ms": 6.1606394688494648, "forecast_datetime": "2026-10-04T04:00:00", "source": "BMKG ADM4 forecast points + IDW", "boundary": "SERPRO Carbon Project Zone", "interpretation": "Forecast surface clipped to project boundary; not direct station observation" }, "geometry": { "type": "Point", "coordinates": [ 112.518146964289912, -2.995377461717504 ] } },
{ "type": "Feature", "properties": { "precipitation_mm": 0.0, "temperature_c": 24.033128275619607, "humidity_pct": 94.167182301391293, "cloud_cover_pct": 68.503474627814384, "wind_speed_ms": 6.1763228749783758, "forecast_datetime": "2026-10-04T04:00:00", "source": "BMKG ADM4 forecast points + IDW", "boundary": "SERPRO Carbon Project Zone", "interpretation": "Forecast surface clipped to project boundary; not direct station observation" }, "geometry": { "type": "Point", "coordinates": [ 112.518134524709822, -2.986333592277027 ] } },
{ "type": "Feature", "properties": { "precipitation_mm": 0.0, "temperature_c": 24.038011332927432, "humidity_pct": 94.062353493735756, "cloud_cover_pct": 68.331516238237882, "wind_speed_ms": 6.1922334288400958, "forecast_datetime": "2026-10-04T04:00:00", "source": "BMKG ADM4 forecast points + IDW", "boundary": "SERPRO Carbon Project Zone", "interpretation": "Forecast surface clipped to project boundary; not direct station observation" }, "geometry": { "type": "Point", "coordinates": [ 112.518122122913908, -2.977289721293336 ] } },
{ "type": "Feature", "properties": { "precipitation_mm": 0.0, "temperature_c": 24.042683083106713, "humidity_pct": 93.965963939692671, "cloud_cover_pct": 68.177747085875225, "wind_speed_ms": 6.2081085217211616, "forecast_datetime": "2026-10-04T04:00:00", "source": "BMKG ADM4 forecast points + IDW", "boundary": "SERPRO Carbon Project Zone", "interpretation": "Forecast surface clipped to project boundary; not direct station observation" }, "geometry": { "type": "Point", "coordinates": [ 112.51810975890065, -2.968245848771091 ] } },
{ "type": "Feature", "properties": { "precipitation_mm": 0.0, "temperature_c": 24.047142389489085, "humidity_pct": 93.877417691616387, "cloud_cover_pct": 68.040528545237649, "wind_speed_ms": 6.2237763963592654, "forecast_datetime": "2026-10-04T04:00:00", "source": "BMKG ADM4 forecast points + IDW", "boundary": "SERPRO Carbon Project Zone", "interpretation": "Forecast surface clipped to project boundary; not direct station observation" }, "geometry": { "type": "Point", "coordinates": [ 112.518097432668498, -2.959201974714947 ] } },
{ "type": "Feature", "properties": { "precipitation_mm": 0.0, "temperature_c": 24.074446693478418, "humidity_pct": 91.795402427490771, "cloud_cover_pct": 63.512976557931403, "wind_speed_ms": 5.7084271427214519, "forecast_datetime": "2026-10-04T04:00:00", "source": "BMKG ADM4 forecast points + IDW", "boundary": "SERPRO Carbon Project Zone", "interpretation": "Forecast surface clipped to project boundary; not direct station observation" }, "geometry": { "type": "Point", "coordinates": [ 112.527563226282837, -3.284766662829961 ] } },
{ "type": "Feature", "properties": { "precipitation_mm": 0.0, "temperature_c": 24.064177784739346, "humidity_pct": 91.85984388068762, "cloud_cover_pct": 63.439927543168238, "wind_speed_ms": 5.6252762632577173, "forecast_datetime": "2026-10-04T04:00:00", "source": "BMKG ADM4 forecast points + IDW", "boundary": "SERPRO Carbon Project Zone", "interpretation": "Forecast surface clipped to project boundary; not direct station observation" }, "geometry": { "type": "Point", "coordinates": [ 112.527549495969055, -3.275722883245535 ] } },
{ "type": "Feature", "properties": { "precipitation_mm": 0.0, "temperature_c": 24.054316968845942, "humidity_pct": 91.935333658408794, "cloud_cover_pct": 63.388866549664343, "wind_speed_ms": 5.5418199683927059, "forecast_datetime": "2026-10-04T04:00:00", "source": "BMKG ADM4 forecast points + IDW", "boundary": "SERPRO Carbon Project Zone", "interpretation": "Forecast surface clipped to project boundary; not direct station observation" }, "geometry": { "type": "Point", "coordinates": [ 112.527535803714912, -3.266679101968265 ] } },
{ "type": "Feature", "properties": { "precipitation_mm": 0.0, "temperature_c": 24.044978046301768, "humidity_pct": 92.027604389812836, "cloud_cover_pct": 63.370019989264847, "wind_speed_ms": 5.4575245823125291, "forecast_datetime": "2026-10-04T04:00:00", "source": "BMKG ADM4 forecast points + IDW", "boundary": "SERPRO Carbon Project Zone", "interpretation": "Forecast surface clipped to project boundary; not direct station observation" }, "geometry": { "type": "Point", "coordinates": [ 112.527522149518717, -3.257635319002806 ] } },
{ "type": "Feature", "properties": { "precipitation_mm": 0.0, "temperature_c": 24.036187600661666, "humidity_pct": 92.144247402710008, "cloud_cover_pct": 63.39480439146817, "wind_speed_ms": 5.3707908470799071, "forecast_datetime": "2026-10-04T04:00:00", "source": "BMKG ADM4 forecast points + IDW", "boundary": "SERPRO Carbon Project Zone", "interpretation": "Forecast surface clipped to project boundary; not direct station observation" }, "geometry": { "type": "Point", "coordinates": [ 112.52750853337875, -3.248591534353814 ] } },
{ "type": "Feature", "properties": { "precipitation_mm": 0.0, "temperature_c": 24.027871501870628, "humidity_pct": 92.292543769478101, "cloud_cover_pct": 63.472185665046361, "wind_speed_ms": 5.279191772200309, "forecast_datetime": "2026-10-04T04:00:00", "source": "BMKG ADM4 forecast points + IDW", "boundary": "SERPRO Carbon Project Zone", "interpretation": "Forecast surface clipped to project boundary; not direct station observation" }, "geometry": { "type": "Point", "coordinates": [ 112.527494955293378, -3.239547748025944 ] } },
{ "type": "Feature", "properties": { "precipitation_mm": 0.0, "temperature_c": 24.01994388905894, "humidity_pct": 92.472779586884272, "cloud_cover_pct": 63.600154293658662, "wind_speed_ms": 5.1814441651300109, "forecast_datetime": "2026-10-04T04:00:00", "source": "BMKG ADM4 forecast points + IDW", "boundary": "SERPRO Carbon Project Zone", "interpretation": "Forecast surface clipped to project boundary; not direct station observation" }, "geometry": { "type": "Point", "coordinates": [ 112.527481415260908, -3.230503960023851 ] } },
{ "type": "Feature", "properties": { "precipitation_mm": 0.0, "temperature_c": 24.012595321032794, "humidity_pct": 92.666568110702968, "cloud_cover_pct": 63.753882346183687, "wind_speed_ms": 5.0823086579772365, "forecast_datetime": "2026-10-04T04:00:00", "source": "BMKG ADM4 forecast points + IDW", "boundary": "SERPRO Carbon Project Zone", "interpretation": "Forecast surface clipped to project boundary; not direct station observation" }, "geometry": { "type": "Point", "coordinates": [ 112.527467913279636, -3.22146017035219 ] } },
{ "type": "Feature", "properties": { "precipitation_mm": 0.0, "temperature_c": 24.006661078442008, "humidity_pct": 92.830866670973137, "cloud_cover_pct": 63.885209142081813, "wind_speed_ms": 4.9978205231196089, "forecast_datetime": "2026-10-04T04:00:00", "source": "BMKG ADM4 forecast points + IDW", "boundary": "SERPRO Carbon Project Zone", "interpretation": "Forecast surface clipped to project boundary; not direct station observation" }, "geometry": { "type": "Point", "coordinates": [ 112.527454449347928, -3.212416379015619 ] } },
{ "type": "Feature", "properties": { "precipitation_mm": 0.0, "temperature_c": 24.003478254857114, "humidity_pct": 92.918736049954916, "cloud_cover_pct": 63.953553034706161, "wind_speed_ms": 4.9514686387699971, "forecast_datetime": "2026-10-04T04:00:00", "source": "BMKG ADM4 forecast points + IDW", "boundary": "SERPRO Carbon Project Zone", "interpretation": "Forecast surface clipped to project boundary; not direct station observation" }, "geometry": { "type": "Point", "coordinates": [ 112.527441023464135, -3.203372586018791 ] } },
{ "type": "Feature", "properties": { "precipitation_mm": 0.0, "temperature_c": 24.003936042686977, "humidity_pct": 92.918464863414201, "cloud_cover_pct": 63.96714150941321, "wind_speed_ms": 4.9586417254852764, "forecast_datetime": "2026-10-04T04:00:00", "source": "BMKG ADM4 forecast points + IDW", "boundary": "SERPRO Carbon Project Zone", "interpretation": "Forecast surface clipped to project boundary; not direct station observation" }, "geometry": { "type": "Point", "coordinates": [ 112.527427635626552, -3.194328791366367 ] } },
{ "type": "Feature", "properties": { "precipitation_mm": 0.0, "temperature_c": 24.007752869671307, "humidity_pct": 92.862380478871756, "cloud_cover_pct": 63.979720138704522, "wind_speed_ms": 5.0169317224138492, "forecast_datetime": "2026-10-04T04:00:00", "source": "BMKG ADM4 forecast points + IDW", "boundary": "SERPRO Carbon Project Zone", "interpretation": "Forecast surface clipped to project boundary; not direct station observation" }, "geometry": { "type": "Point", "coordinates": [ 112.527414285833544, -3.185284995062998 ] } },
{ "type": "Feature", "properties": { "precipitation_mm": 0.0, "temperature_c": 24.013790853805965, "humidity_pct": 92.797931010433118, "cloud_cover_pct": 64.050370022322966, "wind_speed_ms": 5.1127781411125568, "forecast_datetime": "2026-10-04T04:00:00", "source": "BMKG ADM4 forecast points + IDW", "boundary": "SERPRO Carbon Project Zone", "interpretation": "Forecast surface clipped to project boundary; not direct station observation" }, "geometry": { "type": "Point", "coordinates": [ 112.527400974083477, -3.176241197113343 ] } },
{ "type": "Feature", "properties": { "precipitation_mm": 0.0, "temperature_c": 24.020721396038791, "humidity_pct": 92.762487804319392, "cloud_cover_pct": 64.217780709231562, "wind_speed_ms": 5.2317430739434849, "forecast_datetime": "2026-10-04T04:00:00", "source": "BMKG ADM4 forecast points + IDW", "boundary": "SERPRO Carbon Project Zone", "interpretation": "Forecast surface clipped to project boundary; not direct station observation" }, "geometry": { "type": "Point", "coordinates": [ 112.527387700374703, -3.167197397522056 ] } },
{ "type": "Feature", "properties": { "precipitation_mm": 0.0, "temperature_c": 24.027367620805354, "humidity_pct": 92.778231713869161, "cloud_cover_pct": 64.499320210246466, "wind_speed_ms": 5.362560893363276, "forecast_datetime": "2026-10-04T04:00:00", "source": "BMKG ADM4 forecast points + IDW", "boundary": "SERPRO Carbon Project Zone", "interpretation": "Forecast surface clipped to project boundary; not direct station observation" }, "geometry": { "type": "Point", "coordinates": [ 112.527374464705574, -3.158153596293799 ] } },
{ "type": "Feature", "properties": { "precipitation_mm": 0.0, "temperature_c": 24.032771421969969, "humidity_pct": 92.856044842655507, "cloud_cover_pct": 64.89782309877701, "wind_speed_ms": 5.4967485638420248, "forecast_datetime": "2026-10-04T04:00:00", "source": "BMKG ADM4 forecast points + IDW", "boundary": "SERPRO Carbon Project Zone", "interpretation": "Forecast surface clipped to project boundary; not direct station observation" }, "geometry": { "type": "Point", "coordinates": [ 112.527361267074454, -3.149109793433224 ] } },
{ "type": "Feature", "properties": { "precipitation_mm": 0.0, "temperature_c": 24.036197184213762, "humidity_pct": 92.999158209088009, "cloud_cover_pct": 65.406123797741984, "wind_speed_ms": 5.627381034710436, "forecast_datetime": "2026-10-04T04:00:00", "source": "BMKG ADM4 forecast points + IDW", "boundary": "SERPRO Carbon Project Zone", "interpretation": "Forecast surface clipped to project boundary; not direct station observation" }, "geometry": { "type": "Point", "coordinates": [ 112.52734810747971, -3.140065988944989 ] } },
{ "type": "Feature", "properties": { "precipitation_mm": 0.0, "temperature_c": 24.037160802434297, "humidity_pct": 93.204559013722289, "cloud_cover_pct": 66.008349329162584, "wind_speed_ms": 5.7484211261493536, "forecast_datetime": "2026-10-04T04:00:00", "source": "BMKG ADM4 forecast points + IDW", "boundary": "SERPRO Carbon Project Zone", "interpretation": "Forecast surface clipped to project boundary; not direct station observation" }, "geometry": { "type": "Point", "coordinates": [ 112.527334985919722, -3.131022182833753 ] } },
{ "type": "Feature", "properties": { "precipitation_mm": 0.0, "temperature_c": 24.035485364999236, "humidity_pct": 93.462942825732867, "cloud_cover_pct": 66.67952062428256, "wind_speed_ms": 5.8546893707958665, "forecast_datetime": "2026-10-04T04:00:00", "source": "BMKG ADM4 forecast points + IDW", "boundary": "SERPRO Carbon Project Zone", "interpretation": "Forecast surface clipped to project boundary; not direct station observation" }, "geometry": { "type": "Point", "coordinates": [ 112.527321902392899, -3.121978375104171 ] } },
{ "type": "Feature", "properties": { "precipitation_mm": 0.0, "temperature_c": 24.03135686175797, "humidity_pct": 93.758317220563711, "cloud_cover_pct": 67.385006723267907, "wind_speed_ms": 5.9422371007930623, "forecast_datetime": "2026-10-04T04:00:00", "source": "BMKG ADM4 forecast points + IDW", "boundary": "SERPRO Carbon Project Zone", "interpretation": "Forecast surface clipped to project boundary; not direct station observation" }, "geometry": { "type": "Point", "coordinates": [ 112.527308856897577, -3.112934565760903 ] } },
{ "type": "Feature", "properties": { "precipitation_mm": 0.0, "temperature_c": 24.025346235651615, "humidity_pct": 94.068248278716851, "cloud_cover_pct": 68.081250437557543, "wind_speed_ms": 6.0088780138311959, "forecast_datetime": "2026-10-04T04:00:00", "source": "BMKG ADM4 forecast points + IDW", "boundary": "SERPRO Carbon Project Zone", "interpretation": "Forecast surface clipped to project boundary; not direct station observation" }, "geometry": { "type": "Point", "coordinates": [ 112.52729584943215, -3.103890754808604 ] } },
{ "type": "Feature", "properties": { "precipitation_mm": 0.0, "temperature_c": 24.018362052193766, "humidity_pct": 94.365660146945089, "cloud_cover_pct": 68.719205879907065, "wind_speed_ms": 6.0546466871420783, "forecast_datetime": "2026-10-04T04:00:00", "source": "BMKG ADM4 forecast points + IDW", "boundary": "SERPRO Carbon Project Zone", "interpretation": "Forecast surface clipped to project boundary; not direct station observation" }, "geometry": { "type": "Point", "coordinates": [ 112.527282879995042, -3.094846942251932 ] } },
{ "type": "Feature", "properties": { "precipitation_mm": 0.0, "temperature_c": 24.011507469529022, "humidity_pct": 94.62274993768888, "cloud_cover_pct": 69.251377586290985, "wind_speed_ms": 6.081936529645195, "forecast_datetime": "2026-10-04T04:00:00", "source": "BMKG ADM4 forecast points + IDW", "boundary": "SERPRO Carbon Project Zone", "interpretation": "Forecast surface clipped to project boundary; not direct station observation" }, "geometry": { "type": "Point", "coordinates": [ 112.527269948584646, -3.085803128095548 ] } },
{ "type": "Feature", "properties": { "precipitation_mm": 0.0, "temperature_c": 24.005851343670074, "humidity_pct": 94.816545886886459, "cloud_cover_pct": 69.641475571914683, "wind_speed_ms": 6.0951006686608142, "forecast_datetime": "2026-10-04T04:00:00", "source": "BMKG ADM4 forecast points + IDW", "boundary": "SERPRO Carbon Project Zone", "interpretation": "Forecast surface clipped to project boundary; not direct station observation" }, "geometry": { "type": "Point", "coordinates": [ 112.527257055199343, -3.076759312344108 ] } },
{ "type": "Feature", "properties": { "precipitation_mm": 0.0, "temperature_c": 24.002182065804284, "humidity_pct": 94.934168312849877, "cloud_cover_pct": 69.873086686110042, "wind_speed_ms": 6.0994903762045274, "forecast_datetime": "2026-10-04T04:00:00", "source": "BMKG ADM4 forecast points + IDW", "boundary": "SERPRO Carbon Project Zone", "interpretation": "Forecast surface clipped to project boundary; not direct station observation" }, "geometry": { "type": "Point", "coordinates": [ 112.527244199837554, -3.06771549500227 ] } },
{ "type": "Feature", "properties": { "precipitation_mm": 0.0, "temperature_c": 24.000849103846566, "humidity_pct": 94.975229983012355, "cloud_cover_pct": 69.952831728881179, "wind_speed_ms": 6.10022858294196, "forecast_datetime": "2026-10-04T04:00:00", "source": "BMKG ADM4 forecast points + IDW", "boundary": "SERPRO Carbon Project Zone", "interpretation": "Forecast surface clipped to project boundary; not direct station observation" }, "geometry": { "type": "Point", "coordinates": [ 112.527231382497675, -3.058671676074691 ] } },
{ "type": "Feature", "properties": { "precipitation_mm": 0.0, "temperature_c": 24.001761454267776, "humidity_pct": 94.950125328009648, "cloud_cover_pct": 69.906095280738271, "wind_speed_ms": 6.1012173844203295, "forecast_datetime": "2026-10-04T04:00:00", "source": "BMKG ADM4 forecast points + IDW", "boundary": "SERPRO Carbon Project Zone", "interpretation": "Forecast surface clipped to project boundary; not direct station observation" }, "geometry": { "type": "Point", "coordinates": [ 112.52721860317817, -3.049627855566032 ] } },
{ "type": "Feature", "properties": { "precipitation_mm": 0.0, "temperature_c": 24.0045215314553, "humidity_pct": 94.875370476636235, "cloud_cover_pct": 69.767819221583494, "wind_speed_ms": 6.1047355238379293, "forecast_datetime": "2026-10-04T04:00:00", "source": "BMKG ADM4 forecast points + IDW", "boundary": "SERPRO Carbon Project Zone", "interpretation": "Forecast surface clipped to project boundary; not direct station observation" }, "geometry": { "type": "Point", "coordinates": [ 112.527205861877405, -3.04058403348095 ] } },
{ "type": "Feature", "properties": { "precipitation_mm": 0.0, "temperature_c": 24.008606454703557, "humidity_pct": 94.768531405060372, "cloud_cover_pct": 69.57311095550898, "wind_speed_ms": 6.1116142106527027, "forecast_datetime": "2026-10-04T04:00:00", "source": "BMKG ADM4 forecast points + IDW", "boundary": "SERPRO Carbon Project Zone", "interpretation": "Forecast surface clipped to project boundary; not direct station observation" }, "geometry": { "type": "Point", "coordinates": [ 112.527193158593846, -3.031540209824105 ] } },
{ "type": "Feature", "properties": { "precipitation_mm": 0.0, "temperature_c": 24.013514025477427, "humidity_pct": 94.644709925067261, "cloud_cover_pct": 69.351108133343288, "wind_speed_ms": 6.1217143098810238, "forecast_datetime": "2026-10-04T04:00:00", "source": "BMKG ADM4 forecast points + IDW", "boundary": "SERPRO Carbon Project Zone", "interpretation": "Forecast surface clipped to project boundary; not direct station observation" }, "geometry": { "type": "Point", "coordinates": [ 112.527180493325901, -3.022496384600156 ] } },
{ "type": "Feature", "properties": { "precipitation_mm": 0.0, "temperature_c": 24.01884026962459, "humidity_pct": 94.515087249916405, "cloud_cover_pct": 69.122759426560521, "wind_speed_ms": 6.1344162430109836, "forecast_datetime": "2026-10-04T04:00:00", "source": "BMKG ADM4 forecast points + IDW", "boundary": "SERPRO Carbon Project Zone", "interpretation": "Forecast surface clipped to project boundary; not direct station observation" }, "geometry": { "type": "Point", "coordinates": [ 112.52716786607202, -3.01345255781376 ] } },
{ "type": "Feature", "properties": { "precipitation_mm": 0.0, "temperature_c": 24.024298408586986, "humidity_pct": 94.386980996771399, "cloud_cover_pct": 68.901339140405327, "wind_speed_ms": 6.1489710001457141, "forecast_datetime": "2026-10-04T04:00:00", "source": "BMKG ADM4 forecast points + IDW", "boundary": "SERPRO Carbon Project Zone", "interpretation": "Forecast surface clipped to project boundary; not direct station observation" }, "geometry": { "type": "Point", "coordinates": [ 112.527155276830641, -3.004408729469579 ] } },
{ "type": "Feature", "properties": { "precipitation_mm": 0.0, "temperature_c": 24.029704689493528, "humidity_pct": 94.264624434387187, "cloud_cover_pct": 68.694171940767049, "wind_speed_ms": 6.1646917509327217, "forecast_datetime": "2026-10-04T04:00:00", "source": "BMKG ADM4 forecast points + IDW", "boundary": "SERPRO Carbon Project Zone", "interpretation": "Forecast surface clipped to project boundary; not direct station observation" }, "geometry": { "type": "Point", "coordinates": [ 112.5271427256002, -2.99536489957227 ] } },
{ "type": "Feature", "properties": { "precipitation_mm": 0.0, "temperature_c": 24.034952699064636, "humidity_pct": 94.150091955891341, "cloud_cover_pct": 68.504513014497917, "wind_speed_ms": 6.1810282966566747, "forecast_datetime": "2026-10-04T04:00:00", "source": "BMKG ADM4 forecast points + IDW", "boundary": "SERPRO Carbon Project Zone", "interpretation": "Forecast surface clipped to project boundary; not direct station observation" }, "geometry": { "type": "Point", "coordinates": [ 112.527130212379163, -2.986321068126494 ] } },
{ "type": "Feature", "properties": { "precipitation_mm": 0.0, "temperature_c": 24.039988371885674, "humidity_pct": 94.044089179923716, "cloud_cover_pct": 68.333097148412548, "wind_speed_ms": 6.1975753123523862, "forecast_datetime": "2026-10-04T04:00:00", "source": "BMKG ADM4 forecast points + IDW", "boundary": "SERPRO Carbon Project Zone", "interpretation": "Forecast surface clipped to project boundary; not direct station observation" }, "geometry": { "type": "Point", "coordinates": [ 112.527117737165966, -2.977277235136909 ] } },
{ "type": "Feature", "properties": { "precipitation_mm": 0.0, "temperature_c": 24.04479036611534, "humidity_pct": 93.946528830268861, "cloud_cover_pct": 68.179243122400379, "wind_speed_ms": 6.2140516316547778, "forecast_datetime": "2026-10-04T04:00:00", "source": "BMKG ADM4 forecast points + IDW", "boundary": "SERPRO Carbon Project Zone", "interpretation": "Forecast surface clipped to project boundary; not direct station observation" }, "geometry": { "type": "Point", "coordinates": [ 112.527105299959089, -2.968233400608177 ] } },
{ "type": "Feature", "properties": { "precipitation_mm": 0.0, "temperature_c": 24.049356359294915, "humidity_pct": 93.856910835147872, "cloud_cover_pct": 68.041569981656011, "wind_speed_ms": 6.2302717545071076, "forecast_datetime": "2026-10-04T04:00:00", "source": "BMKG ADM4 forecast points + IDW", "boundary": "SERPRO Carbon Project Zone", "interpretation": "Forecast surface clipped to project boundary; not direct station observation" }, "geometry": { "type": "Point", "coordinates": [ 112.527092900756983, -2.959189564544957 ] } },
{ "type": "Feature", "properties": { "precipitation_mm": 0.0, "temperature_c": 24.066158073373405, "humidity_pct": 91.7351942652964, "cloud_cover_pct": 63.265252449163128, "wind_speed_ms": 5.6488138162996089, "forecast_datetime": "2026-10-04T04:00:00", "source": "BMKG ADM4 forecast points + IDW", "boundary": "SERPRO Carbon Project Zone", "interpretation": "Forecast surface clipped to project boundary; not direct station observation" }, "geometry": { "type": "Point", "coordinates": [ 112.536547613083556, -3.275709061859708 ] } },
{ "type": "Feature", "properties": { "precipitation_mm": 0.0, "temperature_c": 24.055734593981168, "humidity_pct": 91.792529871129688, "cloud_cover_pct": 63.1791471971137, "wind_speed_ms": 5.5662751982437912, "forecast_datetime": "2026-10-04T04:00:00", "source": "BMKG ADM4 forecast points + IDW", "boundary": "SERPRO Carbon Project Zone", "interpretation": "Forecast surface clipped to project boundary; not direct station observation" }, "geometry": { "type": "Point", "coordinates": [ 112.536533840251536, -3.266665318820831 ] } },
{ "type": "Feature", "properties": { "precipitation_mm": 0.0, "temperature_c": 24.046142122528984, "humidity_pct": 91.861203333085228, "cloud_cover_pct": 63.122662680814443, "wind_speed_ms": 5.4864044374016601, "forecast_datetime": "2026-10-04T04:00:00", "source": "BMKG ADM4 forecast points + IDW", "boundary": "SERPRO Carbon Project Zone", "interpretation": "Forecast surface clipped to project boundary; not direct station observation" }, "geometry": { "type": "Point", "coordinates": [ 112.536520105701413, -3.257621574093114 ] } },
{ "type": "Feature", "properties": { "precipitation_mm": 0.0, "temperature_c": 24.03755059987332, "humidity_pct": 91.949557226846011, "cloud_cover_pct": 63.111188153569628, "wind_speed_ms": 5.4087351103857229, "forecast_datetime": "2026-10-04T04:00:00", "source": "BMKG ADM4 forecast points + IDW", "boundary": "SERPRO Carbon Project Zone", "interpretation": "Forecast surface clipped to project boundary; not direct station observation" }, "geometry": { "type": "Point", "coordinates": [ 112.53650640943151, -3.248577827681209 ] } },
{ "type": "Feature", "properties": { "precipitation_mm": 0.0, "temperature_c": 24.029989140199842, "humidity_pct": 92.068607346869513, "cloud_cover_pct": 63.161729040056088, "wind_speed_ms": 5.3312653901431979, "forecast_datetime": "2026-10-04T04:00:00", "source": "BMKG ADM4 forecast points + IDW", "boundary": "SERPRO Carbon Project Zone", "interpretation": "Forecast surface clipped to project boundary; not direct station observation" }, "geometry": { "type": "Point", "coordinates": [ 112.536492751440136, -3.239534079589777 ] } },
{ "type": "Feature", "properties": { "precipitation_mm": 0.0, "temperature_c": 24.023329271087512, "humidity_pct": 92.226668746650091, "cloud_cover_pct": 63.284364836241856, "wind_speed_ms": 5.2512892420477293, "forecast_datetime": "2026-10-04T04:00:00", "source": "BMKG ADM4 forecast points + IDW", "boundary": "SERPRO Carbon Project Zone", "interpretation": "Forecast surface clipped to project boundary; not direct station observation" }, "geometry": { "type": "Point", "coordinates": [ 112.536479131725585, -3.230490329823472 ] } },
{ "type": "Feature", "properties": { "precipitation_mm": 0.0, "temperature_c": 24.017461595882015, "humidity_pct": 92.415208105353102, "cloud_cover_pct": 63.464154484247764, "wind_speed_ms": 5.169566394045841, "forecast_datetime": "2026-10-04T04:00:00", "source": "BMKG ADM4 forecast points + IDW", "boundary": "SERPRO Carbon Project Zone", "interpretation": "Forecast surface clipped to project boundary; not direct station observation" }, "geometry": { "type": "Point", "coordinates": [ 112.536465550286181, -3.221446578386952 ] } },
{ "type": "Feature", "properties": { "precipitation_mm": 0.0, "temperature_c": 24.012732237959636, "humidity_pct": 92.594314562341211, "cloud_cover_pct": 63.648128274793713, "wind_speed_ms": 5.0972015909285107, "forecast_datetime": "2026-10-04T04:00:00", "source": "BMKG ADM4 forecast points + IDW", "boundary": "SERPRO Carbon Project Zone", "interpretation": "Forecast surface clipped to project boundary; not direct station observation" }, "geometry": { "type": "Point", "coordinates": [ 112.536452007120246, -3.212402825284877 ] } },
{ "type": "Feature", "properties": { "precipitation_mm": 0.0, "temperature_c": 24.010122825942869, "humidity_pct": 92.70908753610766, "cloud_cover_pct": 63.775252518094554, "wind_speed_ms": 5.055083482019163, "forecast_datetime": "2026-10-04T04:00:00", "source": "BMKG ADM4 forecast points + IDW", "boundary": "SERPRO Carbon Project Zone", "interpretation": "Forecast surface clipped to project boundary; not direct station observation" }, "geometry": { "type": "Point", "coordinates": [ 112.536438502226119, -3.203359070521903 ] } },
{ "type": "Feature", "properties": { "precipitation_mm": 0.0, "temperature_c": 24.010512477356752, "humidity_pct": 92.738410070445084, "cloud_cover_pct": 63.837085353580399, "wind_speed_ms": 5.0588181274065649, "forecast_datetime": "2026-10-04T04:00:00", "source": "BMKG ADM4 forecast points + IDW", "boundary": "SERPRO Carbon Project Zone", "interpretation": "Forecast surface clipped to project boundary; not direct station observation" }, "geometry": { "type": "Point", "coordinates": [ 112.536425035602122, -3.194315314102688 ] } },
{ "type": "Feature", "properties": { "precipitation_mm": 0.0, "temperature_c": 24.013842014934756, "humidity_pct": 92.710665652311121, "cloud_cover_pct": 63.8840752654528, "wind_speed_ms": 5.1076249853509559, "forecast_datetime": "2026-10-04T04:00:00", "source": "BMKG ADM4 forecast points + IDW", "boundary": "SERPRO Carbon Project Zone", "interpretation": "Forecast surface clipped to project boundary; not direct station observation" }, "geometry": { "type": "Point", "coordinates": [ 112.536411607246578, -3.18527155603189 ] } },
{ "type": "Feature", "properties": { "precipitation_mm": 0.0, "temperature_c": 24.019241608044336, "humidity_pct": 92.671360261819189, "cloud_cover_pct": 63.977111553336506, "wind_speed_ms": 5.1904025706300736, "forecast_datetime": "2026-10-04T04:00:00", "source": "BMKG ADM4 forecast points + IDW", "boundary": "SERPRO Carbon Project Zone", "interpretation": "Forecast surface clipped to project boundary; not direct station observation" }, "geometry": { "type": "Point", "coordinates": [ 112.536398217157853, -3.176227796314168 ] } },
{ "type": "Feature", "properties": { "precipitation_mm": 0.0, "temperature_c": 24.025581824958397, "humidity_pct": 92.656009998261837, "cloud_cover_pct": 64.156413529681757, "wind_speed_ms": 5.2951841694237771, "forecast_datetime": "2026-10-04T04:00:00", "source": "BMKG ADM4 forecast points + IDW", "boundary": "SERPRO Carbon Project Zone", "interpretation": "Forecast surface clipped to project boundary; not direct station observation" }, "geometry": { "type": "Point", "coordinates": [ 112.536384865334284, -3.167184034954181 ] } },
{ "type": "Feature", "properties": { "precipitation_mm": 0.0, "temperature_c": 24.031782031939773, "humidity_pct": 92.685886569062561, "cloud_cover_pct": 64.440760314913362, "wind_speed_ms": 5.4124112848830608, "forecast_datetime": "2026-10-04T04:00:00", "source": "BMKG ADM4 forecast points + IDW", "boundary": "SERPRO Carbon Project Zone", "interpretation": "Forecast surface clipped to project boundary; not direct station observation" }, "geometry": { "type": "Point", "coordinates": [ 112.536371551774224, -3.158140271956585 ] } },
{ "type": "Feature", "properties": { "precipitation_mm": 0.0, "temperature_c": 24.036897838388693, "humidity_pct": 92.772201034689218, "cloud_cover_pct": 64.8348053534435, "wind_speed_ms": 5.5344708189813803, "forecast_datetime": "2026-10-04T04:00:00", "source": "BMKG ADM4 forecast points + IDW", "boundary": "SERPRO Carbon Project Zone", "interpretation": "Forecast surface clipped to project boundary; not direct station observation" }, "geometry": { "type": "Point", "coordinates": [ 112.536358276476022, -3.149096507326041 ] } },
{ "type": "Feature", "properties": { "precipitation_mm": 0.0, "temperature_c": 24.04015973515153, "humidity_pct": 92.91930333181331, "cloud_cover_pct": 65.333441653098788, "wind_speed_ms": 5.6547569947024154, "forecast_datetime": "2026-10-04T04:00:00", "source": "BMKG ADM4 forecast points + IDW", "boundary": "SERPRO Carbon Project Zone", "interpretation": "Forecast surface clipped to project boundary; not direct station observation" }, "geometry": { "type": "Point", "coordinates": [ 112.536345039438046, -3.140052741067206 ] } },
{ "type": "Feature", "properties": { "precipitation_mm": 0.0, "temperature_c": 24.041031601821388, "humidity_pct": 93.125529136275205, "cloud_cover_pct": 65.922675211138809, "wind_speed_ms": 5.7672670546073137, "forecast_datetime": "2026-10-04T04:00:00", "source": "BMKG ADM4 forecast points + IDW", "boundary": "SERPRO Carbon Project Zone", "interpretation": "Forecast surface clipped to project boundary; not direct station observation" }, "geometry": { "type": "Point", "coordinates": [ 112.536331840658647, -3.131008973184741 ] } },
{ "type": "Feature", "properties": { "precipitation_mm": 0.0, "temperature_c": 24.039288404899583, "humidity_pct": 93.382723810257446, "cloud_cover_pct": 66.578863749200892, "wind_speed_ms": 5.8667286842109618, "forecast_datetime": "2026-10-04T04:00:00", "source": "BMKG ADM4 forecast points + IDW", "boundary": "SERPRO Carbon Project Zone", "interpretation": "Forecast surface clipped to project boundary; not direct station observation" }, "geometry": { "type": "Point", "coordinates": [ 112.536318680136219, -3.121965203683303 ] } },
{ "type": "Feature", "properties": { "precipitation_mm": 0.0, "temperature_c": 24.035086972543532, "humidity_pct": 93.675635240442887, "cloud_cover_pct": 67.268100825750082, "wind_speed_ms": 5.9490616137454992, "forecast_datetime": "2026-10-04T04:00:00", "source": "BMKG ADM4 forecast points + IDW", "boundary": "SERPRO Carbon Project Zone", "interpretation": "Forecast surface clipped to project boundary; not direct station observation" }, "geometry": { "type": "Point", "coordinates": [ 112.536305557869099, -3.112921432567554 ] } },
{ "type": "Feature", "properties": { "precipitation_mm": 0.0, "temperature_c": 24.028992901635934, "humidity_pct": 93.982248135107426, "cloud_cover_pct": 67.947353935437789, "wind_speed_ms": 6.0119624029547998, "forecast_datetime": "2026-10-04T04:00:00", "source": "BMKG ADM4 forecast points + IDW", "boundary": "SERPRO Carbon Project Zone", "interpretation": "Forecast surface clipped to project boundary; not direct station observation" }, "geometry": { "type": "Point", "coordinates": [ 112.536292473855724, -3.10387765984215 ] } },
{ "type": "Feature", "properties": { "precipitation_mm": 0.0, "temperature_c": 24.021924504963181, "humidity_pct": 94.275949818827826, "cloud_cover_pct": 68.568698939017168, "wind_speed_ms": 6.0553750415874799, "forecast_datetime": "2026-10-04T04:00:00", "source": "BMKG ADM4 forecast points + IDW", "boundary": "SERPRO Carbon Project Zone", "interpretation": "Forecast surface clipped to project boundary; not direct station observation" }, "geometry": { "type": "Point", "coordinates": [ 112.536279428094417, -3.094833885511754 ] } },
{ "type": "Feature", "properties": { "precipitation_mm": 0.0, "temperature_c": 24.01499205032496, "humidity_pct": 94.529828044208315, "cloud_cover_pct": 69.086962725442987, "wind_speed_ms": 6.0815848035891236, "forecast_datetime": "2026-10-04T04:00:00", "source": "BMKG ADM4 forecast points + IDW", "boundary": "SERPRO Carbon Project Zone", "interpretation": "Forecast surface clipped to project boundary; not direct station observation" }, "geometry": { "type": "Point", "coordinates": [ 112.536266420583601, -3.085790109581024 ] } },
{ "type": "Feature", "properties": { "precipitation_mm": 0.0, "temperature_c": 24.009256416235608, "humidity_pct": 94.722222859801988, "cloud_cover_pct": 69.469039707625868, "wind_speed_ms": 6.0947459656413452, "forecast_datetime": "2026-10-04T04:00:00", "source": "BMKG ADM4 forecast points + IDW", "boundary": "SERPRO Carbon Project Zone", "interpretation": "Forecast surface clipped to project boundary; not direct station observation" }, "geometry": { "type": "Point", "coordinates": [ 112.536253451321684, -3.07674633205462 ] } },
{ "type": "Feature", "properties": { "precipitation_mm": 0.0, "temperature_c": 24.005487803144721, "humidity_pct": 94.841446279639896, "cloud_cover_pct": 69.701176698014592, "wind_speed_ms": 6.0998910179147261, "forecast_datetime": "2026-10-04T04:00:00", "source": "BMKG ADM4 forecast points + IDW", "boundary": "SERPRO Carbon Project Zone", "interpretation": "Forecast surface clipped to project boundary; not direct station observation" }, "geometry": { "type": "Point", "coordinates": [ 112.536240520307018, -3.067702552937202 ] } },
{ "type": "Feature", "properties": { "precipitation_mm": 0.0, "temperature_c": 24.004024572721395, "humidity_pct": 94.8874970362276, "cloud_cover_pct": 69.790643705626508, "wind_speed_ms": 6.1017661749104786, "forecast_datetime": "2026-10-04T04:00:00", "source": "BMKG ADM4 forecast points + IDW", "boundary": "SERPRO Carbon Project Zone", "interpretation": "Forecast surface clipped to project boundary; not direct station observation" }, "geometry": { "type": "Point", "coordinates": [ 112.53622762753804, -3.05865877223343 ] } },
{ "type": "Feature", "properties": { "precipitation_mm": 0.0, "temperature_c": 24.004783643466329, "humidity_pct": 94.870108211478964, "cloud_cover_pct": 69.761065644289232, "wind_speed_ms": 6.1039517225555553, "forecast_datetime": "2026-10-04T04:00:00", "source": "BMKG ADM4 forecast points + IDW", "boundary": "SERPRO Carbon Project Zone", "interpretation": "Forecast surface clipped to project boundary; not direct station observation" }, "geometry": { "type": "Point", "coordinates": [ 112.536214773013143, -3.049614989947965 ] } },
{ "type": "Feature", "properties": { "precipitation_mm": 0.0, "temperature_c": 24.007390548022887, "humidity_pct": 94.804456400520678, "cloud_cover_pct": 69.644124547235705, "wind_speed_ms": 6.1085368647903922, "forecast_datetime": "2026-10-04T04:00:00", "source": "BMKG ADM4 forecast points + IDW", "boundary": "SERPRO Carbon Project Zone", "interpretation": "Forecast surface clipped to project boundary; not direct station observation" }, "geometry": { "type": "Point", "coordinates": [ 112.536201956730764, -3.040571206085467 ] } },
{ "type": "Feature", "properties": { "precipitation_mm": 0.0, "temperature_c": 24.011347264889359, "humidity_pct": 94.706713533210532, "cloud_cover_pct": 69.471560819124136, "wind_speed_ms": 6.1162958083959778, "forecast_datetime": "2026-10-04T04:00:00", "source": "BMKG ADM4 forecast points + IDW", "boundary": "SERPRO Carbon Project Zone", "interpretation": "Forecast surface clipped to project boundary; not direct station observation" }, "geometry": { "type": "Point", "coordinates": [ 112.536189178689284, -3.031527420650596 ] } },
{ "type": "Feature", "properties": { "precipitation_mm": 0.0, "temperature_c": 24.016167118373168, "humidity_pct": 94.590981821322387, "cloud_cover_pct": 69.270018934327979, "wind_speed_ms": 6.1271142139960766, "forecast_datetime": "2026-10-04T04:00:00", "source": "BMKG ADM4 forecast points + IDW", "boundary": "SERPRO Carbon Project Zone", "interpretation": "Forecast surface clipped to project boundary; not direct station observation" }, "geometry": { "type": "Point", "coordinates": [ 112.536176438887153, -3.022483633648015 ] } },
{ "type": "Feature", "properties": { "precipitation_mm": 0.0, "temperature_c": 24.021449212162945, "humidity_pct": 94.467962616870977, "cloud_cover_pct": 69.059110455009019, "wind_speed_ms": 6.1404240212103707, "forecast_datetime": "2026-10-04T04:00:00", "source": "BMKG ADM4 forecast points + IDW", "boundary": "SERPRO Carbon Project Zone", "interpretation": "Forecast surface clipped to project boundary; not direct station observation" }, "geometry": { "type": "Point", "coordinates": [ 112.536163737322795, -3.013439845082382 ] } },
{ "type": "Feature", "properties": { "precipitation_mm": 0.0, "temperature_c": 24.026900379762409, "humidity_pct": 94.344912707098487, "cloud_cover_pct": 68.85172824817883, "wind_speed_ms": 6.1555207649194426, "forecast_datetime": "2026-10-04T04:00:00", "source": "BMKG ADM4 forecast points + IDW", "boundary": "SERPRO Carbon Project Zone", "interpretation": "Forecast surface clipped to project boundary; not direct station observation" }, "geometry": { "type": "Point", "coordinates": [ 112.536151073994617, -3.00439605495836 ] } },
{ "type": "Feature", "properties": { "precipitation_mm": 0.0, "temperature_c": 24.032325907038018, "humidity_pct": 94.226250602683635, "cloud_cover_pct": 68.655410479818372, "wind_speed_ms": 6.1717439007907551, "forecast_datetime": "2026-10-04T04:00:00", "source": "BMKG ADM4 forecast points + IDW", "boundary": "SERPRO Carbon Project Zone", "interpretation": "Forecast surface clipped to project boundary; not direct station observation" }, "geometry": { "type": "Point", "coordinates": [ 112.536138448901085, -2.995352263280609 ] } },
{ "type": "Feature", "properties": { "precipitation_mm": 0.0, "temperature_c": 24.037607863114644, "humidity_pct": 94.114333659540506, "cloud_cover_pct": 68.473902527725443, "wind_speed_ms": 6.1885530281673082, "forecast_datetime": "2026-10-04T04:00:00", "source": "BMKG ADM4 forecast points + IDW", "boundary": "SERPRO Carbon Project Zone", "interpretation": "Forecast surface clipped to project boundary; not direct station observation" }, "geometry": { "type": "Point", "coordinates": [ 112.536125862040635, -2.986308470053792 ] } },
{ "type": "Feature", "properties": { "precipitation_mm": 0.0, "temperature_c": 24.04268240480436, "humidity_pct": 94.010154646325375, "cloud_cover_pct": 68.308496496434742, "wind_speed_ms": 6.205542265595132, "forecast_datetime": "2026-10-04T04:00:00", "source": "BMKG ADM4 forecast points + IDW", "boundary": "SERPRO Carbon Project Zone", "interpretation": "Forecast surface clipped to project boundary; not direct station observation" }, "geometry": { "type": "Point", "coordinates": [ 112.536113313411718, -2.977264675282568 ] } },
{ "type": "Feature", "properties": { "precipitation_mm": 0.0, "temperature_c": 24.047520992334739, "humidity_pct": 93.913872425399191, "cloud_cover_pct": 68.159025217750653, "wind_speed_ms": 6.2224253130384257, "forecast_datetime": "2026-10-04T04:00:00", "source": "BMKG ADM4 forecast points + IDW", "boundary": "SERPRO Carbon Project Zone", "interpretation": "Forecast surface clipped to project boundary; not direct station observation" }, "geometry": { "type": "Point", "coordinates": [ 112.536100803012758, -2.968220878971601 ] } },
{ "type": "Feature", "properties": { "precipitation_mm": 0.0, "temperature_c": 24.052116639923351, "humidity_pct": 93.825178189821273, "cloud_cover_pct": 68.024534875650318, "wind_speed_ms": 6.2390108360383669, "forecast_datetime": "2026-10-04T04:00:00", "source": "BMKG ADM4 forecast points + IDW", "boundary": "SERPRO Carbon Project Zone", "interpretation": "Forecast surface clipped to project boundary; not direct station observation" }, "geometry": { "type": "Point", "coordinates": [ 112.536088330842219, -2.959177081125552 ] } },
{ "type": "Feature", "properties": { "precipitation_mm": 0.0, "temperature_c": 24.068337575317216, "humidity_pct": 91.60270344832395, "cloud_cover_pct": 63.0820385900006, "wind_speed_ms": 5.6754174500078909, "forecast_datetime": "2026-10-04T04:00:00", "source": "BMKG ADM4 forecast points + IDW", "boundary": "SERPRO Carbon Project Zone", "interpretation": "Forecast surface clipped to project boundary; not direct station observation" }, "geometry": { "type": "Point", "coordinates": [ 112.545545691914441, -3.275695159375368 ] } },
{ "type": "Feature", "properties": { "precipitation_mm": 0.0, "temperature_c": 24.05691284624292, "humidity_pct": 91.638093853030227, "cloud_cover_pct": 62.947811531308908, "wind_speed_ms": 5.5914922744233264, "forecast_datetime": "2026-10-04T04:00:00", "source": "BMKG ADM4 forecast points + IDW", "boundary": "SERPRO Carbon Project Zone", "interpretation": "Forecast surface clipped to project boundary; not direct station observation" }, "geometry": { "type": "Point", "coordinates": [ 112.54553183850625, -3.266651454799254 ] } },
{ "type": "Feature", "properties": { "precipitation_mm": 0.0, "temperature_c": 24.046568766500087, "humidity_pct": 91.675535080075292, "cloud_cover_pct": 62.8334256805664, "wind_speed_ms": 5.5138107419779772, "forecast_datetime": "2026-10-04T04:00:00", "source": "BMKG ADM4 forecast points + IDW", "boundary": "SERPRO Carbon Project Zone", "interpretation": "Forecast surface clipped to project boundary; not direct station observation" }, "geometry": { "type": "Point", "coordinates": [ 112.545518023603918, -3.25760774853364 ] } },
{ "type": "Feature", "properties": { "precipitation_mm": 0.0, "temperature_c": 24.037686317768834, "humidity_pct": 91.721531530377547, "cloud_cover_pct": 62.755286494270166, "wind_speed_ms": 5.4438852145230348, "forecast_datetime": "2026-10-04T04:00:00", "source": "BMKG ADM4 forecast points + IDW", "boundary": "SERPRO Carbon Project Zone", "interpretation": "Forecast surface clipped to project boundary; not direct station observation" }, "geometry": { "type": "Point", "coordinates": [ 112.545504247205756, -3.248564040583182 ] } },
{ "type": "Feature", "properties": { "precipitation_mm": 0.0, "temperature_c": 24.030541007948752, "humidity_pct": 91.787905636760158, "cloud_cover_pct": 62.736357736628676, "wind_speed_ms": 5.3816519339180511, "forecast_datetime": "2026-10-04T04:00:00", "source": "BMKG ADM4 forecast points + IDW", "boundary": "SERPRO Carbon Project Zone", "interpretation": "Forecast surface clipped to project boundary; not direct station observation" }, "geometry": { "type": "Point", "coordinates": [ 112.545490509310042, -3.239520330952542 ] } },
{ "type": "Feature", "properties": { "precipitation_mm": 0.0, "temperature_c": 24.025183978409245, "humidity_pct": 91.890366603782709, "cloud_cover_pct": 62.801889453519514, "wind_speed_ms": 5.3248434084058314, "forecast_datetime": "2026-10-04T04:00:00", "source": "BMKG ADM4 forecast points + IDW", "boundary": "SERPRO Carbon Project Zone", "interpretation": "Forecast surface clipped to project boundary; not direct station observation" }, "geometry": { "type": "Point", "coordinates": [ 112.545476809915101, -3.230476619646377 ] } },
{ "type": "Feature", "properties": { "precipitation_mm": 0.0, "temperature_c": 24.02138292421612, "humidity_pct": 92.037265292309996, "cloud_cover_pct": 62.961247577244471, "wind_speed_ms": 5.2706263739492458, "forecast_datetime": "2026-10-04T04:00:00", "source": "BMKG ADM4 forecast points + IDW", "boundary": "SERPRO Carbon Project Zone", "interpretation": "Forecast surface clipped to project boundary; not direct station observation" }, "geometry": { "type": "Point", "coordinates": [ 112.545463149019241, -3.221432906669347 ] } },
{ "type": "Feature", "properties": { "precipitation_mm": 0.0, "temperature_c": 24.018857726813469, "humidity_pct": 92.208241093766887, "cloud_cover_pct": 63.179958774604032, "wind_speed_ms": 5.2215868085050268, "forecast_datetime": "2026-10-04T04:00:00", "source": "BMKG ADM4 forecast points + IDW", "boundary": "SERPRO Carbon Project Zone", "interpretation": "Forecast surface clipped to project boundary; not direct station observation" }, "geometry": { "type": "Point", "coordinates": [ 112.545449526620757, -3.212389192026112 ] } },
{ "type": "Feature", "properties": { "precipitation_mm": 0.0, "temperature_c": 24.017759412635868, "humidity_pct": 92.353593234807363, "cloud_cover_pct": 63.388274608886135, "wind_speed_ms": 5.1900990818623125, "forecast_datetime": "2026-10-04T04:00:00", "source": "BMKG ADM4 forecast points + IDW", "boundary": "SERPRO Carbon Project Zone", "interpretation": "Forecast surface clipped to project boundary; not direct station observation" }, "geometry": { "type": "Point", "coordinates": [ 112.545435942717972, -3.203345475721331 ] } },
{ "type": "Feature", "properties": { "precipitation_mm": 0.0, "temperature_c": 24.018610653665434, "humidity_pct": 92.438058175563455, "cloud_cover_pct": 63.547278274281773, "wind_speed_ms": 5.1900100264592401, "forecast_datetime": "2026-10-04T04:00:00", "source": "BMKG ADM4 forecast points + IDW", "boundary": "SERPRO Carbon Project Zone", "interpretation": "Forecast surface clipped to project boundary; not direct station observation" }, "geometry": { "type": "Point", "coordinates": [ 112.54542239730921, -3.194301757759664 ] } },
{ "type": "Feature", "properties": { "precipitation_mm": 0.0, "temperature_c": 24.021612874948747, "humidity_pct": 92.470558749696508, "cloud_cover_pct": 63.680906474551627, "wind_speed_ms": 5.2251917197724893, "forecast_datetime": "2026-10-04T04:00:00", "source": "BMKG ADM4 forecast points + IDW", "boundary": "SERPRO Carbon Project Zone", "interpretation": "Forecast surface clipped to project boundary; not direct station observation" }, "geometry": { "type": "Point", "coordinates": [ 112.545408890392807, -3.18525803814577 ] } },
{ "type": "Feature", "properties": { "precipitation_mm": 0.0, "temperature_c": 24.026344526394286, "humidity_pct": 92.483732996055267, "cloud_cover_pct": 63.838331512940513, "wind_speed_ms": 5.2903388019351549, "forecast_datetime": "2026-10-04T04:00:00", "source": "BMKG ADM4 forecast points + IDW", "boundary": "SERPRO Carbon Project Zone", "interpretation": "Forecast surface clipped to project boundary; not direct station observation" }, "geometry": { "type": "Point", "coordinates": [ 112.545395421967072, -3.176214316884311 ] } },
{ "type": "Feature", "properties": { "precipitation_mm": 0.0, "temperature_c": 24.031993174200188, "humidity_pct": 92.508175849686992, "cloud_cover_pct": 64.058456272648272, "wind_speed_ms": 5.3772406097701539, "forecast_datetime": "2026-10-04T04:00:00", "source": "BMKG ADM4 forecast points + IDW", "boundary": "SERPRO Carbon Project Zone", "interpretation": "Forecast surface clipped to project boundary; not direct station observation" }, "geometry": { "type": "Point", "coordinates": [ 112.545381992030357, -3.167170593979945 ] } },
{ "type": "Feature", "properties": { "precipitation_mm": 0.0, "temperature_c": 24.037624468062972, "humidity_pct": 92.564969110766867, "cloud_cover_pct": 64.362952737590959, "wind_speed_ms": 5.4779783517511174, "forecast_datetime": "2026-10-04T04:00:00", "source": "BMKG ADM4 forecast points + IDW", "boundary": "SERPRO Carbon Project Zone", "interpretation": "Forecast surface clipped to project boundary; not direct station observation" }, "geometry": { "type": "Point", "coordinates": [ 112.545368600581014, -3.158126869437334 ] } },
{ "type": "Feature", "properties": { "precipitation_mm": 0.0, "temperature_c": 24.042334527107268, "humidity_pct": 92.666994660171383, "cloud_cover_pct": 64.760209428331962, "wind_speed_ms": 5.5853999238174756, "forecast_datetime": "2026-10-04T04:00:00", "source": "BMKG ADM4 forecast points + IDW", "boundary": "SERPRO Carbon Project Zone", "interpretation": "Forecast surface clipped to project boundary; not direct station observation" }, "geometry": { "type": "Point", "coordinates": [ 112.545355247617366, -3.149083143261138 ] } },
{ "type": "Feature", "properties": { "precipitation_mm": 0.0, "temperature_c": 24.045346937648834, "humidity_pct": 92.820674171897082, "cloud_cover_pct": 65.248555947473534, "wind_speed_ms": 5.6929224746901186, "forecast_datetime": "2026-10-04T04:00:00", "source": "BMKG ADM4 forecast points + IDW", "boundary": "SERPRO Carbon Project Zone", "interpretation": "Forecast surface clipped to project boundary; not direct station observation" }, "geometry": { "type": "Point", "coordinates": [ 112.545341933137777, -3.140039415456018 ] } },
{ "type": "Feature", "properties": { "precipitation_mm": 0.0, "temperature_c": 24.04610338675365, "humidity_pct": 93.026296633462621, "cloud_cover_pct": 65.816993136463324, "wind_speed_ms": 5.7944967318984411, "forecast_datetime": "2026-10-04T04:00:00", "source": "BMKG ADM4 forecast points + IDW", "boundary": "SERPRO Carbon Project Zone", "interpretation": "Forecast surface clipped to project boundary; not direct station observation" }, "geometry": { "type": "Point", "coordinates": [ 112.545328657140601, -3.130995686026634 ] } },
{ "type": "Feature", "properties": { "precipitation_mm": 0.0, "temperature_c": 24.044355251806838, "humidity_pct": 93.277459676790343, "cloud_cover_pct": 66.444636775812043, "wind_speed_ms": 5.8848620415968016, "forecast_datetime": "2026-10-04T04:00:00", "source": "BMKG ADM4 forecast points + IDW", "boundary": "SERPRO Carbon Project Zone", "interpretation": "Forecast surface clipped to project boundary; not direct station observation" }, "geometry": { "type": "Point", "coordinates": [ 112.545315419624202, -3.121951954977648 ] } },
{ "type": "Feature", "properties": { "precipitation_mm": 0.0, "temperature_c": 24.040237501458712, "humidity_pct": 93.560580507353606, "cloud_cover_pct": 67.100466616887687, "wind_speed_ms": 5.9600156349246083, "forecast_datetime": "2026-10-04T04:00:00", "source": "BMKG ADM4 forecast points + IDW", "boundary": "SERPRO Carbon Project Zone", "interpretation": "Forecast surface clipped to project boundary; not direct station observation" }, "geometry": { "type": "Point", "coordinates": [ 112.545302220586947, -3.112908222313721 ] } },
{ "type": "Feature", "properties": { "precipitation_mm": 0.0, "temperature_c": 24.034291226107847, "humidity_pct": 93.855452055682875, "cloud_cover_pct": 67.744910252943782, "wind_speed_ms": 6.0177454481597961, "forecast_datetime": "2026-10-04T04:00:00", "source": "BMKG ADM4 forecast points + IDW", "boundary": "SERPRO Carbon Project Zone", "interpretation": "Forecast surface clipped to project boundary; not direct station observation" }, "geometry": { "type": "Point", "coordinates": [ 112.545289060027187, -3.103864488039513 ] } },
{ "type": "Feature", "properties": { "precipitation_mm": 0.0, "temperature_c": 24.027399271594945, "humidity_pct": 94.137599789420946, "cloud_cover_pct": 68.33435544227558, "wind_speed_ms": 6.0580130246467814, "forecast_datetime": "2026-10-04T04:00:00", "source": "BMKG ADM4 forecast points + IDW", "boundary": "SERPRO Carbon Project Zone", "interpretation": "Forecast surface clipped to project boundary; not direct station observation" }, "geometry": { "type": "Point", "coordinates": [ 112.545275937943316, -3.094820752159686 ] } },
{ "type": "Feature", "properties": { "precipitation_mm": 0.0, "temperature_c": 24.020621191357179, "humidity_pct": 94.382510303216264, "cloud_cover_pct": 68.828472338308018, "wind_speed_ms": 6.0829521820217582, "forecast_datetime": "2026-10-04T04:00:00", "source": "BMKG ADM4 forecast points + IDW", "boundary": "SERPRO Carbon Project Zone", "interpretation": "Forecast surface clipped to project boundary; not direct station observation" }, "geometry": { "type": "Point", "coordinates": [ 112.5452628543337, -3.085777014678904 ] } },
{ "type": "Feature", "properties": { "precipitation_mm": 0.0, "temperature_c": 24.014960586690329, "humidity_pct": 94.570697164573957, "cloud_cover_pct": 69.198388381854045, "wind_speed_ms": 6.0963491551745523, "forecast_datetime": "2026-10-04T04:00:00", "source": "BMKG ADM4 forecast points + IDW", "boundary": "SERPRO Carbon Project Zone", "interpretation": "Forecast surface clipped to project boundary; not direct station observation" }, "geometry": { "type": "Point", "coordinates": [ 112.545249809196733, -3.076733275601825 ] } },
{ "type": "Feature", "properties": { "precipitation_mm": 0.0, "temperature_c": 24.011144980998939, "humidity_pct": 94.691696628269042, "cloud_cover_pct": 69.432470735729808, "wind_speed_ms": 6.1027037804651503, "forecast_datetime": "2026-10-04T04:00:00", "source": "BMKG ADM4 forecast points + IDW", "boundary": "SERPRO Carbon Project Zone", "interpretation": "Forecast surface clipped to project boundary; not direct station observation" }, "geometry": { "type": "Point", "coordinates": [ 112.545236802530809, -3.067689534933112 ] } },
{ "type": "Feature", "properties": { "precipitation_mm": 0.0, "temperature_c": 24.009504302814026, "humidity_pct": 94.745310518794284, "cloud_cover_pct": 69.537129980513583, "wind_speed_ms": 6.1062053310163966, "forecast_datetime": "2026-10-04T04:00:00", "source": "BMKG ADM4 forecast points + IDW", "boundary": "SERPRO Carbon Project Zone", "interpretation": "Forecast surface clipped to project boundary; not direct station observation" }, "geometry": { "type": "Point", "coordinates": [ 112.545223834334294, -3.058645792677429 ] } },
{ "type": "Feature", "properties": { "precipitation_mm": 0.0, "temperature_c": 24.009984043311718, "humidity_pct": 94.739804049319147, "cloud_cover_pct": 69.532575999265575, "wind_speed_ms": 6.1099995398949121, "forecast_datetime": "2026-10-04T04:00:00", "source": "BMKG ADM4 forecast points + IDW", "boundary": "SERPRO Carbon Project Zone", "interpretation": "Forecast surface clipped to project boundary; not direct station observation" }, "geometry": { "type": "Point", "coordinates": [ 112.545210904605625, -3.049602048839436 ] } },
{ "type": "Feature", "properties": { "precipitation_mm": 0.0, "temperature_c": 24.012259891308553, "humidity_pct": 94.688276585657846, "cloud_cover_pct": 69.445924039930588, "wind_speed_ms": 6.1159345970544035, "forecast_datetime": "2026-10-04T04:00:00", "source": "BMKG ADM4 forecast points + IDW", "boundary": "SERPRO Carbon Project Zone", "interpretation": "Forecast surface clipped to project boundary; not direct station observation" }, "geometry": { "type": "Point", "coordinates": [ 112.545198013343182, -3.040558303423796 ] } },
{ "type": "Feature", "properties": { "precipitation_mm": 0.0, "temperature_c": 24.015884226628316, "humidity_pct": 94.604944345342659, "cloud_cover_pct": 69.304674566998287, "wind_speed_ms": 6.1247174383414746, "forecast_datetime": "2026-10-04T04:00:00", "source": "BMKG ADM4 forecast points + IDW", "boundary": "SERPRO Carbon Project Zone", "interpretation": "Forecast surface clipped to project boundary; not direct station observation" }, "geometry": { "type": "Point", "coordinates": [ 112.545185160545387, -3.031514556435171 ] } },
{ "type": "Feature", "properties": { "precipitation_mm": 0.0, "temperature_c": 24.020406338554295, "humidity_pct": 94.502519947020701, "cloud_cover_pct": 69.132433186198085, "wind_speed_ms": 6.1362720632359631, "forecast_datetime": "2026-10-04T04:00:00", "source": "BMKG ADM4 forecast points + IDW", "boundary": "SERPRO Carbon Project Zone", "interpretation": "Forecast surface clipped to project boundary; not direct station observation" }, "geometry": { "type": "Point", "coordinates": [ 112.545172346210649, -3.022470807878224 ] } },
{ "type": "Feature", "properties": { "precipitation_mm": 0.0, "temperature_c": 24.025442794195399, "humidity_pct": 94.390973780179536, "cloud_cover_pct": 68.947143577172312, "wind_speed_ms": 6.150107251077114, "forecast_datetime": "2026-10-04T04:00:00", "source": "BMKG ADM4 forecast points + IDW", "boundary": "SERPRO Carbon Project Zone", "interpretation": "Forecast surface clipped to project boundary; not direct station observation" }, "geometry": { "type": "Point", "coordinates": [ 112.545159570337361, -3.013427057757618 ] } },
{ "type": "Feature", "properties": { "precipitation_mm": 0.0, "temperature_c": 24.030702770337633, "humidity_pct": 94.277359802465398, "cloud_cover_pct": 68.761134695699212, "wind_speed_ms": 6.1655918770895077, "forecast_datetime": "2026-10-04T04:00:00", "source": "BMKG ADM4 forecast points + IDW", "boundary": "SERPRO Carbon Project Zone", "interpretation": "Forecast surface clipped to project boundary; not direct station observation" }, "geometry": { "type": "Point", "coordinates": [ 112.545146832923976, -3.004383306078016 ] } },
{ "type": "Feature", "properties": { "precipitation_mm": 0.0, "temperature_c": 24.035984744552405, "humidity_pct": 94.166223130194055, "cloud_cover_pct": 68.582085823277481, "wind_speed_ms": 6.1821184916677643, "forecast_datetime": "2026-10-04T04:00:00", "source": "BMKG ADM4 forecast points + IDW", "boundary": "SERPRO Carbon Project Zone", "interpretation": "Forecast surface clipped to project boundary; not direct station observation" }, "geometry": { "type": "Point", "coordinates": [ 112.545134133968915, -2.99533955284408 ] } },
{ "type": "Feature", "properties": { "precipitation_mm": 0.0, "temperature_c": 24.04116015376, "humidity_pct": 94.060204515403896, "cloud_cover_pct": 68.414240427434947, "wind_speed_ms": 6.1991784155278307, "forecast_datetime": "2026-10-04T04:00:00", "source": "BMKG ADM4 forecast points + IDW", "boundary": "SERPRO Carbon Project Zone", "interpretation": "Forecast surface clipped to project boundary; not direct station observation" }, "geometry": { "type": "Point", "coordinates": [ 112.545121473470601, -2.986295798060475 ] } },
{ "type": "Feature", "properties": { "precipitation_mm": 0.0, "temperature_c": 24.046154223934021, "humidity_pct": 93.960621344460478, "cloud_cover_pct": 68.259508622178643, "wind_speed_ms": 6.2163814043201038, "forecast_datetime": "2026-10-04T04:00:00", "source": "BMKG ADM4 forecast points + IDW", "boundary": "SERPRO Carbon Project Zone", "interpretation": "Forecast surface clipped to project boundary; not direct station observation" }, "geometry": { "type": "Point", "coordinates": [ 112.545108851427486, -2.977252041731862 ] } },
{ "type": "Feature", "properties": { "precipitation_mm": 0.0, "temperature_c": 24.050928998263135, "humidity_pct": 93.867935301764916, "cloud_cover_pct": 68.118326985137159, "wind_speed_ms": 6.2334469388174298, "forecast_datetime": "2026-10-04T04:00:00", "source": "BMKG ADM4 forecast points + IDW", "boundary": "SERPRO Carbon Project Zone", "interpretation": "Forecast surface clipped to project boundary; not direct station observation" }, "geometry": { "type": "Point", "coordinates": [ 112.545096267837991, -2.968208283862905 ] } },
{ "type": "Feature", "properties": { "precipitation_mm": 0.0, "temperature_c": 24.05547021439838, "humidity_pct": 93.782092060750543, "cloud_cover_pct": 67.990269456333223, "wind_speed_ms": 6.25018452148755, "forecast_datetime": "2026-10-04T04:00:00", "source": "BMKG ADM4 forecast points + IDW", "boundary": "SERPRO Carbon Project Zone", "interpretation": "Forecast surface clipped to project boundary; not direct station observation" }, "geometry": { "type": "Point", "coordinates": [ 112.545083722700596, -2.95916452445827 ] } },
{ "type": "Feature", "properties": { "precipitation_mm": 0.0, "temperature_c": 24.059777968380665, "humidity_pct": 93.702751248050703, "cloud_cover_pct": 67.87445347699871, "wind_speed_ms": 6.2664723392381454, "forecast_datetime": "2026-10-04T04:00:00", "source": "BMKG ADM4 forecast points + IDW", "boundary": "SERPRO Carbon Project Zone", "interpretation": "Forecast surface clipped to project boundary; not direct station observation" }, "geometry": { "type": "Point", "coordinates": [ 112.54507121601371, -2.950120763522618 ] } },
{ "type": "Feature", "properties": { "precipitation_mm": 0.0, "temperature_c": 24.057763219360208, "humidity_pct": 91.485792560788454, "cloud_cover_pct": 62.714428492225267, "wind_speed_ms": 5.6143639073666121, "forecast_datetime": "2026-10-04T04:00:00", "source": "BMKG ADM4 forecast points + IDW", "boundary": "SERPRO Carbon Project Zone", "interpretation": "Forecast surface clipped to project boundary; not direct station observation" }, "geometry": { "type": "Point", "coordinates": [ 112.554529798255089, -3.266637509905241 ] } },
{ "type": "Feature", "properties": { "precipitation_mm": 0.0, "temperature_c": 24.045845614335459, "humidity_pct": 91.492426073295974, "cloud_cover_pct": 62.528937891987972, "wind_speed_ms": 5.5330682067650612, "forecast_datetime": "2026-10-04T04:00:00", "source": "BMKG ADM4 forecast points + IDW", "boundary": "SERPRO Carbon Project Zone", "interpretation": "Forecast surface clipped to project boundary; not direct station observation" }, "geometry": { "type": "Point", "coordinates": [ 112.554515903002255, -3.257593842326088 ] } },
{ "type": "Feature", "properties": { "precipitation_mm": 0.0, "temperature_c": 24.035672057927435, "humidity_pct": 91.493812520763512, "cloud_cover_pct": 62.363159974266615, "wind_speed_ms": 5.4638804296444814, "forecast_datetime": "2026-10-04T04:00:00", "source": "BMKG ADM4 forecast points + IDW", "boundary": "SERPRO Carbon Project Zone", "interpretation": "Forecast surface clipped to project boundary; not direct station observation" }, "geometry": { "type": "Point", "coordinates": [ 112.554502046477538, -3.248550173061433 ] } },
{ "type": "Feature", "properties": { "precipitation_mm": 0.0, "temperature_c": 24.027849959280807, "humidity_pct": 91.500023321017736, "cloud_cover_pct": 62.243130398146832, "wind_speed_ms": 5.4094617406413237, "forecast_datetime": "2026-10-04T04:00:00", "source": "BMKG ADM4 forecast points + IDW", "boundary": "SERPRO Carbon Project Zone", "interpretation": "Forecast surface clipped to project boundary; not direct station observation" }, "geometry": { "type": "Point", "coordinates": [ 112.554488228679205, -3.239506502115936 ] } },
{ "type": "Feature", "properties": { "precipitation_mm": 0.0, "temperature_c": 24.02284905919495, "humidity_pct": 91.531467987632752, "cloud_cover_pct": 62.20889096657168, "wind_speed_ms": 5.3699504311673874, "forecast_datetime": "2026-10-04T04:00:00", "source": "BMKG ADM4 forecast points + IDW", "boundary": "SERPRO Carbon Project Zone", "interpretation": "Forecast surface clipped to project boundary; not direct station observation" }, "geometry": { "type": "Point", "coordinates": [ 112.554474449605564, -3.230462829494258 ] } },
{ "type": "Feature", "properties": { "precipitation_mm": 0.0, "temperature_c": 24.020722023136297, "humidity_pct": 91.61418690850806, "cloud_cover_pct": 62.302543480927369, "wind_speed_ms": 5.3418303465026336, "forecast_datetime": "2026-10-04T04:00:00", "source": "BMKG ADM4 forecast points + IDW", "boundary": "SERPRO Carbon Project Zone", "interpretation": "Forecast surface clipped to project boundary; not direct station observation" }, "geometry": { "type": "Point", "coordinates": [ 112.554460709254926, -3.22141915520106 ] } },
{ "type": "Feature", "properties": { "precipitation_mm": 0.0, "temperature_c": 24.020886522939144, "humidity_pct": 91.756237276835591, "cloud_cover_pct": 62.528391637212501, "wind_speed_ms": 5.320645842424506, "forecast_datetime": "2026-10-04T04:00:00", "source": "BMKG ADM4 forecast points + IDW", "boundary": "SERPRO Carbon Project Zone", "interpretation": "Forecast surface clipped to project boundary; not direct station observation" }, "geometry": { "type": "Point", "coordinates": [ 112.554447007625569, -3.212375479241005 ] } },
{ "type": "Feature", "properties": { "precipitation_mm": 0.0, "temperature_c": 24.022498026091608, "humidity_pct": 91.924794509430996, "cloud_cover_pct": 62.824535951498675, "wind_speed_ms": 5.3079718780089005, "forecast_datetime": "2026-10-04T04:00:00", "source": "BMKG ADM4 forecast points + IDW", "boundary": "SERPRO Carbon Project Zone", "interpretation": "Forecast surface clipped to project boundary; not direct station observation" }, "geometry": { "type": "Point", "coordinates": [ 112.554433344715818, -3.203331801618752 ] } },
{ "type": "Feature", "properties": { "precipitation_mm": 0.0, "temperature_c": 24.025178684926647, "humidity_pct": 92.071499967542977, "cloud_cover_pct": 63.114561146660684, "wind_speed_ms": 5.3122802790560861, "forecast_datetime": "2026-10-04T04:00:00", "source": "BMKG ADM4 forecast points + IDW", "boundary": "SERPRO Carbon Project Zone", "interpretation": "Forecast surface clipped to project boundary; not direct station observation" }, "geometry": { "type": "Point", "coordinates": [ 112.554419720523967, -3.194288122338965 ] } },
{ "type": "Feature", "properties": { "precipitation_mm": 0.0, "temperature_c": 24.028983415672599, "humidity_pct": 92.177470488301452, "cloud_cover_pct": 63.375763474962575, "wind_speed_ms": 5.3404536366290989, "forecast_datetime": "2026-10-04T04:00:00", "source": "BMKG ADM4 forecast points + IDW", "boundary": "SERPRO Carbon Project Zone", "interpretation": "Forecast surface clipped to project boundary; not direct station observation" }, "geometry": { "type": "Point", "coordinates": [ 112.554406135048339, -3.185244441406303 ] } },
{ "type": "Feature", "properties": { "precipitation_mm": 0.0, "temperature_c": 24.033827661847113, "humidity_pct": 92.255719334490109, "cloud_cover_pct": 63.632502125713231, "wind_speed_ms": 5.3928606549626465, "forecast_datetime": "2026-10-04T04:00:00", "source": "BMKG ADM4 forecast points + IDW", "boundary": "SERPRO Carbon Project Zone", "interpretation": "Forecast surface clipped to project boundary; not direct station observation" }, "geometry": { "type": "Point", "coordinates": [ 112.554392588287271, -3.176200758825431 ] } },
{ "type": "Feature", "properties": { "precipitation_mm": 0.0, "temperature_c": 24.039259888387384, "humidity_pct": 92.329667929140584, "cloud_cover_pct": 63.918840877898631, "wind_speed_ms": 5.4652380747135574, "forecast_datetime": "2026-10-04T04:00:00", "source": "BMKG ADM4 forecast points + IDW", "boundary": "SERPRO Carbon Project Zone", "interpretation": "Forecast surface clipped to project boundary; not direct station observation" }, "geometry": { "type": "Point", "coordinates": [ 112.554379080239087, -3.167157074601008 ] } },
{ "type": "Feature", "properties": { "precipitation_mm": 0.0, "temperature_c": 24.044575332633389, "humidity_pct": 92.420111941660892, "cloud_cover_pct": 64.259958914556094, "wind_speed_ms": 5.5515024273627995, "forecast_datetime": "2026-10-04T04:00:00", "source": "BMKG ADM4 forecast points + IDW", "boundary": "SERPRO Carbon Project Zone", "interpretation": "Forecast surface clipped to project boundary; not direct station observation" }, "geometry": { "type": "Point", "coordinates": [ 112.55436561090211, -3.158113388737699 ] } },
{ "type": "Feature", "properties": { "precipitation_mm": 0.0, "temperature_c": 24.048992327111296, "humidity_pct": 92.541899700531346, "cloud_cover_pct": 64.669311706704633, "wind_speed_ms": 5.645173210184514, "forecast_datetime": "2026-10-04T04:00:00", "source": "BMKG ADM4 forecast points + IDW", "boundary": "SERPRO Carbon Project Zone", "interpretation": "Forecast surface clipped to project boundary; not direct station observation" }, "geometry": { "type": "Point", "coordinates": [ 112.554352180274677, -3.149069701240165 ] } },
{ "type": "Feature", "properties": { "precipitation_mm": 0.0, "temperature_c": 24.051798940213473, "humidity_pct": 92.703700229018636, "cloud_cover_pct": 65.14977436769243, "wind_speed_ms": 5.739933215349847, "forecast_datetime": "2026-10-04T04:00:00", "source": "BMKG ADM4 forecast points + IDW", "boundary": "SERPRO Carbon Project Zone", "interpretation": "Forecast surface clipped to project boundary; not direct station observation" }, "geometry": { "type": "Point", "coordinates": [ 112.554338788355125, -3.140026012113068 ] } },
{ "type": "Feature", "properties": { "precipitation_mm": 0.0, "temperature_c": 24.052473464324219, "humidity_pct": 92.90786409591054, "cloud_cover_pct": 65.694328076389581, "wind_speed_ms": 5.8299618568282714, "forecast_datetime": "2026-10-04T04:00:00", "source": "BMKG ADM4 forecast points + IDW", "boundary": "SERPRO Carbon Project Zone", "interpretation": "Forecast surface clipped to project boundary; not direct station observation" }, "geometry": { "type": "Point", "coordinates": [ 112.554325435141806, -3.130982321361073 ] } },
{ "type": "Feature", "properties": { "precipitation_mm": 0.0, "temperature_c": 24.050785740693112, "humidity_pct": 93.149991072307827, "cloud_cover_pct": 66.286059058364515, "wind_speed_ms": 5.910303715197589, "forecast_datetime": "2026-10-04T04:00:00", "source": "BMKG ADM4 forecast points + IDW", "boundary": "SERPRO Carbon Project Zone", "interpretation": "Forecast surface clipped to project boundary; not direct station observation" }, "geometry": { "type": "Point", "coordinates": [ 112.554312120633057, -3.121938628988839 ] } },
{ "type": "Feature", "properties": { "precipitation_mm": 0.0, "temperature_c": 24.046868208174697, "humidity_pct": 93.418737678605751, "cloud_cover_pct": 66.898515747252532, "wind_speed_ms": 5.9773109713925736, "forecast_datetime": "2026-10-04T04:00:00", "source": "BMKG ADM4 forecast points + IDW", "boundary": "SERPRO Carbon Project Zone", "interpretation": "Forecast surface clipped to project boundary; not direct station observation" }, "geometry": { "type": "Point", "coordinates": [ 112.554298844827258, -3.112894935001033 ] } },
{ "type": "Feature", "properties": { "precipitation_mm": 0.0, "temperature_c": 24.0412306239534, "humidity_pct": 93.696618934884384, "cloud_cover_pct": 67.497664746496568, "wind_speed_ms": 6.0290738410984712, "forecast_datetime": "2026-10-04T04:00:00", "source": "BMKG ADM4 forecast points + IDW", "boundary": "SERPRO Carbon Project Zone", "interpretation": "Forecast surface clipped to project boundary; not direct station observation" }, "geometry": { "type": "Point", "coordinates": [ 112.554285607722761, -3.103851239402315 ] } },
{ "type": "Feature", "properties": { "precipitation_mm": 0.0, "temperature_c": 24.034691652341788, "humidity_pct": 93.962363214436635, "cloud_cover_pct": 68.046237043033855, "wind_speed_ms": 6.0656732869972112, "forecast_datetime": "2026-10-04T04:00:00", "source": "BMKG ADM4 forecast points + IDW", "boundary": "SERPRO Carbon Project Zone", "interpretation": "Forecast surface clipped to project boundary; not direct station observation" }, "geometry": { "type": "Point", "coordinates": [ 112.554272409317946, -3.09480754219735 ] } },
{ "type": "Feature", "properties": { "precipitation_mm": 0.0, "temperature_c": 24.028222497819574, "humidity_pct": 94.194737440779946, "cloud_cover_pct": 68.51012760443578, "wind_speed_ms": 6.0890802032502025, "forecast_datetime": "2026-10-04T04:00:00", "source": "BMKG ADM4 forecast points + IDW", "boundary": "SERPRO Carbon Project Zone", "interpretation": "Forecast surface clipped to project boundary; not direct station observation" }, "geometry": { "type": "Point", "coordinates": [ 112.55425924961115, -3.085763843390802 ] } },
{ "type": "Feature", "properties": { "precipitation_mm": 0.0, "temperature_c": 24.022738568898653, "humidity_pct": 94.376860973070663, "cloud_cover_pct": 68.865077013886761, "wind_speed_ms": 6.1026295866745865, "forecast_datetime": "2026-10-04T04:00:00", "source": "BMKG ADM4 forecast points + IDW", "boundary": "SERPRO Carbon Project Zone", "interpretation": "Forecast surface clipped to project boundary; not direct station observation" }, "geometry": { "type": "Point", "coordinates": [ 112.554246128600752, -3.076720142987333 ] } },
{ "type": "Feature", "properties": { "precipitation_mm": 0.0, "temperature_c": 24.018909917998165, "humidity_pct": 94.499456936565196, "cloud_cover_pct": 69.101111213504282, "wind_speed_ms": 6.1101928632241336, "forecast_datetime": "2026-10-04T04:00:00", "source": "BMKG ADM4 forecast points + IDW", "boundary": "SERPRO Carbon Project Zone", "interpretation": "Forecast surface clipped to project boundary; not direct station observation" }, "geometry": { "type": "Point", "coordinates": [ 112.554233046285148, -3.067676440991606 ] } },
{ "type": "Feature", "properties": { "precipitation_mm": 0.0, "temperature_c": 24.017058999211542, "humidity_pct": 94.5618173893901, "cloud_cover_pct": 69.222981919928003, "wind_speed_ms": 6.1153322825056016, "forecast_datetime": "2026-10-04T04:00:00", "source": "BMKG ADM4 forecast points + IDW", "boundary": "SERPRO Carbon Project Zone", "interpretation": "Forecast surface clipped to project boundary; not direct station observation" }, "geometry": { "type": "Point", "coordinates": [ 112.554220002662731, -3.058632737408288 ] } },
{ "type": "Feature", "properties": { "precipitation_mm": 0.0, "temperature_c": 24.017170590980253, "humidity_pct": 94.570370002218354, "cloud_cover_pct": 69.246781291141545, "wind_speed_ms": 6.1207200855546544, "forecast_datetime": "2026-10-04T04:00:00", "source": "BMKG ADM4 forecast points + IDW", "boundary": "SERPRO Carbon Project Zone", "interpretation": "Forecast surface clipped to project boundary; not direct station observation" }, "geometry": { "type": "Point", "coordinates": [ 112.554206997731868, -3.04958903224204 ] } },
{ "type": "Feature", "properties": { "precipitation_mm": 0.0, "temperature_c": 24.018985213874743, "humidity_pct": 94.535817014286181, "cloud_cover_pct": 69.194588094605251, "wind_speed_ms": 6.1279448438513109, "forecast_datetime": "2026-10-04T04:00:00", "source": "BMKG ADM4 forecast points + IDW", "boundary": "SERPRO Carbon Project Zone", "interpretation": "Forecast surface clipped to project boundary; not direct station observation" }, "geometry": { "type": "Point", "coordinates": [ 112.554194031490979, -3.040545325497528 ] } },
{ "type": "Feature", "properties": { "precipitation_mm": 0.0, "temperature_c": 24.022120872815567, "humidity_pct": 94.47015529337321, "cloud_cover_pct": 69.089350717013929, "wind_speed_ms": 6.1376388500875327, "forecast_datetime": "2026-10-04T04:00:00", "source": "BMKG ADM4 forecast points + IDW", "boundary": "SERPRO Carbon Project Zone", "interpretation": "Forecast surface clipped to project boundary; not direct station observation" }, "geometry": { "type": "Point", "coordinates": [ 112.554181103938433, -3.031501617179415 ] } },
{ "type": "Feature", "properties": { "precipitation_mm": 0.0, "temperature_c": 24.026176782888406, "humidity_pct": 94.384481400830936, "cloud_cover_pct": 68.951379941490771, "wind_speed_ms": 6.149765047399038, "forecast_datetime": "2026-10-04T04:00:00", "source": "BMKG ADM4 forecast points + IDW", "boundary": "SERPRO Carbon Project Zone", "interpretation": "Forecast surface clipped to project boundary; not direct station observation" }, "geometry": { "type": "Point", "coordinates": [ 112.55416821507265, -3.022457907292366 ] } },
{ "type": "Feature", "properties": { "precipitation_mm": 0.0, "temperature_c": 24.030798525309592, "humidity_pct": 94.28784169197327, "cloud_cover_pct": 68.796713483829251, "wind_speed_ms": 6.1639163653145106, "forecast_datetime": "2026-10-04T04:00:00", "source": "BMKG ADM4 forecast points + IDW", "boundary": "SERPRO Carbon Project Zone", "interpretation": "Forecast surface clipped to project boundary; not direct station observation" }, "geometry": { "type": "Point", "coordinates": [ 112.55415536489204, -3.013414195841046 ] } },
{ "type": "Feature", "properties": { "precipitation_mm": 0.0, "temperature_c": 24.035706109843456, "humidity_pct": 94.186936401500404, "cloud_cover_pct": 68.636907764368047, "wind_speed_ms": 6.179546883848543, "forecast_datetime": "2026-10-04T04:00:00", "source": "BMKG ADM4 forecast points + IDW", "boundary": "SERPRO Carbon Project Zone", "interpretation": "Forecast surface clipped to project boundary; not direct station observation" }, "geometry": { "type": "Point", "coordinates": [ 112.55414255339501, -3.004370482830119 ] } },
{ "type": "Feature", "properties": { "precipitation_mm": 0.0, "temperature_c": 24.040696565292119, "humidity_pct": 94.086335363315584, "cloud_cover_pct": 68.479625565836173, "wind_speed_ms": 6.1961157468852894, "forecast_datetime": "2026-10-04T04:00:00", "source": "BMKG ADM4 forecast points + IDW", "boundary": "SERPRO Carbon Project Zone", "interpretation": "Forecast surface clipped to project boundary; not direct station observation" }, "geometry": { "type": "Point", "coordinates": [ 112.554129780579984, -2.99532676826425 ] } },
{ "type": "Feature", "properties": { "precipitation_mm": 0.0, "temperature_c": 24.04563335079461, "humidity_pct": 93.98890799045337, "cloud_cover_pct": 68.329511139542632, "wind_speed_ms": 6.2131585840522794, "forecast_datetime": "2026-10-04T04:00:00", "source": "BMKG ADM4 forecast points + IDW", "boundary": "SERPRO Carbon Project Zone", "interpretation": "Forecast surface clipped to project boundary; not direct station observation" }, "geometry": { "type": "Point", "coordinates": [ 112.55411704644537, -2.986283052148105 ] } },
{ "type": "Feature", "properties": { "precipitation_mm": 0.0, "temperature_c": 24.050431390494271, "humidity_pct": 93.896279797885626, "cloud_cover_pct": 68.189050544711918, "wind_speed_ms": 6.2303109575128257, "forecast_datetime": "2026-10-04T04:00:00", "source": "BMKG ADM4 forecast points + IDW", "boundary": "SERPRO Carbon Project Zone", "interpretation": "Forecast surface clipped to project boundary; not direct station observation" }, "geometry": { "type": "Point", "coordinates": [ 112.554104350989618, -2.977239334486347 ] } },
{ "type": "Feature", "properties": { "precipitation_mm": 0.0, "temperature_c": 24.055042616278378, "humidity_pct": 93.809225480995494, "cloud_cover_pct": 68.059284229370235, "wind_speed_ms": 6.2473053981953521, "forecast_datetime": "2026-10-04T04:00:00", "source": "BMKG ADM4 forecast points + IDW", "boundary": "SERPRO Carbon Project Zone", "interpretation": "Forecast surface clipped to project boundary; not direct station observation" }, "geometry": { "type": "Point", "coordinates": [ 112.554091694211166, -2.968195615283643 ] } },
{ "type": "Feature", "properties": { "precipitation_mm": 0.0, "temperature_c": 24.059444057530211, "humidity_pct": 93.727971293372249, "cloud_cover_pct": 67.940341588356176, "wind_speed_ms": 6.2639568153395606, "forecast_datetime": "2026-10-04T04:00:00", "source": "BMKG ADM4 forecast points + IDW", "boundary": "SERPRO Carbon Project Zone", "interpretation": "Forecast surface clipped to project boundary; not direct station observation" }, "geometry": { "type": "Point", "coordinates": [ 112.554079076108408, -2.959151894544659 ] } },
{ "type": "Feature", "properties": { "precipitation_mm": 0.0, "temperature_c": 24.06362889099869, "humidity_pct": 93.652411223911969, "cloud_cover_pct": 67.831815972368602, "wind_speed_ms": 6.2801448458339708, "forecast_datetime": "2026-10-04T04:00:00", "source": "BMKG ADM4 forecast points + IDW", "boundary": "SERPRO Carbon Project Zone", "interpretation": "Forecast surface clipped to project boundary; not direct station observation" }, "geometry": { "type": "Point", "coordinates": [ 112.554066496679823, -2.950108172274059 ] } },
{ "type": "Feature", "properties": { "precipitation_mm": 0.0, "temperature_c": 24.058771994917201, "humidity_pct": 91.348835747041463, "cloud_cover_pct": 62.507427409826015, "wind_speed_ms": 5.6359047639372779, "forecast_datetime": "2026-10-04T04:00:00", "source": "BMKG ADM4 forecast points + IDW", "boundary": "SERPRO Carbon Project Zone", "interpretation": "Forecast surface clipped to project boundary; not direct station observation" }, "geometry": { "type": "Point", "coordinates": [ 112.563527719274106, -3.266623484140511 ] } },
{ "type": "Feature", "properties": { "precipitation_mm": 0.0, "temperature_c": 24.04439153840254, "humidity_pct": 91.334426861821044, "cloud_cover_pct": 62.251410491574106, "wind_speed_ms": 5.5434681254015983, "forecast_datetime": "2026-10-04T04:00:00", "source": "BMKG ADM4 forecast points + IDW", "boundary": "SERPRO Carbon Project Zone", "interpretation": "Forecast surface clipped to project boundary; not direct station observation" }, "geometry": { "type": "Point", "coordinates": [ 112.563513743672488, -3.257579855472174 ] } },
{ "type": "Feature", "properties": { "precipitation_mm": 0.0, "temperature_c": 24.031800623464665, "humidity_pct": 91.303996644274719, "cloud_cover_pct": 61.998749142123003, "wind_speed_ms": 5.4649978573678215, "forecast_datetime": "2026-10-04T04:00:00", "source": "BMKG ADM4 forecast points + IDW", "boundary": "SERPRO Carbon Project Zone", "interpretation": "Forecast surface clipped to project boundary; not direct station observation" }, "geometry": { "type": "Point", "coordinates": [ 112.563499807022922, -3.24853622511767 ] } },
{ "type": "Feature", "properties": { "precipitation_mm": 0.0, "temperature_c": 24.021984796965363, "humidity_pct": 91.265609318054956, "cloud_cover_pct": 61.778423465305636, "wind_speed_ms": 5.405914775888931, "forecast_datetime": "2026-10-04T04:00:00", "source": "BMKG ADM4 forecast points + IDW", "boundary": "SERPRO Carbon Project Zone", "interpretation": "Forecast surface clipped to project boundary; not direct station observation" }, "geometry": { "type": "Point", "coordinates": [ 112.563485909323674, -3.239492593081663 ] } },
{ "type": "Feature", "properties": { "precipitation_mm": 0.0, "temperature_c": 24.016003226517068, "humidity_pct": 91.241650438022262, "cloud_cover_pct": 61.643362121509426, "wind_speed_ms": 5.3700449021460921, "forecast_datetime": "2026-10-04T04:00:00", "source": "BMKG ADM4 forecast points + IDW", "boundary": "SERPRO Carbon Project Zone", "interpretation": "Forecast surface clipped to project boundary; not direct station observation" }, "geometry": { "type": "Point", "coordinates": [ 112.56347205057304, -3.230448959368814 ] } },
{ "type": "Feature", "properties": { "precipitation_mm": 0.0, "temperature_c": 24.014560029876549, "humidity_pct": 91.268673118116325, "cloud_cover_pct": 61.663326265320634, "wind_speed_ms": 5.3568596046118371, "forecast_datetime": "2026-10-04T04:00:00", "source": "BMKG ADM4 forecast points + IDW", "boundary": "SERPRO Carbon Project Zone", "interpretation": "Forecast surface clipped to project boundary; not direct station observation" }, "geometry": { "type": "Point", "coordinates": [ 112.563458230769314, -3.221405323983787 ] } },
{ "type": "Feature", "properties": { "precipitation_mm": 0.0, "temperature_c": 24.01725264741394, "humidity_pct": 91.374707671173425, "cloud_cover_pct": 61.877444751422068, "wind_speed_ms": 5.3602896757314245, "forecast_datetime": "2026-10-04T04:00:00", "source": "BMKG ADM4 forecast points + IDW", "boundary": "SERPRO Carbon Project Zone", "interpretation": "Forecast surface clipped to project boundary; not direct station observation" }, "geometry": { "type": "Point", "coordinates": [ 112.563444449910776, -3.212361686931246 ] } },
{ "type": "Feature", "properties": { "precipitation_mm": 0.0, "temperature_c": 24.022446769302455, "humidity_pct": 91.544722984660908, "cloud_cover_pct": 62.238510645870711, "wind_speed_ms": 5.3736536686832412, "forecast_datetime": "2026-10-04T04:00:00", "source": "BMKG ADM4 forecast points + IDW", "boundary": "SERPRO Carbon Project Zone", "interpretation": "Forecast surface clipped to project boundary; not direct station observation" }, "geometry": { "type": "Point", "coordinates": [ 112.563430707995735, -3.203318048215852 ] } },
{ "type": "Feature", "properties": { "precipitation_mm": 0.0, "temperature_c": 24.028488346167201, "humidity_pct": 91.72878275042828, "cloud_cover_pct": 62.64542772246925, "wind_speed_ms": 5.3963409575196737, "forecast_datetime": "2026-10-04T04:00:00", "source": "BMKG ADM4 forecast points + IDW", "boundary": "SERPRO Carbon Project Zone", "interpretation": "Forecast surface clipped to project boundary; not direct station observation" }, "geometry": { "type": "Point", "coordinates": [ 112.563417005022487, -3.194274407842272 ] } },
{ "type": "Feature", "properties": { "precipitation_mm": 0.0, "temperature_c": 24.034672048115155, "humidity_pct": 91.889461001914881, "cloud_cover_pct": 63.032625012404843, "wind_speed_ms": 5.4322685984003689, "forecast_datetime": "2026-10-04T04:00:00", "source": "BMKG ADM4 forecast points + IDW", "boundary": "SERPRO Carbon Project Zone", "interpretation": "Forecast surface clipped to project boundary; not direct station observation" }, "geometry": { "type": "Point", "coordinates": [ 112.563403340989339, -3.185230765815166 ] } },
{ "type": "Feature", "properties": { "precipitation_mm": 0.0, "temperature_c": 24.040877652431401, "humidity_pct": 92.021730117008602, "cloud_cover_pct": 63.394808047796531, "wind_speed_ms": 5.483975376882797, "forecast_datetime": "2026-10-04T04:00:00", "source": "BMKG ADM4 forecast points + IDW", "boundary": "SERPRO Carbon Project Zone", "interpretation": "Forecast surface clipped to project boundary; not direct station observation" }, "geometry": { "type": "Point", "coordinates": [ 112.563389715894601, -3.1761871221392 ] } },
{ "type": "Feature", "properties": { "precipitation_mm": 0.0, "temperature_c": 24.046938022052913, "humidity_pct": 92.139704819165217, "cloud_cover_pct": 63.755675210567126, "wind_speed_ms": 5.5503820474152921, "forecast_datetime": "2026-10-04T04:00:00", "source": "BMKG ADM4 forecast points + IDW", "boundary": "SERPRO Carbon Project Zone", "interpretation": "Forecast surface clipped to project boundary; not direct station observation" }, "geometry": { "type": "Point", "coordinates": [ 112.563376129736596, -3.167143476819037 ] } },
{ "type": "Feature", "properties": { "precipitation_mm": 0.0, "temperature_c": 24.052446015450968, "humidity_pct": 92.261477231062585, "cloud_cover_pct": 64.140691646885699, "wind_speed_ms": 5.62772705603326, "forecast_datetime": "2026-10-04T04:00:00", "source": "BMKG ADM4 forecast points + IDW", "boundary": "SERPRO Carbon Project Zone", "interpretation": "Forecast surface clipped to project boundary; not direct station observation" }, "geometry": { "type": "Point", "coordinates": [ 112.563362582513648, -3.158099829859341 ] } },
{ "type": "Feature", "properties": { "precipitation_mm": 0.0, "temperature_c": 24.056844472919639, "humidity_pct": 92.402111517280929, "cloud_cover_pct": 64.567007252833903, "wind_speed_ms": 5.7109606338501999, "forecast_datetime": "2026-10-04T04:00:00", "source": "BMKG ADM4 forecast points + IDW", "boundary": "SERPRO Carbon Project Zone", "interpretation": "Forecast surface clipped to project boundary; not direct station observation" }, "geometry": { "type": "Point", "coordinates": [ 112.563349074224078, -3.149056181264778 ] } },
{ "type": "Feature", "properties": { "precipitation_mm": 0.0, "temperature_c": 24.059579453395024, "humidity_pct": 92.5714073405791, "cloud_cover_pct": 65.041666194182454, "wind_speed_ms": 5.794715476531997, "forecast_datetime": "2026-10-04T04:00:00", "source": "BMKG ADM4 forecast points + IDW", "boundary": "SERPRO Carbon Project Zone", "interpretation": "Forecast surface clipped to project boundary; not direct station observation" }, "geometry": { "type": "Point", "coordinates": [ 112.563335604866211, -3.14001253104001 ] } },
{ "type": "Feature", "properties": { "precipitation_mm": 0.0, "temperature_c": 24.060239028792722, "humidity_pct": 92.773138844556286, "cloud_cover_pct": 65.561801485433747, "wind_speed_ms": 5.8739424218984659, "forecast_datetime": "2026-10-04T04:00:00", "source": "BMKG ADM4 forecast points + IDW", "boundary": "SERPRO Carbon Project Zone", "interpretation": "Forecast surface clipped to project boundary; not direct station observation" }, "geometry": { "type": "Point", "coordinates": [ 112.563322174438397, -3.130968879189703 ] } },
{ "type": "Feature", "properties": { "precipitation_mm": 0.0, "temperature_c": 24.058661719826162, "humidity_pct": 93.004662372936906, "cloud_cover_pct": 66.11503312641986, "wind_speed_ms": 5.9444021184749518, "forecast_datetime": "2026-10-04T04:00:00", "source": "BMKG ADM4 forecast points + IDW", "boundary": "SERPRO Carbon Project Zone", "interpretation": "Forecast surface clipped to project boundary; not direct station observation" }, "geometry": { "type": "Point", "coordinates": [ 112.563308782938975, -3.12192522571852 ] } },
{ "type": "Feature", "properties": { "precipitation_mm": 0.0, "temperature_c": 24.055004085896751, "humidity_pct": 93.256963772410245, "cloud_cover_pct": 66.680335533750579, "wind_speed_ms": 6.003094235817815, "forecast_datetime": "2026-10-04T04:00:00", "source": "BMKG ADM4 forecast points + IDW", "boundary": "SERPRO Carbon Project Zone", "interpretation": "Forecast surface clipped to project boundary; not direct station observation" }, "geometry": { "type": "Point", "coordinates": [ 112.563295430366281, -3.112881570631129 ] } },
{ "type": "Feature", "properties": { "precipitation_mm": 0.0, "temperature_c": 24.04974961977468, "humidity_pct": 93.515602184254774, "cloud_cover_pct": 67.230169761969819, "wind_speed_ms": 6.0485928103772748, "forecast_datetime": "2026-10-04T04:00:00", "source": "BMKG ADM4 forecast points + IDW", "boundary": "SERPRO Carbon Project Zone", "interpretation": "Forecast surface clipped to project boundary; not direct station observation" }, "geometry": { "type": "Point", "coordinates": [ 112.563282116718682, -3.103837913932191 ] } },
{ "type": "Feature", "properties": { "precipitation_mm": 0.0, "temperature_c": 24.043642671081695, "humidity_pct": 93.762889185811972, "cloud_cover_pct": 67.734366672724889, "wind_speed_ms": 6.08118305152676, "forecast_datetime": "2026-10-04T04:00:00", "source": "BMKG ADM4 forecast points + IDW", "boundary": "SERPRO Carbon Project Zone", "interpretation": "Forecast surface clipped to project boundary; not direct station observation" }, "geometry": { "type": "Point", "coordinates": [ 112.563268841994528, -3.094794255626375 ] } },
{ "type": "Feature", "properties": { "precipitation_mm": 0.0, "temperature_c": 24.03755039247589, "humidity_pct": 93.981134397016021, "cloud_cover_pct": 68.165367232137513, "wind_speed_ms": 6.102693500354091, "forecast_datetime": "2026-10-04T04:00:00", "source": "BMKG ADM4 forecast points + IDW", "boundary": "SERPRO Carbon Project Zone", "interpretation": "Forecast surface clipped to project boundary; not direct station observation" }, "geometry": { "type": "Point", "coordinates": [ 112.563255606192172, -3.085750595718343 ] } },
{ "type": "Feature", "properties": { "precipitation_mm": 0.0, "temperature_c": 24.03228709886114, "humidity_pct": 94.156137545343938, "cloud_cover_pct": 68.503423417029765, "wind_speed_ms": 6.1160066721083197, "forecast_datetime": "2026-10-04T04:00:00", "source": "BMKG ADM4 forecast points + IDW", "boundary": "SERPRO Carbon Project Zone", "interpretation": "Forecast surface clipped to project boundary; not direct station observation" }, "geometry": { "type": "Point", "coordinates": [ 112.563242409309993, -3.076706934212762 ] } },
{ "type": "Feature", "properties": { "precipitation_mm": 0.0, "temperature_c": 24.028458530408212, "humidity_pct": 94.279764692287131, "cloud_cover_pct": 68.739957651489803, "wind_speed_ms": 6.1243722176475019, "forecast_datetime": "2026-10-04T04:00:00", "source": "BMKG ADM4 forecast points + IDW", "boundary": "SERPRO Carbon Project Zone", "interpretation": "Forecast surface clipped to project boundary; not direct station observation" }, "geometry": { "type": "Point", "coordinates": [ 112.563229251346343, -3.067663271114298 ] } },
{ "type": "Feature", "properties": { "precipitation_mm": 0.0, "temperature_c": 24.026377673282028, "humidity_pct": 94.350754078673063, "cloud_cover_pct": 68.87792753707005, "wind_speed_ms": 6.1307436051909781, "forecast_datetime": "2026-10-04T04:00:00", "source": "BMKG ADM4 forecast points + IDW", "boundary": "SERPRO Carbon Project Zone", "interpretation": "Forecast surface clipped to project boundary; not direct station observation" }, "geometry": { "type": "Point", "coordinates": [ 112.563216132299601, -3.058619606427616 ] } },
{ "type": "Feature", "properties": { "precipitation_mm": 0.0, "temperature_c": 24.026069421036603, "humidity_pct": 94.373704827446019, "cloud_cover_pct": 68.929390325271626, "wind_speed_ms": 6.1373368395781753, "forecast_datetime": "2026-10-04T04:00:00", "source": "BMKG ADM4 forecast points + IDW", "boundary": "SERPRO Carbon Project Zone", "interpretation": "Forecast surface clipped to project boundary; not direct station observation" }, "geometry": { "type": "Point", "coordinates": [ 112.563203052168177, -3.049575940157382 ] } },
{ "type": "Feature", "properties": { "precipitation_mm": 0.0, "temperature_c": 24.027342146675295, "humidity_pct": 94.35695002600707, "cloud_cover_pct": 68.911575937750001, "wind_speed_ms": 6.1454869452337633, "forecast_datetime": "2026-10-04T04:00:00", "source": "BMKG ADM4 forecast points + IDW", "boundary": "SERPRO Carbon Project Zone", "interpretation": "Forecast surface clipped to project boundary; not direct station observation" }, "geometry": { "type": "Point", "coordinates": [ 112.563190010950407, -3.040532272308262 ] } },
{ "type": "Feature", "properties": { "precipitation_mm": 0.0, "temperature_c": 24.029884843293253, "humidity_pct": 94.310255040741822, "cloud_cover_pct": 68.843009998545099, "wind_speed_ms": 6.1557469628565729, "forecast_datetime": "2026-10-04T04:00:00", "source": "BMKG ADM4 forecast points + IDW", "boundary": "SERPRO Carbon Project Zone", "interpretation": "Forecast surface clipped to project boundary; not direct station observation" }, "geometry": { "type": "Point", "coordinates": [ 112.563177008644729, -3.031488602884922 ] } },
{ "type": "Feature", "properties": { "precipitation_mm": 0.0, "temperature_c": 24.0333539587436, "humidity_pct": 94.24302255222365, "cloud_cover_pct": 68.740695940854977, "wind_speed_ms": 6.1681103607559988, "forecast_datetime": "2026-10-04T04:00:00", "source": "BMKG ADM4 forecast points + IDW", "boundary": "SERPRO Carbon Project Zone", "interpretation": "Forecast surface clipped to project boundary; not direct station observation" }, "geometry": { "type": "Point", "coordinates": [ 112.563164045249493, -3.022444931892029 ] } },
{ "type": "Feature", "properties": { "precipitation_mm": 0.0, "temperature_c": 24.037432136655724, "humidity_pct": 94.163247856709916, "cloud_cover_pct": 68.618625658158933, "wind_speed_ms": 6.1822481143566845, "forecast_datetime": "2026-10-04T04:00:00", "source": "BMKG ADM4 forecast points + IDW", "boundary": "SERPRO Carbon Project Zone", "interpretation": "Forecast surface clipped to project boundary; not direct station observation" }, "geometry": { "type": "Point", "coordinates": [ 112.563151120763123, -3.013401259334249 ] } },
{ "type": "Feature", "properties": { "precipitation_mm": 0.0, "temperature_c": 24.041857626392119, "humidity_pct": 94.077136142798139, "cloud_cover_pct": 68.487379039674906, "wind_speed_ms": 6.1976980107746868, "forecast_datetime": "2026-10-04T04:00:00", "source": "BMKG ADM4 forecast points + IDW", "boundary": "SERPRO Carbon Project Zone", "interpretation": "Forecast surface clipped to project boundary; not direct station observation" }, "geometry": { "type": "Point", "coordinates": [ 112.563138235184041, -3.004357585216248 ] } },
{ "type": "Feature", "properties": { "precipitation_mm": 0.0, "temperature_c": 24.046431822165356, "humidity_pct": 93.989156414506894, "cloud_cover_pct": 68.354396196714319, "wind_speed_ms": 6.2139881236326442, "forecast_datetime": "2026-10-04T04:00:00", "source": "BMKG ADM4 forecast points + IDW", "boundary": "SERPRO Carbon Project Zone", "interpretation": "Forecast surface clipped to project boundary; not direct station observation" }, "geometry": { "type": "Point", "coordinates": [ 112.563125388510613, -2.995313909542693 ] } },
{ "type": "Feature", "properties": { "precipitation_mm": 0.0, "temperature_c": 24.051014095524589, "humidity_pct": 93.902312735196034, "cloud_cover_pct": 68.224551849902269, "wind_speed_ms": 6.23070263414255, "forecast_datetime": "2026-10-04T04:00:00", "source": "BMKG ADM4 forecast points + IDW", "boundary": "SERPRO Carbon Project Zone", "interpretation": "Forecast surface clipped to project boundary; not direct station observation" }, "geometry": { "type": "Point", "coordinates": [ 112.56311258074129, -2.986270232318252 ] } },
{ "type": "Feature", "properties": { "precipitation_mm": 0.0, "temperature_c": 24.055511181950031, "humidity_pct": 93.818479081170224, "cloud_cover_pct": 68.100787172521294, "wind_speed_ms": 6.2475073261598801, "forecast_datetime": "2026-10-04T04:00:00", "source": "BMKG ADM4 forecast points + IDW", "boundary": "SERPRO Carbon Project Zone", "interpretation": "Forecast surface clipped to project boundary; not direct station observation" }, "geometry": { "type": "Point", "coordinates": [ 112.56309981187448, -2.977226553547589 ] } },
{ "type": "Feature", "properties": { "precipitation_mm": 0.0, "temperature_c": 24.059865625952188, "humidity_pct": 93.738712985344094, "cloud_cover_pct": 67.984672836642602, "wind_speed_ms": 6.2641513211642676, "forecast_datetime": "2026-10-04T04:00:00", "source": "BMKG ADM4 forecast points + IDW", "boundary": "SERPRO Carbon Project Zone", "interpretation": "Forecast surface clipped to project boundary; not direct station observation" }, "geometry": { "type": "Point", "coordinates": [ 112.563087081908591, -2.968182873235375 ] } },
{ "type": "Feature", "properties": { "precipitation_mm": 0.0, "temperature_c": 24.064045520909652, "humidity_pct": 93.66351292771256, "cloud_cover_pct": 67.87685768380156, "wind_speed_ms": 6.2804572009317257, "forecast_datetime": "2026-10-04T04:00:00", "source": "BMKG ADM4 forecast points + IDW", "boundary": "SERPRO Carbon Project Zone", "interpretation": "Forecast surface clipped to project boundary; not direct station observation" }, "geometry": { "type": "Point", "coordinates": [ 112.563074390842061, -2.959139191386276 ] } },
{ "type": "Feature", "properties": { "precipitation_mm": 0.0, "temperature_c": 24.068036325994576, "humidity_pct": 93.593013195660987, "cloud_cover_pct": 67.777401565727018, "wind_speed_ms": 6.29630706677088, "forecast_datetime": "2026-10-04T04:00:00", "source": "BMKG ADM4 forecast points + IDW", "boundary": "SERPRO Carbon Project Zone", "interpretation": "Forecast surface clipped to project boundary; not direct station observation" }, "geometry": { "type": "Point", "coordinates": [ 112.563061738673341, -2.950095508004957 ] } },
{ "type": "Feature", "properties": { "precipitation_mm": 0.0, "temperature_c": 24.043701717383541, "humidity_pct": 91.214171864822148, "cloud_cover_pct": 62.045276051843807, "wind_speed_ms": 5.5530534265969429, "forecast_datetime": "2026-10-04T04:00:00", "source": "BMKG ADM4 forecast points + IDW", "boundary": "SERPRO Carbon Project Zone", "interpretation": "Forecast surface clipped to project boundary; not direct station observation" }, "geometry": { "type": "Point", "coordinates": [ 112.572511545390668, -3.257565787973621 ] } },
{ "type": "Feature", "properties": { "precipitation_mm": 0.0, "temperature_c": 24.027966932901329, "humidity_pct": 91.173756688972901, "cloud_cover_pct": 61.728086206827882, "wind_speed_ms": 5.4571116939821831, "forecast_datetime": "2026-10-04T04:00:00", "source": "BMKG ADM4 forecast points + IDW", "boundary": "SERPRO Carbon Project Zone", "interpretation": "Forecast surface clipped to project boundary; not direct station observation" }, "geometry": { "type": "Point", "coordinates": [ 112.572497528617973, -3.248522196753614 ] } },
{ "type": "Feature", "properties": { "precipitation_mm": 0.0, "temperature_c": 24.015378720843064, "humidity_pct": 91.11961052073714, "cloud_cover_pct": 61.439266525462443, "wind_speed_ms": 5.3832900089574363, "forecast_datetime": "2026-10-04T04:00:00", "source": "BMKG ADM4 forecast points + IDW", "boundary": "SERPRO Carbon Project Zone", "interpretation": "Forecast surface clipped to project boundary; not direct station observation" }, "geometry": { "type": "Point", "coordinates": [ 112.572483551019531, -3.239478603851438 ] } },
{ "type": "Feature", "properties": { "precipitation_mm": 0.0, "temperature_c": 24.007649942489525, "humidity_pct": 91.073190662915295, "cloud_cover_pct": 61.240767763661957, "wind_speed_ms": 5.3397399421709073, "forecast_datetime": "2026-10-04T04:00:00", "source": "BMKG ADM4 forecast points + IDW", "boundary": "SERPRO Carbon Project Zone", "interpretation": "Forecast surface clipped to project boundary; not direct station observation" }, "geometry": { "type": "Point", "coordinates": [ 112.572469612593622, -3.230435009271755 ] } },
{ "type": "Feature", "properties": { "precipitation_mm": 0.0, "temperature_c": 24.006183863133479, "humidity_pct": 91.071015501252646, "cloud_cover_pct": 61.214118904388172, "wind_speed_ms": 5.3307923635690777, "forecast_datetime": "2026-10-04T04:00:00", "source": "BMKG ADM4 forecast points + IDW", "boundary": "SERPRO Carbon Project Zone", "interpretation": "Forecast surface clipped to project boundary; not direct station observation" }, "geometry": { "type": "Point", "coordinates": [ 112.572455713338513, -3.221391413019232 ] } },
{ "type": "Feature", "properties": { "precipitation_mm": 0.0, "temperature_c": 24.010888766480623, "humidity_pct": 91.145299463303019, "cloud_cover_pct": 61.41112988484965, "wind_speed_ms": 5.352411085864162, "forecast_datetime": "2026-10-04T04:00:00", "source": "BMKG ADM4 forecast points + IDW", "boundary": "SERPRO Carbon Project Zone", "interpretation": "Forecast surface clipped to project boundary; not direct station observation" }, "geometry": { "type": "Point", "coordinates": [ 112.572441853252499, -3.212347815098535 ] } },
{ "type": "Feature", "properties": { "precipitation_mm": 0.0, "temperature_c": 24.019636166979016, "humidity_pct": 91.292923757836462, "cloud_cover_pct": 61.796033602726439, "wind_speed_ms": 5.393287382424516, "forecast_datetime": "2026-10-04T04:00:00", "source": "BMKG ADM4 forecast points + IDW", "boundary": "SERPRO Carbon Project Zone", "interpretation": "Forecast surface clipped to project boundary; not direct station observation" }, "geometry": { "type": "Point", "coordinates": [ 112.57242803233386, -3.203304215514327 ] } },
{ "type": "Feature", "properties": { "precipitation_mm": 0.0, "temperature_c": 24.029639962547325, "humidity_pct": 91.475189216799919, "cloud_cover_pct": 62.266566078687141, "wind_speed_ms": 5.4433751205556691, "forecast_datetime": "2026-10-04T04:00:00", "source": "BMKG ADM4 forecast points + IDW", "boundary": "SERPRO Carbon Project Zone", "interpretation": "Forecast surface clipped to project boundary; not direct station observation" }, "geometry": { "type": "Point", "coordinates": [ 112.572414250580906, -3.194260614271276 ] } },
{ "type": "Feature", "properties": { "precipitation_mm": 0.0, "temperature_c": 24.039176713142297, "humidity_pct": 91.653434296072547, "cloud_cover_pct": 62.737404426895125, "wind_speed_ms": 5.499334655531662, "forecast_datetime": "2026-10-04T04:00:00", "source": "BMKG ADM4 forecast points + IDW", "boundary": "SERPRO Carbon Project Zone", "interpretation": "Forecast surface clipped to project boundary; not direct station observation" }, "geometry": { "type": "Point", "coordinates": [ 112.572400507991915, -3.185217011374044 ] } },
{ "type": "Feature", "properties": { "precipitation_mm": 0.0, "temperature_c": 24.047713736944903, "humidity_pct": 91.812625818025637, "cloud_cover_pct": 63.179536108673318, "wind_speed_ms": 5.5617967442723346, "forecast_datetime": "2026-10-04T04:00:00", "source": "BMKG ADM4 forecast points + IDW", "boundary": "SERPRO Carbon Project Zone", "interpretation": "Forecast surface clipped to project boundary; not direct station observation" }, "geometry": { "type": "Point", "coordinates": [ 112.572386804565184, -3.176173406827299 ] } },
{ "type": "Feature", "properties": { "precipitation_mm": 0.0, "temperature_c": 24.05515586022905, "humidity_pct": 91.957471441730533, "cloud_cover_pct": 63.602047117796936, "wind_speed_ms": 5.6310784997448566, "forecast_datetime": "2026-10-04T04:00:00", "source": "BMKG ADM4 forecast points + IDW", "boundary": "SERPRO Carbon Project Zone", "interpretation": "Forecast surface clipped to project boundary; not direct station observation" }, "geometry": { "type": "Point", "coordinates": [ 112.57237314029905, -3.167129800635706 ] } },
{ "type": "Feature", "properties": { "precipitation_mm": 0.0, "temperature_c": 24.061353902020258, "humidity_pct": 92.100560138628495, "cloud_cover_pct": 64.025204704527951, "wind_speed_ms": 5.7056251698913574, "forecast_datetime": "2026-10-04T04:00:00", "source": "BMKG ADM4 forecast points + IDW", "boundary": "SERPRO Carbon Project Zone", "interpretation": "Forecast surface clipped to project boundary; not direct station observation" }, "geometry": { "type": "Point", "coordinates": [ 112.572359515191806, -3.158086192803932 ] } },
{ "type": "Feature", "properties": { "precipitation_mm": 0.0, "temperature_c": 24.066020144992848, "humidity_pct": 92.254499571227015, "cloud_cover_pct": 64.466140949394415, "wind_speed_ms": 5.7823549718419729, "forecast_datetime": "2026-10-04T04:00:00", "source": "BMKG ADM4 forecast points + IDW", "boundary": "SERPRO Carbon Project Zone", "interpretation": "Forecast surface clipped to project boundary; not direct station observation" }, "geometry": { "type": "Point", "coordinates": [ 112.572345929241763, -3.149042583336643 ] } },
{ "type": "Feature", "properties": { "precipitation_mm": 0.0, "temperature_c": 24.068824871917315, "humidity_pct": 92.428342304631528, "cloud_cover_pct": 64.934090016659013, "wind_speed_ms": 5.857481443568985, "forecast_datetime": "2026-10-04T04:00:00", "source": "BMKG ADM4 forecast points + IDW", "boundary": "SERPRO Carbon Project Zone", "interpretation": "Forecast surface clipped to project boundary; not direct station observation" }, "geometry": { "type": "Point", "coordinates": [ 112.572332382447271, -3.139998972238503 ] } },
{ "type": "Feature", "properties": { "precipitation_mm": 0.0, "temperature_c": 24.069525128752812, "humidity_pct": 92.626123658510153, "cloud_cover_pct": 65.429462615841189, "wind_speed_ms": 5.9272509624300787, "forecast_datetime": "2026-10-04T04:00:00", "source": "BMKG ADM4 forecast points + IDW", "boundary": "SERPRO Carbon Project Zone", "interpretation": "Forecast surface clipped to project boundary; not direct station observation" }, "geometry": { "type": "Point", "coordinates": [ 112.572318874806612, -3.130955359514181 ] } },
{ "type": "Feature", "properties": { "precipitation_mm": 0.0, "temperature_c": 24.06807092284205, "humidity_pct": 92.846302415500034, "cloud_cover_pct": 65.944133179255644, "wind_speed_ms": 5.9885141680678995, "forecast_datetime": "2026-10-04T04:00:00", "source": "BMKG ADM4 forecast points + IDW", "boundary": "SERPRO Carbon Project Zone", "interpretation": "Forecast surface clipped to project boundary; not direct station observation" }, "geometry": { "type": "Point", "coordinates": [ 112.572305406318151, -3.121911745168342 ] } },
{ "type": "Feature", "properties": { "precipitation_mm": 0.0, "temperature_c": 24.064668503204953, "humidity_pct": 93.08185634149892, "cloud_cover_pct": 66.462458467069055, "wind_speed_ms": 6.03915270451271, "forecast_datetime": "2026-10-04T04:00:00", "source": "BMKG ADM4 forecast points + IDW", "boundary": "SERPRO Carbon Project Zone", "interpretation": "Forecast surface clipped to project boundary; not direct station observation" }, "geometry": { "type": "Point", "coordinates": [ 112.572291976980225, -3.112868129205653 ] } },
{ "type": "Feature", "properties": { "precipitation_mm": 0.0, "temperature_c": 24.059786955988326, "humidity_pct": 93.321199932867174, "cloud_cover_pct": 66.963317930849271, "wind_speed_ms": 6.0783503277102229, "forecast_datetime": "2026-10-04T04:00:00", "source": "BMKG ADM4 forecast points + IDW", "boundary": "SERPRO Carbon Project Zone", "interpretation": "Forecast surface clipped to project boundary; not direct station observation" }, "geometry": { "type": "Point", "coordinates": [ 112.572278586791171, -3.103824511630782 ] } },
{ "type": "Feature", "properties": { "precipitation_mm": 0.0, "temperature_c": 24.054100226689236, "humidity_pct": 93.550057867664094, "cloud_cover_pct": 67.423373228087627, "wind_speed_ms": 6.1066565511433302, "forecast_datetime": "2026-10-04T04:00:00", "source": "BMKG ADM4 forecast points + IDW", "boundary": "SERPRO Carbon Project Zone", "interpretation": "Forecast surface clipped to project boundary; not direct station observation" }, "geometry": { "type": "Point", "coordinates": [ 112.572265235749327, -3.094780892448395 ] } },
{ "type": "Feature", "properties": { "precipitation_mm": 0.0, "temperature_c": 24.048372640683528, "humidity_pct": 93.754082319314335, "cloud_cover_pct": 67.821167742954501, "wind_speed_ms": 6.1257976115274575, "forecast_datetime": "2026-10-04T04:00:00", "source": "BMKG ADM4 forecast points + IDW", "boundary": "SERPRO Carbon Project Zone", "interpretation": "Forecast surface clipped to project boundary; not direct station observation" }, "geometry": { "type": "Point", "coordinates": [ 112.572251923853031, -3.085737271663159 ] } },
{ "type": "Feature", "properties": { "precipitation_mm": 0.0, "temperature_c": 24.043318115882151, "humidity_pct": 93.921576258306828, "cloud_cover_pct": 68.141052376782682, "wind_speed_ms": 6.1382558530636659, "forecast_datetime": "2026-10-04T04:00:00", "source": "BMKG ADM4 forecast points + IDW", "boundary": "SERPRO Carbon Project Zone", "interpretation": "Forecast surface clipped to project boundary; not direct station observation" }, "geometry": { "type": "Point", "coordinates": [ 112.572238651100676, -3.076693649279742 ] } },
{ "type": "Feature", "properties": { "precipitation_mm": 0.0, "temperature_c": 24.039477253637958, "humidity_pct": 94.045495565273967, "cloud_cover_pct": 68.375720723149271, "wind_speed_ms": 6.1467291782473286, "forecast_datetime": "2026-10-04T04:00:00", "source": "BMKG ADM4 forecast points + IDW", "boundary": "SERPRO Carbon Project Zone", "interpretation": "Forecast surface clipped to project boundary; not direct station observation" }, "geometry": { "type": "Point", "coordinates": [ 112.572225417490614, -3.067650025302811 ] } },
{ "type": "Feature", "properties": { "precipitation_mm": 0.0, "temperature_c": 24.037149820442739, "humidity_pct": 94.124145957276539, "cloud_cover_pct": 68.526607551539513, "wind_speed_ms": 6.1536329208440854, "forecast_datetime": "2026-10-04T04:00:00", "source": "BMKG ADM4 forecast points + IDW", "boundary": "SERPRO Carbon Project Zone", "interpretation": "Forecast surface clipped to project boundary; not direct station observation" }, "geometry": { "type": "Point", "coordinates": [ 112.572212223021182, -3.058606399737033 ] } },
{ "type": "Feature", "properties": { "precipitation_mm": 0.0, "temperature_c": 24.036394886832298, "humidity_pct": 94.160542535210695, "cloud_cover_pct": 68.602287135269719, "wind_speed_ms": 6.1607773574775075, "forecast_datetime": "2026-10-04T04:00:00", "source": "BMKG ADM4 forecast points + IDW", "boundary": "SERPRO Carbon Project Zone", "interpretation": "Forecast surface clipped to project boundary; not direct station observation" }, "geometry": { "type": "Point", "coordinates": [ 112.572199067690775, -3.049562772587076 ] } },
{ "type": "Feature", "properties": { "precipitation_mm": 0.0, "temperature_c": 24.037083231493668, "humidity_pct": 94.160903886782165, "cloud_cover_pct": 68.615731762562234, "wind_speed_ms": 6.1692658868127328, "forecast_datetime": "2026-10-04T04:00:00", "source": "BMKG ADM4 forecast points + IDW", "boundary": "SERPRO Carbon Project Zone", "interpretation": "Forecast surface clipped to project boundary; not direct station observation" }, "geometry": { "type": "Point", "coordinates": [ 112.572185951497772, -3.040519143857608 ] } },
{ "type": "Feature", "properties": { "precipitation_mm": 0.0, "temperature_c": 24.038972390528354, "humidity_pct": 94.132932110725548, "cloud_cover_pct": 68.581470578833361, "wind_speed_ms": 6.1795713013685418, "forecast_datetime": "2026-10-04T04:00:00", "source": "BMKG ADM4 forecast points + IDW", "boundary": "SERPRO Carbon Project Zone", "interpretation": "Forecast surface clipped to project boundary; not direct station observation" }, "geometry": { "type": "Point", "coordinates": [ 112.57217287444054, -3.031475513553298 ] } },
{ "type": "Feature", "properties": { "precipitation_mm": 0.0, "temperature_c": 24.041777384725272, "humidity_pct": 94.084383111479809, "cloud_cover_pct": 68.513382104764048, "wind_speed_ms": 6.1917054229540041, "forecast_datetime": "2026-10-04T04:00:00", "source": "BMKG ADM4 forecast points + IDW", "boundary": "SERPRO Carbon Project Zone", "interpretation": "Forecast surface clipped to project boundary; not direct station observation" }, "geometry": { "type": "Point", "coordinates": [ 112.572159836517471, -3.022431881678813 ] } },
{ "type": "Feature", "properties": { "precipitation_mm": 0.0, "temperature_c": 24.045222147083258, "humidity_pct": 94.022147707079924, "cloud_cover_pct": 68.423383269160325, "wind_speed_ms": 6.2054037884503508, "forecast_datetime": "2026-10-04T04:00:00", "source": "BMKG ADM4 forecast points + IDW", "boundary": "SERPRO Carbon Project Zone", "interpretation": "Forecast surface clipped to project boundary; not direct station observation" }, "geometry": { "type": "Point", "coordinates": [ 112.572146837726962, -3.013388248238822 ] } },
{ "type": "Feature", "properties": { "precipitation_mm": 0.0, "temperature_c": 24.049068667612328, "humidity_pct": 93.951826735360967, "cloud_cover_pct": 68.320919265506404, "wind_speed_ms": 6.220278042804785, "forecast_datetime": "2026-10-04T04:00:00", "source": "BMKG ADM4 forecast points + IDW", "boundary": "SERPRO Carbon Project Zone", "interpretation": "Forecast surface clipped to project boundary; not direct station observation" }, "geometry": { "type": "Point", "coordinates": [ 112.57213387806739, -3.004344613237993 ] } },
{ "type": "Feature", "properties": { "precipitation_mm": 0.0, "temperature_c": 24.053128047369668, "humidity_pct": 93.877665020424203, "cloud_cover_pct": 68.213001174633391, "wind_speed_ms": 6.2359198565725311, "forecast_datetime": "2026-10-04T04:00:00", "source": "BMKG ADM4 forecast points + IDW", "boundary": "SERPRO Carbon Project Zone", "interpretation": "Forecast surface clipped to project boundary; not direct station observation" }, "geometry": { "type": "Point", "coordinates": [ 112.57212095753718, -2.995300976680995 ] } },
{ "type": "Feature", "properties": { "precipitation_mm": 0.0, "temperature_c": 24.057259892942628, "humidity_pct": 93.802691026127334, "cloud_cover_pct": 68.104534910051115, "wind_speed_ms": 6.2519600031665501, "forecast_datetime": "2026-10-04T04:00:00", "source": "BMKG ADM4 forecast points + IDW", "boundary": "SERPRO Carbon Project Zone", "interpretation": "Forecast surface clipped to project boundary; not direct station observation" }, "geometry": { "type": "Point", "coordinates": [ 112.572108076134711, -2.986257338572496 ] } },
{ "type": "Feature", "properties": { "precipitation_mm": 0.0, "temperature_c": 24.061365756314768, "humidity_pct": 93.728942174013525, "cloud_cover_pct": 67.998752339878365, "wind_speed_ms": 6.2680943247721421, "forecast_datetime": "2026-10-04T04:00:00", "source": "BMKG ADM4 forecast points + IDW", "boundary": "SERPRO Carbon Project Zone", "interpretation": "Forecast surface clipped to project boundary; not direct station observation" }, "geometry": { "type": "Point", "coordinates": [ 112.572095233858406, -2.977213698917165 ] } },
{ "type": "Feature", "properties": { "precipitation_mm": 0.0, "temperature_c": 24.065380555390117, "humidity_pct": 93.657700775683622, "cloud_cover_pct": 67.897632697688564, "wind_speed_ms": 6.2840889228111685, "forecast_datetime": "2026-10-04T04:00:00", "source": "BMKG ADM4 forecast points + IDW", "boundary": "SERPRO Carbon Project Zone", "interpretation": "Forecast surface clipped to project boundary; not direct station observation" }, "geometry": { "type": "Point", "coordinates": [ 112.572082430706672, -2.968170057719672 ] } },
{ "type": "Feature", "properties": { "precipitation_mm": 0.0, "temperature_c": 24.069264212910685, "humidity_pct": 93.58970273156055, "cloud_cover_pct": 67.802262187249553, "wind_speed_ms": 6.2997742658991172, "forecast_datetime": "2026-10-04T04:00:00", "source": "BMKG ADM4 forecast points + IDW", "boundary": "SERPRO Carbon Project Zone", "interpretation": "Forecast surface clipped to project boundary; not direct station observation" }, "geometry": { "type": "Point", "coordinates": [ 112.572069666677947, -2.959126414984685 ] } },
{ "type": "Feature", "properties": { "precipitation_mm": 0.0, "temperature_c": 24.072994529473014, "humidity_pct": 93.52530550693659, "cloud_cover_pct": 67.713116929885572, "wind_speed_ms": 6.3150346554469445, "forecast_datetime": "2026-10-04T04:00:00", "source": "BMKG ADM4 forecast points + IDW", "boundary": "SERPRO Carbon Project Zone", "interpretation": "Forecast surface clipped to project boundary; not direct station observation" }, "geometry": { "type": "Point", "coordinates": [ 112.57205694177064, -2.950082770716874 ] } },
{ "type": "Feature", "properties": { "precipitation_mm": 0.0, "temperature_c": 24.046147235754553, "humidity_pct": 91.128432345049603, "cloud_cover_pct": 61.943512940957675, "wind_speed_ms": 5.5774954605090352, "forecast_datetime": "2026-10-04T04:00:00", "source": "BMKG ADM4 forecast points + IDW", "boundary": "SERPRO Carbon Project Zone", "interpretation": "Forecast surface clipped to project boundary; not direct station observation" }, "geometry": { "type": "Point", "coordinates": [ 112.581509307932862, -3.257551639832164 ] } },
{ "type": "Feature", "properties": { "precipitation_mm": 0.0, "temperature_c": 24.027199841745677, "humidity_pct": 91.098816754408801, "cloud_cover_pct": 61.594057164939088, "wind_speed_ms": 5.4609099506523098, "forecast_datetime": "2026-10-04T04:00:00", "source": "BMKG ADM4 forecast points + IDW", "boundary": "SERPRO Carbon Project Zone", "interpretation": "Forecast surface clipped to project boundary; not direct station observation" }, "geometry": { "type": "Point", "coordinates": [ 112.581495211038771, -3.248508087970995 ] } },
{ "type": "Feature", "properties": { "precipitation_mm": 0.0, "temperature_c": 24.011863352587898, "humidity_pct": 91.054845127653749, "cloud_cover_pct": 61.278506418298086, "wind_speed_ms": 5.3689150401727312, "forecast_datetime": "2026-10-04T04:00:00", "source": "BMKG ADM4 forecast points + IDW", "boundary": "SERPRO Carbon Project Zone", "interpretation": "Forecast surface clipped to project boundary; not direct station observation" }, "geometry": { "type": "Point", "coordinates": [ 112.581481153542853, -3.239464534426985 ] } },
{ "type": "Feature", "properties": { "precipitation_mm": 0.0, "temperature_c": 24.002425756610307, "humidity_pct": 91.013908391742802, "cloud_cover_pct": 61.061444065534836, "wind_speed_ms": 5.3138283389942451, "forecast_datetime": "2026-10-04T04:00:00", "source": "BMKG ADM4 forecast points + IDW", "boundary": "SERPRO Carbon Project Zone", "interpretation": "Forecast surface clipped to project boundary; not direct station observation" }, "geometry": { "type": "Point", "coordinates": [ 112.581467135443376, -3.230420979204801 ] } },
{ "type": "Feature", "properties": { "precipitation_mm": 0.0, "temperature_c": 24.000738433626907, "humidity_pct": 91.005107016356959, "cloud_cover_pct": 61.020186219163158, "wind_speed_ms": 5.3041388004832379, "forecast_datetime": "2026-10-04T04:00:00", "source": "BMKG ADM4 forecast points + IDW", "boundary": "SERPRO Carbon Project Zone", "interpretation": "Forecast surface clipped to project boundary; not direct station observation" }, "geometry": { "type": "Point", "coordinates": [ 112.581453156738633, -3.221377422309112 ] } },
{ "type": "Feature", "properties": { "precipitation_mm": 0.0, "temperature_c": 24.006830113381451, "humidity_pct": 91.055277103892024, "cloud_cover_pct": 61.200741975411773, "wind_speed_ms": 5.3378577498907154, "forecast_datetime": "2026-10-04T04:00:00", "source": "BMKG ADM4 forecast points + IDW", "boundary": "SERPRO Carbon Project Zone", "interpretation": "Forecast surface clipped to project boundary; not direct station observation" }, "geometry": { "type": "Point", "coordinates": [ 112.581439217426848, -3.212333863744583 ] } },
{ "type": "Feature", "properties": { "precipitation_mm": 0.0, "temperature_c": 24.018299763415175, "humidity_pct": 91.167951623415675, "cloud_cover_pct": 61.574141125771824, "wind_speed_ms": 5.4013607068125546, "forecast_datetime": "2026-10-04T04:00:00", "source": "BMKG ADM4 forecast points + IDW", "boundary": "SERPRO Carbon Project Zone", "interpretation": "Forecast surface clipped to project boundary; not direct station observation" }, "geometry": { "type": "Point", "coordinates": [ 112.58142531750633, -3.203290303515882 ] } },
{ "type": "Feature", "properties": { "precipitation_mm": 0.0, "temperature_c": 24.031697214389613, "humidity_pct": 91.320397591870886, "cloud_cover_pct": 62.052670842399252, "wind_speed_ms": 5.4779618936422878, "forecast_datetime": "2026-10-04T04:00:00", "source": "BMKG ADM4 forecast points + IDW", "boundary": "SERPRO Carbon Project Zone", "interpretation": "Forecast surface clipped to project boundary; not direct station observation" }, "geometry": { "type": "Point", "coordinates": [ 112.58141145697536, -3.194246741627677 ] } },
{ "type": "Feature", "properties": { "precipitation_mm": 0.0, "temperature_c": 24.044478294218433, "humidity_pct": 91.484010756620421, "cloud_cover_pct": 62.553001232120572, "wind_speed_ms": 5.5571208695136427, "forecast_datetime": "2026-10-04T04:00:00", "source": "BMKG ADM4 forecast points + IDW", "boundary": "SERPRO Carbon Project Zone", "interpretation": "Forecast surface clipped to project boundary; not direct station observation" }, "geometry": { "type": "Point", "coordinates": [ 112.581397635832218, -3.185203178084634 ] } },
{ "type": "Feature", "properties": { "precipitation_mm": 0.0, "temperature_c": 24.055547287566, "humidity_pct": 91.642550052263729, "cloud_cover_pct": 63.034116781130564, "wind_speed_ms": 5.6354185383703559, "forecast_datetime": "2026-10-04T04:00:00", "source": "BMKG ADM4 forecast points + IDW", "boundary": "SERPRO Carbon Project Zone", "interpretation": "Forecast surface clipped to project boundary; not direct station observation" }, "geometry": { "type": "Point", "coordinates": [ 112.581383854075213, -3.17615961289142 ] } },
{ "type": "Feature", "properties": { "precipitation_mm": 0.0, "temperature_c": 24.06465533098222, "humidity_pct": 91.794261490249951, "cloud_cover_pct": 63.491382321653596, "wind_speed_ms": 5.7125754964113824, "forecast_datetime": "2026-10-04T04:00:00", "source": "BMKG ADM4 forecast points + IDW", "boundary": "SERPRO Carbon Project Zone", "interpretation": "Forecast surface clipped to project boundary; not direct station observation" }, "geometry": { "type": "Point", "coordinates": [ 112.581370111702626, -3.167116046052703 ] } },
{ "type": "Feature", "properties": { "precipitation_mm": 0.0, "temperature_c": 24.071775762138564, "humidity_pct": 91.945557399351713, "cloud_cover_pct": 63.93640233782012, "wind_speed_ms": 5.7883116975498057, "forecast_datetime": "2026-10-04T04:00:00", "source": "BMKG ADM4 forecast points + IDW", "boundary": "SERPRO Carbon Project Zone", "interpretation": "Forecast surface clipped to project boundary; not direct station observation" }, "geometry": { "type": "Point", "coordinates": [ 112.581356408712765, -3.158072477573152 ] } },
{ "type": "Feature", "properties": { "precipitation_mm": 0.0, "temperature_c": 24.076848671637688, "humidity_pct": 92.104859470082033, "cloud_cover_pct": 64.382721362404482, "wind_speed_ms": 5.8613712330281773, "forecast_datetime": "2026-10-04T04:00:00", "source": "BMKG ADM4 forecast points + IDW", "boundary": "SERPRO Carbon Project Zone", "interpretation": "Forecast surface clipped to project boundary; not direct station observation" }, "geometry": { "type": "Point", "coordinates": [ 112.581342745103939, -3.149028907457436 ] } },
{ "type": "Feature", "properties": { "precipitation_mm": 0.0, "temperature_c": 24.07977647729949, "humidity_pct": 92.278883804938559, "cloud_cover_pct": 64.839291356640601, "wind_speed_ms": 5.9297466478218874, "forecast_datetime": "2026-10-04T04:00:00", "source": "BMKG ADM4 forecast points + IDW", "boundary": "SERPRO Carbon Project Zone", "interpretation": "Forecast surface clipped to project boundary; not direct station observation" }, "geometry": { "type": "Point", "coordinates": [ 112.581329120874457, -3.13998533571022 ] } },
{ "type": "Feature", "properties": { "precipitation_mm": 0.0, "temperature_c": 24.08050839305389, "humidity_pct": 92.470767828229285, "cloud_cover_pct": 65.308304778352792, "wind_speed_ms": 5.9912392215954196, "forecast_datetime": "2026-10-04T04:00:00", "source": "BMKG ADM4 forecast points + IDW", "boundary": "SERPRO Carbon Project Zone", "interpretation": "Forecast surface clipped to project boundary; not direct station observation" }, "geometry": { "type": "Point", "coordinates": [ 112.581315536022643, -3.130941762336174 ] } },
{ "type": "Feature", "properties": { "precipitation_mm": 0.0, "temperature_c": 24.07912783028366, "humidity_pct": 92.679281219685151, "cloud_cover_pct": 65.784955128668969, "wind_speed_ms": 6.0439907233851411, "forecast_datetime": "2026-10-04T04:00:00", "source": "BMKG ADM4 forecast points + IDW", "boundary": "SERPRO Carbon Project Zone", "interpretation": "Forecast surface clipped to project boundary; not direct station observation" }, "geometry": { "type": "Point", "coordinates": [ 112.581301990546805, -3.121898187339967 ] } },
{ "type": "Feature", "properties": { "precipitation_mm": 0.0, "temperature_c": 24.075906808800081, "humidity_pct": 92.898815904149657, "cloud_cover_pct": 66.258233054378451, "wind_speed_ms": 6.086880612164002, "forecast_datetime": "2026-10-04T04:00:00", "source": "BMKG ADM4 forecast points + IDW", "boundary": "SERPRO Carbon Project Zone", "interpretation": "Forecast surface clipped to project boundary; not direct station observation" }, "geometry": { "type": "Point", "coordinates": [ 112.581288484445295, -3.112854610726267 ] } },
{ "type": "Feature", "properties": { "precipitation_mm": 0.0, "temperature_c": 24.071311824439881, "humidity_pct": 93.120137554477381, "cloud_cover_pct": 66.712635292017112, "wind_speed_ms": 6.1197533386412371, "forecast_datetime": "2026-10-04T04:00:00", "source": "BMKG ADM4 forecast points + IDW", "boundary": "SERPRO Carbon Project Zone", "interpretation": "Forecast surface clipped to project boundary; not direct station observation" }, "geometry": { "type": "Point", "coordinates": [ 112.581275017716422, -3.103811032499741 ] } },
{ "type": "Feature", "properties": { "precipitation_mm": 0.0, "temperature_c": 24.065957067619685, "humidity_pct": 93.331883897189314, "cloud_cover_pct": 67.130744534623261, "wind_speed_ms": 6.1434496223098494, "forecast_datetime": "2026-10-04T04:00:00", "source": "BMKG ADM4 forecast points + IDW", "boundary": "SERPRO Carbon Project Zone", "interpretation": "Forecast surface clipped to project boundary; not direct station observation" }, "geometry": { "type": "Point", "coordinates": [ 112.581261590358551, -3.09476745266506 ] } },
{ "type": "Feature", "properties": { "precipitation_mm": 0.0, "temperature_c": 24.060514670334129, "humidity_pct": 93.522584726346494, "cloud_cover_pct": 67.4963292099727, "wind_speed_ms": 6.1596346783512326, "forecast_datetime": "2026-10-04T04:00:00", "source": "BMKG ADM4 forecast points + IDW", "boundary": "SERPRO Carbon Project Zone", "interpretation": "Forecast surface clipped to project boundary; not direct station observation" }, "geometry": { "type": "Point", "coordinates": [ 112.581248202369991, -3.085723871226893 ] } },
{ "type": "Feature", "properties": { "precipitation_mm": 0.0, "temperature_c": 24.055606738891953, "humidity_pct": 93.682723488011831, "cloud_cover_pct": 67.797252072633469, "wind_speed_ms": 6.1704635038206215, "forecast_datetime": "2026-10-04T04:00:00", "source": "BMKG ADM4 forecast points + IDW", "boundary": "SERPRO Carbon Project Zone", "interpretation": "Forecast surface clipped to project boundary; not direct station observation" }, "geometry": { "type": "Point", "coordinates": [ 112.581234853749095, -3.076680288189909 ] } },
{ "type": "Feature", "properties": { "precipitation_mm": 0.0, "temperature_c": 24.051711850522771, "humidity_pct": 93.806266475459225, "cloud_cover_pct": 68.027387375231157, "wind_speed_ms": 6.1781765370846964, "forecast_datetime": "2026-10-04T04:00:00", "source": "BMKG ADM4 forecast points + IDW", "boundary": "SERPRO Carbon Project Zone", "interpretation": "Forecast surface clipped to project boundary; not direct station observation" }, "geometry": { "type": "Point", "coordinates": [ 112.581221544494227, -3.067636703558776 ] } },
{ "type": "Feature", "properties": { "precipitation_mm": 0.0, "temperature_c": 24.049112618312673, "humidity_pct": 93.89126286037191, "cloud_cover_pct": 68.187062029615703, "wind_speed_ms": 6.1847408927026768, "forecast_datetime": "2026-10-04T04:00:00", "source": "BMKG ADM4 forecast points + IDW", "boundary": "SERPRO Carbon Project Zone", "interpretation": "Forecast surface clipped to project boundary; not direct station observation" }, "geometry": { "type": "Point", "coordinates": [ 112.581208274603753, -3.058593117338164 ] } },
{ "type": "Feature", "properties": { "precipitation_mm": 0.0, "temperature_c": 24.047893191202583, "humidity_pct": 93.939482068855355, "cloud_cover_pct": 68.282092251283714, "wind_speed_ms": 6.1916242874565803, "forecast_datetime": "2026-10-04T04:00:00", "source": "BMKG ADM4 forecast points + IDW", "boundary": "SERPRO Carbon Project Zone", "interpretation": "Forecast surface clipped to project boundary; not direct station observation" }, "geometry": { "type": "Point", "coordinates": [ 112.581195044075997, -3.049549529532745 ] } },
{ "type": "Feature", "properties": { "precipitation_mm": 0.0, "temperature_c": 24.047976563303983, "humidity_pct": 93.955389153313064, "cloud_cover_pct": 68.321952064950793, "wind_speed_ms": 6.1997277911041309, "forecast_datetime": "2026-10-04T04:00:00", "source": "BMKG ADM4 forecast points + IDW", "boundary": "SERPRO Carbon Project Zone", "interpretation": "Forecast surface clipped to project boundary; not direct station observation" }, "geometry": { "type": "Point", "coordinates": [ 112.581181852909367, -3.040505940147184 ] } },
{ "type": "Feature", "properties": { "precipitation_mm": 0.0, "temperature_c": 24.049181222489874, "humidity_pct": 93.944895309901426, "cloud_cover_pct": 68.317755132651598, "wind_speed_ms": 6.2094462491547144, "forecast_datetime": "2026-10-04T04:00:00", "source": "BMKG ADM4 forecast points + IDW", "boundary": "SERPRO Carbon Project Zone", "interpretation": "Forecast surface clipped to project boundary; not direct station observation" }, "geometry": { "type": "Point", "coordinates": [ 112.5811687011022, -3.031462349186156 ] } },
{ "type": "Feature", "properties": { "precipitation_mm": 0.0, "temperature_c": 24.051277439189306, "humidity_pct": 93.914248265426039, "cloud_cover_pct": 68.280572758185997, "wind_speed_ms": 6.2207976114402559, "forecast_datetime": "2026-10-04T04:00:00", "source": "BMKG ADM4 forecast points + IDW", "boundary": "SERPRO Carbon Project Zone", "interpretation": "Forecast surface clipped to project boundary; not direct station observation" }, "geometry": { "type": "Point", "coordinates": [ 112.581155588652905, -3.022418756654328 ] } },
{ "type": "Feature", "properties": { "precipitation_mm": 0.0, "temperature_c": 24.054031037207913, "humidity_pct": 93.869251800621996, "cloud_cover_pct": 68.220324929393612, "wind_speed_ms": 6.2335659223966262, "forecast_datetime": "2026-10-04T04:00:00", "source": "BMKG ADM4 forecast points + IDW", "boundary": "SERPRO Carbon Project Zone", "interpretation": "Forecast surface clipped to project boundary; not direct station observation" }, "geometry": { "type": "Point", "coordinates": [ 112.581142515559847, -3.01337516255637 ] } },
{ "type": "Feature", "properties": { "precipitation_mm": 0.0, "temperature_c": 24.057230863571949, "humidity_pct": 93.814839641471409, "cloud_cover_pct": 68.145236901234213, "wind_speed_ms": 6.2474228465120536, "forecast_datetime": "2026-10-04T04:00:00", "source": "BMKG ADM4 forecast points + IDW", "boundary": "SERPRO Carbon Project Zone", "interpretation": "Forecast surface clipped to project boundary; not direct station observation" }, "geometry": { "type": "Point", "coordinates": [ 112.581129481821407, -3.004331566896954 ] } },
{ "type": "Feature", "properties": { "precipitation_mm": 0.0, "temperature_c": 24.06070183141296, "humidity_pct": 93.754932628566266, "cloud_cover_pct": 68.061723249494733, "wind_speed_ms": 6.2620139783127389, "forecast_datetime": "2026-10-04T04:00:00", "source": "BMKG ADM4 forecast points + IDW", "boundary": "SERPRO Carbon Project Zone", "interpretation": "Forecast surface clipped to project boundary; not direct station observation" }, "geometry": { "type": "Point", "coordinates": [ 112.581116487435978, -2.995287969680749 ] } },
{ "type": "Feature", "properties": { "precipitation_mm": 0.0, "temperature_c": 24.064307754117742, "humidity_pct": 93.692478739384953, "cloud_cover_pct": 67.974532501298214, "wind_speed_ms": 6.2770107893180667, "forecast_datetime": "2026-10-04T04:00:00", "source": "BMKG ADM4 forecast points + IDW", "boundary": "SERPRO Carbon Project Zone", "interpretation": "Forecast surface clipped to project boundary; not direct station observation" }, "geometry": { "type": "Point", "coordinates": [ 112.581103532401954, -2.986244370912428 ] } },
{ "type": "Feature", "properties": { "precipitation_mm": 0.0, "temperature_c": 24.067948232473679, "humidity_pct": 93.629587022451744, "cloud_cover_pct": 67.887013744739463, "wind_speed_ms": 6.2921358565544505, "forecast_datetime": "2026-10-04T04:00:00", "source": "BMKG ADM4 forecast points + IDW", "boundary": "SERPRO Carbon Project Zone", "interpretation": "Forecast surface clipped to project boundary; not direct station observation" }, "geometry": { "type": "Point", "coordinates": [ 112.581090616717745, -2.977200770596658 ] } },
{ "type": "Feature", "properties": { "precipitation_mm": 0.0, "temperature_c": 24.071552855564391, "humidity_pct": 93.567693014272237, "cloud_cover_pct": 67.801412519944108, "wind_speed_ms": 6.3071703309618901, "forecast_datetime": "2026-10-04T04:00:00", "source": "BMKG ADM4 forecast points + IDW", "boundary": "SERPRO Carbon Project Zone", "interpretation": "Forecast surface clipped to project boundary; not direct station observation" }, "geometry": { "type": "Point", "coordinates": [ 112.581077740381758, -2.968157168738113 ] } },
{ "type": "Feature", "properties": { "precipitation_mm": 0.0, "temperature_c": 24.075074792863155, "humidity_pct": 93.507719149623227, "cloud_cover_pct": 67.719144658446041, "wind_speed_ms": 6.3219511966819679, "forecast_datetime": "2026-10-04T04:00:00", "source": "BMKG ADM4 forecast points + IDW", "boundary": "SERPRO Carbon Project Zone", "interpretation": "Forecast surface clipped to project boundary; not direct station observation" }, "geometry": { "type": "Point", "coordinates": [ 112.581064903392388, -2.959113565341462 ] } },
{ "type": "Feature", "properties": { "precipitation_mm": 0.0, "temperature_c": 24.078484890777688, "humidity_pct": 93.45021293001048, "cloud_cover_pct": 67.641025984190279, "wind_speed_ms": 6.3363636699684038, "forecast_datetime": "2026-10-04T04:00:00", "source": "BMKG ADM4 forecast points + IDW", "boundary": "SERPRO Carbon Project Zone", "interpretation": "Forecast surface clipped to project boundary; not direct station observation" }, "geometry": { "type": "Point", "coordinates": [ 112.581052105748071, -2.950069960411379 ] } },
{ "type": "Feature", "properties": { "precipitation_mm": 0.0, "temperature_c": 24.032865138119345, "humidity_pct": 91.054155966682927, "cloud_cover_pct": 61.610278932505189, "wind_speed_ms": 5.5010261870413562, "forecast_datetime": "2026-10-04T04:00:00", "source": "BMKG ADM4 forecast points + IDW", "boundary": "SERPRO Carbon Project Zone", "interpretation": "Forecast surface clipped to project boundary; not direct station observation" }, "geometry": { "type": "Point", "coordinates": [ 112.590492854061395, -3.24849389877155 ] } },
{ "type": "Feature", "properties": { "precipitation_mm": 0.0, "temperature_c": 24.015329715870145, "humidity_pct": 91.035072775947413, "cloud_cover_pct": 61.301257489426931, "wind_speed_ms": 5.3929376234195736, "forecast_datetime": "2026-10-04T04:00:00", "source": "BMKG ADM4 forecast points + IDW", "boundary": "SERPRO Carbon Project Zone", "interpretation": "Forecast surface clipped to project boundary; not direct station observation" }, "geometry": { "type": "Point", "coordinates": [ 112.59047871666975, -3.239450384810038 ] } },
{ "type": "Feature", "properties": { "precipitation_mm": 0.0, "temperature_c": 24.004602964705835, "humidity_pct": 91.013841755151859, "cloud_cover_pct": 61.09613566935046, "wind_speed_ms": 5.3276738279496536, "forecast_datetime": "2026-10-04T04:00:00", "source": "BMKG ADM4 forecast points + IDW", "boundary": "SERPRO Carbon Project Zone", "interpretation": "Forecast surface clipped to project boundary; not direct station observation" }, "geometry": { "type": "Point", "coordinates": [ 112.590464618898451, -3.230406869169682 ] } },
{ "type": "Feature", "properties": { "precipitation_mm": 0.0, "temperature_c": 24.002667586588856, "humidity_pct": 91.010096487245619, "cloud_cover_pct": 61.059343663450527, "wind_speed_ms": 5.3159348503397874, "forecast_datetime": "2026-10-04T04:00:00", "source": "BMKG ADM4 forecast points + IDW", "boundary": "SERPRO Carbon Project Zone", "interpretation": "Forecast surface clipped to project boundary; not direct station observation" }, "geometry": { "type": "Point", "coordinates": [ 112.590450560745751, -3.22136335185515 ] } },
{ "type": "Feature", "properties": { "precipitation_mm": 0.0, "temperature_c": 24.009466804384072, "humidity_pct": 91.043457470124011, "cloud_cover_pct": 61.22432726444562, "wind_speed_ms": 5.3563979303204032, "forecast_datetime": "2026-10-04T04:00:00", "source": "BMKG ADM4 forecast points + IDW", "boundary": "SERPRO Carbon Project Zone", "interpretation": "Forecast surface clipped to project boundary; not direct station observation" }, "geometry": { "type": "Point", "coordinates": [ 112.590436542209929, -3.21231983287111 ] } },
{ "type": "Feature", "properties": { "precipitation_mm": 0.0, "temperature_c": 24.022476926727123, "humidity_pct": 91.121180671621573, "cloud_cover_pct": 61.566350321319831, "wind_speed_ms": 5.4343293951093123, "forecast_datetime": "2026-10-04T04:00:00", "source": "BMKG ADM4 forecast points + IDW", "boundary": "SERPRO Carbon Project Zone", "interpretation": "Forecast surface clipped to project boundary; not direct station observation" }, "geometry": { "type": "Point", "coordinates": [ 112.590422563289252, -3.203276312222232 ] } },
{ "type": "Feature", "properties": { "precipitation_mm": 0.0, "temperature_c": 24.038017734863239, "humidity_pct": 91.234400847278778, "cloud_cover_pct": 62.016167424484991, "wind_speed_ms": 5.5296901777440404, "forecast_datetime": "2026-10-04T04:00:00", "source": "BMKG ADM4 forecast points + IDW", "boundary": "SERPRO Carbon Project Zone", "interpretation": "Forecast surface clipped to project boundary; not direct station observation" }, "geometry": { "type": "Point", "coordinates": [ 112.590408623981986, -3.194232789913185 ] } },
{ "type": "Feature", "properties": { "precipitation_mm": 0.0, "temperature_c": 24.053090910653872, "humidity_pct": 91.367132081297086, "cloud_cover_pct": 62.503039765076167, "wind_speed_ms": 5.627139034302453, "forecast_datetime": "2026-10-04T04:00:00", "source": "BMKG ADM4 forecast points + IDW", "boundary": "SERPRO Carbon Project Zone", "interpretation": "Forecast surface clipped to project boundary; not direct station observation" }, "geometry": { "type": "Point", "coordinates": [ 112.590394724286412, -3.185189265948638 ] } },
{ "type": "Feature", "properties": { "precipitation_mm": 0.0, "temperature_c": 24.066120540074628, "humidity_pct": 91.507258545424264, "cloud_cover_pct": 62.984286865162574, "wind_speed_ms": 5.7193033029837981, "forecast_datetime": "2026-10-04T04:00:00", "source": "BMKG ADM4 forecast points + IDW", "boundary": "SERPRO Carbon Project Zone", "interpretation": "Forecast surface clipped to project boundary; not direct station observation" }, "geometry": { "type": "Point", "coordinates": [ 112.590380864200796, -3.176145740333262 ] } },
{ "type": "Feature", "properties": { "precipitation_mm": 0.0, "temperature_c": 24.076595281171901, "humidity_pct": 91.650533143432625, "cloud_cover_pct": 63.44636218307884, "wind_speed_ms": 5.8041794585536364, "forecast_datetime": "2026-10-04T04:00:00", "source": "BMKG ADM4 forecast points + IDW", "boundary": "SERPRO Carbon Project Zone", "interpretation": "Forecast surface clipped to project boundary; not direct station observation" }, "geometry": { "type": "Point", "coordinates": [ 112.590367043723461, -3.167102213071724 ] } },
{ "type": "Feature", "properties": { "precipitation_mm": 0.0, "temperature_c": 24.084475657752634, "humidity_pct": 91.798672052670341, "cloud_cover_pct": 63.892439157251737, "wind_speed_ms": 5.8816893032661115, "forecast_datetime": "2026-10-04T04:00:00", "source": "BMKG ADM4 forecast points + IDW", "boundary": "SERPRO Carbon Project Zone", "interpretation": "Forecast surface clipped to project boundary; not direct station observation" }, "geometry": { "type": "Point", "coordinates": [ 112.590353262852688, -3.158058684168694 ] } },
{ "type": "Feature", "properties": { "precipitation_mm": 0.0, "temperature_c": 24.089840531631985, "humidity_pct": 91.955829251575395, "cloud_cover_pct": 64.33089158986833, "wind_speed_ms": 5.9517976799956234, "forecast_datetime": "2026-10-04T04:00:00", "source": "BMKG ADM4 forecast points + IDW", "boundary": "SERPRO Carbon Project Zone", "interpretation": "Forecast surface clipped to project boundary; not direct station observation" }, "geometry": { "type": "Point", "coordinates": [ 112.590339521586756, -3.149015153628844 ] } },
{ "type": "Feature", "properties": { "precipitation_mm": 0.0, "temperature_c": 24.092781806005792, "humidity_pct": 92.125735495038469, "cloud_cover_pct": 64.768635791814745, "wind_speed_ms": 6.0140367041263412, "forecast_datetime": "2026-10-04T04:00:00", "source": "BMKG ADM4 forecast points + IDW", "boundary": "SERPRO Carbon Project Zone", "interpretation": "Forecast surface clipped to project boundary; not direct station observation" }, "geometry": { "type": "Point", "coordinates": [ 112.59032581992399, -3.139971621456842 ] } },
{ "type": "Feature", "properties": { "precipitation_mm": 0.0, "temperature_c": 24.093425043277499, "humidity_pct": 92.309916727294464, "cloud_cover_pct": 65.208207692378124, "wind_speed_ms": 6.0676964361447689, "forecast_datetime": "2026-10-04T04:00:00", "source": "BMKG ADM4 forecast points + IDW", "boundary": "SERPRO Carbon Project Zone", "interpretation": "Forecast surface clipped to project boundary; not direct station observation" }, "geometry": { "type": "Point", "coordinates": [ 112.590312157862684, -3.13092808765736 ] } },
{ "type": "Feature", "properties": { "precipitation_mm": 0.0, "temperature_c": 24.09198317239003, "humidity_pct": 92.506812933207286, "cloud_cover_pct": 65.646941433830065, "wind_speed_ms": 6.1121891525071366, "forecast_datetime": "2026-10-04T04:00:00", "source": "BMKG ADM4 forecast points + IDW", "boundary": "SERPRO Carbon Project Zone", "interpretation": "Forecast surface clipped to project boundary; not direct station observation" }, "geometry": { "type": "Point", "coordinates": [ 112.590298535401161, -3.121884552235066 ] } },
{ "type": "Feature", "properties": { "precipitation_mm": 0.0, "temperature_c": 24.088795634919848, "humidity_pct": 92.711635578950293, "cloud_cover_pct": 66.077354248597416, "wind_speed_ms": 6.1473658266392519, "forecast_datetime": "2026-10-04T04:00:00", "source": "BMKG ADM4 forecast points + IDW", "boundary": "SERPRO Carbon Project Zone", "interpretation": "Forecast surface clipped to project boundary; not direct station observation" }, "geometry": { "type": "Point", "coordinates": [ 112.590284952537715, -3.112841015194633 ] } },
{ "type": "Feature", "properties": { "precipitation_mm": 0.0, "temperature_c": 24.084332478432692, "humidity_pct": 92.916897130645964, "cloud_cover_pct": 66.488398694723642, "wind_speed_ms": 6.1737000075963229, "forecast_datetime": "2026-10-04T04:00:00", "source": "BMKG ADM4 forecast points + IDW", "boundary": "SERPRO Carbon Project Zone", "interpretation": "Forecast surface clipped to project boundary; not direct station observation" }, "geometry": { "type": "Point", "coordinates": [ 112.590271409270713, -3.103797476540729 ] } },
{ "type": "Feature", "properties": { "precipitation_mm": 0.0, "temperature_c": 24.079158786907776, "humidity_pct": 93.113529929385663, "cloud_cover_pct": 66.867388517148555, "wind_speed_ms": 6.1923101332506807, "forecast_datetime": "2026-10-04T04:00:00", "source": "BMKG ADM4 forecast points + IDW", "boundary": "SERPRO Carbon Project Zone", "interpretation": "Forecast surface clipped to project boundary; not direct station observation" }, "geometry": { "type": "Point", "coordinates": [ 112.590257905598449, -3.094753936278027 ] } },
{ "type": "Feature", "properties": { "precipitation_mm": 0.0, "temperature_c": 24.073867674527182, "humidity_pct": 93.292383244582894, "cloud_cover_pct": 67.202275883222441, "wind_speed_ms": 6.2048261589054894, "forecast_datetime": "2026-10-04T04:00:00", "source": "BMKG ADM4 forecast points + IDW", "boundary": "SERPRO Carbon Project Zone", "interpretation": "Forecast surface clipped to project boundary; not direct station observation" }, "geometry": { "type": "Point", "coordinates": [ 112.590244441519246, -3.085710394411196 ] } },
{ "type": "Feature", "properties": { "precipitation_mm": 0.0, "temperature_c": 24.069000759714918, "humidity_pct": 93.44574269681064, "cloud_cover_pct": 67.483779099840177, "wind_speed_ms": 6.2131429959584885, "forecast_datetime": "2026-10-04T04:00:00", "source": "BMKG ADM4 forecast points + IDW", "boundary": "SERPRO Carbon Project Zone", "interpretation": "Forecast surface clipped to project boundary; not direct station observation" }, "geometry": { "type": "Point", "coordinates": [ 112.590231017031485, -3.07666685094491 ] } },
{ "type": "Feature", "properties": { "precipitation_mm": 0.0, "temperature_c": 24.064979527256103, "humidity_pct": 93.568476556175199, "cloud_cover_pct": 67.706834041533, "wind_speed_ms": 6.2191339000992221, "forecast_datetime": "2026-10-04T04:00:00", "source": "BMKG ADM4 forecast points + IDW", "boundary": "SERPRO Carbon Project Zone", "interpretation": "Forecast surface clipped to project boundary; not direct station observation" }, "geometry": { "type": "Point", "coordinates": [ 112.590217632133474, -3.067623305883837 ] } },
{ "type": "Feature", "properties": { "precipitation_mm": 0.0, "temperature_c": 24.062066135291687, "humidity_pct": 93.658537751607341, "cloud_cover_pct": 67.871048038794655, "wind_speed_ms": 6.2244037605548348, "forecast_datetime": "2026-10-04T04:00:00", "source": "BMKG ADM4 forecast points + IDW", "boundary": "SERPRO Carbon Project Zone", "interpretation": "Forecast surface clipped to project boundary; not direct station observation" }, "geometry": { "type": "Point", "coordinates": [ 112.590204286823564, -3.058579759232649 ] } },
{ "type": "Feature", "properties": { "precipitation_mm": 0.0, "temperature_c": 24.060360140276931, "humidity_pct": 93.716785281489678, "cloud_cover_pct": 67.980179292839068, "wind_speed_ms": 6.2301386577787063, "forecast_datetime": "2026-10-04T04:00:00", "source": "BMKG ADM4 forecast points + IDW", "boundary": "SERPRO Carbon Project Zone", "interpretation": "Forecast surface clipped to project boundary; not direct station observation" }, "geometry": { "type": "Point", "coordinates": [ 112.590190981100108, -3.049536210996019 ] } },
{ "type": "Feature", "properties": { "precipitation_mm": 0.0, "temperature_c": 24.059824817446852, "humidity_pct": 93.746308184200828, "cloud_cover_pct": 68.040962136558406, "wind_speed_ms": 6.2370668093322585, "forecast_datetime": "2026-10-04T04:00:00", "source": "BMKG ADM4 forecast points + IDW", "boundary": "SERPRO Carbon Project Zone", "interpretation": "Forecast surface clipped to project boundary; not direct station observation" }, "geometry": { "type": "Point", "coordinates": [ 112.59017771496147, -3.040492661178617 ] } },
{ "type": "Feature", "properties": { "precipitation_mm": 0.0, "temperature_c": 24.06032933500461, "humidity_pct": 93.751537963442388, "cloud_cover_pct": 68.061713699827692, "wind_speed_ms": 6.2455089706237663, "forecast_datetime": "2026-10-04T04:00:00", "source": "BMKG ADM4 forecast points + IDW", "boundary": "SERPRO Carbon Project Zone", "interpretation": "Forecast surface clipped to project boundary; not direct station observation" }, "geometry": { "type": "Point", "coordinates": [ 112.590164488406018, -3.031449109785117 ] } },
{ "type": "Feature", "properties": { "precipitation_mm": 0.0, "temperature_c": 24.061692767999531, "humidity_pct": 93.73740691622335, "cloud_cover_pct": 68.051086546080228, "wind_speed_ms": 6.2554783046128088, "forecast_datetime": "2026-10-04T04:00:00", "source": "BMKG ADM4 forecast points + IDW", "boundary": "SERPRO Carbon Project Zone", "interpretation": "Forecast surface clipped to project boundary; not direct station observation" }, "geometry": { "type": "Point", "coordinates": [ 112.590151301432101, -3.022405556820189 ] } },
{ "type": "Feature", "properties": { "precipitation_mm": 0.0, "temperature_c": 24.063720448085384, "humidity_pct": 93.708706298234148, "cloud_cover_pct": 68.017165887384678, "wind_speed_ms": 6.2667914084557337, "forecast_datetime": "2026-10-04T04:00:00", "source": "BMKG ADM4 forecast points + IDW", "boundary": "SERPRO Carbon Project Zone", "interpretation": "Forecast surface clipped to project boundary; not direct station observation" }, "geometry": { "type": "Point", "coordinates": [ 112.590138154038115, -3.013362002288505 ] } },
{ "type": "Feature", "properties": { "precipitation_mm": 0.0, "temperature_c": 24.066228785383085, "humidity_pct": 93.669688944046129, "cloud_cover_pct": 67.966949448286798, "wind_speed_ms": 6.2791649676181978, "forecast_datetime": "2026-10-04T04:00:00", "source": "BMKG ADM4 forecast points + IDW", "boundary": "SERPRO Carbon Project Zone", "interpretation": "Forecast surface clipped to project boundary; not direct station observation" }, "geometry": { "type": "Point", "coordinates": [ 112.590125046222411, -3.004318446194739 ] } },
{ "type": "Feature", "properties": { "precipitation_mm": 0.0, "temperature_c": 24.069058962862854, "humidity_pct": 93.623886907813059, "cloud_cover_pct": 67.906146781583104, "wind_speed_ms": 6.2922868960279557, "forecast_datetime": "2026-10-04T04:00:00", "source": "BMKG ADM4 forecast points + IDW", "boundary": "SERPRO Carbon Project Zone", "interpretation": "Forecast surface clipped to project boundary; not direct station observation" }, "geometry": { "type": "Point", "coordinates": [ 112.590111977983383, -2.99527488854356 ] } },
{ "type": "Feature", "properties": { "precipitation_mm": 0.0, "temperature_c": 24.07208205890894, "humidity_pct": 93.574083039872022, "cloud_cover_pct": 67.839197213536991, "wind_speed_ms": 6.3058613375533241, "forecast_datetime": "2026-10-04T04:00:00", "source": "BMKG ADM4 forecast points + IDW", "boundary": "SERPRO Carbon Project Zone", "interpretation": "Forecast surface clipped to project boundary; not direct station observation" }, "geometry": { "type": "Point", "coordinates": [ 112.590098949319398, -2.986231329339645 ] } },
{ "type": "Feature", "properties": { "precipitation_mm": 0.0, "temperature_c": 24.075198622819656, "humidity_pct": 93.522374126653602, "cloud_cover_pct": 67.76941060084242, "wind_speed_ms": 6.3196323552986025, "forecast_datetime": "2026-10-04T04:00:00", "source": "BMKG ADM4 forecast points + IDW", "boundary": "SERPRO Carbon Project Zone", "interpretation": "Forecast surface clipped to project boundary; not direct station observation" }, "geometry": { "type": "Point", "coordinates": [ 112.59008596022889, -2.977187768587662 ] } },
{ "type": "Feature", "properties": { "precipitation_mm": 0.0, "temperature_c": 24.078335272923926, "humidity_pct": 93.470276611929791, "cloud_cover_pct": 67.699158875639796, "wind_speed_ms": 6.3333926932682907, "forecast_datetime": "2026-10-04T04:00:00", "source": "BMKG ADM4 forecast points + IDW", "boundary": "SERPRO Carbon Project Zone", "interpretation": "Forecast surface clipped to project boundary; not direct station observation" }, "geometry": { "type": "Point", "coordinates": [ 112.590073010710213, -2.968144206292287 ] } },
{ "type": "Feature", "properties": { "precipitation_mm": 0.0, "temperature_c": 24.08144012794326, "humidity_pct": 93.418842590018812, "cloud_cover_pct": 67.630072718873706, "wind_speed_ms": 6.3469833843854015, "forecast_datetime": "2026-10-04T04:00:00", "source": "BMKG ADM4 forecast points + IDW", "boundary": "SERPRO Carbon Project Zone", "interpretation": "Forecast surface clipped to project boundary; not direct station observation" }, "geometry": { "type": "Point", "coordinates": [ 112.590060100761804, -2.959100642458192 ] } },
{ "type": "Feature", "properties": { "precipitation_mm": 0.0, "temperature_c": 24.084478168971241, "humidity_pct": 93.36876794996607, "cloud_cover_pct": 67.563219025282876, "wind_speed_ms": 6.3602885525150956, "forecast_datetime": "2026-10-04T04:00:00", "source": "BMKG ADM4 forecast points + IDW", "boundary": "SERPRO Carbon Project Zone", "interpretation": "Forecast surface clipped to project boundary; not direct station observation" }, "geometry": { "type": "Point", "coordinates": [ 112.590047230382041, -2.95005707709005 ] } },
{ "type": "Feature", "properties": { "precipitation_mm": 0.0, "temperature_c": 24.048161725829953, "humidity_pct": 91.005522876590035, "cloud_cover_pct": 61.770862219362741, "wind_speed_ms": 5.60092646237573, "forecast_datetime": "2026-10-04T04:00:00", "source": "BMKG ADM4 forecast points + IDW", "boundary": "SERPRO Carbon Project Zone", "interpretation": "Forecast surface clipped to project boundary; not direct station observation" }, "geometry": { "type": "Point", "coordinates": [ 112.599490457461911, -3.24847962915703 ] } },
{ "type": "Feature", "properties": { "precipitation_mm": 0.0, "temperature_c": 24.029134633714374, "humidity_pct": 91.015629822994541, "cloud_cover_pct": 61.487613983533031, "wind_speed_ms": 5.4812999686360113, "forecast_datetime": "2026-10-04T04:00:00", "source": "BMKG ADM4 forecast points + IDW", "boundary": "SERPRO Carbon Project Zone", "interpretation": "Forecast surface clipped to project boundary; not direct station observation" }, "geometry": { "type": "Point", "coordinates": [ 112.599476240176273, -3.239436155002344 ] } },
{ "type": "Feature", "properties": { "precipitation_mm": 0.0, "temperature_c": 24.017505092839826, "humidity_pct": 91.017852616335517, "cloud_cover_pct": 61.307877895120541, "wind_speed_ms": 5.4085698479296154, "forecast_datetime": "2026-10-04T04:00:00", "source": "BMKG ADM4 forecast points + IDW", "boundary": "SERPRO Carbon Project Zone", "interpretation": "Forecast surface clipped to project boundary; not direct station observation" }, "geometry": { "type": "Point", "coordinates": [ 112.599462062734887, -3.230392679168137 ] } },
{ "type": "Feature", "properties": { "precipitation_mm": 0.0, "temperature_c": 24.015172595189991, "humidity_pct": 91.023643406100362, "cloud_cover_pct": 61.281537641712653, "wind_speed_ms": 5.39393218364473, "forecast_datetime": "2026-10-04T04:00:00", "source": "BMKG ADM4 forecast points + IDW", "boundary": "SERPRO Carbon Project Zone", "interpretation": "Forecast surface clipped to project boundary; not direct station observation" }, "geometry": { "type": "Point", "coordinates": [ 112.599447925136005, -3.22134920165908 ] } },
{ "type": "Feature", "properties": { "precipitation_mm": 0.0, "temperature_c": 24.021913621667487, "humidity_pct": 91.046929299816838, "cloud_cover_pct": 61.430198044348273, "wind_speed_ms": 5.4357554854423844, "forecast_datetime": "2026-10-04T04:00:00", "source": "BMKG ADM4 forecast points + IDW", "boundary": "SERPRO Carbon Project Zone", "interpretation": "Forecast surface clipped to project boundary; not direct station observation" }, "geometry": { "type": "Point", "coordinates": [ 112.599433827377865, -3.212305722479845 ] } },
{ "type": "Feature", "properties": { "precipitation_mm": 0.0, "temperature_c": 24.035194707762965, "humidity_pct": 91.097098256551547, "cloud_cover_pct": 61.732330232085381, "wind_speed_ms": 5.5189632434971356, "forecast_datetime": "2026-10-04T04:00:00", "source": "BMKG ADM4 forecast points + IDW", "boundary": "SERPRO Carbon Project Zone", "interpretation": "Forecast surface clipped to project boundary; not direct station observation" }, "geometry": { "type": "Point", "coordinates": [ 112.599419769458763, -3.203262241635102 ] } },
{ "type": "Feature", "properties": { "precipitation_mm": 0.0, "temperature_c": 24.051385361488133, "humidity_pct": 91.174922547946181, "cloud_cover_pct": 62.134907499352686, "wind_speed_ms": 5.62256152610016, "forecast_datetime": "2026-10-04T04:00:00", "source": "BMKG ADM4 forecast points + IDW", "boundary": "SERPRO Carbon Project Zone", "interpretation": "Forecast surface clipped to project boundary; not direct station observation" }, "geometry": { "type": "Point", "coordinates": [ 112.599405751376906, -3.194218759129522 ] } },
{ "type": "Feature", "properties": { "precipitation_mm": 0.0, "temperature_c": 24.067353803471981, "humidity_pct": 91.274874873967079, "cloud_cover_pct": 62.581782426545345, "wind_speed_ms": 5.7289591616898505, "forecast_datetime": "2026-10-04T04:00:00", "source": "BMKG ADM4 forecast points + IDW", "boundary": "SERPRO Carbon Project Zone", "interpretation": "Forecast surface clipped to project boundary; not direct station observation" }, "geometry": { "type": "Point", "coordinates": [ 112.599391773130606, -3.185175274967775 ] } },
{ "type": "Feature", "properties": { "precipitation_mm": 0.0, "temperature_c": 24.08123578491448, "humidity_pct": 91.390479485694641, "cloud_cover_pct": 63.034510685618613, "wind_speed_ms": 5.8280998934992168, "forecast_datetime": "2026-10-04T04:00:00", "source": "BMKG ADM4 forecast points + IDW", "boundary": "SERPRO Carbon Project Zone", "interpretation": "Forecast surface clipped to project boundary; not direct station observation" }, "geometry": { "type": "Point", "coordinates": [ 112.599377834718126, -3.176131789154535 ] } },
{ "type": "Feature", "properties": { "precipitation_mm": 0.0, "temperature_c": 24.092279088486379, "humidity_pct": 91.517849790414971, "cloud_cover_pct": 63.475874485868857, "wind_speed_ms": 5.9161962816950009, "forecast_datetime": "2026-10-04T04:00:00", "source": "BMKG ADM4 forecast points + IDW", "boundary": "SERPRO Carbon Project Zone", "interpretation": "Forecast surface clipped to project boundary; not direct station observation" }, "geometry": { "type": "Point", "coordinates": [ 112.599363936137749, -3.167088301694471 ] } },
{ "type": "Feature", "properties": { "precipitation_mm": 0.0, "temperature_c": 24.100361347391463, "humidity_pct": 91.65614536995669, "cloud_cover_pct": 63.903120814796438, "wind_speed_ms": 5.9927367520119699, "forecast_datetime": "2026-10-04T04:00:00", "source": "BMKG ADM4 forecast points + IDW", "boundary": "SERPRO Carbon Project Zone", "interpretation": "Forecast surface clipped to project boundary; not direct station observation" }, "geometry": { "type": "Point", "coordinates": [ 112.599350077387754, -3.158044812592257 ] } },
{ "type": "Feature", "properties": { "precipitation_mm": 0.0, "temperature_c": 24.105616681538059, "humidity_pct": 91.806267236744247, "cloud_cover_pct": 64.319841945956369, "wind_speed_ms": 6.0582704564579046, "forecast_datetime": "2026-10-04T04:00:00", "source": "BMKG ADM4 forecast points + IDW", "boundary": "SERPRO Carbon Project Zone", "interpretation": "Forecast surface clipped to project boundary; not direct station observation" }, "geometry": { "type": "Point", "coordinates": [ 112.599336258466423, -3.149001321852562 ] } },
{ "type": "Feature", "properties": { "precipitation_mm": 0.0, "temperature_c": 24.108261927781072, "humidity_pct": 91.969206200042066, "cloud_cover_pct": 64.730311188137179, "wind_speed_ms": 6.1134127982417041, "forecast_datetime": "2026-10-04T04:00:00", "source": "BMKG ADM4 forecast points + IDW", "boundary": "SERPRO Carbon Project Zone", "interpretation": "Forecast surface clipped to project boundary; not direct station observation" }, "geometry": { "type": "Point", "coordinates": [ 112.599322479372049, -3.139957829480059 ] } },
{ "type": "Feature", "properties": { "precipitation_mm": 0.0, "temperature_c": 24.108556430084963, "humidity_pct": 92.144732899210595, "cloud_cover_pct": 65.136466795545601, "wind_speed_ms": 6.1586431321701252, "forecast_datetime": "2026-10-04T04:00:00", "source": "BMKG ADM4 forecast points + IDW", "boundary": "SERPRO Carbon Project Zone", "interpretation": "Forecast surface clipped to project boundary; not direct station observation" }, "geometry": { "type": "Point", "coordinates": [ 112.599308740102941, -3.130914335479422 ] } },
{ "type": "Feature", "properties": { "precipitation_mm": 0.0, "temperature_c": 24.106816884102923, "humidity_pct": 92.330627891939457, "cloud_cover_pct": 65.536733656465898, "wind_speed_ms": 6.1944380625304758, "forecast_datetime": "2026-10-04T04:00:00", "source": "BMKG ADM4 forecast points + IDW", "boundary": "SERPRO Carbon Project Zone", "interpretation": "Forecast surface clipped to project boundary; not direct station observation" }, "geometry": { "type": "Point", "coordinates": [ 112.59929504065741, -3.121870839855321 ] } },
{ "type": "Feature", "properties": { "precipitation_mm": 0.0, "temperature_c": 24.103437117704377, "humidity_pct": 92.522475804083157, "cloud_cover_pct": 65.926020438254596, "wind_speed_ms": 6.2214677228886996, "forecast_datetime": "2026-10-04T04:00:00", "source": "BMKG ADM4 forecast points + IDW", "boundary": "SERPRO Carbon Project Zone", "interpretation": "Forecast surface clipped to project boundary; not direct station observation" }, "geometry": { "type": "Point", "coordinates": [ 112.599281381033734, -3.112827342612428 ] } },
{ "type": "Feature", "properties": { "precipitation_mm": 0.0, "temperature_c": 24.098888346930426, "humidity_pct": 92.713997576535604, "cloud_cover_pct": 66.296522015694606, "wind_speed_ms": 6.2407271729940801, "forecast_datetime": "2026-10-04T04:00:00", "source": "BMKG ADM4 forecast points + IDW", "boundary": "SERPRO Carbon Project Zone", "interpretation": "Forecast surface clipped to project boundary; not direct station observation" }, "geometry": { "type": "Point", "coordinates": [ 112.599267761230251, -3.103783843755417 ] } },
{ "type": "Feature", "properties": { "precipitation_mm": 0.0, "temperature_c": 24.093692741788804, "humidity_pct": 92.897838141150544, "cloud_cover_pct": 66.639078124094851, "wind_speed_ms": 6.253556327249937, "forecast_datetime": "2026-10-04T04:00:00", "source": "BMKG ADM4 forecast points + IDW", "boundary": "SERPRO Carbon Project Zone", "interpretation": "Forecast surface clipped to project boundary; not direct station observation" }, "geometry": { "type": "Point", "coordinates": [ 112.599254181245271, -3.09474034328896 ] } },
{ "type": "Feature", "properties": { "precipitation_mm": 0.0, "temperature_c": 24.088375334737311, "humidity_pct": 93.066635114052588, "cloud_cover_pct": 66.944802461720997, "wind_speed_ms": 6.2615492685120353, "forecast_datetime": "2026-10-04T04:00:00", "source": "BMKG ADM4 forecast points + IDW", "boundary": "SERPRO Carbon Project Zone", "interpretation": "Forecast surface clipped to project boundary; not direct station observation" }, "geometry": { "type": "Point", "coordinates": [ 112.599240641077103, -3.085696841217731 ] } },
{ "type": "Feature", "properties": { "precipitation_mm": 0.0, "temperature_c": 24.083407570736025, "humidity_pct": 93.214109884665149, "cloud_cover_pct": 67.206621962648427, "wind_speed_ms": 6.2663866934870605, "forecast_datetime": "2026-10-04T04:00:00", "source": "BMKG ADM4 forecast points + IDW", "boundary": "SERPRO Carbon Project Zone", "interpretation": "Forecast surface clipped to project boundary; not direct station observation" }, "geometry": { "type": "Point", "coordinates": [ 112.599227140724111, -3.0766533375464 ] } },
{ "type": "Feature", "properties": { "precipitation_mm": 0.0, "temperature_c": 24.079158693378744, "humidity_pct": 93.335908688894392, "cloud_cover_pct": 67.420372348219061, "wind_speed_ms": 6.2696448997914649, "forecast_datetime": "2026-10-04T04:00:00", "source": "BMKG ADM4 forecast points + IDW", "boundary": "SERPRO Carbon Project Zone", "interpretation": "Forecast surface clipped to project boundary; not direct station observation" }, "geometry": { "type": "Point", "coordinates": [ 112.599213680184604, -3.067609832279644 ] } },
{ "type": "Feature", "properties": { "precipitation_mm": 0.0, "temperature_c": 24.075867699368978, "humidity_pct": 93.430006389332974, "cloud_cover_pct": 67.585230203989738, "wind_speed_ms": 6.2726356165786106, "forecast_datetime": "2026-10-04T04:00:00", "source": "BMKG ADM4 forecast points + IDW", "boundary": "SERPRO Carbon Project Zone", "interpretation": "Forecast surface clipped to project boundary; not direct station observation" }, "geometry": { "type": "Point", "coordinates": [ 112.599200259456921, -3.058566325422133 ] } },
{ "type": "Feature", "properties": { "precipitation_mm": 0.0, "temperature_c": 24.073640578307277, "humidity_pct": 93.496636428968245, "cloud_cover_pct": 67.703474970940093, "wind_speed_ms": 6.2763130352187879, "forecast_datetime": "2026-10-04T04:00:00", "source": "BMKG ADM4 forecast points + IDW", "boundary": "SERPRO Carbon Project Zone", "interpretation": "Forecast surface clipped to project boundary; not direct station observation" }, "geometry": { "type": "Point", "coordinates": [ 112.599186878539413, -3.049522816978542 ] } },
{ "type": "Feature", "properties": { "precipitation_mm": 0.0, "temperature_c": 24.072469063720423, "humidity_pct": 93.53785400559704, "cloud_cover_pct": 67.779764685571436, "wind_speed_ms": 6.2812569617907723, "forecast_datetime": "2026-10-04T04:00:00", "source": "BMKG ADM4 forecast points + IDW", "boundary": "SERPRO Carbon Project Zone", "interpretation": "Forecast surface clipped to project boundary; not direct station observation" }, "geometry": { "type": "Point", "coordinates": [ 112.599173537430417, -3.040479306953545 ] } },
{ "type": "Feature", "properties": { "precipitation_mm": 0.0, "temperature_c": 24.072261883701813, "humidity_pct": 93.556915382084625, "cloud_cover_pct": 67.820198057625078, "wind_speed_ms": 6.2877171542203767, "forecast_datetime": "2026-10-04T04:00:00", "source": "BMKG ADM4 forecast points + IDW", "boundary": "SERPRO Carbon Project Zone", "interpretation": "Forecast surface clipped to project boundary; not direct station observation" }, "geometry": { "type": "Point", "coordinates": [ 112.599160236128284, -3.031435795351814 ] } },
{ "type": "Feature", "properties": { "precipitation_mm": 0.0, "temperature_c": 24.072878771514588, "humidity_pct": 93.55765094882733, "cloud_cover_pct": 67.831411591116279, "wind_speed_ms": 6.2956920760660608, "forecast_datetime": "2026-10-04T04:00:00", "source": "BMKG ADM4 forecast points + IDW", "boundary": "SERPRO Carbon Project Zone", "interpretation": "Forecast surface clipped to project boundary; not direct station observation" }, "geometry": { "type": "Point", "coordinates": [ 112.599146974631395, -3.022392282178024 ] } },
{ "type": "Feature", "properties": { "precipitation_mm": 0.0, "temperature_c": 24.074160059858766, "humidity_pct": 93.543951509603687, "cloud_cover_pct": 67.819868817334765, "wind_speed_ms": 6.3050158942879451, "forecast_datetime": "2026-10-04T04:00:00", "source": "BMKG ADM4 forecast points + IDW", "boundary": "SERPRO Carbon Project Zone", "interpretation": "Forecast surface clipped to project boundary; not direct station observation" }, "geometry": { "type": "Point", "coordinates": [ 112.599133752938073, -3.013348767436849 ] } },
{ "type": "Feature", "properties": { "precipitation_mm": 0.0, "temperature_c": 24.075948354998193, "humidity_pct": 93.519416955960835, "cloud_cover_pct": 67.791397094606751, "wind_speed_ms": 6.315435524682818, "forecast_datetime": "2026-10-04T04:00:00", "source": "BMKG ADM4 forecast points + IDW", "boundary": "SERPRO Carbon Project Zone", "interpretation": "Forecast surface clipped to project boundary; not direct station observation" }, "geometry": { "type": "Point", "coordinates": [ 112.599120571046726, -3.004305251132962 ] } },
{ "type": "Feature", "properties": { "precipitation_mm": 0.0, "temperature_c": 24.078101871898973, "humidity_pct": 93.487162387982835, "cloud_cover_pct": 67.75095335531401, "wind_speed_ms": 6.3266690602790874, "forecast_datetime": "2026-10-04T04:00:00", "source": "BMKG ADM4 forecast points + IDW", "boundary": "SERPRO Carbon Project Zone", "interpretation": "Forecast surface clipped to project boundary; not direct station observation" }, "geometry": { "type": "Point", "coordinates": [ 112.599107428955705, -2.995261733271039 ] } },
{ "type": "Feature", "properties": { "precipitation_mm": 0.0, "temperature_c": 24.080500825906856, "humidity_pct": 93.4497479743182, "cloud_cover_pct": 67.70256359037046, "wind_speed_ms": 6.3384443393031935, "forecast_datetime": "2026-10-04T04:00:00", "source": "BMKG ADM4 forecast points + IDW", "boundary": "SERPRO Carbon Project Zone", "interpretation": "Forecast surface clipped to project boundary; not direct station observation" }, "geometry": { "type": "Point", "coordinates": [ 112.599094326663391, -2.986218213855754 ] } },
{ "type": "Feature", "properties": { "precipitation_mm": 0.0, "temperature_c": 24.083048919246878, "humidity_pct": 93.409191278352623, "cloud_cover_pct": 67.649373908072789, "wind_speed_ms": 6.3505206251678663, "forecast_datetime": "2026-10-04T04:00:00", "source": "BMKG ADM4 forecast points + IDW", "boundary": "SERPRO Carbon Project Zone", "interpretation": "Forecast surface clipped to project boundary; not direct station observation" }, "geometry": { "type": "Point", "coordinates": [ 112.599081264168163, -2.977174692891779 ] } },
{ "type": "Feature", "properties": { "precipitation_mm": 0.0, "temperature_c": 24.085671855125767, "humidity_pct": 93.367025670346408, "cloud_cover_pct": 67.593760532794647, "wind_speed_ms": 6.3626978920171151, "forecast_datetime": "2026-10-04T04:00:00", "source": "BMKG ADM4 forecast points + IDW", "boundary": "SERPRO Carbon Project Zone", "interpretation": "Forecast surface clipped to project boundary; not direct station observation" }, "geometry": { "type": "Point", "coordinates": [ 112.59906824146843, -2.968131170383792 ] } },
{ "type": "Feature", "properties": { "precipitation_mm": 0.0, "temperature_c": 24.088314374622879, "humidity_pct": 93.324378111906384, "cloud_cover_pct": 67.537461241039807, "wind_speed_ms": 6.3748180711444604, "forecast_datetime": "2026-10-04T04:00:00", "source": "BMKG ADM4 forecast points + IDW", "boundary": "SERPRO Carbon Project Zone", "interpretation": "Forecast surface clipped to project boundary; not direct station observation" }, "geometry": { "type": "Point", "coordinates": [ 112.599055258562558, -2.959087646336466 ] } },
{ "type": "Feature", "properties": { "precipitation_mm": 0.0, "temperature_c": 24.090936818223469, "humidity_pct": 93.282049314975524, "cloud_cover_pct": 67.481705099513377, "wind_speed_ms": 6.3867617330229534, "forecast_datetime": "2026-10-04T04:00:00", "source": "BMKG ADM4 forecast points + IDW", "boundary": "SERPRO Carbon Project Zone", "interpretation": "Forecast surface clipped to project boundary; not direct station observation" }, "geometry": { "type": "Point", "coordinates": [ 112.599042315448955, -2.950044120754477 ] } },
{ "type": "Feature", "properties": { "precipitation_mm": 0.0, "temperature_c": 24.056149394894092, "humidity_pct": 90.955406312402019, "cloud_cover_pct": 61.813328008148844, "wind_speed_ms": 5.65494360949205, "forecast_datetime": "2026-10-04T04:00:00", "source": "BMKG ADM4 forecast points + IDW", "boundary": "SERPRO Carbon Project Zone", "interpretation": "Forecast surface clipped to project boundary; not direct station observation" }, "geometry": { "type": "Point", "coordinates": [ 112.608473723838557, -3.239421845005655 ] } },
{ "type": "Feature", "properties": { "precipitation_mm": 0.0, "temperature_c": 24.043810583697507, "humidity_pct": 90.979874475642433, "cloud_cover_pct": 61.661062182410681, "wind_speed_ms": 5.5766942882680643, "forecast_datetime": "2026-10-04T04:00:00", "source": "BMKG ADM4 forecast points + IDW", "boundary": "SERPRO Carbon Project Zone", "interpretation": "Forecast surface clipped to project boundary; not direct station observation" }, "geometry": { "type": "Point", "coordinates": [ 112.608459466728831, -3.230378409201915 ] } },
{ "type": "Feature", "properties": { "precipitation_mm": 0.0, "temperature_c": 24.040703340098318, "humidity_pct": 90.997089190445593, "cloud_cover_pct": 61.643197242989466, "wind_speed_ms": 5.5571302874160473, "forecast_datetime": "2026-10-04T04:00:00", "source": "BMKG ADM4 forecast points + IDW", "boundary": "SERPRO Carbon Project Zone", "interpretation": "Forecast surface clipped to project boundary; not direct station observation" }, "geometry": { "type": "Point", "coordinates": [ 112.608445249685502, -3.221334971722649 ] } },
{ "type": "Feature", "properties": { "precipitation_mm": 0.0, "temperature_c": 24.046470998000085, "humidity_pct": 91.017101837750971, "cloud_cover_pct": 61.772711413735315, "wind_speed_ms": 5.5941373381119162, "forecast_datetime": "2026-10-04T04:00:00", "source": "BMKG ADM4 forecast points + IDW", "boundary": "SERPRO Carbon Project Zone", "interpretation": "Forecast surface clipped to project boundary; not direct station observation" }, "geometry": { "type": "Point", "coordinates": [ 112.608431072706807, -3.212291532572528 ] } },
{ "type": "Feature", "properties": { "precipitation_mm": 0.0, "temperature_c": 24.058680283684431, "humidity_pct": 91.050319206880346, "cloud_cover_pct": 62.031065114416798, "wind_speed_ms": 5.6730254573393264, "forecast_datetime": "2026-10-04T04:00:00", "source": "BMKG ADM4 forecast points + IDW", "boundary": "SERPRO Carbon Project Zone", "interpretation": "Forecast surface clipped to project boundary; not direct station observation" }, "geometry": { "type": "Point", "coordinates": [ 112.608416935790984, -3.203248091756226 ] } },
{ "type": "Feature", "properties": { "precipitation_mm": 0.0, "temperature_c": 24.073925587000392, "humidity_pct": 91.103283346254116, "cloud_cover_pct": 62.377972382663948, "wind_speed_ms": 5.7734319336096194, "forecast_datetime": "2026-10-04T04:00:00", "source": "BMKG ADM4 forecast points + IDW", "boundary": "SERPRO Carbon Project Zone", "interpretation": "Forecast surface clipped to project boundary; not direct station observation" }, "geometry": { "type": "Point", "coordinates": [ 112.608402838936286, -3.194204649278416 ] } },
{ "type": "Feature", "properties": { "precipitation_mm": 0.0, "temperature_c": 24.089174082034074, "humidity_pct": 91.177563552596013, "cloud_cover_pct": 62.770266873579082, "wind_speed_ms": 5.8774885920205424, "forecast_datetime": "2026-10-04T04:00:00", "source": "BMKG ADM4 forecast points + IDW", "boundary": "SERPRO Carbon Project Zone", "interpretation": "Forecast surface clipped to project boundary; not direct station observation" }, "geometry": { "type": "Point", "coordinates": [ 112.608388782140992, -3.185161205143769 ] } },
{ "type": "Feature", "properties": { "precipitation_mm": 0.0, "temperature_c": 24.102475080846649, "humidity_pct": 91.271587058835479, "cloud_cover_pct": 63.17597607910831, "wind_speed_ms": 5.9739564158293428, "forecast_datetime": "2026-10-04T04:00:00", "source": "BMKG ADM4 forecast points + IDW", "boundary": "SERPRO Carbon Project Zone", "interpretation": "Forecast surface clipped to project boundary; not direct station observation" }, "geometry": { "type": "Point", "coordinates": [ 112.608374765403354, -3.176117759356961 ] } },
{ "type": "Feature", "properties": { "precipitation_mm": 0.0, "temperature_c": 24.112930243622881, "humidity_pct": 91.383046267635791, "cloud_cover_pct": 63.577924387025938, "wind_speed_ms": 6.0578465338276253, "forecast_datetime": "2026-10-04T04:00:00", "source": "BMKG ADM4 forecast points + IDW", "boundary": "SERPRO Carbon Project Zone", "interpretation": "Forecast surface clipped to project boundary; not direct station observation" }, "geometry": { "type": "Point", "coordinates": [ 112.608360788721654, -3.167074311922662 ] } },
{ "type": "Feature", "properties": { "precipitation_mm": 0.0, "temperature_c": 24.120330205681608, "humidity_pct": 91.510212624350331, "cloud_cover_pct": 63.970264873733981, "wind_speed_ms": 6.1280849034631091, "forecast_datetime": "2026-10-04T04:00:00", "source": "BMKG ADM4 forecast points + IDW", "boundary": "SERPRO Carbon Project Zone", "interpretation": "Forecast surface clipped to project boundary; not direct station observation" }, "geometry": { "type": "Point", "coordinates": [ 112.608346852094158, -3.158030862845549 ] } },
{ "type": "Feature", "properties": { "precipitation_mm": 0.0, "temperature_c": 24.124811161907932, "humidity_pct": 91.652009440551637, "cloud_cover_pct": 64.353162495124636, "wind_speed_ms": 6.1853712593403296, "forecast_datetime": "2026-10-04T04:00:00", "source": "BMKG ADM4 forecast points + IDW", "boundary": "SERPRO Carbon Project Zone", "interpretation": "Forecast surface clipped to project boundary; not direct station observation" }, "geometry": { "type": "Point", "coordinates": [ 112.608332955519117, -3.148987412130295 ] } },
{ "type": "Feature", "properties": { "precipitation_mm": 0.0, "temperature_c": 24.126652254682504, "humidity_pct": 91.807411923837122, "cloud_cover_pct": 64.728491599776703, "wind_speed_ms": 6.2309354899980995, "forecast_datetime": "2026-10-04T04:00:00", "source": "BMKG ADM4 forecast points + IDW", "boundary": "SERPRO Carbon Project Zone", "interpretation": "Forecast surface clipped to project boundary; not direct station observation" }, "geometry": { "type": "Point", "coordinates": [ 112.608319098994855, -3.139943959781572 ] } },
{ "type": "Feature", "properties": { "precipitation_mm": 0.0, "temperature_c": 24.126192907213724, "humidity_pct": 91.974722976998294, "cloud_cover_pct": 65.097196665952652, "wind_speed_ms": 6.2660450443169031, "forecast_datetime": "2026-10-04T04:00:00", "source": "BMKG ADM4 forecast points + IDW", "boundary": "SERPRO Carbon Project Zone", "interpretation": "Forecast surface clipped to project boundary; not direct station observation" }, "geometry": { "type": "Point", "coordinates": [ 112.608305282519638, -3.130900505804056 ] } },
{ "type": "Feature", "properties": { "precipitation_mm": 0.0, "temperature_c": 24.123814218890395, "humidity_pct": 92.151047556061982, "cloud_cover_pct": 65.458046424087513, "wind_speed_ms": 6.291923927123138, "forecast_datetime": "2026-10-04T04:00:00", "source": "BMKG ADM4 forecast points + IDW", "boundary": "SERPRO Carbon Project Zone", "interpretation": "Forecast surface clipped to project boundary; not direct station observation" }, "geometry": { "type": "Point", "coordinates": [ 112.608291506091774, -3.121857050202419 ] } },
{ "type": "Feature", "properties": { "precipitation_mm": 0.0, "temperature_c": 24.119939852857062, "humidity_pct": 92.332111389817399, "cloud_cover_pct": 65.807384698668187, "wind_speed_ms": 6.3098224231780469, "forecast_datetime": "2026-10-04T04:00:00", "source": "BMKG ADM4 forecast points + IDW", "boundary": "SERPRO Carbon Project Zone", "interpretation": "Forecast surface clipped to project boundary; not direct station observation" }, "geometry": { "type": "Point", "coordinates": [ 112.608277769709545, -3.112813592981338 ] } },
{ "type": "Feature", "properties": { "precipitation_mm": 0.0, "temperature_c": 24.11503120469369, "humidity_pct": 92.512460402599288, "cloud_cover_pct": 66.139578582436471, "wind_speed_ms": 6.3210912475808421, "forecast_datetime": "2026-10-04T04:00:00", "source": "BMKG ADM4 forecast points + IDW", "boundary": "SERPRO Carbon Project Zone", "interpretation": "Forecast surface clipped to project boundary; not direct station observation" }, "geometry": { "type": "Point", "coordinates": [ 112.608264073371274, -3.103770134145485 ] } },
{ "type": "Feature", "properties": { "precipitation_mm": 0.0, "temperature_c": 24.109567366236739, "humidity_pct": 92.685992919973074, "cloud_cover_pct": 66.447930635326259, "wind_speed_ms": 6.3271968741760789, "forecast_datetime": "2026-10-04T04:00:00", "source": "BMKG ADM4 forecast points + IDW", "boundary": "SERPRO Carbon Project Zone", "interpretation": "Forecast surface clipped to project boundary; not direct station observation" }, "geometry": { "type": "Point", "coordinates": [ 112.608250417075269, -3.094726673699536 ] } },
{ "type": "Feature", "properties": { "precipitation_mm": 0.0, "temperature_c": 24.104011484348355, "humidity_pct": 92.846698756173893, "cloud_cover_pct": 66.725816934361788, "wind_speed_ms": 6.3296668667601041, "forecast_datetime": "2026-10-04T04:00:00", "source": "BMKG ADM4 forecast points + IDW", "boundary": "SERPRO Carbon Project Zone", "interpretation": "Forecast surface clipped to project boundary; not direct station observation" }, "geometry": { "type": "Point", "coordinates": [ 112.608236800819824, -3.085683211648166 ] } },
{ "type": "Feature", "properties": { "precipitation_mm": 0.0, "temperature_c": 24.098771950692505, "humidity_pct": 92.989423563195501, "cloud_cover_pct": 66.967788342480205, "wind_speed_ms": 6.3299855907683558, "forecast_datetime": "2026-10-04T04:00:00", "source": "BMKG ADM4 forecast points + IDW", "boundary": "SERPRO Carbon Project Zone", "interpretation": "Forecast surface clipped to project boundary; not direct station observation" }, "geometry": { "type": "Point", "coordinates": [ 112.60822322460325, -3.076639747996048 ] } },
{ "type": "Feature", "properties": { "precipitation_mm": 0.0, "temperature_c": 24.094169152391981, "humidity_pct": 93.110471794915696, "cloud_cover_pct": 67.170391251114864, "wind_speed_ms": 6.3294760710972415, "forecast_datetime": "2026-10-04T04:00:00", "source": "BMKG ADM4 forecast points + IDW", "boundary": "SERPRO Carbon Project Zone", "interpretation": "Forecast surface clipped to project boundary; not direct station observation" }, "geometry": { "type": "Point", "coordinates": [ 112.608209688423926, -3.067596282747859 ] } },
{ "type": "Feature", "properties": { "precipitation_mm": 0.0, "temperature_c": 24.090416331654396, "humidity_pct": 93.207918099139093, "cloud_cover_pct": 67.332552687874553, "wind_speed_ms": 6.3292037471358009, "forecast_datetime": "2026-10-04T04:00:00", "source": "BMKG ADM4 forecast points + IDW", "boundary": "SERPRO Carbon Project Zone", "interpretation": "Forecast surface clipped to project boundary; not direct station observation" }, "geometry": { "type": "Point", "coordinates": [ 112.608196192280118, -3.058552815908272 ] } },
{ "type": "Feature", "properties": { "precipitation_mm": 0.0, "temperature_c": 24.087617939762868, "humidity_pct": 93.281593260893089, "cloud_cover_pct": 67.455507954680385, "wind_speed_ms": 6.3299254344315097, "forecast_datetime": "2026-10-04T04:00:00", "source": "BMKG ADM4 forecast points + IDW", "boundary": "SERPRO Carbon Project Zone", "interpretation": "Forecast surface clipped to project boundary; not direct station observation" }, "geometry": { "type": "Point", "coordinates": [ 112.608182736170193, -3.049509347481965 ] } },
{ "type": "Feature", "properties": { "precipitation_mm": 0.0, "temperature_c": 24.085783318985069, "humidity_pct": 93.332804568545129, "cloud_cover_pct": 67.54237178574067, "wind_speed_ms": 6.3320889197486787, "forecast_datetime": "2026-10-04T04:00:00", "source": "BMKG ADM4 forecast points + IDW", "boundary": "SERPRO Carbon Project Zone", "interpretation": "Forecast surface clipped to project boundary; not direct station observation" }, "geometry": { "type": "Point", "coordinates": [ 112.608169320092472, -3.040465877473611 ] } },
{ "type": "Feature", "properties": { "precipitation_mm": 0.0, "temperature_c": 24.084849910583483, "humidity_pct": 93.363905410389819, "cloud_cover_pct": 67.59752045539301, "wind_speed_ms": 6.3358733141209855, "forecast_datetime": "2026-10-04T04:00:00", "source": "BMKG ADM4 forecast points + IDW", "boundary": "SERPRO Carbon Project Zone", "interpretation": "Forecast surface clipped to project boundary; not direct station observation" }, "geometry": { "type": "Point", "coordinates": [ 112.608155944045322, -3.031422405887888 ] } },
{ "type": "Feature", "properties": { "precipitation_mm": 0.0, "temperature_c": 24.084709351534727, "humidity_pct": 93.377834170829246, "cloud_cover_pct": 67.625951187244738, "wind_speed_ms": 6.3412525103463269, "forecast_datetime": "2026-10-04T04:00:00", "source": "BMKG ADM4 forecast points + IDW", "boundary": "SERPRO Carbon Project Zone", "interpretation": "Forecast surface clipped to project boundary; not direct station observation" }, "geometry": { "type": "Point", "coordinates": [ 112.608142608027066, -3.022378932729471 ] } },
{ "type": "Feature", "properties": { "precipitation_mm": 0.0, "temperature_c": 24.085231199211528, "humidity_pct": 93.377711636809693, "cloud_cover_pct": 67.632737521864669, "wind_speed_ms": 6.3480641120887, "forecast_datetime": "2026-10-04T04:00:00", "source": "BMKG ADM4 forecast points + IDW", "boundary": "SERPRO Carbon Project Zone", "interpretation": "Forecast surface clipped to project boundary; not direct station observation" }, "geometry": { "type": "Point", "coordinates": [ 112.608129312036084, -3.013335458003033 ] } },
{ "type": "Feature", "properties": { "precipitation_mm": 0.0, "temperature_c": 24.086281342545885, "humidity_pct": 93.366542418037824, "cloud_cover_pct": 67.622637296395808, "wind_speed_ms": 6.3560710981272717, "forecast_datetime": "2026-10-04T04:00:00", "source": "BMKG ADM4 forecast points + IDW", "boundary": "SERPRO Carbon Project Zone", "interpretation": "Forecast surface clipped to project boundary; not direct station observation" }, "geometry": { "type": "Point", "coordinates": [ 112.608116056070727, -3.004291981713254 ] } },
{ "type": "Feature", "properties": { "precipitation_mm": 0.0, "temperature_c": 24.087734311518957, "humidity_pct": 93.347028038026394, "cloud_cover_pct": 67.599858319251283, "wind_speed_ms": 6.3650097135245334, "forecast_datetime": "2026-10-04T04:00:00", "source": "BMKG ADM4 forecast points + IDW", "boundary": "SERPRO Carbon Project Zone", "interpretation": "Forecast surface clipped to project boundary; not direct station observation" }, "geometry": { "type": "Point", "coordinates": [ 112.608102840129334, -2.995248503864807 ] } },
{ "type": "Feature", "properties": { "precipitation_mm": 0.0, "temperature_c": 24.089480128813062, "humidity_pct": 93.321475726519751, "cloud_cover_pct": 67.567955885217259, "wind_speed_ms": 6.3746222244084025, "forecast_datetime": "2026-10-04T04:00:00", "source": "BMKG ADM4 forecast points + IDW", "boundary": "SERPRO Carbon Project Zone", "interpretation": "Forecast surface clipped to project boundary; not direct station observation" }, "geometry": { "type": "Point", "coordinates": [ 112.608089664210297, -2.986205024462371 ] } },
{ "type": "Feature", "properties": { "precipitation_mm": 0.0, "temperature_c": 24.091427004364409, "humidity_pct": 93.291777291838898, "cloud_cover_pct": 67.52982466204729, "wind_speed_ms": 6.3846763358076517, "forecast_datetime": "2026-10-04T04:00:00", "source": "BMKG ADM4 forecast points + IDW", "boundary": "SERPRO Carbon Project Zone", "interpretation": "Forecast surface clipped to project boundary; not direct station observation" }, "geometry": { "type": "Point", "coordinates": [ 112.608076528311983, -2.977161543510621 ] } },
{ "type": "Feature", "properties": { "precipitation_mm": 0.0, "temperature_c": 24.093501264843564, "humidity_pct": 93.259432423410075, "cloud_cover_pct": 67.487748726417763, "wind_speed_ms": 6.3949744126674259, "forecast_datetime": "2026-10-04T04:00:00", "source": "BMKG ADM4 forecast points + IDW", "boundary": "SERPRO Carbon Project Zone", "interpretation": "Forecast surface clipped to project boundary; not direct station observation" }, "geometry": { "type": "Point", "coordinates": [ 112.608063432432772, -2.968118061014233 ] } },
{ "type": "Feature", "properties": { "precipitation_mm": 0.0, "temperature_c": 24.095645696451857, "humidity_pct": 93.225595574505618, "cloud_cover_pct": 67.443480934737906, "wind_speed_ms": 6.405355757403437, "forecast_datetime": "2026-10-04T04:00:00", "source": "BMKG ADM4 forecast points + IDW", "boundary": "SERPRO Carbon Project Zone", "interpretation": "Forecast surface clipped to project boundary; not direct station observation" }, "geometry": { "type": "Point", "coordinates": [ 112.608050376571043, -2.959074576977886 ] } },
{ "type": "Feature", "properties": { "precipitation_mm": 0.0, "temperature_c": 24.097817162611225, "humidity_pct": 93.191131704900627, "cloud_cover_pct": 67.398331656365357, "wind_speed_ms": 6.4156946840854072, "forecast_datetime": "2026-10-04T04:00:00", "source": "BMKG ADM4 forecast points + IDW", "boundary": "SERPRO Carbon Project Zone", "interpretation": "Forecast surface clipped to project boundary; not direct station observation" }, "geometry": { "type": "Point", "coordinates": [ 112.608037360725177, -2.950031091406254 ] } },
{ "type": "Feature", "properties": { "precipitation_mm": 0.0, "temperature_c": 24.085856178428582, "humidity_pct": 90.864447822201171, "cloud_cover_pct": 62.130314776433842, "wind_speed_ms": 5.8478406696027943, "forecast_datetime": "2026-10-04T04:00:00", "source": "BMKG ADM4 forecast points + IDW", "boundary": "SERPRO Carbon Project Zone", "interpretation": "Forecast surface clipped to project boundary; not direct station observation" }, "geometry": { "type": "Point", "coordinates": [ 112.617456830656408, -3.230364059272777 ] } },
{ "type": "Feature", "properties": { "precipitation_mm": 0.0, "temperature_c": 24.081358587326761, "humidity_pct": 90.894984331516383, "cloud_cover_pct": 62.114952244314594, "wind_speed_ms": 5.8197051321222144, "forecast_datetime": "2026-10-04T04:00:00", "source": "BMKG ADM4 forecast points + IDW", "boundary": "SERPRO Carbon Project Zone", "interpretation": "Forecast surface clipped to project boundary; not direct station observation" }, "geometry": { "type": "Point", "coordinates": [ 112.617442534170365, -3.221320662047609 ] } },
{ "type": "Feature", "properties": { "precipitation_mm": 0.0, "temperature_c": 24.08502532340821, "humidity_pct": 90.91924472636174, "cloud_cover_pct": 62.220384462508257, "wind_speed_ms": 5.8443883157131369, "forecast_datetime": "2026-10-04T04:00:00", "source": "BMKG ADM4 forecast points + IDW", "boundary": "SERPRO Carbon Project Zone", "interpretation": "Forecast surface clipped to project boundary; not direct station observation" }, "geometry": { "type": "Point", "coordinates": [ 112.617428277972849, -3.212277263150908 ] } },
{ "type": "Feature", "properties": { "precipitation_mm": 0.0, "temperature_c": 24.094662056384152, "humidity_pct": 90.947574203645516, "cloud_cover_pct": 62.431400325885754, "wind_speed_ms": 5.9085162291365698, "forecast_datetime": "2026-10-04T04:00:00", "source": "BMKG ADM4 forecast points + IDW", "boundary": "SERPRO Carbon Project Zone", "interpretation": "Forecast surface clipped to project boundary; not direct station observation" }, "geometry": { "type": "Point", "coordinates": [ 112.617414062062068, -3.203233862587349 ] } },
{ "type": "Feature", "properties": { "precipitation_mm": 0.0, "temperature_c": 24.107236117351096, "humidity_pct": 90.989243496189829, "cloud_cover_pct": 62.717807858132083, "wind_speed_ms": 5.9936147496662047, "forecast_datetime": "2026-10-04T04:00:00", "source": "BMKG ADM4 forecast points + IDW", "boundary": "SERPRO Carbon Project Zone", "interpretation": "Forecast surface clipped to project boundary; not direct station observation" }, "geometry": { "type": "Point", "coordinates": [ 112.617399886436289, -3.194190460361605 ] } },
{ "type": "Feature", "properties": { "precipitation_mm": 0.0, "temperature_c": 24.119992810521612, "humidity_pct": 91.049809859489443, "cloud_cover_pct": 63.047215141611083, "wind_speed_ms": 6.0830378657108337, "forecast_datetime": "2026-10-04T04:00:00", "source": "BMKG ADM4 forecast points + IDW", "boundary": "SERPRO Carbon Project Zone", "interpretation": "Forecast surface clipped to project boundary; not direct station observation" }, "geometry": { "type": "Point", "coordinates": [ 112.617385751093735, -3.185147056478352 ] } },
{ "type": "Feature", "properties": { "precipitation_mm": 0.0, "temperature_c": 24.131071327206659, "humidity_pct": 91.131024657641532, "cloud_cover_pct": 63.394423210935145, "wind_speed_ms": 6.1657027912501992, "forecast_datetime": "2026-10-04T04:00:00", "source": "BMKG ADM4 forecast points + IDW", "boundary": "SERPRO Carbon Project Zone", "interpretation": "Forecast surface clipped to project boundary; not direct station observation" }, "geometry": { "type": "Point", "coordinates": [ 112.617371656032674, -3.176103650942265 ] } },
{ "type": "Feature", "properties": { "precipitation_mm": 0.0, "temperature_c": 24.139540420606203, "humidity_pct": 91.232213172618685, "cloud_cover_pct": 63.744309400991547, "wind_speed_ms": 6.2361960449566336, "forecast_datetime": "2026-10-04T04:00:00", "source": "BMKG ADM4 forecast points + IDW", "boundary": "SERPRO Carbon Project Zone", "interpretation": "Forecast surface clipped to project boundary; not direct station observation" }, "geometry": { "type": "Point", "coordinates": [ 112.617357601251356, -3.167060243758021 ] } },
{ "type": "Feature", "properties": { "precipitation_mm": 0.0, "temperature_c": 24.145135486813295, "humidity_pct": 91.351670240977526, "cloud_cover_pct": 64.090064285685884, "wind_speed_ms": 6.2930489741859708, "forecast_datetime": "2026-10-04T04:00:00", "source": "BMKG ADM4 forecast points + IDW", "boundary": "SERPRO Carbon Project Zone", "interpretation": "Forecast surface clipped to project boundary; not direct station observation" }, "geometry": { "type": "Point", "coordinates": [ 112.617343586748063, -3.158016834930292 ] } },
{ "type": "Feature", "properties": { "precipitation_mm": 0.0, "temperature_c": 24.147968532617508, "humidity_pct": 91.487385581776195, "cloud_cover_pct": 64.4298312032128, "wind_speed_ms": 6.3368820771406567, "forecast_datetime": "2026-10-04T04:00:00", "source": "BMKG ADM4 forecast points + IDW", "boundary": "SERPRO Carbon Project Zone", "interpretation": "Forecast surface clipped to project boundary; not direct station observation" }, "geometry": { "type": "Point", "coordinates": [ 112.617329612521061, -3.148973424463758 ] } },
{ "type": "Feature", "properties": { "precipitation_mm": 0.0, "temperature_c": 24.148329216420951, "humidity_pct": 91.637136385978238, "cloud_cover_pct": 64.763669331299013, "wind_speed_ms": 6.3691454056521026, "forecast_datetime": "2026-10-04T04:00:00", "source": "BMKG ADM4 forecast points + IDW", "boundary": "SERPRO Carbon Project Zone", "interpretation": "Forecast surface clipped to project boundary; not direct station observation" }, "geometry": { "type": "Point", "coordinates": [ 112.617315678568602, -3.13993001236309 ] } },
{ "type": "Feature", "properties": { "precipitation_mm": 0.0, "temperature_c": 24.146582659418371, "humidity_pct": 91.798258380871374, "cloud_cover_pct": 65.091489582514797, "wind_speed_ms": 6.3914836004004432, "forecast_datetime": "2026-10-04T04:00:00", "source": "BMKG ADM4 forecast points + IDW", "boundary": "SERPRO Carbon Project Zone", "interpretation": "Forecast surface clipped to project boundary; not direct station observation" }, "geometry": { "type": "Point", "coordinates": [ 112.617301784888994, -3.130886598632967 ] } },
{ "type": "Feature", "properties": { "precipitation_mm": 0.0, "temperature_c": 24.143129107006398, "humidity_pct": 91.967387516148321, "cloud_cover_pct": 65.411952345198841, "wind_speed_ms": 6.4055089135895642, "forecast_datetime": "2026-10-04T04:00:00", "source": "BMKG ADM4 forecast points + IDW", "boundary": "SERPRO Carbon Project Zone", "interpretation": "Forecast surface clipped to project boundary; not direct station observation" }, "geometry": { "type": "Point", "coordinates": [ 112.617287931480504, -3.121843183278064 ] } },
{ "type": "Feature", "properties": { "precipitation_mm": 0.0, "temperature_c": 24.138390348196278, "humidity_pct": 92.14035682549293, "cloud_cover_pct": 65.722126507389262, "wind_speed_ms": 6.4127686424501986, "forecast_datetime": "2026-10-04T04:00:00", "source": "BMKG ADM4 forecast points + IDW", "boundary": "SERPRO Carbon Project Zone", "interpretation": "Forecast surface clipped to project boundary; not direct station observation" }, "geometry": { "type": "Point", "coordinates": [ 112.617274118341427, -3.112799766303058 ] } },
{ "type": "Feature", "properties": { "precipitation_mm": 0.0, "temperature_c": 24.13280008854986, "humidity_pct": 92.312326999365936, "cloud_cover_pct": 66.017706055806741, "wind_speed_ms": 6.4147673433090278, "forecast_datetime": "2026-10-04T04:00:00", "source": "BMKG ADM4 forecast points + IDW", "boundary": "SERPRO Carbon Project Zone", "interpretation": "Forecast surface clipped to project boundary; not direct station observation" }, "geometry": { "type": "Point", "coordinates": [ 112.617260345470058, -3.103756347712625 ] } },
{ "type": "Feature", "properties": { "precipitation_mm": 0.0, "temperature_c": 24.12678793350829, "humidity_pct": 92.478141251523127, "cloud_cover_pct": 66.293600747316773, "wind_speed_ms": 6.4129737554633301, "forecast_datetime": "2026-10-04T04:00:00", "source": "BMKG ADM4 forecast points + IDW", "boundary": "SERPRO Carbon Project Zone", "interpretation": "Forecast surface clipped to project boundary; not direct station observation" }, "geometry": { "type": "Point", "coordinates": [ 112.61724661286469, -3.09471292751144 ] } },
{ "type": "Feature", "properties": { "precipitation_mm": 0.0, "temperature_c": 24.120755973195944, "humidity_pct": 92.632825737311052, "cloud_cover_pct": 66.544716273955245, "wind_speed_ms": 6.4087908898703487, "forecast_datetime": "2026-10-04T04:00:00", "source": "BMKG ADM4 forecast points + IDW", "boundary": "SERPRO Carbon Project Zone", "interpretation": "Forecast surface clipped to project boundary; not direct station observation" }, "geometry": { "type": "Point", "coordinates": [ 112.617232920523634, -3.085669505704182 ] } },
{ "type": "Feature", "properties": { "precipitation_mm": 0.0, "temperature_c": 24.115052659413308, "humidity_pct": 92.772114103936502, "cloud_cover_pct": 66.766733623045269, "wind_speed_ms": 6.4034970332434087, "forecast_datetime": "2026-10-04T04:00:00", "source": "BMKG ADM4 forecast points + IDW", "boundary": "SERPRO Carbon Project Zone", "interpretation": "Forecast surface clipped to project boundary; not direct station observation" }, "geometry": { "type": "Point", "coordinates": [ 112.617219268445183, -3.076626082295527 ] } },
{ "type": "Feature", "properties": { "precipitation_mm": 0.0, "temperature_c": 24.109950717077044, "humidity_pct": 92.892870309486455, "cloud_cover_pct": 66.956717153677445, "wind_speed_ms": 6.3981791081724362, "forecast_datetime": "2026-10-04T04:00:00", "source": "BMKG ADM4 forecast points + IDW", "boundary": "SERPRO Carbon Project Zone", "interpretation": "Forecast surface clipped to project boundary; not direct station observation" }, "geometry": { "type": "Point", "coordinates": [ 112.617205656627689, -3.067582657290151 ] } },
{ "type": "Feature", "properties": { "precipitation_mm": 0.0, "temperature_c": 24.105634662187118, "humidity_pct": 92.993319519217621, "cloud_cover_pct": 67.113439671232044, "wind_speed_ms": 6.3936808477446547, "forecast_datetime": "2026-10-04T04:00:00", "source": "BMKG ADM4 forecast points + IDW", "boundary": "SERPRO Carbon Project Zone", "interpretation": "Forecast surface clipped to project boundary; not direct station observation" }, "geometry": { "type": "Point", "coordinates": [ 112.617192085069433, -3.058539230692733 ] } },
{ "type": "Feature", "properties": { "precipitation_mm": 0.0, "temperature_c": 24.102200287287456, "humidity_pct": 93.07305788976025, "cloud_cover_pct": 67.237397090366258, "wind_speed_ms": 6.3905804507781738, "forecast_datetime": "2026-10-04T04:00:00", "source": "BMKG ADM4 forecast points + IDW", "boundary": "SERPRO Carbon Project Zone", "interpretation": "Forecast surface clipped to project boundary; not direct station observation" }, "geometry": { "type": "Point", "coordinates": [ 112.617178553768753, -3.049495802507948 ] } },
{ "type": "Feature", "properties": { "precipitation_mm": 0.0, "temperature_c": 24.099664905178983, "humidity_pct": 93.132873058285753, "cloud_cover_pct": 67.33056509706222, "wind_speed_ms": 6.3892010566656348, "forecast_datetime": "2026-10-04T04:00:00", "source": "BMKG ADM4 forecast points + IDW", "boundary": "SERPRO Carbon Project Zone", "interpretation": "Forecast surface clipped to project boundary; not direct station observation" }, "geometry": { "type": "Point", "coordinates": [ 112.617165062723984, -3.040452372740474 ] } },
{ "type": "Feature", "properties": { "precipitation_mm": 0.0, "temperature_c": 24.097984662783826, "humidity_pct": 93.174446198613197, "cloud_cover_pct": 67.395998834654065, "wind_speed_ms": 6.389647648890211, "forecast_datetime": "2026-10-04T04:00:00", "source": "BMKG ADM4 forecast points + IDW", "boundary": "SERPRO Carbon Project Zone", "interpretation": "Forecast surface clipped to project boundary; not direct station observation" }, "geometry": { "type": "Point", "coordinates": [ 112.617151611933451, -3.03140894139499 ] } },
{ "type": "Feature", "properties": { "precipitation_mm": 0.0, "temperature_c": 24.097074469770337, "humidity_pct": 93.200015422085215, "cloud_cover_pct": 67.437384981502348, "wind_speed_ms": 6.3918588879635445, "forecast_datetime": "2026-10-04T04:00:00", "source": "BMKG ADM4 forecast points + IDW", "boundary": "SERPRO Carbon Project Zone", "interpretation": "Forecast surface clipped to project boundary; not direct station observation" }, "geometry": { "type": "Point", "coordinates": [ 112.617138201395505, -3.022365508476171 ] } },
{ "type": "Feature", "properties": { "precipitation_mm": 0.0, "temperature_c": 24.09682677551438, "humidity_pct": 93.212065115974156, "cloud_cover_pct": 67.458632730466562, "wind_speed_ms": 6.3956621352011718, "forecast_datetime": "2026-10-04T04:00:00", "source": "BMKG ADM4 forecast points + IDW", "boundary": "SERPRO Carbon Project Zone", "interpretation": "Forecast surface clipped to project boundary; not direct station observation" }, "geometry": { "type": "Point", "coordinates": [ 112.617124831108484, -3.013322073988698 ] } },
{ "type": "Feature", "properties": { "precipitation_mm": 0.0, "temperature_c": 24.097126852937642, "humidity_pct": 93.213079515855455, "cloud_cover_pct": 67.463553719645546, "wind_speed_ms": 6.4008228904543962, "forecast_datetime": "2026-10-04T04:00:00", "source": "BMKG ADM4 forecast points + IDW", "boundary": "SERPRO Carbon Project Zone", "interpretation": "Forecast surface clipped to project boundary; not direct station observation" }, "geometry": { "type": "Point", "coordinates": [ 112.617111501070738, -3.004278637937246 ] } },
{ "type": "Feature", "properties": { "precipitation_mm": 0.0, "temperature_c": 24.097863706136803, "humidity_pct": 93.205373296848123, "cloud_cover_pct": 67.455646533964355, "wind_speed_ms": 6.4070838899872005, "forecast_datetime": "2026-10-04T04:00:00", "source": "BMKG ADM4 forecast points + IDW", "boundary": "SERPRO Carbon Project Zone", "interpretation": "Forecast surface clipped to project boundary; not direct station observation" }, "geometry": { "type": "Point", "coordinates": [ 112.61709821128062, -2.995235200326496 ] } },
{ "type": "Feature", "properties": { "precipitation_mm": 0.0, "temperature_c": 24.098936795154675, "humidity_pct": 93.190993850534213, "cloud_cover_pct": 67.437977400609569, "wind_speed_ms": 6.4141926250660219, "forecast_datetime": "2026-10-04T04:00:00", "source": "BMKG ADM4 forecast points + IDW", "boundary": "SERPRO Carbon Project Zone", "interpretation": "Forecast surface clipped to project boundary; not direct station observation" }, "geometry": { "type": "Point", "coordinates": [ 112.617084961736467, -2.986191761161124 ] } },
{ "type": "Feature", "properties": { "precipitation_mm": 0.0, "temperature_c": 24.100259357751643, "humidity_pct": 93.171680527795843, "cloud_cover_pct": 67.4131365631942, "wind_speed_ms": 6.4219183576265078, "forecast_datetime": "2026-10-04T04:00:00", "source": "BMKG ADM4 forecast points + IDW", "boundary": "SERPRO Carbon Project Zone", "interpretation": "Forecast surface clipped to project boundary; not direct station observation" }, "geometry": { "type": "Point", "coordinates": [ 112.617071752436686, -2.977148320445807 ] } },
{ "type": "Feature", "properties": { "precipitation_mm": 0.0, "temperature_c": 24.101759290005315, "humidity_pct": 93.148863667078032, "cloud_cover_pct": 67.383246912996213, "wind_speed_ms": 6.4300608184141215, "forecast_datetime": "2026-10-04T04:00:00", "source": "BMKG ADM4 forecast points + IDW", "boundary": "SERPRO Carbon Project Zone", "interpretation": "Forecast surface clipped to project boundary; not direct station observation" }, "geometry": { "type": "Point", "coordinates": [ 112.617058583379631, -2.968104878185228 ] } },
{ "type": "Feature", "properties": { "precipitation_mm": 0.0, "temperature_c": 24.103378476921272, "humidity_pct": 93.123687933467082, "cloud_cover_pct": 67.350004011051624, "wind_speed_ms": 6.4384529990018091, "forecast_datetime": "2026-10-04T04:00:00", "source": "BMKG ADM4 forecast points + IDW", "boundary": "SERPRO Carbon Project Zone", "interpretation": "Forecast surface clipped to project boundary; not direct station observation" }, "geometry": { "type": "Point", "coordinates": [ 112.617045454563652, -2.959061434384062 ] } },
{ "type": "Feature", "properties": { "precipitation_mm": 0.0, "temperature_c": 24.105071278591904, "humidity_pct": 93.097047981018591, "cloud_cover_pct": 67.314731460766936, "wind_speed_ms": 6.4469601733595905, "forecast_datetime": "2026-10-04T04:00:00", "source": "BMKG ADM4 forecast points + IDW", "boundary": "SERPRO Carbon Project Zone", "interpretation": "Forecast surface clipped to project boundary; not direct station observation" }, "geometry": { "type": "Point", "coordinates": [ 112.617032365987171, -2.950017989046989 ] } },
{ "type": "Feature", "properties": { "precipitation_mm": 0.0, "temperature_c": 24.145567268058407, "humidity_pct": 90.645367666483224, "cloud_cover_pct": 62.698435186575693, "wind_speed_ms": 6.2339239574058318, "forecast_datetime": "2026-10-04T04:00:00", "source": "BMKG ADM4 forecast points + IDW", "boundary": "SERPRO Carbon Project Zone", "interpretation": "Forecast surface clipped to project boundary; not direct station observation" }, "geometry": { "type": "Point", "coordinates": [ 112.626454154293697, -3.23034962938249 ] } },
{ "type": "Feature", "properties": { "precipitation_mm": 0.0, "temperature_c": 24.138857246687028, "humidity_pct": 90.692140083470917, "cloud_cover_pct": 62.67782836173587, "wind_speed_ms": 6.1920838180644546, "forecast_datetime": "2026-10-04T04:00:00", "source": "BMKG ADM4 forecast points + IDW", "boundary": "SERPRO Carbon Project Zone", "interpretation": "Forecast surface clipped to project boundary; not direct station observation" }, "geometry": { "type": "Point", "coordinates": [ 112.626439778366731, -3.221306272635724 ] } },
{ "type": "Feature", "properties": { "precipitation_mm": 0.0, "temperature_c": 24.139056082622748, "humidity_pct": 90.729315028131666, "cloud_cover_pct": 62.752447597043378, "wind_speed_ms": 6.1954105847394931, "forecast_datetime": "2026-10-04T04:00:00", "source": "BMKG ADM4 forecast points + IDW", "boundary": "SERPRO Carbon Project Zone", "interpretation": "Forecast surface clipped to project boundary; not direct station observation" }, "geometry": { "type": "Point", "coordinates": [ 112.626425442952169, -3.212262914216744 ] } },
{ "type": "Feature", "properties": { "precipitation_mm": 0.0, "temperature_c": 24.14439927055092, "humidity_pct": 90.765888108477625, "cloud_cover_pct": 62.911229979768642, "wind_speed_ms": 6.2331183166493132, "forecast_datetime": "2026-10-04T04:00:00", "source": "BMKG ADM4 forecast points + IDW", "boundary": "SERPRO Carbon Project Zone", "interpretation": "Forecast surface clipped to project boundary; not direct station observation" }, "geometry": { "type": "Point", "coordinates": [ 112.626411148048177, -3.203219554130225 ] } },
{ "type": "Feature", "properties": { "precipitation_mm": 0.0, "temperature_c": 24.152399837635279, "humidity_pct": 90.811369145048658, "cloud_cover_pct": 63.132658150815253, "wind_speed_ms": 6.2899252314240908, "forecast_datetime": "2026-10-04T04:00:00", "source": "BMKG ADM4 forecast points + IDW", "boundary": "SERPRO Carbon Project Zone", "interpretation": "Forecast surface clipped to project boundary; not direct station observation" }, "geometry": { "type": "Point", "coordinates": [ 112.626396893653038, -3.194176192380841 ] } },
{ "type": "Feature", "properties": { "precipitation_mm": 0.0, "temperature_c": 24.160746889776807, "humidity_pct": 90.87270753630267, "cloud_cover_pct": 63.393433472226583, "wind_speed_ms": 6.3516971562291662, "forecast_datetime": "2026-10-04T04:00:00", "source": "BMKG ADM4 forecast points + IDW", "boundary": "SERPRO Carbon Project Zone", "interpretation": "Forecast surface clipped to project boundary; not direct station observation" }, "geometry": { "type": "Point", "coordinates": [ 112.626382679764973, -3.18513282897327 ] } },
{ "type": "Feature", "properties": { "precipitation_mm": 0.0, "temperature_c": 24.167819289338279, "humidity_pct": 90.953286116802261, "cloud_cover_pct": 63.67472122855866, "wind_speed_ms": 6.4086255968903707, "forecast_datetime": "2026-10-04T04:00:00", "source": "BMKG ADM4 forecast points + IDW", "boundary": "SERPRO Carbon Project Zone", "interpretation": "Forecast surface clipped to project boundary; not direct station observation" }, "geometry": { "type": "Point", "coordinates": [ 112.626368506382221, -3.176089463912192 ] } },
{ "type": "Feature", "properties": { "precipitation_mm": 0.0, "temperature_c": 24.172755006773887, "humidity_pct": 91.05355044532196, "cloud_cover_pct": 63.964272855639926, "wind_speed_ms": 6.4555909519552808, "forecast_datetime": "2026-10-04T04:00:00", "source": "BMKG ADM4 forecast points + IDW", "boundary": "SERPRO Carbon Project Zone", "interpretation": "Forecast surface clipped to project boundary; not direct station observation" }, "geometry": { "type": "Point", "coordinates": [ 112.626354373503048, -3.167046097202281 ] } },
{ "type": "Feature", "properties": { "precipitation_mm": 0.0, "temperature_c": 24.175272740972321, "humidity_pct": 91.172155645564487, "cloud_cover_pct": 64.255557955889898, "wind_speed_ms": 6.4909742117924267, "forecast_datetime": "2026-10-04T04:00:00", "source": "BMKG ADM4 forecast points + IDW", "boundary": "SERPRO Carbon Project Zone", "interpretation": "Forecast surface clipped to project boundary; not direct station observation" }, "geometry": { "type": "Point", "coordinates": [ 112.626340281125707, -3.158002728848216 ] } },
{ "type": "Feature", "properties": { "precipitation_mm": 0.0, "temperature_c": 24.175446519725128, "humidity_pct": 91.306859730734686, "cloud_cover_pct": 64.545714036713576, "wind_speed_ms": 6.5151927925974693, "forecast_datetime": "2026-10-04T04:00:00", "source": "BMKG ADM4 forecast points + IDW", "boundary": "SERPRO Carbon Project Zone", "interpretation": "Forecast surface clipped to project boundary; not direct station observation" }, "geometry": { "type": "Point", "coordinates": [ 112.626326229248434, -3.148959358854674 ] } },
{ "type": "Feature", "properties": { "precipitation_mm": 0.0, "temperature_c": 24.173533734888299, "humidity_pct": 91.454954140657492, "cloud_cover_pct": 64.83353407297389, "wind_speed_ms": 6.529594481403767, "forecast_datetime": "2026-10-04T04:00:00", "source": "BMKG ADM4 forecast points + IDW", "boundary": "SERPRO Carbon Project Zone", "interpretation": "Forecast surface clipped to project boundary; not direct station observation" }, "geometry": { "type": "Point", "coordinates": [ 112.626312217869526, -3.139915987226332 ] } },
{ "type": "Feature", "properties": { "precipitation_mm": 0.0, "temperature_c": 24.169874213140339, "humidity_pct": 91.613352460270335, "cloud_cover_pct": 65.117993164873155, "wind_speed_ms": 6.5358193560276776, "forecast_datetime": "2026-10-04T04:00:00", "source": "BMKG ADM4 forecast points + IDW", "boundary": "SERPRO Carbon Project Zone", "interpretation": "Forecast surface clipped to project boundary; not direct station observation" }, "geometry": { "type": "Point", "coordinates": [ 112.626298246987233, -3.13087261396787 ] } },
{ "type": "Feature", "properties": { "precipitation_mm": 0.0, "temperature_c": 24.164841284420891, "humidity_pct": 91.778543520097642, "cloud_cover_pct": 65.397392751673465, "wind_speed_ms": 6.5355105503759274, "forecast_datetime": "2026-10-04T04:00:00", "source": "BMKG ADM4 forecast points + IDW", "boundary": "SERPRO Carbon Project Zone", "interpretation": "Forecast surface clipped to project boundary; not direct station observation" }, "geometry": { "type": "Point", "coordinates": [ 112.626284316599822, -3.121829239083963 ] } },
{ "type": "Feature", "properties": { "precipitation_mm": 0.0, "temperature_c": 24.158819990450777, "humidity_pct": 91.946575300211023, "cloud_cover_pct": 65.669038903226863, "wind_speed_ms": 6.5302191061499153, "forecast_datetime": "2026-10-04T04:00:00", "source": "BMKG ADM4 forecast points + IDW", "boundary": "SERPRO Carbon Project Zone", "interpretation": "Forecast surface clipped to project boundary; not direct station observation" }, "geometry": { "type": "Point", "coordinates": [ 112.626270426705602, -3.112785862579292 ] } },
{ "type": "Feature", "properties": { "precipitation_mm": 0.0, "temperature_c": 24.152194120645216, "humidity_pct": 92.113159919565689, "cloud_cover_pct": 65.929333087444562, "wind_speed_ms": 6.5213872470181427, "forecast_datetime": "2026-10-04T04:00:00", "source": "BMKG ADM4 forecast points + IDW", "boundary": "SERPRO Carbon Project Zone", "interpretation": "Forecast surface clipped to project boundary; not direct station observation" }, "geometry": { "type": "Point", "coordinates": [ 112.626256577302826, -3.103742484458534 ] } },
{ "type": "Feature", "properties": { "precipitation_mm": 0.0, "temperature_c": 24.145332536207153, "humidity_pct": 92.273915916769965, "cloud_cover_pct": 66.174148005447748, "wind_speed_ms": 6.5103446270571066, "forecast_datetime": "2026-10-04T04:00:00", "source": "BMKG ADM4 forecast points + IDW", "boundary": "SERPRO Carbon Project Zone", "interpretation": "Forecast surface clipped to project boundary; not direct station observation" }, "geometry": { "type": "Point", "coordinates": [ 112.626242768389801, -3.094699104726367 ] } },
{ "type": "Feature", "properties": { "precipitation_mm": 0.0, "temperature_c": 24.138572422352652, "humidity_pct": 92.424705801101183, "cloud_cover_pct": 66.39935564005269, "wind_speed_ms": 6.4982915265567982, "forecast_datetime": "2026-10-04T04:00:00", "source": "BMKG ADM4 forecast points + IDW", "boundary": "SERPRO Carbon Project Zone", "interpretation": "Forecast surface clipped to project boundary; not direct station observation" }, "geometry": { "type": "Point", "coordinates": [ 112.626228999964823, -3.085655723387469 ] } },
{ "type": "Feature", "properties": { "precipitation_mm": 0.0, "temperature_c": 24.132201647366518, "humidity_pct": 92.561992169757389, "cloud_cover_pct": 66.601372961160976, "wind_speed_ms": 6.4862679247775183, "forecast_datetime": "2026-10-04T04:00:00", "source": "BMKG ADM4 forecast points + IDW", "boundary": "SERPRO Carbon Project Zone", "interpretation": "Forecast surface clipped to project boundary; not direct station observation" }, "geometry": { "type": "Point", "coordinates": [ 112.626215272026187, -3.076612340446522 ] } },
{ "type": "Feature", "properties": { "precipitation_mm": 0.0, "temperature_c": 24.126444220550209, "humidity_pct": 92.683129643538123, "cloud_cover_pct": 66.777606106655099, "wind_speed_ms": 6.4751195079006463, "forecast_datetime": "2026-10-04T04:00:00", "source": "BMKG ADM4 forecast points + IDW", "boundary": "SERPRO Carbon Project Zone", "interpretation": "Forecast surface clipped to project boundary; not direct station observation" }, "geometry": { "type": "Point", "coordinates": [ 112.6262015845722, -3.067568955908201 ] } },
{ "type": "Feature", "properties": { "precipitation_mm": 0.0, "temperature_c": 24.12145235068812, "humidity_pct": 92.786531023413247, "cloud_cover_pct": 66.926712229039978, "wind_speed_ms": 6.4654738096523587, "forecast_datetime": "2026-10-04T04:00:00", "source": "BMKG ADM4 forecast points + IDW", "boundary": "SERPRO Carbon Project Zone", "interpretation": "Forecast surface clipped to project boundary; not direct station observation" }, "geometry": { "type": "Point", "coordinates": [ 112.626187937601173, -3.058525569777187 ] } },
{ "type": "Feature", "properties": { "precipitation_mm": 0.0, "temperature_c": 24.117306683856398, "humidity_pct": 92.871684135696512, "cloud_cover_pct": 67.048651833224284, "wind_speed_ms": 6.4577353444375438, "forecast_datetime": "2026-10-04T04:00:00", "source": "BMKG ADM4 forecast points + IDW", "boundary": "SERPRO Carbon Project Zone", "interpretation": "Forecast surface clipped to project boundary; not direct station observation" }, "geometry": { "type": "Point", "coordinates": [ 112.626174331111415, -3.049482182058159 ] } },
{ "type": "Feature", "properties": { "precipitation_mm": 0.0, "temperature_c": 24.114024044971377, "humidity_pct": 92.939035268971935, "cloud_cover_pct": 67.144556555319895, "wind_speed_ms": 6.4521016838064718, "forecast_datetime": "2026-10-04T04:00:00", "source": "BMKG ADM4 forecast points + IDW", "boundary": "SERPRO Carbon Project Zone", "interpretation": "Forecast surface clipped to project boundary; not direct station observation" }, "geometry": { "type": "Point", "coordinates": [ 112.626160765101261, -3.040438792755796 ] } },
{ "type": "Feature", "properties": { "precipitation_mm": 0.0, "temperature_c": 24.111570348043536, "humidity_pct": 92.989782359162604, "cloud_cover_pct": 67.216472241262139, "wind_speed_ms": 6.4485963401172617, "forecast_datetime": "2026-10-04T04:00:00", "source": "BMKG ADM4 forecast points + IDW", "boundary": "SERPRO Carbon Project Zone", "interpretation": "Forecast surface clipped to project boundary; not direct station observation" }, "geometry": { "type": "Point", "coordinates": [ 112.626147239569008, -3.031395401874777 ] } },
{ "type": "Feature", "properties": { "precipitation_mm": 0.0, "temperature_c": 24.109875710653334, "humidity_pct": 93.025630224929998, "cloud_cover_pct": 67.267048155760165, "wind_speed_ms": 6.4471110000759024, "forecast_datetime": "2026-10-04T04:00:00", "source": "BMKG ADM4 forecast points + IDW", "boundary": "SERPRO Carbon Project Zone", "interpretation": "Forecast surface clipped to project boundary; not direct station observation" }, "geometry": { "type": "Point", "coordinates": [ 112.62613375451302, -3.022352009419784 ] } },
{ "type": "Feature", "properties": { "precipitation_mm": 0.0, "temperature_c": 24.108849119952069, "humidity_pct": 93.048553534071885, "cloud_cover_pct": 67.299233668315111, "wind_speed_ms": 6.4474493420356218, "forecast_datetime": "2026-10-04T04:00:00", "source": "BMKG ADM4 forecast points + IDW", "boundary": "SERPRO Carbon Project Zone", "interpretation": "Forecast surface clipped to project boundary; not direct station observation" }, "geometry": { "type": "Point", "coordinates": [ 112.626120309931594, -3.013308615395493 ] } },
{ "type": "Feature", "properties": { "precipitation_mm": 0.0, "temperature_c": 24.108390852384872, "humidity_pct": 93.060597866850472, "cloud_cover_pct": 67.316023165375412, "wind_speed_ms": 6.4493664462702824, "forecast_datetime": "2026-10-04T04:00:00", "source": "BMKG ADM4 forecast points + IDW", "boundary": "SERPRO Carbon Project Zone", "interpretation": "Forecast surface clipped to project boundary; not direct station observation" }, "geometry": { "type": "Point", "coordinates": [ 112.626106905823121, -3.004265219806586 ] } },
{ "type": "Feature", "properties": { "precipitation_mm": 0.0, "temperature_c": 24.10840181343065, "humidity_pct": 93.06373257374392, "cloud_cover_pct": 67.320267774499698, "wind_speed_ms": 6.4526003869447246, "forecast_datetime": "2026-10-04T04:00:00", "source": "BMKG ADM4 forecast points + IDW", "boundary": "SERPRO Carbon Project Zone", "interpretation": "Forecast surface clipped to project boundary; not direct station observation" }, "geometry": { "type": "Point", "coordinates": [ 112.626093542185899, -2.995221822657743 ] } },
{ "type": "Feature", "properties": { "precipitation_mm": 0.0, "temperature_c": 24.108789743666161, "humidity_pct": 93.05975590623423, "cloud_cover_pct": 67.314554961929332, "wind_speed_ms": 6.4568949702558553, "forecast_datetime": "2026-10-04T04:00:00", "source": "BMKG ADM4 forecast points + IDW", "boundary": "SERPRO Carbon Project Zone", "interpretation": "Forecast surface clipped to project boundary; not direct station observation" }, "geometry": { "type": "Point", "coordinates": [ 112.626080219018306, -2.986178423953644 ] } },
{ "type": "Feature", "properties": { "precipitation_mm": 0.0, "temperature_c": 24.109472720898911, "humidity_pct": 93.050244855977098, "cloud_cover_pct": 67.301146380123754, "wind_speed_ms": 6.4620142495189432, "forecast_datetime": "2026-10-04T04:00:00", "source": "BMKG ADM4 forecast points + IDW", "boundary": "SERPRO Carbon Project Zone", "interpretation": "Forecast surface clipped to project boundary; not direct station observation" }, "geometry": { "type": "Point", "coordinates": [ 112.626066936318679, -2.97713502369897 ] } },
{ "type": "Feature", "properties": { "precipitation_mm": 0.0, "temperature_c": 24.110380595119835, "humidity_pct": 93.036538802562859, "cloud_cover_pct": 67.281959856783629, "wind_speed_ms": 6.4677503288468321, "forecast_datetime": "2026-10-04T04:00:00", "source": "BMKG ADM4 forecast points + IDW", "boundary": "SERPRO Carbon Project Zone", "interpretation": "Forecast surface clipped to project boundary; not direct station observation" }, "geometry": { "type": "Point", "coordinates": [ 112.626053694085385, -2.968091621898399 ] } },
{ "type": "Feature", "properties": { "precipitation_mm": 0.0, "temperature_c": 24.111455005001332, "humidity_pct": 93.019746001584636, "cloud_cover_pct": 67.258581236268299, "wind_speed_ms": 6.4739262267206632, "forecast_datetime": "2026-10-04T04:00:00", "source": "BMKG ADM4 forecast points + IDW", "boundary": "SERPRO Carbon Project Zone", "interpretation": "Forecast surface clipped to project boundary; not direct station observation" }, "geometry": { "type": "Point", "coordinates": [ 112.62604049231679, -2.959048218556615 ] } },
{ "type": "Feature", "properties": { "precipitation_mm": 0.0, "temperature_c": 24.112648529847927, "humidity_pct": 93.00076363193466, "cloud_cover_pct": 67.232293928803827, "wind_speed_ms": 6.4803954434698872, "forecast_datetime": "2026-10-04T04:00:00", "source": "BMKG ADM4 forecast points + IDW", "boundary": "SERPRO Carbon Project Zone", "interpretation": "Forecast surface clipped to project boundary; not direct station observation" }, "geometry": { "type": "Point", "coordinates": [ 112.626027331011272, -2.950004813678295 ] } },
{ "type": "Feature", "properties": { "precipitation_mm": 0.0, "temperature_c": 24.214087042844842, "humidity_pct": 90.373203064587813, "cloud_cover_pct": 63.316460452209789, "wind_speed_ms": 6.6788262758425017, "forecast_datetime": "2026-10-04T04:00:00", "source": "BMKG ADM4 forecast points + IDW", "boundary": "SERPRO Carbon Project Zone", "interpretation": "Forecast surface clipped to project boundary; not direct station observation" }, "geometry": { "type": "Point", "coordinates": [ 112.635436982050734, -3.221291803488771 ] } },
{ "type": "Feature", "properties": { "precipitation_mm": 0.0, "temperature_c": 24.209266343769556, "humidity_pct": 90.433050975832614, "cloud_cover_pct": 63.352570878371928, "wind_speed_ms": 6.6506125202442075, "forecast_datetime": "2026-10-04T04:00:00", "source": "BMKG ADM4 forecast points + IDW", "boundary": "SERPRO Carbon Project Zone", "interpretation": "Forecast surface clipped to project boundary; not direct station observation" }, "geometry": { "type": "Point", "coordinates": [ 112.635422567420861, -3.212248485771806 ] } },
{ "type": "Feature", "properties": { "precipitation_mm": 0.0, "temperature_c": 24.208411993602894, "humidity_pct": 90.491818425181549, "cloud_cover_pct": 63.45304255819714, "wind_speed_ms": 6.6492551330748428, "forecast_datetime": "2026-10-04T04:00:00", "source": "BMKG ADM4 forecast points + IDW", "boundary": "SERPRO Carbon Project Zone", "interpretation": "Forecast surface clipped to project boundary; not direct station observation" }, "geometry": { "type": "Point", "coordinates": [ 112.63540819352545, -3.203205166386616 ] } },
{ "type": "Feature", "properties": { "precipitation_mm": 0.0, "temperature_c": 24.20979811494454, "humidity_pct": 90.556997784490505, "cloud_cover_pct": 63.604606237114432, "wind_speed_ms": 6.6641666716257912, "forecast_datetime": "2026-10-04T04:00:00", "source": "BMKG ADM4 forecast points + IDW", "boundary": "SERPRO Carbon Project Zone", "interpretation": "Forecast surface clipped to project boundary; not direct station observation" }, "geometry": { "type": "Point", "coordinates": [ 112.635393860362711, -3.19416184533788 ] } },
{ "type": "Feature", "properties": { "precipitation_mm": 0.0, "temperature_c": 24.211729457959304, "humidity_pct": 90.634733977790546, "cloud_cover_pct": 63.792060478799698, "wind_speed_ms": 6.6849643752972936, "forecast_datetime": "2026-10-04T04:00:00", "source": "BMKG ADM4 forecast points + IDW", "boundary": "SERPRO Carbon Project Zone", "interpretation": "Forecast surface clipped to project boundary; not direct station observation" }, "geometry": { "type": "Point", "coordinates": [ 112.635379567930883, -3.185118522630277 ] } },
{ "type": "Feature", "properties": { "precipitation_mm": 0.0, "temperature_c": 24.212954033818615, "humidity_pct": 90.728500792294241, "cloud_cover_pct": 64.002389383428721, "wind_speed_ms": 6.7040468351150029, "forecast_datetime": "2026-10-04T04:00:00", "source": "BMKG ADM4 forecast points + IDW", "boundary": "SERPRO Carbon Project Zone", "interpretation": "Forecast surface clipped to project boundary; not direct station observation" }, "geometry": { "type": "Point", "coordinates": [ 112.635365316228217, -3.176075198268486 ] } },
{ "type": "Feature", "properties": { "precipitation_mm": 0.0, "temperature_c": 24.212759416512672, "humidity_pct": 90.839186713178478, "cloud_cover_pct": 64.226367197193625, "wind_speed_ms": 6.7171537004624868, "forecast_datetime": "2026-10-04T04:00:00", "source": "BMKG ADM4 forecast points + IDW", "boundary": "SERPRO Carbon Project Zone", "interpretation": "Forecast surface clipped to project boundary; not direct station observation" }, "geometry": { "type": "Point", "coordinates": [ 112.635351105252923, -3.167031872257186 ] } },
{ "type": "Feature", "properties": { "precipitation_mm": 0.0, "temperature_c": 24.210876289996932, "humidity_pct": 90.965839713427528, "cloud_cover_pct": 64.458282330880124, "wind_speed_ms": 6.7227060570642418, "forecast_datetime": "2026-10-04T04:00:00", "source": "BMKG ADM4 forecast points + IDW", "boundary": "SERPRO Carbon Project Zone", "interpretation": "Forecast surface clipped to project boundary; not direct station observation" }, "geometry": { "type": "Point", "coordinates": [ 112.635336935003252, -3.157988544601057 ] } },
{ "type": "Feature", "properties": { "precipitation_mm": 0.0, "temperature_c": 24.207327422853755, "humidity_pct": 91.106422154996224, "cloud_cover_pct": 64.69482420006662, "wind_speed_ms": 6.7208129816474038, "forecast_datetime": "2026-10-04T04:00:00", "source": "BMKG ADM4 forecast points + IDW", "boundary": "SERPRO Carbon Project Zone", "interpretation": "Forecast surface clipped to project boundary; not direct station observation" }, "geometry": { "type": "Point", "coordinates": [ 112.635322805477472, -3.148945215304777 ] } },
{ "type": "Feature", "properties": { "precipitation_mm": 0.0, "temperature_c": 24.202299774884533, "humidity_pct": 91.258299039121098, "cloud_cover_pct": 64.933878304866255, "wind_speed_ms": 6.7124408301532847, "forecast_datetime": "2026-10-04T04:00:00", "source": "BMKG ADM4 forecast points + IDW", "boundary": "SERPRO Carbon Project Zone", "interpretation": "Forecast surface clipped to project boundary; not direct station observation" }, "geometry": { "type": "Point", "coordinates": [ 112.635308716673833, -3.139901884373027 ] } },
{ "type": "Feature", "properties": { "precipitation_mm": 0.0, "temperature_c": 24.196061204565982, "humidity_pct": 91.418462142570377, "cloud_cover_pct": 65.173581234252765, "wind_speed_ms": 6.6988826448041268, "forecast_datetime": "2026-10-04T04:00:00", "source": "BMKG ADM4 forecast points + IDW", "boundary": "SERPRO Carbon Project Zone", "interpretation": "Forecast surface clipped to project boundary; not direct station observation" }, "geometry": { "type": "Point", "coordinates": [ 112.635294668590561, -3.130858551810487 ] } },
{ "type": "Feature", "properties": { "precipitation_mm": 0.0, "temperature_c": 24.188914415092711, "humidity_pct": 91.58360658369979, "cloud_cover_pct": 65.41173446677341, "wind_speed_ms": 6.6814818096712241, "forecast_datetime": "2026-10-04T04:00:00", "source": "BMKG ADM4 forecast points + IDW", "boundary": "SERPRO Carbon Project Zone", "interpretation": "Forecast surface clipped to project boundary; not direct station observation" }, "geometry": { "type": "Point", "coordinates": [ 112.635280661225977, -3.121815217621835 ] } },
{ "type": "Feature", "properties": { "precipitation_mm": 0.0, "temperature_c": 24.181173047081401, "humidity_pct": 91.750180426667342, "cloud_cover_pct": 65.645559798224369, "wind_speed_ms": 6.6615146487604102, "forecast_datetime": "2026-10-04T04:00:00", "source": "BMKG ADM4 forecast points + IDW", "boundary": "SERPRO Carbon Project Zone", "interpretation": "Forecast surface clipped to project boundary; not direct station observation" }, "geometry": { "type": "Point", "coordinates": [ 112.635266694578306, -3.112771881811753 ] } },
{ "type": "Feature", "properties": { "precipitation_mm": 0.0, "temperature_c": 24.173147209108777, "humidity_pct": 91.91448495956115, "cloud_cover_pct": 65.871735879542982, "wind_speed_ms": 6.6401499460332856, "forecast_datetime": "2026-10-04T04:00:00", "source": "BMKG ADM4 forecast points + IDW", "boundary": "SERPRO Carbon Project Zone", "interpretation": "Forecast surface clipped to project boundary; not direct station observation" }, "geometry": { "type": "Point", "coordinates": [ 112.635252768645856, -3.103728544384921 ] } },
{ "type": "Feature", "properties": { "precipitation_mm": 0.0, "temperature_c": 24.165131047222456, "humidity_pct": 92.072850782969468, "cloud_cover_pct": 66.086637784733838, "wind_speed_ms": 6.6184337892757963, "forecast_datetime": "2026-10-04T04:00:00", "source": "BMKG ADM4 forecast points + IDW", "boundary": "SERPRO Carbon Project Zone", "interpretation": "Forecast surface clipped to project boundary; not direct station observation" }, "geometry": { "type": "Point", "coordinates": [ 112.635238883426879, -3.094685205346018 ] } },
{ "type": "Feature", "properties": { "precipitation_mm": 0.0, "temperature_c": 24.157389856144849, "humidity_pct": 92.221870765780167, "cloud_cover_pct": 66.286691255424756, "wind_speed_ms": 6.5972757268278102, "forecast_datetime": "2026-10-04T04:00:00", "source": "BMKG ADM4 forecast points + IDW", "boundary": "SERPRO Carbon Project Zone", "interpretation": "Forecast surface clipped to project boundary; not direct station observation" }, "geometry": { "type": "Point", "coordinates": [ 112.635225038919671, -3.085641864699726 ] } },
{ "type": "Feature", "properties": { "precipitation_mm": 0.0, "temperature_c": 24.150147525756125, "humidity_pct": 92.358643795784829, "cloud_cover_pct": 66.468750105002457, "wind_speed_ms": 6.5774310181069122, "forecast_datetime": "2026-10-04T04:00:00", "source": "BMKG ADM4 forecast points + IDW", "boundary": "SERPRO Carbon Project Zone", "interpretation": "Forecast surface clipped to project boundary; not direct station observation" }, "geometry": { "type": "Point", "coordinates": [ 112.63521123512254, -3.076598522450725 ] } },
{ "type": "Feature", "properties": { "precipitation_mm": 0.0, "temperature_c": 24.1435765642963, "humidity_pct": 92.480976444364956, "cloud_cover_pct": 66.630414735990314, "wind_speed_ms": 6.5594835199923711, "forecast_datetime": "2026-10-04T04:00:00", "source": "BMKG ADM4 forecast points + IDW", "boundary": "SERPRO Carbon Project Zone", "interpretation": "Forecast surface clipped to project boundary; not direct station observation" }, "geometry": { "type": "Point", "coordinates": [ 112.635197472033767, -3.067555178603696 ] } },
{ "type": "Feature", "properties": { "precipitation_mm": 0.0, "temperature_c": 24.137792812741875, "humidity_pct": 92.587501386545057, "cloud_cover_pct": 66.770233892383843, "wind_speed_ms": 6.5438362840432331, "forecast_datetime": "2026-10-04T04:00:00", "source": "BMKG ADM4 forecast points + IDW", "boundary": "SERPRO Carbon Project Zone", "interpretation": "Forecast surface clipped to project boundary; not direct station observation" }, "geometry": { "type": "Point", "coordinates": [ 112.635183749651645, -3.05851183316332 ] } },
{ "type": "Feature", "properties": { "precipitation_mm": 0.0, "temperature_c": 24.132855847210347, "humidity_pct": 92.677694743334669, "cloud_cover_pct": 66.887765731483071, "wind_speed_ms": 6.5307148226750051, "forecast_datetime": "2026-10-04T04:00:00", "source": "BMKG ADM4 forecast points + IDW", "boundary": "SERPRO Carbon Project Zone", "interpretation": "Forecast surface clipped to project boundary; not direct station observation" }, "geometry": { "type": "Point", "coordinates": [ 112.635170067974485, -3.049468486134278 ] } },
{ "type": "Feature", "properties": { "precipitation_mm": 0.0, "temperature_c": 24.128774665769097, "humidity_pct": 92.751799762267368, "cloud_cover_pct": 66.983508321818732, "wind_speed_ms": 6.5201839619627897, "forecast_datetime": "2026-10-04T04:00:00", "source": "BMKG ADM4 forecast points + IDW", "boundary": "SERPRO Carbon Project Zone", "interpretation": "Forecast surface clipped to project boundary; not direct station observation" }, "geometry": { "type": "Point", "coordinates": [ 112.635156427000609, -3.040425137521251 ] } },
{ "type": "Feature", "properties": { "precipitation_mm": 0.0, "temperature_c": 24.125517165014223, "humidity_pct": 92.8106829381247, "cloud_cover_pct": 67.058734324823945, "wind_speed_ms": 6.5121754823488995, "forecast_datetime": "2026-10-04T04:00:00", "source": "BMKG ADM4 forecast points + IDW", "boundary": "SERPRO Carbon Project Zone", "interpretation": "Forecast surface clipped to project boundary; not direct station observation" }, "geometry": { "type": "Point", "coordinates": [ 112.635142826728313, -3.031381787328921 ] } },
{ "type": "Feature", "properties": { "precipitation_mm": 0.0, "temperature_c": 24.123021431782515, "humidity_pct": 92.855656591805641, "cloud_cover_pct": 67.115275110190069, "wind_speed_ms": 6.5065216391405789, "forecast_datetime": "2026-10-04T04:00:00", "source": "BMKG ADM4 forecast points + IDW", "boundary": "SERPRO Carbon Project Zone", "interpretation": "Forecast surface clipped to project boundary; not direct station observation" }, "geometry": { "type": "Point", "coordinates": [ 112.635129267155932, -3.022338435561969 ] } },
{ "type": "Feature", "properties": { "precipitation_mm": 0.0, "temperature_c": 24.1212069942871, "humidity_pct": 92.888299697034881, "cloud_cover_pct": 67.15529685282371, "wind_speed_ms": 6.5029893858552921, "forecast_datetime": "2026-10-04T04:00:00", "source": "BMKG ADM4 forecast points + IDW", "boundary": "SERPRO Carbon Project Zone", "interpretation": "Forecast surface clipped to project boundary; not direct station observation" }, "geometry": { "type": "Point", "coordinates": [ 112.635115748281805, -3.013295082225076 ] } },
{ "type": "Feature", "properties": { "precipitation_mm": 0.0, "temperature_c": 24.119984680757785, "humidity_pct": 92.910300117866655, "cloud_cover_pct": 67.181100075411251, "wind_speed_ms": 6.5013111958782606, "forecast_datetime": "2026-10-04T04:00:00", "source": "BMKG ADM4 forecast points + IDW", "boundary": "SERPRO Carbon Project Zone", "interpretation": "Forecast surface clipped to project boundary; not direct station observation" }, "geometry": { "type": "Point", "coordinates": [ 112.635102270104227, -3.004251727322926 ] } },
{ "type": "Feature", "properties": { "precipitation_mm": 0.0, "temperature_c": 24.119264360216256, "humidity_pct": 92.923330808791079, "cloud_cover_pct": 67.194960303660537, "wind_speed_ms": 6.5012100345366433, "forecast_datetime": "2026-10-04T04:00:00", "source": "BMKG ADM4 forecast points + IDW", "boundary": "SERPRO Carbon Project Zone", "interpretation": "Forecast surface clipped to project boundary; not direct station observation" }, "geometry": { "type": "Point", "coordinates": [ 112.635088832621562, -2.9952083708602 ] } },
{ "type": "Feature", "properties": { "precipitation_mm": 0.0, "temperature_c": 24.11896039068483, "humidity_pct": 92.928963235383733, "cloud_cover_pct": 67.199015273794316, "wind_speed_ms": 6.5024176355480892, "forecast_datetime": "2026-10-04T04:00:00", "source": "BMKG ADM4 forecast points + IDW", "boundary": "SERPRO Carbon Project Zone", "interpretation": "Forecast surface clipped to project boundary; not direct station observation" }, "geometry": { "type": "Point", "coordinates": [ 112.63507543583215, -2.986165012841578 ] } },
{ "type": "Feature", "properties": { "precipitation_mm": 0.0, "temperature_c": 24.118994978718593, "humidity_pct": 92.928614879730091, "cloud_cover_pct": 67.195195575184812, "wind_speed_ms": 6.5046864249288872, "forecast_datetime": "2026-10-04T04:00:00", "source": "BMKG ADM4 forecast points + IDW", "boundary": "SERPRO Carbon Project Zone", "interpretation": "Forecast surface clipped to project boundary; not direct station observation" }, "geometry": { "type": "Point", "coordinates": [ 112.635062079734325, -2.977121653271745 ] } },
{ "type": "Feature", "properties": { "precipitation_mm": 0.0, "temperature_c": 24.119299850857249, "humidity_pct": 92.923524350155532, "cloud_cover_pct": 67.185190981912555, "wind_speed_ms": 6.5077961196435421, "forecast_datetime": "2026-10-04T04:00:00", "source": "BMKG ADM4 forecast points + IDW", "boundary": "SERPRO Carbon Project Zone", "interpretation": "Forecast surface clipped to project boundary; not direct station observation" }, "geometry": { "type": "Point", "coordinates": [ 112.635048764326456, -2.968078292155382 ] } },
{ "type": "Feature", "properties": { "precipitation_mm": 0.0, "temperature_c": 24.119816691287038, "humidity_pct": 92.9147466648094, "cloud_cover_pct": 67.170443229239737, "wind_speed_ms": 6.5115562823181445, "forecast_datetime": "2026-10-04T04:00:00", "source": "BMKG ADM4 forecast points + IDW", "boundary": "SERPRO Carbon Project Zone", "interpretation": "Forecast surface clipped to project boundary; not direct station observation" }, "geometry": { "type": "Point", "coordinates": [ 112.635035489606864, -2.959034929497173 ] } },
{ "type": "Feature", "properties": { "precipitation_mm": 0.0, "temperature_c": 24.120496763961434, "humidity_pct": 92.903161834115593, "cloud_cover_pct": 67.152156500943306, "wind_speed_ms": 6.5158060766776975, "forecast_datetime": "2026-10-04T04:00:00", "source": "BMKG ADM4 forecast points + IDW", "boundary": "SERPRO Carbon Project Zone", "interpretation": "Forecast surface clipped to project boundary; not direct station observation" }, "geometry": { "type": "Point", "coordinates": [ 112.635022255573944, -2.949991565301798 ] } },
{ "type": "Feature", "properties": { "precipitation_mm": 0.0, "temperature_c": 24.121300058554286, "humidity_pct": 92.88949114657936, "cloud_cover_pct": 67.13131840620629, "wind_speed_ms": 6.5204122767693855, "forecast_datetime": "2026-10-04T04:00:00", "source": "BMKG ADM4 forecast points + IDW", "boundary": "SERPRO Carbon Project Zone", "interpretation": "Forecast surface clipped to project boundary; not direct station observation" }, "geometry": { "type": "Point", "coordinates": [ 112.635009062226047, -2.940948199573941 ] } },
{ "type": "Feature", "properties": { "precipitation_mm": 0.0, "temperature_c": 24.122194210508951, "humidity_pct": 92.874317022516394, "cloud_cover_pct": 67.108726029734086, "wind_speed_ms": 6.5252663377629503, "forecast_datetime": "2026-10-04T04:00:00", "source": "BMKG ADM4 forecast points + IDW", "boundary": "SERPRO Carbon Project Zone", "interpretation": "Forecast surface clipped to project boundary; not direct station observation" }, "geometry": { "type": "Point", "coordinates": [ 112.634995909561567, -2.931904832318287 ] } },
{ "type": "Feature", "properties": { "precipitation_mm": 0.0, "temperature_c": 24.123153364527337, "humidity_pct": 92.858103632760518, "cloud_cover_pct": 67.085013323570678, "wind_speed_ms": 6.5302810989871221, "forecast_datetime": "2026-10-04T04:00:00", "source": "BMKG ADM4 forecast points + IDW", "boundary": "SERPRO Carbon Project Zone", "interpretation": "Forecast surface clipped to project boundary; not direct station observation" }, "geometry": { "type": "Point", "coordinates": [ 112.634982797578843, -2.922861463539517 ] } },
{ "type": "Feature", "properties": { "precipitation_mm": 0.0, "temperature_c": 24.306340957583565, "humidity_pct": 89.935317489764643, "cloud_cover_pct": 64.012356798229206, "wind_speed_ms": 7.2741756333048961, "forecast_datetime": "2026-10-04T04:00:00", "source": "BMKG ADM4 forecast points + IDW", "boundary": "SERPRO Carbon Project Zone", "interpretation": "Forecast surface clipped to project boundary; not direct station observation" }, "geometry": { "type": "Point", "coordinates": [ 112.644434144998485, -3.22127725460853 ] } },
{ "type": "Feature", "properties": { "precipitation_mm": 0.0, "temperature_c": 24.294947883319274, "humidity_pct": 90.027841512131914, "cloud_cover_pct": 64.002771654893877, "wind_speed_ms": 7.2042911425184659, "forecast_datetime": "2026-10-04T04:00:00", "source": "BMKG ADM4 forecast points + IDW", "boundary": "SERPRO Carbon Project Zone", "interpretation": "Forecast surface clipped to project boundary; not direct station observation" }, "geometry": { "type": "Point", "coordinates": [ 112.644419651155118, -3.212233977817871 ] } },
{ "type": "Feature", "properties": { "precipitation_mm": 0.0, "temperature_c": 24.285999492598034, "humidity_pct": 90.122655937416312, "cloud_cover_pct": 64.039071494299918, "wind_speed_ms": 7.1514506245912051, "forecast_datetime": "2026-10-04T04:00:00", "source": "BMKG ADM4 forecast points + IDW", "boundary": "SERPRO Carbon Project Zone", "interpretation": "Forecast surface clipped to project boundary; not direct station observation" }, "geometry": { "type": "Point", "coordinates": [ 112.64440519827005, -3.203190699358299 ] } },
{ "type": "Feature", "properties": { "precipitation_mm": 0.0, "temperature_c": 24.27877198517054, "humidity_pct": 90.223101493802346, "cloud_cover_pct": 64.116359182895906, "wind_speed_ms": 7.1113741484161741, "forecast_datetime": "2026-10-04T04:00:00", "source": "BMKG ADM4 forecast points + IDW", "boundary": "SERPRO Carbon Project Zone", "interpretation": "Forecast surface clipped to project boundary; not direct station observation" }, "geometry": { "type": "Point", "coordinates": [ 112.644390786341489, -3.194147419234494 ] } },
{ "type": "Feature", "properties": { "precipitation_mm": 0.0, "temperature_c": 24.272359457057853, "humidity_pct": 90.332621646110468, "cloud_cover_pct": 64.227010140605287, "wind_speed_ms": 7.0786194801519358, "forecast_datetime": "2026-10-04T04:00:00", "source": "BMKG ADM4 forecast points + IDW", "boundary": "SERPRO Carbon Project Zone", "interpretation": "Forecast surface clipped to project boundary; not direct station observation" }, "geometry": { "type": "Point", "coordinates": [ 112.644376415367674, -3.185104137451137 ] } },
{ "type": "Feature", "properties": { "precipitation_mm": 0.0, "temperature_c": 24.265990149703267, "humidity_pct": 90.453466777948478, "cloud_cover_pct": 64.363325935404504, "wind_speed_ms": 7.048562498681731, "forecast_datetime": "2026-10-04T04:00:00", "source": "BMKG ADM4 forecast points + IDW", "boundary": "SERPRO Carbon Project Zone", "interpretation": "Forecast surface clipped to project boundary; not direct station observation" }, "geometry": { "type": "Point", "coordinates": [ 112.644362085346813, -3.176060854012909 ] } },
{ "type": "Feature", "properties": { "precipitation_mm": 0.0, "temperature_c": 24.259159618858561, "humidity_pct": 90.586325578082722, "cloud_cover_pct": 64.518928969947098, "wind_speed_ms": 7.0182070044929175, "forecast_datetime": "2026-10-04T04:00:00", "source": "BMKG ADM4 forecast points + IDW", "boundary": "SERPRO Carbon Project Zone", "interpretation": "Forecast surface clipped to project boundary; not direct station observation" }, "geometry": { "type": "Point", "coordinates": [ 112.64434779627716, -3.167017568924491 ] } },
{ "type": "Feature", "properties": { "precipitation_mm": 0.0, "temperature_c": 24.251625780978898, "humidity_pct": 90.730555657912504, "cloud_cover_pct": 64.689034899599648, "wind_speed_ms": 6.9861176155090519, "forecast_datetime": "2026-10-04T04:00:00", "source": "BMKG ADM4 forecast points + IDW", "boundary": "SERPRO Carbon Project Zone", "interpretation": "Forecast surface clipped to project boundary; not direct station observation" }, "geometry": { "type": "Point", "coordinates": [ 112.644333548156936, -3.157974282190565 ] } },
{ "type": "Feature", "properties": { "precipitation_mm": 0.0, "temperature_c": 24.24334393762474, "humidity_pct": 90.884593524715584, "cloud_cover_pct": 64.8701013495414, "wind_speed_ms": 6.9519790936042103, "forecast_datetime": "2026-10-04T04:00:00", "source": "BMKG ADM4 forecast points + IDW", "boundary": "SERPRO Carbon Project Zone", "interpretation": "Forecast surface clipped to project boundary; not direct station observation" }, "geometry": { "type": "Point", "coordinates": [ 112.644319340984381, -3.148930993815812 ] } },
{ "type": "Feature", "properties": { "precipitation_mm": 0.0, "temperature_c": 24.234396186009679, "humidity_pct": 91.046296275156379, "cloud_cover_pct": 65.059281113583509, "wind_speed_ms": 6.9161320316394637, "forecast_datetime": "2026-10-04T04:00:00", "source": "BMKG ADM4 forecast points + IDW", "boundary": "SERPRO Carbon Project Zone", "interpretation": "Forecast surface clipped to project boundary; not direct station observation" }, "geometry": { "type": "Point", "coordinates": [ 112.644305174757733, -3.139887703804914 ] } },
{ "type": "Feature", "properties": { "precipitation_mm": 0.0, "temperature_c": 24.22493772808301, "humidity_pct": 91.213150493930726, "cloud_cover_pct": 65.253927504676838, "wind_speed_ms": 6.879229930491392, "forecast_datetime": "2026-10-04T04:00:00", "source": "BMKG ADM4 forecast points + IDW", "boundary": "SERPRO Carbon Project Zone", "interpretation": "Forecast surface clipped to project boundary; not direct station observation" }, "geometry": { "type": "Point", "coordinates": [ 112.644291049475243, -3.130844412162552 ] } },
{ "type": "Feature", "properties": { "precipitation_mm": 0.0, "temperature_c": 24.215162331498274, "humidity_pct": 91.382385550071788, "cloud_cover_pct": 65.451258963801891, "wind_speed_ms": 6.8420327482171395, "forecast_datetime": "2026-10-04T04:00:00", "source": "BMKG ADM4 forecast points + IDW", "boundary": "SERPRO Carbon Project Zone", "interpretation": "Forecast surface clipped to project boundary; not direct station observation" }, "geometry": { "type": "Point", "coordinates": [ 112.644276965135191, -3.121801118893408 ] } },
{ "type": "Feature", "properties": { "precipitation_mm": 0.0, "temperature_c": 24.205281159274474, "humidity_pct": 91.551055750072948, "cloud_cover_pct": 65.648209743408117, "wind_speed_ms": 6.8052999284865159, "forecast_datetime": "2026-10-04T04:00:00", "source": "BMKG ADM4 forecast points + IDW", "boundary": "SERPRO Carbon Project Zone", "interpretation": "Forecast surface clipped to project boundary; not direct station observation" }, "geometry": { "type": "Point", "coordinates": [ 112.644262921735816, -3.112757824002166 ] } },
{ "type": "Feature", "properties": { "precipitation_mm": 0.0, "temperature_c": 24.195508414227863, "humidity_pct": 91.716141203678291, "cloud_cover_pct": 65.841451792179441, "wind_speed_ms": 6.7697394788706537, "forecast_datetime": "2026-10-04T04:00:00", "source": "BMKG ADM4 forecast points + IDW", "boundary": "SERPRO Carbon Project Zone", "interpretation": "Forecast surface clipped to project boundary; not direct station observation" }, "geometry": { "type": "Point", "coordinates": [ 112.644248919275384, -3.103714527493505 ] } },
{ "type": "Feature", "properties": { "precipitation_mm": 0.0, "temperature_c": 24.186049437580355, "humidity_pct": 91.874687571035594, "cloud_cover_pct": 66.02754950238571, "wind_speed_ms": 6.7359814774878872, "forecast_datetime": "2026-10-04T04:00:00", "source": "BMKG ADM4 forecast points + IDW", "boundary": "SERPRO Carbon Project Zone", "interpretation": "Forecast surface clipped to project boundary; not direct station observation" }, "geometry": { "type": "Point", "coordinates": [ 112.644234957752175, -3.094671229372108 ] } },
{ "type": "Feature", "properties": { "precipitation_mm": 0.0, "temperature_c": 24.177089569347412, "humidity_pct": 92.023976298071005, "cloud_cover_pct": 66.203194580174312, "wind_speed_ms": 6.7045592448743561, "forecast_datetime": "2026-10-04T04:00:00", "source": "BMKG ADM4 forecast points + IDW", "boundary": "SERPRO Carbon Project Zone", "interpretation": "Forecast surface clipped to project boundary; not direct station observation" }, "geometry": { "type": "Point", "coordinates": [ 112.644221037164485, -3.08562792964266 ] } },
{ "type": "Feature", "properties": { "precipitation_mm": 0.0, "temperature_c": 24.168784073315681, "humidity_pct": 92.161698061156841, "cloud_cover_pct": 66.365462138113173, "wind_speed_ms": 6.6758929510498692, "forecast_datetime": "2026-10-04T04:00:00", "source": "BMKG ADM4 forecast points + IDW", "boundary": "SERPRO Carbon Project Zone", "interpretation": "Forecast surface clipped to project boundary; not direct station observation" }, "geometry": { "type": "Point", "coordinates": [ 112.64420715751055, -3.076584628309841 ] } },
{ "type": "Feature", "properties": { "precipitation_mm": 0.0, "temperature_c": 24.161250380624328, "humidity_pct": 92.286096282841115, "cloud_cover_pct": 66.512033092229601, "wind_speed_ms": 6.6502769601412979, "forecast_datetime": "2026-10-04T04:00:00", "source": "BMKG ADM4 forecast points + IDW", "boundary": "SERPRO Carbon Project Zone", "interpretation": "Forecast surface clipped to project boundary; not direct station observation" }, "geometry": { "type": "Point", "coordinates": [ 112.644193318788666, -3.067541325378335 ] } },
{ "type": "Feature", "properties": { "precipitation_mm": 0.0, "temperature_c": 24.154563887978995, "humidity_pct": 92.396053855037451, "cloud_cover_pct": 66.641342215874104, "wind_speed_ms": 6.6278742668143842, "forecast_datetime": "2026-10-04T04:00:00", "source": "BMKG ADM4 forecast points + IDW", "boundary": "SERPRO Carbon Project Zone", "interpretation": "Forecast surface clipped to project boundary; not direct station observation" }, "geometry": { "type": "Point", "coordinates": [ 112.644179520997142, -3.058498020852825 ] } },
{ "type": "Feature", "properties": { "precipitation_mm": 0.0, "temperature_c": 24.148757891300814, "humidity_pct": 92.491110326906423, "cloud_cover_pct": 66.752632340349749, "wind_speed_ms": 6.6087204120888705, "forecast_datetime": "2026-10-04T04:00:00", "source": "BMKG ADM4 forecast points + IDW", "boundary": "SERPRO Carbon Project Zone", "interpretation": "Forecast surface clipped to project boundary; not direct station observation" }, "geometry": { "type": "Point", "coordinates": [ 112.644165764134286, -3.049454714737994 ] } },
{ "type": "Feature", "properties": { "precipitation_mm": 0.0, "temperature_c": 24.143827370804797, "humidity_pct": 92.571412832083496, "cloud_cover_pct": 66.845917249028815, "wind_speed_ms": 6.5927369732454233, "forecast_datetime": "2026-10-04T04:00:00", "source": "BMKG ADM4 forecast points + IDW", "boundary": "SERPRO Carbon Project Zone", "interpretation": "Forecast surface clipped to project boundary; not direct station observation" }, "geometry": { "type": "Point", "coordinates": [ 112.644152048198364, -3.040411407038523 ] } },
{ "type": "Feature", "properties": { "precipitation_mm": 0.0, "temperature_c": 24.139735636890141, "humidity_pct": 92.637616627890665, "cloud_cover_pct": 66.921872944462621, "wind_speed_ms": 6.5797525190184301, "forecast_datetime": "2026-10-04T04:00:00", "source": "BMKG ADM4 forecast points + IDW", "boundary": "SERPRO Carbon Project Zone", "interpretation": "Forecast surface clipped to project boundary; not direct station observation" }, "geometry": { "type": "Point", "coordinates": [ 112.644138373187715, -3.031368097759098 ] } },
{ "type": "Feature", "properties": { "precipitation_mm": 0.0, "temperature_c": 24.136422499743528, "humidity_pct": 92.690757377086044, "cloud_cover_pct": 66.981685804588551, "wind_speed_ms": 6.5695276354989565, "forecast_datetime": "2026-10-04T04:00:00", "source": "BMKG ADM4 forecast points + IDW", "boundary": "SERPRO Carbon Project Zone", "interpretation": "Forecast surface clipped to project boundary; not direct station observation" }, "geometry": { "type": "Point", "coordinates": [ 112.644124739100633, -3.022324786904401 ] } },
{ "type": "Feature", "properties": { "precipitation_mm": 0.0, "temperature_c": 24.133812655903224, "humidity_pct": 92.732117126177471, "cloud_cover_pct": 67.026886590142652, "wind_speed_ms": 6.5617804539468638, "forecast_datetime": "2026-10-04T04:00:00", "source": "BMKG ADM4 forecast points + IDW", "boundary": "SERPRO Carbon Project Zone", "interpretation": "Forecast surface clipped to project boundary; not direct station observation" }, "geometry": { "type": "Point", "coordinates": [ 112.64411114593544, -3.013281474479118 ] } },
{ "type": "Feature", "properties": { "precipitation_mm": 0.0, "temperature_c": 24.131823280061891, "humidity_pct": 92.763101239581331, "cloud_cover_pct": 67.059193695958882, "wind_speed_ms": 6.5562097883314596, "forecast_datetime": "2026-10-04T04:00:00", "source": "BMKG ADM4 forecast points + IDW", "boundary": "SERPRO Carbon Project Zone", "interpretation": "Forecast surface clipped to project boundary; not direct station observation" }, "geometry": { "type": "Point", "coordinates": [ 112.644097593690447, -3.004238160487929 ] } },
{ "type": "Feature", "properties": { "precipitation_mm": 0.0, "temperature_c": 24.130370214568977, "humidity_pct": 92.785136931256233, "cloud_cover_pct": 67.080380733041295, "wind_speed_ms": 6.5525140747634119, "forecast_datetime": "2026-10-04T04:00:00", "source": "BMKG ADM4 forecast points + IDW", "boundary": "SERPRO Carbon Project Zone", "interpretation": "Forecast surface clipped to project boundary; not direct station observation" }, "geometry": { "type": "Point", "coordinates": [ 112.644084082363989, -2.995194844935523 ] } },
{ "type": "Feature", "properties": { "precipitation_mm": 0.0, "temperature_c": 24.129372532011249, "humidity_pct": 92.799597675200829, "cloud_cover_pct": 67.092175307371036, "wind_speed_ms": 6.5504053967146545, "forecast_datetime": "2026-10-04T04:00:00", "source": "BMKG ADM4 forecast points + IDW", "boundary": "SERPRO Carbon Project Zone", "interpretation": "Forecast surface clipped to project boundary; not direct station observation" }, "geometry": { "type": "Point", "coordinates": [ 112.644070611954405, -2.986151527826578 ] } },
{ "type": "Feature", "properties": { "precipitation_mm": 0.0, "temperature_c": 24.128755533484277, "humidity_pct": 92.807752935810981, "cloud_cover_pct": 67.096189422687331, "wind_speed_ms": 6.5496187328403632, "forecast_datetime": "2026-10-04T04:00:00", "source": "BMKG ADM4 forecast points + IDW", "boundary": "SERPRO Carbon Project Zone", "interpretation": "Forecast surface clipped to project boundary; not direct station observation" }, "geometry": { "type": "Point", "coordinates": [ 112.644057182460045, -2.977108209165781 ] } },
{ "type": "Feature", "properties": { "precipitation_mm": 0.0, "temperature_c": 24.128452416332266, "humidity_pct": 92.810739709332537, "cloud_cover_pct": 67.093877845531651, "wind_speed_ms": 6.5499170936128088, "forecast_datetime": "2026-10-04T04:00:00", "source": "BMKG ADM4 forecast points + IDW", "boundary": "SERPRO Carbon Project Zone", "interpretation": "Forecast surface clipped to project boundary; not direct station observation" }, "geometry": { "type": "Point", "coordinates": [ 112.644043793879206, -2.968064888957819 ] } },
{ "type": "Feature", "properties": { "precipitation_mm": 0.0, "temperature_c": 24.128404915335818, "humidity_pct": 92.809551086496086, "cloud_cover_pct": 67.086518822579336, "wind_speed_ms": 6.5510934466504764, "forecast_datetime": "2026-10-04T04:00:00", "source": "BMKG ADM4 forecast points + IDW", "boundary": "SERPRO Carbon Project Zone", "interpretation": "Forecast surface clipped to project boundary; not direct station observation" }, "geometry": { "type": "Point", "coordinates": [ 112.64403044621028, -2.959021567207373 ] } },
{ "type": "Feature", "properties": { "precipitation_mm": 0.0, "temperature_c": 24.128563220761055, "humidity_pct": 92.80503695239382, "cloud_cover_pct": 67.075211161952851, "wind_speed_ms": 6.5529703490975697, "forecast_datetime": "2026-10-04T04:00:00", "source": "BMKG ADM4 forecast points + IDW", "boundary": "SERPRO Carbon Project Zone", "interpretation": "Forecast surface clipped to project boundary; not direct station observation" }, "geometry": { "type": "Point", "coordinates": [ 112.644017139451577, -2.949978243919129 ] } },
{ "type": "Feature", "properties": { "precipitation_mm": 0.0, "temperature_c": 24.128885436077326, "humidity_pct": 92.797912532609203, "cloud_cover_pct": 67.060882259561112, "wind_speed_ms": 6.5553980968491965, "forecast_datetime": "2026-10-04T04:00:00", "source": "BMKG ADM4 forecast points + IDW", "boundary": "SERPRO Carbon Project Zone", "interpretation": "Forecast surface clipped to project boundary; not direct station observation" }, "geometry": { "type": "Point", "coordinates": [ 112.644003873601505, -2.940934919097771 ] } },
{ "type": "Feature", "properties": { "precipitation_mm": 0.0, "temperature_c": 24.129336781505259, "humidity_pct": 92.788771378311523, "cloud_cover_pct": 67.044302660003936, "wind_speed_ms": 6.5582520365969623, "forecast_datetime": "2026-10-04T04:00:00", "source": "BMKG ADM4 forecast points + IDW", "boundary": "SERPRO Carbon Project Zone", "interpretation": "Forecast surface clipped to project boundary; not direct station observation" }, "geometry": { "type": "Point", "coordinates": [ 112.643990648658388, -2.931891592747983 ] } },
{ "type": "Feature", "properties": { "precipitation_mm": 0.0, "temperature_c": 24.129888692362229, "humidity_pct": 92.778100297700448, "cloud_cover_pct": 67.026103845075355, "wind_speed_ms": 6.5614295156243223, "forecast_datetime": "2026-10-04T04:00:00", "source": "BMKG ADM4 forecast points + IDW", "boundary": "SERPRO Carbon Project Zone", "interpretation": "Forecast surface clipped to project boundary; not direct station observation" }, "geometry": { "type": "Point", "coordinates": [ 112.643977464620605, -2.922848264874453 ] } },
{ "type": "Feature", "properties": { "precipitation_mm": 0.0, "temperature_c": 24.412491799505325, "humidity_pct": 89.392358599499829, "cloud_cover_pct": 64.738769771867894, "wind_speed_ms": 7.9570600649195171, "forecast_datetime": "2026-10-04T04:00:00", "source": "BMKG ADM4 forecast points + IDW", "boundary": "SERPRO Carbon Project Zone", "interpretation": "Forecast surface clipped to project boundary; not direct station observation" }, "geometry": { "type": "Point", "coordinates": [ 112.653431266986161, -3.221262625996796 ] } },
{ "type": "Feature", "properties": { "precipitation_mm": 0.0, "temperature_c": 24.393300574517788, "humidity_pct": 89.526002367467441, "cloud_cover_pct": 64.67885715843417, "wind_speed_ms": 7.8375492575520749, "forecast_datetime": "2026-10-04T04:00:00", "source": "BMKG ADM4 forecast points + IDW", "boundary": "SERPRO Carbon Project Zone", "interpretation": "Forecast surface clipped to project boundary; not direct station observation" }, "geometry": { "type": "Point", "coordinates": [ 112.653416693931064, -3.212219390356728 ] } },
{ "type": "Feature", "properties": { "precipitation_mm": 0.0, "temperature_c": 24.374727669753977, "humidity_pct": 89.668667711969505, "cloud_cover_pct": 64.647547987121442, "wind_speed_ms": 7.7233126830264665, "forecast_datetime": "2026-10-04T04:00:00", "source": "BMKG ADM4 forecast points + IDW", "boundary": "SERPRO Carbon Project Zone", "interpretation": "Forecast surface clipped to project boundary; not direct station observation" }, "geometry": { "type": "Point", "coordinates": [ 112.653402162058129, -3.203176153047054 ] } },
{ "type": "Feature", "properties": { "precipitation_mm": 0.0, "temperature_c": 24.357265901416291, "humidity_pct": 89.817695356349475, "cloud_cover_pct": 64.648472498771952, "wind_speed_ms": 7.6177828747967302, "forecast_datetime": "2026-10-04T04:00:00", "source": "BMKG ADM4 forecast points + IDW", "boundary": "SERPRO Carbon Project Zone", "interpretation": "Forecast surface clipped to project boundary; not direct station observation" }, "geometry": { "type": "Point", "coordinates": [ 112.653387671365522, -3.194132914072458 ] } },
{ "type": "Feature", "properties": { "precipitation_mm": 0.0, "temperature_c": 24.340948694330937, "humidity_pct": 89.972267117526741, "cloud_cover_pct": 64.68122407397577, "wind_speed_ms": 7.5214524747366838, "forecast_datetime": "2026-10-04T04:00:00", "source": "BMKG ADM4 forecast points + IDW", "boundary": "SERPRO Carbon Project Zone", "interpretation": "Forecast surface clipped to project boundary; not direct station observation" }, "geometry": { "type": "Point", "coordinates": [ 112.653373221851481, -3.18508967343762 ] } },
{ "type": "Feature", "properties": { "precipitation_mm": 0.0, "temperature_c": 24.325573501823762, "humidity_pct": 90.132348847860314, "cloud_cover_pct": 64.742973453054248, "wind_speed_ms": 7.4332712726200185, "forecast_datetime": "2026-10-04T04:00:00", "source": "BMKG ADM4 forecast points + IDW", "boundary": "SERPRO Carbon Project Zone", "interpretation": "Forecast surface clipped to project boundary; not direct station observation" }, "geometry": { "type": "Point", "coordinates": [ 112.653358813514217, -3.176046431147226 ] } },
{ "type": "Feature", "properties": { "precipitation_mm": 0.0, "temperature_c": 24.310886233243259, "humidity_pct": 90.297884201494682, "cloud_cover_pct": 64.829909324283619, "wind_speed_ms": 7.3517933597047138, "forecast_datetime": "2026-10-04T04:00:00", "source": "BMKG ADM4 forecast points + IDW", "boundary": "SERPRO Carbon Project Zone", "interpretation": "Forecast surface clipped to project boundary; not direct station observation" }, "geometry": { "type": "Point", "coordinates": [ 112.653344446351966, -3.167003187205958 ] } },
{ "type": "Feature", "properties": { "precipitation_mm": 0.0, "temperature_c": 24.296681069905159, "humidity_pct": 90.46841409564162, "cloud_cover_pct": 64.938097623626248, "wind_speed_ms": 7.2757873172330294, "forecast_datetime": "2026-10-04T04:00:00", "source": "BMKG ADM4 forecast points + IDW", "boundary": "SERPRO Carbon Project Zone", "interpretation": "Forecast surface clipped to project boundary; not direct station observation" }, "geometry": { "type": "Point", "coordinates": [ 112.653330120362924, -3.157959941618498 ] } },
{ "type": "Feature", "properties": { "precipitation_mm": 0.0, "temperature_c": 24.282832636618931, "humidity_pct": 90.642998216021311, "cloud_cover_pct": 65.063813749932763, "wind_speed_ms": 7.2044214573028222, "forecast_datetime": "2026-10-04T04:00:00", "source": "BMKG ADM4 forecast points + IDW", "boundary": "SERPRO Carbon Project Zone", "interpretation": "Forecast surface clipped to project boundary; not direct station observation" }, "geometry": { "type": "Point", "coordinates": [ 112.653315835545342, -3.148916694389531 ] } },
{ "type": "Feature", "properties": { "precipitation_mm": 0.0, "temperature_c": 24.269292432780052, "humidity_pct": 90.82026898115933, "cloud_cover_pct": 65.203556615503274, "wind_speed_ms": 7.1372303332231484, "forecast_datetime": "2026-10-04T04:00:00", "source": "BMKG ADM4 forecast points + IDW", "boundary": "SERPRO Carbon Project Zone", "interpretation": "Forecast surface clipped to project boundary; not direct station observation" }, "geometry": { "type": "Point", "coordinates": [ 112.65330159189746, -3.13987344552374 ] } },
{ "type": "Feature", "properties": { "precipitation_mm": 0.0, "temperature_c": 24.25607285930958, "humidity_pct": 90.998514563476817, "cloud_cover_pct": 65.3539347406996, "wind_speed_ms": 7.0740129252387556, "forecast_datetime": "2026-10-04T04:00:00", "source": "BMKG ADM4 forecast points + IDW", "boundary": "SERPRO Carbon Project Zone", "interpretation": "Forecast surface clipped to project boundary; not direct station observation" }, "geometry": { "type": "Point", "coordinates": [ 112.653287389417514, -3.130830195025808 ] } },
{ "type": "Feature", "properties": { "precipitation_mm": 0.0, "temperature_c": 24.243230117736438, "humidity_pct": 91.175758299333381, "cloud_cover_pct": 65.511548453907025, "wind_speed_ms": 7.0147350207102486, "forecast_datetime": "2026-10-04T04:00:00", "source": "BMKG ADM4 forecast points + IDW", "boundary": "SERPRO Carbon Project Zone", "interpretation": "Forecast surface clipped to project boundary; not direct station observation" }, "geometry": { "type": "Point", "coordinates": [ 112.653273228103728, -3.121786942900421 ] } },
{ "type": "Feature", "properties": { "precipitation_mm": 0.0, "temperature_c": 24.230849277048073, "humidity_pct": 91.349840305651142, "cloud_cover_pct": 65.672932709303865, "wind_speed_ms": 6.9594564280896707, "forecast_datetime": "2026-10-04T04:00:00", "source": "BMKG ADM4 forecast points + IDW", "boundary": "SERPRO Carbon Project Zone", "interpretation": "Forecast surface clipped to project boundary; not direct station observation" }, "geometry": { "type": "Point", "coordinates": [ 112.653259107954369, -3.112743689152262 ] } },
{ "type": "Feature", "properties": { "precipitation_mm": 0.0, "temperature_c": 24.219031339148156, "humidity_pct": 91.518515584135997, "cloud_cover_pct": 65.834582521543339, "wind_speed_ms": 6.9082803250642364, "forecast_datetime": "2026-10-04T04:00:00", "source": "BMKG ADM4 forecast points + IDW", "boundary": "SERPRO Carbon Project Zone", "interpretation": "Forecast surface clipped to project boundary; not direct station observation" }, "geometry": { "type": "Point", "coordinates": [ 112.653245028967717, -3.103700433786013 ] } },
{ "type": "Feature", "properties": { "precipitation_mm": 0.0, "temperature_c": 24.2078814918634, "humidity_pct": 91.679574502703403, "cloud_cover_pct": 65.993054304944778, "wind_speed_ms": 6.8613164841388912, "forecast_datetime": "2026-10-04T04:00:00", "source": "BMKG ADM4 forecast points + IDW", "boundary": "SERPRO Carbon Project Zone", "interpretation": "Forecast surface clipped to project boundary; not direct station observation" }, "geometry": { "type": "Point", "coordinates": [ 112.653230991141996, -3.094657176806361 ] } },
{ "type": "Feature", "properties": { "precipitation_mm": 0.0, "temperature_c": 24.197498290838791, "humidity_pct": 91.830978298067606, "cloud_cover_pct": 66.145117916897689, "wind_speed_ms": 6.8186523291338021, "forecast_datetime": "2026-10-04T04:00:00", "source": "BMKG ADM4 forecast points + IDW", "boundary": "SERPRO Carbon Project Zone", "interpretation": "Forecast surface clipped to project boundary; not direct station observation" }, "geometry": { "type": "Point", "coordinates": [ 112.653216994475486, -3.085613918217989 ] } },
{ "type": "Feature", "properties": { "precipitation_mm": 0.0, "temperature_c": 24.187964221009612, "humidity_pct": 91.97099201658169, "cloud_cover_pct": 66.287924754405935, "wind_speed_ms": 6.7803296522620702, "forecast_datetime": "2026-10-04T04:00:00", "source": "BMKG ADM4 forecast points + IDW", "boundary": "SERPRO Carbon Project Zone", "interpretation": "Forecast surface clipped to project boundary; not direct station observation" }, "geometry": { "type": "Point", "coordinates": [ 112.653203038966467, -3.076570658025582 ] } },
{ "type": "Feature", "properties": { "precipitation_mm": 0.0, "temperature_c": 24.179338456690072, "humidity_pct": 92.098293890616077, "cloud_cover_pct": 66.419156713469917, "wind_speed_ms": 6.7463275580009832, "forecast_datetime": "2026-10-04T04:00:00", "source": "BMKG ADM4 forecast points + IDW", "boundary": "SERPRO Carbon Project Zone", "interpretation": "Forecast surface clipped to project boundary; not direct station observation" }, "geometry": { "type": "Point", "coordinates": [ 112.65318912461322, -3.067527396233826 ] } },
{ "type": "Feature", "properties": { "precipitation_mm": 0.0, "temperature_c": 24.171652550503133, "humidity_pct": 92.212043869902075, "cloud_cover_pct": 66.537128237022614, "wind_speed_ms": 6.7165530638402835, "forecast_datetime": "2026-10-04T04:00:00", "source": "BMKG ADM4 forecast points + IDW", "boundary": "SERPRO Carbon Project Zone", "interpretation": "Forecast surface clipped to project boundary; not direct station observation" }, "geometry": { "type": "Point", "coordinates": [ 112.653175251414012, -3.058484132847403 ] } },
{ "type": "Feature", "properties": { "precipitation_mm": 0.0, "temperature_c": 24.164909353646056, "humidity_pct": 92.311902683965684, "cloud_cover_pct": 66.640826380545192, "wind_speed_ms": 6.6908401491676788, "forecast_datetime": "2026-10-04T04:00:00", "source": "BMKG ADM4 forecast points + IDW", "boundary": "SERPRO Carbon Project Zone", "interpretation": "Forecast surface clipped to project boundary; not direct station observation" }, "geometry": { "type": "Point", "coordinates": [ 112.653161419367123, -3.049440867871001 ] } },
{ "type": "Feature", "properties": { "precipitation_mm": 0.0, "temperature_c": 24.159084923652109, "humidity_pct": 92.39800295309513, "cloud_cover_pct": 66.729887924567024, "wind_speed_ms": 6.6689566997085779, "forecast_datetime": "2026-10-04T04:00:00", "source": "BMKG ADM4 forecast points + IDW", "boundary": "SERPRO Carbon Project Zone", "interpretation": "Forecast surface clipped to project boundary; not direct station observation" }, "geometry": { "type": "Point", "coordinates": [ 112.653147628470876, -3.040397601309303 ] } },
{ "type": "Feature", "properties": { "precipitation_mm": 0.0, "temperature_c": 24.154132720308343, "humidity_pct": 92.470882247733471, "cloud_cover_pct": 66.804524282135858, "wind_speed_ms": 6.6506175143386592, "forecast_datetime": "2026-10-04T04:00:00", "source": "BMKG ADM4 forecast points + IDW", "boundary": "SERPRO Carbon Project Zone", "interpretation": "Forecast surface clipped to project boundary; not direct station observation" }, "geometry": { "type": "Point", "coordinates": [ 112.653133878723551, -3.031354333166995 ] } },
{ "type": "Feature", "properties": { "precipitation_mm": 0.0, "temperature_c": 24.149989150810427, "humidity_pct": 92.531392664735066, "cloud_cover_pct": 66.865411893802502, "wind_speed_ms": 6.6355008042911381, "forecast_datetime": "2026-10-04T04:00:00", "source": "BMKG ADM4 forecast points + IDW", "boundary": "SERPRO Carbon Project Zone", "interpretation": "Forecast surface clipped to project boundary; not direct station observation" }, "geometry": { "type": "Point", "coordinates": [ 112.653120170123429, -3.022311063448763 ] } },
{ "type": "Feature", "properties": { "precipitation_mm": 0.0, "temperature_c": 24.146579522270862, "humidity_pct": 92.580602118546906, "cloud_cover_pct": 66.913567486889505, "wind_speed_ms": 6.6232655504427846, "forecast_datetime": "2026-10-04T04:00:00", "source": "BMKG ADM4 forecast points + IDW", "boundary": "SERPRO Carbon Project Zone", "interpretation": "Forecast surface clipped to project boundary; not direct station observation" }, "geometry": { "type": "Point", "coordinates": [ 112.653106502668848, -3.013267792159292 ] } },
{ "type": "Feature", "properties": { "precipitation_mm": 0.0, "temperature_c": 24.143823635071232, "humidity_pct": 92.619700076950707, "cloud_cover_pct": 66.950225087864354, "wind_speed_ms": 6.6135675531165532, "forecast_datetime": "2026-10-04T04:00:00", "source": "BMKG ADM4 forecast points + IDW", "boundary": "SERPRO Carbon Project Zone", "interpretation": "Forecast surface clipped to project boundary; not direct station observation" }, "geometry": { "type": "Point", "coordinates": [ 112.653092876358116, -3.004224519303268 ] } },
{ "type": "Feature", "properties": { "precipitation_mm": 0.0, "temperature_c": 24.141640512879018, "humidity_pct": 92.649916400489531, "cloud_cover_pct": 66.976726861314987, "wind_speed_ms": 6.6060727509622499, "forecast_datetime": "2026-10-04T04:00:00", "source": "BMKG ADM4 forecast points + IDW", "boundary": "SERPRO Carbon Project Zone", "interpretation": "Forecast surface clipped to project boundary; not direct station observation" }, "geometry": { "type": "Point", "coordinates": [ 112.653079291189556, -2.995181244885377 ] } },
{ "type": "Feature", "properties": { "precipitation_mm": 0.0, "temperature_c": 24.139952030666269, "humidity_pct": 92.672457669221075, "cloud_cover_pct": 66.994434499994796, "wind_speed_ms": 6.6004671520784868, "forecast_datetime": "2026-10-04T04:00:00", "source": "BMKG ADM4 forecast points + IDW", "boundary": "SERPRO Carbon Project Zone", "interpretation": "Forecast surface clipped to project boundary; not direct station observation" }, "geometry": { "type": "Point", "coordinates": [ 112.653065747161477, -2.986137968910305 ] } },
{ "type": "Feature", "properties": { "precipitation_mm": 0.0, "temperature_c": 24.138685416607316, "humidity_pct": 92.688461831062156, "cloud_cover_pct": 67.004663262459047, "wind_speed_ms": 6.5964633461394717, "forecast_datetime": "2026-10-04T04:00:00", "source": "BMKG ADM4 forecast points + IDW", "boundary": "SERPRO Carbon Project Zone", "interpretation": "Forecast surface clipped to project boundary; not direct station observation" }, "geometry": { "type": "Point", "coordinates": [ 112.653052244272189, -2.977094691382738 ] } },
{ "type": "Feature", "properties": { "precipitation_mm": 0.0, "temperature_c": 24.137774745860302, "humidity_pct": 92.698969581999805, "cloud_cover_pct": 67.008637444980607, "wind_speed_ms": 6.5938039822899226, "forecast_datetime": "2026-10-04T04:00:00", "source": "BMKG ADM4 forecast points + IDW", "boundary": "SERPRO Carbon Project Zone", "interpretation": "Forecast surface clipped to project boundary; not direct station observation" }, "geometry": { "type": "Point", "coordinates": [ 112.653038782520085, -2.968051412307362 ] } },
{ "type": "Feature", "properties": { "precipitation_mm": 0.0, "temperature_c": 24.137161616952291, "humidity_pct": 92.704909581446373, "cloud_cover_pct": 67.007464151003504, "wind_speed_ms": 6.5922628093474529, "forecast_datetime": "2026-10-04T04:00:00", "source": "BMKG ADM4 forecast points + IDW", "boundary": "SERPRO Carbon Project Zone", "interpretation": "Forecast surface clipped to project boundary; not direct station observation" }, "geometry": { "type": "Point", "coordinates": [ 112.653025361903445, -2.959008131688863 ] } },
{ "type": "Feature", "properties": { "precipitation_mm": 0.0, "temperature_c": 24.13679522067353, "humidity_pct": 92.707094183369648, "cloud_cover_pct": 67.002121443029793, "wind_speed_ms": 6.5916439277261922, "forecast_datetime": "2026-10-04T04:00:00", "source": "BMKG ADM4 forecast points + IDW", "boundary": "SERPRO Carbon Project Zone", "interpretation": "Forecast surface clipped to project boundary; not direct station observation" }, "geometry": { "type": "Point", "coordinates": [ 112.653011982420622, -2.949964849531929 ] } },
{ "type": "Feature", "properties": { "precipitation_mm": 0.0, "temperature_c": 24.136631996264832, "humidity_pct": 92.706222525122712, "cloud_cover_pct": 66.993456974954185, "wind_speed_ms": 6.5917798529552813, "forecast_datetime": "2026-10-04T04:00:00", "source": "BMKG ADM4 forecast points + IDW", "boundary": "SERPRO Carbon Project Zone", "interpretation": "Forecast surface clipped to project boundary; not direct station observation" }, "geometry": { "type": "Point", "coordinates": [ 112.652998644069996, -2.940921565841246 ] } },
{ "type": "Feature", "properties": { "precipitation_mm": 0.0, "temperature_c": 24.136635037073528, "humidity_pct": 92.702888289836338, "cloud_cover_pct": 66.982193670480271, "wind_speed_ms": 6.5925288887902456, "forecast_datetime": "2026-10-04T04:00:00", "source": "BMKG ADM4 forecast points + IDW", "boundary": "SERPRO Carbon Project Zone", "interpretation": "Forecast surface clipped to project boundary; not direct station observation" }, "geometry": { "type": "Point", "coordinates": [ 112.652985346849889, -2.9318782806215 ] } },
{ "type": "Feature", "properties": { "precipitation_mm": 0.0, "temperature_c": 24.136773369897199, "humidity_pct": 92.697590043993102, "cloud_cover_pct": 66.968939675257687, "wind_speed_ms": 6.5937721901439454, "forecast_datetime": "2026-10-04T04:00:00", "source": "BMKG ADM4 forecast points + IDW", "boundary": "SERPRO Carbon Project Zone", "interpretation": "Forecast surface clipped to project boundary; not direct station observation" }, "geometry": { "type": "Point", "coordinates": [ 112.652972090758666, -2.92283499387738 ] } },
{ "type": "Feature", "properties": { "precipitation_mm": 0.0, "temperature_c": 24.526555531299813, "humidity_pct": 88.777686896064566, "cloud_cover_pct": 65.45901974279721, "wind_speed_ms": 8.6885178903937401, "forecast_datetime": "2026-10-04T04:00:00", "source": "BMKG ADM4 forecast points + IDW", "boundary": "SERPRO Carbon Project Zone", "interpretation": "Forecast surface clipped to project boundary; not direct station observation" }, "geometry": { "type": "Point", "coordinates": [ 112.662428347789884, -3.221247917655373 ] } },
{ "type": "Feature", "properties": { "precipitation_mm": 0.0, "temperature_c": 24.499075906407889, "humidity_pct": 88.956883931036344, "cloud_cover_pct": 65.348825093653687, "wind_speed_ms": 8.516209240133314, "forecast_datetime": "2026-10-04T04:00:00", "source": "BMKG ADM4 forecast points + IDW", "boundary": "SERPRO Carbon Project Zone", "interpretation": "Forecast surface clipped to project boundary; not direct station observation" }, "geometry": { "type": "Point", "coordinates": [ 112.662413695524876, -3.212204723390176 ] } },
{ "type": "Feature", "properties": { "precipitation_mm": 0.0, "temperature_c": 24.470170637278738, "humidity_pct": 89.154439407198709, "cloud_cover_pct": 65.251252995711809, "wind_speed_ms": 8.3360530242223287, "forecast_datetime": "2026-10-04T04:00:00", "source": "BMKG ADM4 forecast points + IDW", "boundary": "SERPRO Carbon Project Zone", "interpretation": "Forecast surface clipped to project boundary; not direct station observation" }, "geometry": { "type": "Point", "coordinates": [ 112.662399084665836, -3.203161527454677 ] } },
{ "type": "Feature", "properties": { "precipitation_mm": 0.0, "temperature_c": 24.441661145412162, "humidity_pct": 89.360516275162297, "cloud_cover_pct": 65.178140893014557, "wind_speed_ms": 8.1599159675818704, "forecast_datetime": "2026-10-04T04:00:00", "source": "BMKG ADM4 forecast points + IDW", "boundary": "SERPRO Carbon Project Zone", "interpretation": "Forecast surface clipped to project boundary; not direct station observation" }, "geometry": { "type": "Point", "coordinates": [ 112.662384515210988, -3.194118329853561 ] } },
{ "type": "Feature", "properties": { "precipitation_mm": 0.0, "temperature_c": 24.414607273451832, "humidity_pct": 89.568977352426742, "cloud_cover_pct": 65.135798697593984, "wind_speed_ms": 7.994790077721813, "forecast_datetime": "2026-10-04T04:00:00", "source": "BMKG ADM4 forecast points + IDW", "boundary": "SERPRO Carbon Project Zone", "interpretation": "Forecast surface clipped to project boundary; not direct station observation" }, "geometry": { "type": "Point", "coordinates": [ 112.662369987158513, -3.185075130591513 ] } },
{ "type": "Feature", "properties": { "precipitation_mm": 0.0, "temperature_c": 24.389435015240238, "humidity_pct": 89.776728188552738, "cloud_cover_pct": 65.125826935944886, "wind_speed_ms": 7.8435857306805001, "forecast_datetime": "2026-10-04T04:00:00", "source": "BMKG ADM4 forecast points + IDW", "boundary": "SERPRO Carbon Project Zone", "interpretation": "Forecast surface clipped to project boundary; not direct station observation" }, "geometry": { "type": "Point", "coordinates": [ 112.662355500506635, -3.176031929673217 ] } },
{ "type": "Feature", "properties": { "precipitation_mm": 0.0, "temperature_c": 24.366176098848314, "humidity_pct": 89.982507707764668, "cloud_cover_pct": 65.14672583668505, "wind_speed_ms": 7.7066387213372529, "forecast_datetime": "2026-10-04T04:00:00", "source": "BMKG ADM4 forecast points + IDW", "boundary": "SERPRO Carbon Project Zone", "interpretation": "Forecast surface clipped to project boundary; not direct station observation" }, "geometry": { "type": "Point", "coordinates": [ 112.662341055253563, -3.166988727103358 ] } },
{ "type": "Feature", "properties": { "precipitation_mm": 0.0, "temperature_c": 24.344677280492718, "humidity_pct": 90.185854996138033, "cloud_cover_pct": 65.195340371365887, "wind_speed_ms": 7.5830263266628641, "forecast_datetime": "2026-10-04T04:00:00", "source": "BMKG ADM4 forecast points + IDW", "boundary": "SERPRO Carbon Project Zone", "interpretation": "Forecast surface clipped to project boundary; not direct station observation" }, "geometry": { "type": "Point", "coordinates": [ 112.662326651397478, -3.157945522886623 ] } },
{ "type": "Feature", "properties": { "precipitation_mm": 0.0, "temperature_c": 24.324734351872259, "humidity_pct": 90.386465206522161, "cloud_cover_pct": 65.267810578267074, "wind_speed_ms": 7.4714077832152563, "forecast_datetime": "2026-10-04T04:00:00", "source": "BMKG ADM4 forecast points + IDW", "boundary": "SERPRO Carbon Project Zone", "interpretation": "Forecast surface clipped to project boundary; not direct station observation" }, "geometry": { "type": "Point", "coordinates": [ 112.662312288936647, -3.148902317027697 ] } },
{ "type": "Feature", "properties": { "precipitation_mm": 0.0, "temperature_c": 24.306160461172471, "humidity_pct": 90.583871535910433, "cloud_cover_pct": 65.36007105712082, "wind_speed_ms": 7.3704525888042403, "forecast_datetime": "2026-10-04T04:00:00", "source": "BMKG ADM4 forecast points + IDW", "boundary": "SERPRO Carbon Project Zone", "interpretation": "Forecast surface clipped to project boundary; not direct station observation" }, "geometry": { "type": "Point", "coordinates": [ 112.662297967869264, -3.139859109531263 ] } },
{ "type": "Feature", "properties": { "precipitation_mm": 0.0, "temperature_c": 24.288812567555034, "humidity_pct": 90.777329454543107, "cloud_cover_pct": 65.468060238340016, "wind_speed_ms": 7.2790099842716138, "forecast_datetime": "2026-10-04T04:00:00", "source": "BMKG ADM4 forecast points + IDW", "boundary": "SERPRO Carbon Project Zone", "interpretation": "Forecast surface clipped to project boundary; not direct station observation" }, "geometry": { "type": "Point", "coordinates": [ 112.662283688193583, -3.130815900402008 ] } },
{ "type": "Feature", "properties": { "precipitation_mm": 0.0, "temperature_c": 24.272595692702893, "humidity_pct": 90.965810116704489, "cloud_cover_pct": 65.587787895366432, "wind_speed_ms": 7.1961455810287083, "forecast_datetime": "2026-10-04T04:00:00", "source": "BMKG ADM4 forecast points + IDW", "boundary": "SERPRO Carbon Project Zone", "interpretation": "Forecast surface clipped to project boundary; not direct station observation" }, "geometry": { "type": "Point", "coordinates": [ 112.662269449907839, -3.121772689644621 ] } },
{ "type": "Feature", "properties": { "precipitation_mm": 0.0, "temperature_c": 24.257456888790067, "humidity_pct": 91.148052403133292, "cloud_cover_pct": 65.715360825744042, "wind_speed_ms": 7.1211207782596029, "forecast_datetime": "2026-10-04T04:00:00", "source": "BMKG ADM4 forecast points + IDW", "boundary": "SERPRO Carbon Project Zone", "interpretation": "Forecast surface clipped to project boundary; not direct station observation" }, "geometry": { "type": "Point", "coordinates": [ 112.662255253010244, -3.112729477263783 ] } },
{ "type": "Feature", "properties": { "precipitation_mm": 0.0, "temperature_c": 24.243375031495848, "humidity_pct": 91.322649862578189, "cloud_cover_pct": 65.847020202700762, "wind_speed_ms": 7.0533525453535217, "forecast_datetime": "2026-10-04T04:00:00", "source": "BMKG ADM4 forecast points + IDW", "boundary": "SERPRO Carbon Project Zone", "interpretation": "Forecast surface clipped to project boundary; not direct station observation" }, "geometry": { "type": "Point", "coordinates": [ 112.662241097499091, -3.103686263264183 ] } },
{ "type": "Feature", "properties": { "precipitation_mm": 0.0, "temperature_c": 24.230349363034207, "humidity_pct": 91.488159095222954, "cloud_cover_pct": 65.979209465861572, "wind_speed_ms": 6.992369815588992, "forecast_datetime": "2026-10-04T04:00:00", "source": "BMKG ADM4 forecast points + IDW", "boundary": "SERPRO Carbon Project Zone", "interpretation": "Forecast surface clipped to project boundary; not direct station observation" }, "geometry": { "type": "Point", "coordinates": [ 112.662226983372591, -3.094643047650506 ] } },
{ "type": "Feature", "properties": { "precipitation_mm": 0.0, "temperature_c": 24.218388323238653, "humidity_pct": 91.64321694863375, "cloud_cover_pct": 66.108668775584945, "wind_speed_ms": 6.9377730628756478, "forecast_datetime": "2026-10-04T04:00:00", "source": "BMKG ADM4 forecast points + IDW", "boundary": "SERPRO Carbon Project Zone", "interpretation": "Forecast surface clipped to project boundary; not direct station observation" }, "geometry": { "type": "Point", "coordinates": [ 112.662212910629023, -3.08559983042744 ] } },
{ "type": "Feature", "properties": { "precipitation_mm": 0.0, "temperature_c": 24.207499694041609, "humidity_pct": 91.786652153952645, "cloud_cover_pct": 66.232539328895456, "wind_speed_ms": 6.8892000080024207, "forecast_datetime": "2026-10-04T04:00:00", "source": "BMKG ADM4 forecast points + IDW", "boundary": "SERPRO Carbon Project Zone", "interpretation": "Forecast surface clipped to project boundary; not direct station observation" }, "geometry": { "type": "Point", "coordinates": [ 112.66219887926664, -3.076556611599671 ] } },
{ "type": "Feature", "properties": { "precipitation_mm": 0.0, "temperature_c": 24.197682832696415, "humidity_pct": 91.917576970637185, "cloud_cover_pct": 66.348456674195759, "wind_speed_ms": 6.846299115032247, "forecast_datetime": "2026-10-04T04:00:00", "source": "BMKG ADM4 forecast points + IDW", "boundary": "SERPRO Carbon Project Zone", "interpretation": "Forecast surface clipped to project boundary; not direct station observation" }, "geometry": { "type": "Point", "coordinates": [ 112.662184889283722, -3.067513391171884 ] } },
{ "type": "Feature", "properties": { "precipitation_mm": 0.0, "temperature_c": 24.188923494554544, "humidity_pct": 92.035447523805431, "cloud_cover_pct": 66.454614813624119, "wind_speed_ms": 6.8087117476516923, "forecast_datetime": "2026-10-04T04:00:00", "source": "BMKG ADM4 forecast points + IDW", "boundary": "SERPRO Carbon Project Zone", "interpretation": "Forecast surface clipped to project boundary; not direct station observation" }, "geometry": { "type": "Point", "coordinates": [ 112.662170940678536, -3.058470169148767 ] } },
{ "type": "Feature", "properties": { "precipitation_mm": 0.0, "temperature_c": 24.181191389373478, "humidity_pct": 92.140087206714369, "cloud_cover_pct": 66.549789990849746, "wind_speed_ms": 6.7760629586281755, "forecast_datetime": "2026-10-04T04:00:00", "source": "BMKG ADM4 forecast points + IDW", "boundary": "SERPRO Carbon Project Zone", "interpretation": "Forecast surface clipped to project boundary; not direct station observation" }, "geometry": { "type": "Point", "coordinates": [ 112.662157033449347, -3.049426945535008 ] } },
{ "type": "Feature", "properties": { "precipitation_mm": 0.0, "temperature_c": 24.174440239390965, "humidity_pct": 92.231674064594657, "cloud_cover_pct": 66.633321843986025, "wind_speed_ms": 6.7479599250529807, "forecast_datetime": "2026-10-04T04:00:00", "source": "BMKG ADM4 forecast points + IDW", "boundary": "SERPRO Carbon Project Zone", "interpretation": "Forecast surface clipped to project boundary; not direct station observation" }, "geometry": { "type": "Point", "coordinates": [ 112.662143167594465, -3.040383720335293 ] } },
{ "type": "Feature", "properties": { "precipitation_mm": 0.0, "temperature_c": 24.168609806282017, "humidity_pct": 92.310698638582977, "cloud_cover_pct": 66.705057471832419, "wind_speed_ms": 6.7239962654640815, "forecast_datetime": "2026-10-04T04:00:00", "source": "BMKG ADM4 forecast points + IDW", "boundary": "SERPRO Carbon Project Zone", "interpretation": "Forecast surface clipped to project boundary; not direct station observation" }, "geometry": { "type": "Point", "coordinates": [ 112.662129343112142, -3.031340493554309 ] } },
{ "type": "Feature", "properties": { "precipitation_mm": 0.0, "temperature_c": 24.163629191995305, "humidity_pct": 92.377902105295362, "cloud_cover_pct": 66.765269177755783, "wind_speed_ms": 6.7037600784529952, "forecast_datetime": "2026-10-04T04:00:00", "source": "BMKG ADM4 forecast points + IDW", "boundary": "SERPRO Carbon Project Zone", "interpretation": "Forecast surface clipped to project boundary; not direct station observation" }, "geometry": { "type": "Point", "coordinates": [ 112.6621155600007, -3.022297265196745 ] } },
{ "type": "Feature", "properties": { "precipitation_mm": 0.0, "temperature_c": 24.159420707862974, "humidity_pct": 92.434205374591087, "cloud_cover_pct": 66.814558630951936, "wind_speed_ms": 6.6868435719742703, "forecast_datetime": "2026-10-04T04:00:00", "source": "BMKG ADM4 forecast points + IDW", "boundary": "SERPRO Carbon Project Zone", "interpretation": "Forecast surface clipped to project boundary; not direct station observation" }, "geometry": { "type": "Point", "coordinates": [ 112.662101818258435, -3.013254035267288 ] } },
{ "type": "Feature", "properties": { "precipitation_mm": 0.0, "temperature_c": 24.155903715177701, "humidity_pct": 92.480638550937627, "cloud_cover_pct": 66.85375934167061, "wind_speed_ms": 6.672852518165068, "forecast_datetime": "2026-10-04T04:00:00", "source": "BMKG ADM4 forecast points + IDW", "boundary": "SERPRO Carbon Project Zone", "interpretation": "Forecast surface clipped to project boundary; not direct station observation" }, "geometry": { "type": "Point", "coordinates": [ 112.662088117883641, -3.004210803770623 ] } },
{ "type": "Feature", "properties": { "precipitation_mm": 0.0, "temperature_c": 24.152998014453129, "humidity_pct": 92.518277672823046, "cloud_cover_pct": 66.88384668665222, "wind_speed_ms": 6.6614143117965279, "forecast_datetime": "2026-10-04T04:00:00", "source": "BMKG ADM4 forecast points + IDW", "boundary": "SERPRO Carbon Project Zone", "interpretation": "Forecast surface clipped to project boundary; not direct station observation" }, "geometry": { "type": "Point", "coordinates": [ 112.662074458874628, -2.995167570711442 ] } },
{ "type": "Feature", "properties": { "precipitation_mm": 0.0, "temperature_c": 24.150626546557987, "humidity_pct": 92.548192795903972, "cloud_cover_pct": 66.905861349569321, "wind_speed_ms": 6.6521839755827195, "forecast_datetime": "2026-10-04T04:00:00", "source": "BMKG ADM4 forecast points + IDW", "boundary": "SERPRO Carbon Project Zone", "interpretation": "Forecast surface clipped to project boundary; not direct station observation" }, "geometry": { "type": "Point", "coordinates": [ 112.662060841229703, -2.986124336094431 ] } },
{ "type": "Feature", "properties": { "precipitation_mm": 0.0, "temperature_c": 24.148717328880384, "humidity_pct": 92.571408932380791, "cloud_cover_pct": 66.920848835322857, "wind_speed_ms": 6.6448479326376777, "forecast_datetime": "2026-10-04T04:00:00", "source": "BMKG ADM4 forecast points + IDW", "boundary": "SERPRO Carbon Project Zone", "interpretation": "Forecast surface clipped to project boundary; not direct station observation" }, "geometry": { "type": "Point", "coordinates": [ 112.662047264947219, -2.977081099924277 ] } },
{ "type": "Feature", "properties": { "precipitation_mm": 0.0, "temperature_c": 24.147204665069179, "humidity_pct": 92.588879448963482, "cloud_cover_pct": 66.92981518931056, "wind_speed_ms": 6.6391257036712314, "forecast_datetime": "2026-10-04T04:00:00", "source": "BMKG ADM4 forecast points + IDW", "boundary": "SERPRO Carbon Project Zone", "interpretation": "Forecast surface clipped to project boundary; not direct station observation" }, "geometry": { "type": "Point", "coordinates": [ 112.66203373002547, -2.96803786220567 ] } },
{ "type": "Feature", "properties": { "precipitation_mm": 0.0, "temperature_c": 24.146029735316041, "humidity_pct": 92.60147033959754, "cloud_cover_pct": 66.933697376550924, "wind_speed_ms": 6.6347698802597534, "forecast_datetime": "2026-10-04T04:00:00", "source": "BMKG ADM4 forecast points + IDW", "boundary": "SERPRO Carbon Project Zone", "interpretation": "Forecast surface clipped to project boundary; not direct station observation" }, "geometry": { "type": "Point", "coordinates": [ 112.66202023646278, -2.958994622943299 ] } },
{ "type": "Feature", "properties": { "precipitation_mm": 0.0, "temperature_c": 24.145140703124319, "humidity_pct": 92.609953235383571, "cloud_cover_pct": 66.933345889463837, "wind_speed_ms": 6.6315648008273786, "forecast_datetime": "2026-10-04T04:00:00", "source": "BMKG ADM4 forecast points + IDW", "boundary": "SERPRO Carbon Project Zone", "interpretation": "Forecast surface clipped to project boundary; not direct station observation" }, "geometry": { "type": "Point", "coordinates": [ 112.662006784257485, -2.949951382141851 ] } },
{ "type": "Feature", "properties": { "precipitation_mm": 0.0, "temperature_c": 24.14449247556967, "humidity_pct": 92.615004924538425, "cloud_cover_pct": 66.929516877798562, "wind_speed_ms": 6.6293243488778471, "forecast_datetime": "2026-10-04T04:00:00", "source": "BMKG ADM4 forecast points + IDW", "boundary": "SERPRO Carbon Project Zone", "interpretation": "Forecast surface clipped to project boundary; not direct station observation" }, "geometry": { "type": "Point", "coordinates": [ 112.661993373407938, -2.940908139806014 ] } },
{ "type": "Feature", "properties": { "precipitation_mm": 0.0, "temperature_c": 24.144046238533253, "humidity_pct": 92.617211353943077, "cloud_cover_pct": 66.922871222381289, "wind_speed_ms": 6.6278892382452375, "forecast_datetime": "2026-10-04T04:00:00", "source": "BMKG ADM4 forecast points + IDW", "boundary": "SERPRO Carbon Project Zone", "interpretation": "Forecast surface clipped to project boundary; not direct station observation" }, "geometry": { "type": "Point", "coordinates": [ 112.66198000391249, -2.931864895940478 ] } },
{ "type": "Feature", "properties": { "precipitation_mm": 0.0, "temperature_c": 24.143768865327047, "humidity_pct": 92.617074425060139, "cloud_cover_pct": 66.91397832391192, "wind_speed_ms": 6.6271240749574591, "forecast_datetime": "2026-10-04T04:00:00", "source": "BMKG ADM4 forecast points + IDW", "boundary": "SERPRO Carbon Project Zone", "interpretation": "Forecast surface clipped to project boundary; not direct station observation" }, "geometry": { "type": "Point", "coordinates": [ 112.661966675769477, -2.922821650549933 ] } },
{ "type": "Feature", "properties": { "precipitation_mm": 0.0, "temperature_c": 24.566213073731213, "humidity_pct": 88.617090998447296, "cloud_cover_pct": 65.819277757101773, "wind_speed_ms": 8.9505177395778439, "forecast_datetime": "2026-10-04T04:00:00", "source": "BMKG ADM4 forecast points + IDW", "boundary": "SERPRO Carbon Project Zone", "interpretation": "Forecast surface clipped to project boundary; not direct station observation" }, "geometry": { "type": "Point", "coordinates": [ 112.67139596586938, -3.203146822582969 ] } },
{ "type": "Feature", "properties": { "precipitation_mm": 0.0, "temperature_c": 24.527012414996086, "humidity_pct": 88.881454547748802, "cloud_cover_pct": 65.680261480016483, "wind_speed_ms": 8.7061748656002909, "forecast_datetime": "2026-10-04T04:00:00", "source": "BMKG ADM4 forecast points + IDW", "boundary": "SERPRO Carbon Project Zone", "interpretation": "Forecast surface clipped to project boundary; not direct station observation" }, "geometry": { "type": "Point", "coordinates": [ 112.671381317654081, -3.194103666579602 ] } },
{ "type": "Feature", "properties": { "precipitation_mm": 0.0, "temperature_c": 24.489428578047526, "humidity_pct": 89.14612087914486, "cloud_cover_pct": 65.570591934351981, "wind_speed_ms": 8.4737401830545096, "forecast_datetime": "2026-10-04T04:00:00", "source": "BMKG ADM4 forecast points + IDW", "boundary": "SERPRO Carbon Project Zone", "interpretation": "Forecast surface clipped to project boundary; not direct station observation" }, "geometry": { "type": "Point", "coordinates": [ 112.671366711064977, -3.185060508914606 ] } },
{ "type": "Feature", "properties": { "precipitation_mm": 0.0, "temperature_c": 24.454535203007058, "humidity_pct": 89.404496357441815, "cloud_cover_pct": 65.495809600497211, "wind_speed_ms": 8.2602042197548364, "forecast_datetime": "2026-10-04T04:00:00", "source": "BMKG ADM4 forecast points + IDW", "boundary": "SERPRO Carbon Project Zone", "interpretation": "Forecast surface clipped to project boundary; not direct station observation" }, "geometry": { "type": "Point", "coordinates": [ 112.671352146100261, -3.176017349592669 ] } },
{ "type": "Feature", "properties": { "precipitation_mm": 0.0, "temperature_c": 24.422684324645346, "humidity_pct": 89.653716999495146, "cloud_cover_pct": 65.456559460031571, "wind_speed_ms": 8.0679044546433953, "forecast_datetime": "2026-10-04T04:00:00", "source": "BMKG ADM4 forecast points + IDW", "boundary": "SERPRO Carbon Project Zone", "interpretation": "Forecast surface clipped to project boundary; not direct station observation" }, "geometry": { "type": "Point", "coordinates": [ 112.671337622758131, -3.166974188618477 ] } },
{ "type": "Feature", "properties": { "precipitation_mm": 0.0, "temperature_c": 24.393810403498847, "humidity_pct": 89.893033935515774, "cloud_cover_pct": 65.450511776379045, "wind_speed_ms": 7.8964509677575103, "forecast_datetime": "2026-10-04T04:00:00", "source": "BMKG ADM4 forecast points + IDW", "boundary": "SERPRO Carbon Project Zone", "interpretation": "Forecast surface clipped to project boundary; not direct station observation" }, "geometry": { "type": "Point", "coordinates": [ 112.671323141036808, -3.157931025996719 ] } },
{ "type": "Feature", "properties": { "precipitation_mm": 0.0, "temperature_c": 24.367658435515594, "humidity_pct": 90.12261502306022, "cloud_cover_pct": 65.473824083789466, "wind_speed_ms": 7.7441708686757647, "forecast_datetime": "2026-10-04T04:00:00", "source": "BMKG ADM4 forecast points + IDW", "boundary": "SERPRO Carbon Project Zone", "interpretation": "Forecast surface clipped to project boundary; not direct station observation" }, "geometry": { "type": "Point", "coordinates": [ 112.671308700934475, -3.14888786173208 ] } },
{ "type": "Feature", "properties": { "precipitation_mm": 0.0, "temperature_c": 24.343922194552359, "humidity_pct": 90.342829599612742, "cloud_cover_pct": 65.522046405457985, "wind_speed_ms": 7.6089845280342985, "forecast_datetime": "2026-10-04T04:00:00", "source": "BMKG ADM4 forecast points + IDW", "boundary": "SERPRO Carbon Project Zone", "interpretation": "Forecast surface clipped to project boundary; not direct station observation" }, "geometry": { "type": "Point", "coordinates": [ 112.671294302449382, -3.139844695829249 ] } },
{ "type": "Feature", "properties": { "precipitation_mm": 0.0, "temperature_c": 24.322314446288345, "humidity_pct": 90.553895351137868, "cloud_cover_pct": 65.590603435448699, "wind_speed_ms": 7.4888542135394651, "forecast_datetime": "2026-10-04T04:00:00", "source": "BMKG ADM4 forecast points + IDW", "boundary": "SERPRO Carbon Project Zone", "interpretation": "Forecast surface clipped to project boundary; not direct station observation" }, "geometry": { "type": "Point", "coordinates": [ 112.671279945579741, -3.130801528292915 ] } },
{ "type": "Feature", "properties": { "precipitation_mm": 0.0, "temperature_c": 24.302595085152667, "humidity_pct": 90.755749692610777, "cloud_cover_pct": 65.675021901310373, "wind_speed_ms": 7.3819711385336593, "forecast_datetime": "2026-10-04T04:00:00", "source": "BMKG ADM4 forecast points + IDW", "boundary": "SERPRO Carbon Project Zone", "interpretation": "Forecast surface clipped to project boundary; not direct station observation" }, "geometry": { "type": "Point", "coordinates": [ 112.671265630323774, -3.121758359127762 ] } },
{ "type": "Feature", "properties": { "precipitation_mm": 0.0, "temperature_c": 24.284576427280737, "humidity_pct": 90.948046856951919, "cloud_cover_pct": 65.771032502326548, "wind_speed_ms": 7.2868032488090071, "forecast_datetime": "2026-10-04T04:00:00", "source": "BMKG ADM4 forecast points + IDW", "boundary": "SERPRO Carbon Project Zone", "interpretation": "Forecast surface clipped to project boundary; not direct station observation" }, "geometry": { "type": "Point", "coordinates": [ 112.671251356679704, -3.112715188338483 ] } },
{ "type": "Feature", "properties": { "precipitation_mm": 0.0, "temperature_c": 24.26811743812808, "humidity_pct": 91.130221191909044, "cloud_cover_pct": 65.874626023901442, "wind_speed_ms": 7.2020777256514288, "forecast_datetime": "2026-10-04T04:00:00", "source": "BMKG ADM4 forecast points + IDW", "boundary": "SERPRO Carbon Project Zone", "interpretation": "Forecast surface clipped to project boundary; not direct station observation" }, "geometry": { "type": "Point", "coordinates": [ 112.671237124645799, -3.103672015929761 ] } },
{ "type": "Feature", "properties": { "precipitation_mm": 0.0, "temperature_c": 24.253113430384577, "humidity_pct": 91.30158233136396, "cloud_cover_pct": 65.98210322582473, "wind_speed_ms": 7.1267380168227978, "forecast_datetime": "2026-10-04T04:00:00", "source": "BMKG ADM4 forecast points + IDW", "boundary": "SERPRO Carbon Project Zone", "interpretation": "Forecast surface clipped to project boundary; not direct station observation" }, "geometry": { "type": "Point", "coordinates": [ 112.671222934220253, -3.094628841906287 ] } },
{ "type": "Feature", "properties": { "precipitation_mm": 0.0, "temperature_c": 24.239484719543444, "humidity_pct": 91.461420727121691, "cloud_cover_pct": 66.090131111336675, "wind_speed_ms": 7.0598952334359995, "forecast_datetime": "2026-10-04T04:00:00", "source": "BMKG ADM4 forecast points + IDW", "boundary": "SERPRO Carbon Project Zone", "interpretation": "Forecast surface clipped to project boundary; not direct station observation" }, "geometry": { "type": "Point", "coordinates": [ 112.671208785401362, -3.085585666272749 ] } },
{ "type": "Feature", "properties": { "precipitation_mm": 0.0, "temperature_c": 24.227166111655023, "humidity_pct": 91.60910802045413, "cloud_cover_pct": 66.195802394348817, "wind_speed_ms": 7.0007832726865846, "forecast_datetime": "2026-10-04T04:00:00", "source": "BMKG ADM4 forecast points + IDW", "boundary": "SERPRO Carbon Project Zone", "interpretation": "Forecast surface clipped to project boundary; not direct station observation" }, "geometry": { "type": "Point", "coordinates": [ 112.671194678187348, -3.076542489033836 ] } },
{ "type": "Feature", "properties": { "precipitation_mm": 0.0, "temperature_c": 24.216098238506905, "humidity_pct": 91.744180393098105, "cloud_cover_pct": 66.296687893027112, "wind_speed_ms": 6.9487217887173056, "forecast_datetime": "2026-10-04T04:00:00", "source": "BMKG ADM4 forecast points + IDW", "boundary": "SERPRO Carbon Project Zone", "interpretation": "Forecast surface clipped to project boundary; not direct station observation" }, "geometry": { "type": "Point", "coordinates": [ 112.671180612576492, -3.067499310194236 ] } },
{ "type": "Feature", "properties": { "precipitation_mm": 0.0, "temperature_c": 24.206221228744841, "humidity_pct": 91.866396753962093, "cloud_cover_pct": 66.390870835564698, "wind_speed_ms": 6.9030884307886664, "forecast_datetime": "2026-10-04T04:00:00", "source": "BMKG ADM4 forecast points + IDW", "boundary": "SERPRO Carbon Project Zone", "interpretation": "Forecast surface clipped to project boundary; not direct station observation" }, "geometry": { "type": "Point", "coordinates": [ 112.671166588567047, -3.058456129758638 ] } },
{ "type": "Feature", "properties": { "precipitation_mm": 0.0, "temperature_c": 24.197470813957903, "humidity_pct": 91.975767974894467, "cloud_cover_pct": 66.47695538743298, "wind_speed_ms": 6.8633002091088162, "forecast_datetime": "2026-10-04T04:00:00", "source": "BMKG ADM4 forecast points + IDW", "boundary": "SERPRO Carbon Project Zone", "interpretation": "Forecast surface clipped to project boundary; not direct station observation" }, "geometry": { "type": "Point", "coordinates": [ 112.671152606157278, -3.049412947731731 ] } },
{ "type": "Feature", "properties": { "precipitation_mm": 0.0, "temperature_c": 24.189776661277367, "humidity_pct": 92.07255788366021, "cloud_cover_pct": 66.554046890916382, "wind_speed_ms": 6.828802862202715, "forecast_datetime": "2026-10-04T04:00:00", "source": "BMKG ADM4 forecast points + IDW", "boundary": "SERPRO Carbon Project Zone", "interpretation": "Forecast surface clipped to project boundary; not direct station observation" }, "geometry": { "type": "Point", "coordinates": [ 112.671138665345467, -3.040369764118204 ] } },
{ "type": "Feature", "properties": { "precipitation_mm": 0.0, "temperature_c": 24.18306250540428, "humidity_pct": 92.157260497648281, "cloud_cover_pct": 66.621706442308493, "wind_speed_ms": 6.7990665128316783, "forecast_datetime": "2026-10-04T04:00:00", "source": "BMKG ADM4 forecast points + IDW", "boundary": "SERPRO Carbon Project Zone", "interpretation": "Forecast surface clipped to project boundary; not direct station observation" }, "geometry": { "type": "Point", "coordinates": [ 112.671124766129864, -3.031326578922747 ] } },
{ "type": "Feature", "properties": { "precipitation_mm": 0.0, "temperature_c": 24.177247538934218, "humidity_pct": 92.230560368661671, "cloud_cover_pct": 66.679886204369652, "wind_speed_ms": 6.7735856693884067, "forecast_datetime": "2026-10-04T04:00:00", "source": "BMKG ADM4 forecast points + IDW", "boundary": "SERPRO Carbon Project Zone", "interpretation": "Forecast surface clipped to project boundary; not direct station observation" }, "geometry": { "type": "Point", "coordinates": [ 112.671110908508808, -3.022283392150048 ] } },
{ "type": "Feature", "properties": { "precipitation_mm": 0.0, "temperature_c": 24.172248509317953, "humidity_pct": 92.293283684609477, "cloud_cover_pct": 66.728853682091938, "wind_speed_ms": 6.751881710669168, "forecast_datetime": "2026-10-04T04:00:00", "source": "BMKG ADM4 forecast points + IDW", "boundary": "SERPRO Carbon Project Zone", "interpretation": "Forecast surface clipped to project boundary; not direct station observation" }, "geometry": { "type": "Point", "coordinates": [ 112.671097092480551, -3.013240203804798 ] } },
{ "type": "Feature", "properties": { "precipitation_mm": 0.0, "temperature_c": 24.167982042038101, "humidity_pct": 92.346347154295756, "cloud_cover_pct": 66.769113163028379, "wind_speed_ms": 6.7335062990557928, "forecast_datetime": "2026-10-04T04:00:00", "source": "BMKG ADM4 forecast points + IDW", "boundary": "SERPRO Carbon Project Zone", "interpretation": "Forecast surface clipped to project boundary; not direct station observation" }, "geometry": { "type": "Point", "coordinates": [ 112.671083318043372, -3.004197013891686 ] } },
{ "type": "Feature", "properties": { "precipitation_mm": 0.0, "temperature_c": 24.164366828752176, "humidity_pct": 92.390710171437632, "cloud_cover_pct": 66.801331152287275, "wind_speed_ms": 6.7180445917169767, "forecast_datetime": "2026-10-04T04:00:00", "source": "BMKG ADM4 forecast points + IDW", "boundary": "SERPRO Carbon Project Zone", "interpretation": "Forecast surface clipped to project boundary; not direct station observation" }, "geometry": { "type": "Point", "coordinates": [ 112.67106958519561, -2.995153822415402 ] } },
{ "type": "Feature", "properties": { "precipitation_mm": 0.0, "temperature_c": 24.16132545195898, "humidity_pct": 92.427333856974855, "cloud_cover_pct": 66.826270577535325, "wind_speed_ms": 6.7051175589426908, "forecast_datetime": "2026-10-04T04:00:00", "source": "BMKG ADM4 forecast points + IDW", "boundary": "SERPRO Carbon Project Zone", "interpretation": "Forecast surface clipped to project boundary; not direct station observation" }, "geometry": { "type": "Point", "coordinates": [ 112.671055893935545, -2.986110629380635 ] } },
{ "type": "Feature", "properties": { "precipitation_mm": 0.0, "temperature_c": 24.158785737997118, "humidity_pct": 92.457148759095077, "cloud_cover_pct": 66.844736388291565, "wind_speed_ms": 6.6943830992076467, "forecast_datetime": "2026-10-04T04:00:00", "source": "BMKG ADM4 forecast points + IDW", "boundary": "SERPRO Carbon Project Zone", "interpretation": "Forecast surface clipped to project boundary; not direct station observation" }, "geometry": { "type": "Point", "coordinates": [ 112.6710422442615, -2.977067434792076 ] } },
{ "type": "Feature", "properties": { "precipitation_mm": 0.0, "temperature_c": 24.156681623139693, "humidity_pct": 92.481031521922091, "cloud_cover_pct": 66.857533324609932, "wind_speed_ms": 6.6855359241088204, "forecast_datetime": "2026-10-04T04:00:00", "source": "BMKG ADM4 forecast points + IDW", "boundary": "SERPRO Carbon Project Zone", "interpretation": "Forecast surface clipped to project boundary; not direct station observation" }, "geometry": { "type": "Point", "coordinates": [ 112.671028636171769, -2.968024238654416 ] } },
{ "type": "Feature", "properties": { "precipitation_mm": 0.0, "temperature_c": 24.154953578935771, "humidity_pct": 92.499789822116767, "cloud_cover_pct": 66.865435273893183, "wind_speed_ms": 6.6783063662577851, "forecast_datetime": "2026-10-04T04:00:00", "source": "BMKG ADM4 forecast points + IDW", "boundary": "SERPRO Carbon Project Zone", "interpretation": "Forecast surface clipped to project boundary; not direct station observation" }, "geometry": { "type": "Point", "coordinates": [ 112.671015069664705, -2.958981040972344 ] } },
{ "type": "Feature", "properties": { "precipitation_mm": 0.0, "temperature_c": 24.153548675722217, "humidity_pct": 92.514154299844975, "cloud_cover_pct": 66.869164797317765, "wind_speed_ms": 6.672458353309719, "forecast_datetime": "2026-10-04T04:00:00", "source": "BMKG ADM4 forecast points + IDW", "boundary": "SERPRO Carbon Project Zone", "interpretation": "Forecast surface clipped to project boundary; not direct station observation" }, "geometry": { "type": "Point", "coordinates": [ 112.671001544738601, -2.949937841750552 ] } },
{ "type": "Feature", "properties": { "precipitation_mm": 0.0, "temperature_c": 24.152420373980931, "humidity_pct": 92.524775990530117, "cloud_cover_pct": 66.869381014632523, "wind_speed_ms": 6.6677868146889541, "forecast_datetime": "2026-10-04T04:00:00", "source": "BMKG ADM4 forecast points + IDW", "boundary": "SERPRO Carbon Project Zone", "interpretation": "Forecast surface clipped to project boundary; not direct station observation" }, "geometry": { "type": "Point", "coordinates": [ 112.670988061391824, -2.940894640993729 ] } },
{ "type": "Feature", "properties": { "precipitation_mm": 0.0, "temperature_c": 24.151528129347444, "humidity_pct": 92.532227788331625, "cloud_cover_pct": 66.866673970824237, "wind_speed_ms": 6.6641147683178827, "forecast_datetime": "2026-10-04T04:00:00", "source": "BMKG ADM4 forecast points + IDW", "boundary": "SERPRO Carbon Project Zone", "interpretation": "Forecast surface clipped to project boundary; not direct station observation" }, "geometry": { "type": "Point", "coordinates": [ 112.670974619622655, -2.931851438706567 ] } },
{ "type": "Feature", "properties": { "precipitation_mm": 0.0, "temperature_c": 24.150836885086523, "humidity_pct": 92.537008640838394, "cloud_cover_pct": 66.861563751242898, "wind_speed_ms": 6.6612902930719855, "forecast_datetime": "2026-10-04T04:00:00", "source": "BMKG ADM4 forecast points + IDW", "boundary": "SERPRO Carbon Project Zone", "interpretation": "Forecast surface clipped to project boundary; not direct station observation" }, "geometry": { "type": "Point", "coordinates": [ 112.670961219429486, -2.922808234893756 ] } },
{ "type": "Feature", "properties": { "precipitation_mm": 0.0, "temperature_c": 24.656033070588254, "humidity_pct": 88.100228182782132, "cloud_cover_pct": 66.32181202398661, "wind_speed_ms": 9.5234669487439731, "forecast_datetime": "2026-10-04T04:00:00", "source": "BMKG ADM4 forecast points + IDW", "boundary": "SERPRO Carbon Project Zone", "interpretation": "Forecast surface clipped to project boundary; not direct station observation" }, "geometry": { "type": "Point", "coordinates": [ 112.680392805444924, -3.203132038433743 ] } },
{ "type": "Feature", "properties": { "precipitation_mm": 0.0, "temperature_c": 24.607770595939353, "humidity_pct": 88.415955317271909, "cloud_cover_pct": 66.130666993334586, "wind_speed_ms": 9.221451503177434, "forecast_datetime": "2026-10-04T04:00:00", "source": "BMKG ADM4 forecast points + IDW", "boundary": "SERPRO Carbon Project Zone", "interpretation": "Forecast surface clipped to project boundary; not direct station observation" }, "geometry": { "type": "Point", "coordinates": [ 112.68037807847098, -3.194088924252387 ] } },
{ "type": "Feature", "properties": { "precipitation_mm": 0.0, "temperature_c": 24.561007834250724, "humidity_pct": 88.731700847129559, "cloud_cover_pct": 65.966300859677958, "wind_speed_ms": 8.9304975809447651, "forecast_datetime": "2026-10-04T04:00:00", "source": "BMKG ADM4 forecast points + IDW", "boundary": "SERPRO Carbon Project Zone", "interpretation": "Forecast surface clipped to project boundary; not direct station observation" }, "geometry": { "type": "Point", "coordinates": [ 112.680363393347037, -3.185045808408702 ] } },
{ "type": "Feature", "properties": { "precipitation_mm": 0.0, "temperature_c": 24.517432275372325, "humidity_pct": 89.037337346197234, "cloud_cover_pct": 65.83758594065209, "wind_speed_ms": 8.6614556076282394, "forecast_datetime": "2026-10-04T04:00:00", "source": "BMKG ADM4 forecast points + IDW", "boundary": "SERPRO Carbon Project Zone", "interpretation": "Forecast surface clipped to project boundary; not direct station observation" }, "geometry": { "type": "Point", "coordinates": [ 112.680348750071289, -3.176002690907379 ] } },
{ "type": "Feature", "properties": { "precipitation_mm": 0.0, "temperature_c": 24.477745049008604, "humidity_pct": 89.328084810902496, "cloud_cover_pct": 65.747206735773844, "wind_speed_ms": 8.4188470634295633, "forecast_datetime": "2026-10-04T04:00:00", "source": "BMKG ADM4 forecast points + IDW", "boundary": "SERPRO Carbon Project Zone", "interpretation": "Forecast surface clipped to project boundary; not direct station observation" }, "geometry": { "type": "Point", "coordinates": [ 112.680334148641904, -3.166959571753105 ] } },
{ "type": "Feature", "properties": { "precipitation_mm": 0.0, "temperature_c": 24.442022302098337, "humidity_pct": 89.602522697081426, "cloud_cover_pct": 65.6938308330826, "wind_speed_ms": 8.2031591700808839, "forecast_datetime": "2026-10-04T04:00:00", "source": "BMKG ADM4 forecast points + IDW", "boundary": "SERPRO Carbon Project Zone", "interpretation": "Forecast surface clipped to project boundary; not direct station observation" }, "geometry": { "type": "Point", "coordinates": [ 112.68031958905712, -3.157916450950571 ] } },
{ "type": "Feature", "properties": { "precipitation_mm": 0.0, "temperature_c": 24.410014321602748, "humidity_pct": 89.860951022150161, "cloud_cover_pct": 65.673915515137864, "wind_speed_ms": 8.0127439732702932, "forecast_datetime": "2026-10-04T04:00:00", "source": "BMKG ADM4 forecast points + IDW", "boundary": "SERPRO Carbon Project Zone", "interpretation": "Forecast surface clipped to project boundary; not direct station observation" }, "geometry": { "type": "Point", "coordinates": [ 112.68030507131509, -3.148873328504465 ] } },
{ "type": "Feature", "properties": { "precipitation_mm": 0.0, "temperature_c": 24.381343291419025, "humidity_pct": 90.104316003307105, "cloud_cover_pct": 65.68291840052801, "wind_speed_ms": 7.845074635734604, "forecast_datetime": "2026-10-04T04:00:00", "source": "BMKG ADM4 forecast points + IDW", "boundary": "SERPRO Carbon Project Zone", "interpretation": "Forecast surface clipped to project boundary; not direct station observation" }, "geometry": { "type": "Point", "coordinates": [ 112.68029059541405, -3.139830204419477 ] } },
{ "type": "Feature", "properties": { "precipitation_mm": 0.0, "temperature_c": 24.35561468813151, "humidity_pct": 90.333615067893035, "cloud_cover_pct": 65.716001388304207, "wind_speed_ms": 7.6974559734332901, "forecast_datetime": "2026-10-04T04:00:00", "source": "BMKG ADM4 forecast points + IDW", "boundary": "SERPRO Carbon Project Zone", "interpretation": "Forecast surface clipped to project boundary; not direct station observation" }, "geometry": { "type": "Point", "coordinates": [ 112.680276161352225, -3.130787078700297 ] } },
{ "type": "Feature", "properties": { "precipitation_mm": 0.0, "temperature_c": 24.332470440985354, "humidity_pct": 90.549625309141973, "cloud_cover_pct": 65.768397569940419, "wind_speed_ms": 7.5673690404432827, "forecast_datetime": "2026-10-04T04:00:00", "source": "BMKG ADM4 forecast points + IDW", "boundary": "SERPRO Carbon Project Zone", "interpretation": "Forecast surface clipped to project boundary; not direct station observation" }, "geometry": { "type": "Point", "coordinates": [ 112.68026176912781, -3.121743951351615 ] } },
{ "type": "Feature", "properties": { "precipitation_mm": 0.0, "temperature_c": 24.31160785856105, "humidity_pct": 90.752823844304828, "cloud_cover_pct": 65.835587439832281, "wind_speed_ms": 7.4526025068481943, "forecast_datetime": "2026-10-04T04:00:00", "source": "BMKG ADM4 forecast points + IDW", "boundary": "SERPRO Carbon Project Zone", "interpretation": "Forecast surface clipped to project boundary; not direct station observation" }, "geometry": { "type": "Point", "coordinates": [ 112.680247418739015, -3.112700822378121 ] } },
{ "type": "Feature", "properties": { "precipitation_mm": 0.0, "temperature_c": 24.292780495647868, "humidity_pct": 90.943411862932265, "cloud_cover_pct": 65.913382505954772, "wind_speed_ms": 7.3512730046812962, "forecast_datetime": "2026-10-04T04:00:00", "source": "BMKG ADM4 forecast points + IDW", "boundary": "SERPRO Carbon Project Zone", "interpretation": "Forecast surface clipped to project boundary; not direct station observation" }, "geometry": { "type": "Point", "coordinates": [ 112.680233110184105, -3.103657691784503 ] } },
{ "type": "Feature", "properties": { "precipitation_mm": 0.0, "temperature_c": 24.27579062888227, "humidity_pct": 91.121388798793433, "cloud_cover_pct": 65.997971799282709, "wind_speed_ms": 7.2617946195246379, "forecast_datetime": "2026-10-04T04:00:00", "source": "BMKG ADM4 forecast points + IDW", "boundary": "SERPRO Carbon Project Zone", "interpretation": "Forecast surface clipped to project boundary; not direct station observation" }, "geometry": { "type": "Point", "coordinates": [ 112.68021884346129, -3.094614559575454 ] } },
{ "type": "Feature", "properties": { "precipitation_mm": 0.0, "temperature_c": 24.260478733477086, "humidity_pct": 91.286644858160614, "cloud_cover_pct": 66.085956862538822, "wind_speed_ms": 7.182830096838031, "forecast_datetime": "2026-10-04T04:00:00", "source": "BMKG ADM4 forecast points + IDW", "boundary": "SERPRO Carbon Project Zone", "interpretation": "Forecast surface clipped to project boundary; not direct station observation" }, "geometry": { "type": "Point", "coordinates": [ 112.680204618568808, -3.085571425755663 ] } },
{ "type": "Feature", "properties": { "precipitation_mm": 0.0, "temperature_c": 24.246712838279123, "humidity_pct": 91.439052550170999, "cloud_cover_pct": 66.174382517269294, "wind_speed_ms": 7.1132401998508863, "forecast_datetime": "2026-10-04T04:00:00", "source": "BMKG ADM4 forecast points + IDW", "boundary": "SERPRO Carbon Project Zone", "interpretation": "Forecast surface clipped to project boundary; not direct station observation" }, "geometry": { "type": "Point", "coordinates": [ 112.680190435504926, -3.076528290329821 ] } },
{ "type": "Feature", "properties": { "precipitation_mm": 0.0, "temperature_c": 24.234379222120747, "humidity_pct": 91.578545115304877, "cloud_cover_pct": 66.260761276704429, "wind_speed_ms": 7.0520388306230659, "forecast_datetime": "2026-10-04T04:00:00", "source": "BMKG ADM4 forecast points + IDW", "boundary": "SERPRO Carbon Project Zone", "interpretation": "Forecast surface clipped to project boundary; not direct station observation" }, "geometry": { "type": "Point", "coordinates": [ 112.680176294267852, -3.067485153302618 ] } },
{ "type": "Feature", "properties": { "precipitation_mm": 0.0, "temperature_c": 24.223375107351405, "humidity_pct": 91.705174719075544, "cloud_cover_pct": 66.34308602498534, "wind_speed_ms": 6.9983568378359742, "forecast_datetime": "2026-10-04T04:00:00", "source": "BMKG ADM4 forecast points + IDW", "boundary": "SERPRO Carbon Project Zone", "interpretation": "Forecast surface clipped to project boundary; not direct station observation" }, "geometry": { "type": "Point", "coordinates": [ 112.680162194855882, -3.058442014678746 ] } },
{ "type": "Feature", "properties": { "precipitation_mm": 0.0, "temperature_c": 24.213603517532501, "humidity_pct": 91.819147347063364, "cloud_cover_pct": 66.419826251588034, "wind_speed_ms": 6.9514149493266189, "forecast_datetime": "2026-10-04T04:00:00", "source": "BMKG ADM4 forecast points + IDW", "boundary": "SERPRO Carbon Project Zone", "interpretation": "Forecast surface clipped to project boundary; not direct station observation" }, "geometry": { "type": "Point", "coordinates": [ 112.680148137267253, -3.049398874462895 ] } },
{ "type": "Feature", "properties": { "precipitation_mm": 0.0, "temperature_c": 24.204970154992452, "humidity_pct": 91.920834833026731, "cloud_cover_pct": 66.489905805663071, "wind_speed_ms": 6.9105049527517428, "forecast_datetime": "2026-10-04T04:00:00", "source": "BMKG ADM4 forecast points + IDW", "boundary": "SERPRO Carbon Project Zone", "interpretation": "Forecast surface clipped to project boundary; not direct station observation" }, "geometry": { "type": "Point", "coordinates": [ 112.680134121500231, -3.040355732659756 ] } },
{ "type": "Feature", "properties": { "precipitation_mm": 0.0, "temperature_c": 24.197381962770791, "humidity_pct": 92.010767200799151, "cloud_cover_pct": 66.552663299570227, "wind_speed_ms": 6.8749776021895341, "forecast_datetime": "2026-10-04T04:00:00", "source": "BMKG ADM4 forecast points + IDW", "boundary": "SERPRO Carbon Project Zone", "interpretation": "Forecast surface clipped to project boundary; not direct station observation" }, "geometry": { "type": "Point", "coordinates": [ 112.680120147553083, -3.031312589274021 ] } },
{ "type": "Feature", "properties": { "precipitation_mm": 0.0, "temperature_c": 24.190746941337213, "humidity_pct": 92.089610254386585, "cloud_cover_pct": 66.607798894611904, "wind_speed_ms": 6.8442355095507006, "forecast_datetime": "2026-10-04T04:00:00", "source": "BMKG ADM4 forecast points + IDW", "boundary": "SERPRO Carbon Project Zone", "interpretation": "Forecast surface clipped to project boundary; not direct station observation" }, "geometry": { "type": "Point", "coordinates": [ 112.68010621542409, -3.022269444310382 ] } },
{ "type": "Feature", "properties": { "precipitation_mm": 0.0, "temperature_c": 24.184974776963635, "humidity_pct": 92.15813402134799, "cloud_cover_pct": 66.655312705567397, "wind_speed_ms": 6.8177293484131374, "forecast_datetime": "2026-10-04T04:00:00", "source": "BMKG ADM4 forecast points + IDW", "boundary": "SERPRO Carbon Project Zone", "interpretation": "Forecast surface clipped to project boundary; not direct station observation" }, "geometry": { "type": "Point", "coordinates": [ 112.680092325111545, -3.013226297773528 ] } },
{ "type": "Feature", "properties": { "precipitation_mm": 0.0, "temperature_c": 24.179977885530409, "humidity_pct": 92.217177373096618, "cloud_cover_pct": 66.695440379990401, "wind_speed_ms": 6.7949559484271838, "forecast_datetime": "2026-10-04T04:00:00", "source": "BMKG ADM4 forecast points + IDW", "boundary": "SERPRO Carbon Project Zone", "interpretation": "Forecast surface clipped to project boundary; not direct station observation" }, "geometry": { "type": "Point", "coordinates": [ 112.680078476613701, -3.004183149668154 ] } },
{ "type": "Feature", "properties": { "precipitation_mm": 0.0, "temperature_c": 24.175672558899848, "humidity_pct": 92.267613200833239, "cloud_cover_pct": 66.728590775284275, "wind_speed_ms": 6.7754571984469401, "forecast_datetime": "2026-10-04T04:00:00", "source": "BMKG ADM4 forecast points + IDW", "boundary": "SERPRO Carbon Project Zone", "interpretation": "Forecast surface clipped to project boundary; not direct station observation" }, "geometry": { "type": "Point", "coordinates": [ 112.680064669928882, -2.995139999998949 ] } },
{ "type": "Feature", "properties": { "precipitation_mm": 0.0, "temperature_c": 24.171979997494645, "humidity_pct": 92.31031725765277, "cloud_cover_pct": 66.75528944936822, "wind_speed_ms": 6.7588190299047461, "forecast_datetime": "2026-10-04T04:00:00", "source": "BMKG ADM4 forecast points + IDW", "boundary": "SERPRO Carbon Project Zone", "interpretation": "Forecast surface clipped to project boundary; not direct station observation" }, "geometry": { "type": "Point", "coordinates": [ 112.680050905055367, -2.986096848770607 ] } },
{ "type": "Feature", "properties": { "precipitation_mm": 0.0, "temperature_c": 24.168827104004027, "humidity_pct": 92.346142484498344, "cloud_cover_pct": 66.776130278096844, "wind_speed_ms": 6.7446700651699478, "forecast_datetime": "2026-10-04T04:00:00", "source": "BMKG ADM4 forecast points + IDW", "boundary": "SERPRO Carbon Project Zone", "interpretation": "Forecast surface clipped to project boundary; not direct station observation" }, "geometry": { "type": "Point", "coordinates": [ 112.680037181991452, -2.977053695987819 ] } },
{ "type": "Feature", "properties": { "precipitation_mm": 0.0, "temperature_c": 24.166146987851977, "humidity_pct": 92.375899524779101, "cloud_cover_pct": 66.791736204432297, "wind_speed_ms": 6.7326797599378692, "forecast_datetime": "2026-10-04T04:00:00", "source": "BMKG ADM4 forecast points + IDW", "boundary": "SERPRO Carbon Project Zone", "interpretation": "Forecast surface clipped to project boundary; not direct station observation" }, "geometry": { "type": "Point", "coordinates": [ 112.680023500735444, -2.968010541655276 ] } },
{ "type": "Feature", "properties": { "precipitation_mm": 0.0, "temperature_c": 24.16387918364353, "humidity_pct": 92.400343300738939, "cloud_cover_pct": 66.802729080511256, "wind_speed_ms": 6.7225560366100332, "forecast_datetime": "2026-10-04T04:00:00", "source": "BMKG ADM4 forecast points + IDW", "boundary": "SERPRO Carbon Project Zone", "interpretation": "Forecast surface clipped to project boundary; not direct station observation" }, "geometry": { "type": "Point", "coordinates": [ 112.680009861285654, -2.958967385777674 ] } },
{ "type": "Feature", "properties": { "precipitation_mm": 0.0, "temperature_c": 24.161969619821459, "humidity_pct": 92.420164990466432, "cloud_cover_pct": 66.809707844932106, "wind_speed_ms": 6.7140425043681553, "forecast_datetime": "2026-10-04T04:00:00", "source": "BMKG ADM4 forecast points + IDW", "boundary": "SERPRO Carbon Project Zone", "interpretation": "Forecast surface clipped to project boundary; not direct station observation" }, "geometry": { "type": "Point", "coordinates": [ 112.679996263640419, -2.949924228359702 ] } },
{ "type": "Feature", "properties": { "precipitation_mm": 0.0, "temperature_c": 24.160370389773099, "humidity_pct": 92.4359884699129, "cloud_cover_pct": 66.813233867253572, "wind_speed_ms": 6.7069154060291742, "forecast_datetime": "2026-10-04T04:00:00", "source": "BMKG ADM4 forecast points + IDW", "boundary": "SERPRO Carbon Project Zone", "interpretation": "Forecast surface clipped to project boundary; not direct station observation" }, "geometry": { "type": "Point", "coordinates": [ 112.679982707798047, -2.940881069406055 ] } },
{ "type": "Feature", "properties": { "precipitation_mm": 0.0, "temperature_c": 24.159039381308908, "humidity_pct": 92.448370206569834, "cloud_cover_pct": 66.813822131115799, "wind_speed_ms": 6.7009804385312872, "forecast_datetime": "2026-10-04T04:00:00", "source": "BMKG ADM4 forecast points + IDW", "boundary": "SERPRO Carbon Project Zone", "interpretation": "Forecast surface clipped to project boundary; not direct station observation" }, "geometry": { "type": "Point", "coordinates": [ 112.679969193756847, -2.931837908921424 ] } },
{ "type": "Feature", "properties": { "precipitation_mm": 0.0, "temperature_c": 24.157939816322646, "humidity_pct": 92.457801644245464, "cloud_cover_pct": 66.811936943985799, "wind_speed_ms": 6.6960695780951829, "forecast_datetime": "2026-10-04T04:00:00", "source": "BMKG ADM4 forecast points + IDW", "boundary": "SERPRO Carbon Project Zone", "interpretation": "Forecast surface clipped to project boundary; not direct station observation" }, "geometry": { "type": "Point", "coordinates": [ 112.679955721515185, -2.922794746910503 ] } },
{ "type": "Feature", "properties": { "precipitation_mm": 0.0, "temperature_c": 24.733507229058002, "humidity_pct": 87.644913784391704, "cloud_cover_pct": 66.736125241454303, "wind_speed_ms": 10.016437791920803, "forecast_datetime": "2026-10-04T04:00:00", "source": "BMKG ADM4 forecast points + IDW", "boundary": "SERPRO Carbon Project Zone", "interpretation": "Forecast surface clipped to project boundary; not direct station observation" }, "geometry": { "type": "Point", "coordinates": [ 112.68938960316865, -3.203117175008821 ] } },
{ "type": "Feature", "properties": { "precipitation_mm": 0.0, "temperature_c": 24.678822947033989, "humidity_pct": 87.99822348678947, "cloud_cover_pct": 66.510329414643238, "wind_speed_ms": 9.6736789910355565, "forecast_datetime": "2026-10-04T04:00:00", "source": "BMKG ADM4 forecast points + IDW", "boundary": "SERPRO Carbon Project Zone", "interpretation": "Forecast surface clipped to project boundary; not direct station observation" }, "geometry": { "type": "Point", "coordinates": [ 112.689374797437893, -3.194074102873734 ] } },
{ "type": "Feature", "properties": { "precipitation_mm": 0.0, "temperature_c": 24.625187885040376, "humidity_pct": 88.353383982809376, "cloud_cover_pct": 66.307279552116114, "wind_speed_ms": 9.3390334605557257, "forecast_datetime": "2026-10-04T04:00:00", "source": "BMKG ADM4 forecast points + IDW", "boundary": "SERPRO Carbon Project Zone", "interpretation": "Forecast surface clipped to project boundary; not direct station observation" }, "geometry": { "type": "Point", "coordinates": [ 112.689360033780915, -3.185031029075613 ] } },
{ "type": "Feature", "properties": { "precipitation_mm": 0.0, "temperature_c": 24.574807594264968, "humidity_pct": 88.697150887232269, "cloud_cover_pct": 66.138401877771415, "wind_speed_ms": 9.0265990488494872, "forecast_datetime": "2026-10-04T04:00:00", "source": "BMKG ADM4 forecast points + IDW", "boundary": "SERPRO Carbon Project Zone", "interpretation": "Forecast surface clipped to project boundary; not direct station observation" }, "geometry": { "type": "Point", "coordinates": [ 112.689345312195925, -3.175987953619153 ] } },
{ "type": "Feature", "properties": { "precipitation_mm": 0.0, "temperature_c": 24.528739198376226, "humidity_pct": 89.022687562567071, "cloud_cover_pct": 66.008279658672038, "wind_speed_ms": 8.7431251158597032, "forecast_datetime": "2026-10-04T04:00:00", "source": "BMKG ADM4 forecast points + IDW", "boundary": "SERPRO Carbon Project Zone", "interpretation": "Forecast surface clipped to project boundary; not direct station observation" }, "geometry": { "type": "Point", "coordinates": [ 112.689330632681106, -3.166944876509044 ] } },
{ "type": "Feature", "properties": { "precipitation_mm": 0.0, "temperature_c": 24.487258115912361, "humidity_pct": 89.327506802575101, "cloud_cover_pct": 65.916788185473749, "wind_speed_ms": 8.4903435561822995, "forecast_datetime": "2026-10-04T04:00:00", "source": "BMKG ADM4 forecast points + IDW", "boundary": "SERPRO Carbon Project Zone", "interpretation": "Forecast surface clipped to project boundary; not direct station observation" }, "geometry": { "type": "Point", "coordinates": [ 112.689315995234651, -3.157901797749976 ] } },
{ "type": "Feature", "properties": { "precipitation_mm": 0.0, "temperature_c": 24.45019232502127, "humidity_pct": 89.611592596236918, "cloud_cover_pct": 65.861033682603974, "wind_speed_ms": 8.2670925575209075, "forecast_datetime": "2026-10-04T04:00:00", "source": "BMKG ADM4 forecast points + IDW", "boundary": "SERPRO Carbon Project Zone", "interpretation": "Forecast surface clipped to project boundary; not direct station observation" }, "geometry": { "type": "Point", "coordinates": [ 112.689301399854713, -3.148858717346641 ] } },
{ "type": "Feature", "properties": { "precipitation_mm": 0.0, "temperature_c": 24.417160763893818, "humidity_pct": 89.876065705734987, "cloud_cover_pct": 65.836744764415613, "wind_speed_ms": 8.0708316190095406, "forecast_datetime": "2026-10-04T04:00:00", "source": "BMKG ADM4 forecast points + IDW", "boundary": "SERPRO Carbon Project Zone", "interpretation": "Forecast surface clipped to project boundary; not direct station observation" }, "geometry": { "type": "Point", "coordinates": [ 112.689286846539531, -3.139815635303731 ] } },
{ "type": "Feature", "properties": { "precipitation_mm": 0.0, "temperature_c": 24.387718657994196, "humidity_pct": 90.122378285061629, "cloud_cover_pct": 65.839137862074168, "wind_speed_ms": 7.8985671732953096, "forecast_datetime": "2026-10-04T04:00:00", "source": "BMKG ADM4 forecast points + IDW", "boundary": "SERPRO Carbon Project Zone", "interpretation": "Forecast surface clipped to project boundary; not direct station observation" }, "geometry": { "type": "Point", "coordinates": [ 112.689272335287285, -3.130772551625938 ] } },
{ "type": "Feature", "properties": { "precipitation_mm": 0.0, "temperature_c": 24.361434688230357, "humidity_pct": 90.351896592337397, "cloud_cover_pct": 65.863401950341199, "wind_speed_ms": 7.7473481406218703, "forecast_datetime": "2026-10-04T04:00:00", "source": "BMKG ADM4 forecast points + IDW", "boundary": "SERPRO Carbon Project Zone", "interpretation": "Forecast surface clipped to project boundary; not direct station observation" }, "geometry": { "type": "Point", "coordinates": [ 112.689257866096185, -3.121729466317952 ] } },
{ "type": "Feature", "properties": { "precipitation_mm": 0.0, "temperature_c": 24.337925163157127, "humidity_pct": 90.565729532698711, "cloud_cover_pct": 65.904948011032261, "wind_speed_ms": 7.6144915601786485, "forecast_datetime": "2026-10-04T04:00:00", "source": "BMKG ADM4 forecast points + IDW", "boundary": "SERPRO Carbon Project Zone", "interpretation": "Forecast surface clipped to project boundary; not direct station observation" }, "geometry": { "type": "Point", "coordinates": [ 112.689243438964468, -3.112686379384468 ] } },
{ "type": "Feature", "properties": { "precipitation_mm": 0.0, "temperature_c": 24.316863800289166, "humidity_pct": 90.764697769013054, "cloud_cover_pct": 65.959529513502119, "wind_speed_ms": 7.497656091238925, "forecast_datetime": "2026-10-04T04:00:00", "source": "BMKG ADM4 forecast points + IDW", "boundary": "SERPRO Carbon Project Zone", "interpretation": "Forecast surface clipped to project boundary; not direct station observation" }, "geometry": { "type": "Point", "coordinates": [ 112.689229053890315, -3.103643290830175 ] } },
{ "type": "Feature", "properties": { "precipitation_mm": 0.0, "temperature_c": 24.297979038687206, "humidity_pct": 90.949375307040398, "cloud_cover_pct": 66.023299611505593, "wind_speed_ms": 7.3948381971155515, "forecast_datetime": "2026-10-04T04:00:00", "source": "BMKG ADM4 forecast points + IDW", "boundary": "SERPRO Carbon Project Zone", "interpretation": "Forecast surface clipped to project boundary; not direct station observation" }, "geometry": { "type": "Point", "coordinates": [ 112.68921471087198, -3.094600200659766 ] } },
{ "type": "Feature", "properties": { "precipitation_mm": 0.0, "temperature_c": 24.28104590595219, "humidity_pct": 91.120162255271694, "cloud_cover_pct": 66.092840219149053, "wind_speed_ms": 7.3043343789117774, "forecast_datetime": "2026-10-04T04:00:00", "source": "BMKG ADM4 forecast points + IDW", "boundary": "SERPRO Carbon Project Zone", "interpretation": "Forecast surface clipped to project boundary; not direct station observation" }, "geometry": { "type": "Point", "coordinates": [ 112.689200409907698, -3.085557108877935 ] } },
{ "type": "Feature", "properties": { "precipitation_mm": 0.0, "temperature_c": 24.265876338382245, "humidity_pct": 91.277364365835751, "cloud_cover_pct": 66.165178433555084, "wind_speed_ms": 7.2246928736883831, "forecast_datetime": "2026-10-04T04:00:00", "source": "BMKG ADM4 forecast points + IDW", "boundary": "SERPRO Carbon Project Zone", "interpretation": "Forecast surface clipped to project boundary; not direct station observation" }, "geometry": { "type": "Point", "coordinates": [ 112.689186150995667, -3.076514015489373 ] } },
{ "type": "Feature", "properties": { "precipitation_mm": 0.0, "temperature_c": 24.252309994196445, "humidity_pct": 91.421265203187843, "cloud_cover_pct": 66.237794656751703, "wind_speed_ms": 7.1546665391717372, "forecast_datetime": "2026-10-04T04:00:00", "source": "BMKG ADM4 forecast points + IDW", "boundary": "SERPRO Carbon Project Zone", "interpretation": "Forecast surface clipped to project boundary; not direct station observation" }, "geometry": { "type": "Point", "coordinates": [ 112.689171934134137, -3.067470920498775 ] } },
{ "type": "Feature", "properties": { "precipitation_mm": 0.0, "temperature_c": 24.240206523705421, "humidity_pct": 91.552183215681936, "cloud_cover_pct": 66.308621667975601, "wind_speed_ms": 7.0931721163993062, "forecast_datetime": "2026-10-04T04:00:00", "source": "BMKG ADM4 forecast points + IDW", "boundary": "SERPRO Carbon Project Zone", "interpretation": "Forecast surface clipped to project boundary; not direct station observation" }, "geometry": { "type": "Point", "coordinates": [ 112.689157759321375, -3.05842782391083 ] } },
{ "type": "Feature", "properties": { "precipitation_mm": 0.0, "temperature_c": 24.229439636866502, "humidity_pct": 91.670510371105848, "cloud_cover_pct": 66.376032637022675, "wind_speed_ms": 7.0392575281614596, "forecast_datetime": "2026-10-04T04:00:00", "source": "BMKG ADM4 forecast points + IDW", "boundary": "SERPRO Carbon Project Zone", "interpretation": "Forecast surface clipped to project boundary; not direct station observation" }, "geometry": { "type": "Point", "coordinates": [ 112.689143626555634, -3.049384725730234 ] } },
{ "type": "Feature", "properties": { "precipitation_mm": 0.0, "temperature_c": 24.219892945287924, "humidity_pct": 91.776732202851818, "cloud_cover_pct": 66.438816935761849, "wind_speed_ms": 6.9920770231812721, "forecast_datetime": "2026-10-04T04:00:00", "source": "BMKG ADM4 forecast points + IDW", "boundary": "SERPRO Carbon Project Zone", "interpretation": "Forecast surface clipped to project boundary; not direct station observation" }, "geometry": { "type": "Point", "coordinates": [ 112.689129535835121, -3.040341625961679 ] } },
{ "type": "Feature", "properties": { "precipitation_mm": 0.0, "temperature_c": 24.211457350660677, "humidity_pct": 91.871431384381836, "cloud_cover_pct": 66.496144308989443, "wind_speed_ms": 6.950873079576855, "forecast_datetime": "2026-10-04T04:00:00", "source": "BMKG ADM4 forecast points + IDW", "boundary": "SERPRO Carbon Project Zone", "interpretation": "Forecast surface clipped to project boundary; not direct station observation" }, "geometry": { "type": "Point", "coordinates": [ 112.689115487158162, -3.031298524609857 ] } },
{ "type": "Feature", "properties": { "precipitation_mm": 0.0, "temperature_c": 24.204029652024548, "humidity_pct": 91.955278366671763, "cloud_cover_pct": 66.547519623935713, "wind_speed_ms": 6.9149636368742895, "forecast_datetime": "2026-10-04T04:00:00", "source": "BMKG ADM4 forecast points + IDW", "boundary": "SERPRO Carbon Project Zone", "interpretation": "Forecast surface clipped to project boundary; not direct station observation" }, "geometry": { "type": "Point", "coordinates": [ 112.689101480522964, -3.022255421679465 ] } },
{ "type": "Feature", "properties": { "precipitation_mm": 0.0, "temperature_c": 24.197512019161302, "humidity_pct": 92.029013222507643, "cloud_cover_pct": 66.592731531489861, "wind_speed_ms": 6.8837332082410914, "forecast_datetime": "2026-10-04T04:00:00", "source": "BMKG ADM4 forecast points + IDW", "boundary": "SERPRO Carbon Project Zone", "interpretation": "Forecast surface clipped to project boundary; not direct station observation" }, "geometry": { "type": "Point", "coordinates": [ 112.689087515927824, -3.013212317175193 ] } },
{ "type": "Feature", "properties": { "precipitation_mm": 0.0, "temperature_c": 24.191812005450224, "humidity_pct": 92.09342276256497, "cloud_cover_pct": 66.631798773343604, "wind_speed_ms": 6.8566265933370509, "forecast_datetime": "2026-10-04T04:00:00", "source": "BMKG ADM4 forecast points + IDW", "boundary": "SERPRO Carbon Project Zone", "interpretation": "Forecast surface clipped to project boundary; not direct station observation" }, "geometry": { "type": "Point", "coordinates": [ 112.689073593371035, -3.004169211101737 ] } },
{ "type": "Feature", "properties": { "precipitation_mm": 0.0, "temperature_c": 24.186842830312465, "humidity_pct": 92.149316414181982, "cloud_cover_pct": 66.664917627706501, "wind_speed_ms": 6.8331441708262126, "forecast_datetime": "2026-10-04T04:00:00", "source": "BMKG ADM4 forecast points + IDW", "boundary": "SERPRO Carbon Project Zone", "interpretation": "Forecast surface clipped to project boundary; not direct station observation" }, "geometry": { "type": "Point", "coordinates": [ 112.689059712850863, -2.995126103463789 ] } },
{ "type": "Feature", "properties": { "precipitation_mm": 0.0, "temperature_c": 24.182523731231026, "humidity_pct": 92.197503507380986, "cloud_cover_pct": 66.692413302068104, "wind_speed_ms": 6.8128380301694715, "forecast_datetime": "2026-10-04T04:00:00", "source": "BMKG ADM4 forecast points + IDW", "boundary": "SERPRO Carbon Project Zone", "interpretation": "Forecast surface clipped to project boundary; not direct station observation" }, "geometry": { "type": "Point", "coordinates": [ 112.689045874365576, -2.986082994266045 ] } },
{ "type": "Feature", "properties": { "precipitation_mm": 0.0, "temperature_c": 24.178780254542037, "humidity_pct": 92.238773697066307, "cloud_cover_pct": 66.714697188139183, "wind_speed_ms": 6.7953084600459723, "forecast_datetime": "2026-10-04T04:00:00", "source": "BMKG ADM4 forecast points + IDW", "boundary": "SERPRO Carbon Project Zone", "interpretation": "Forecast surface clipped to project boundary; not direct station observation" }, "geometry": { "type": "Point", "coordinates": [ 112.689032077913481, -2.977039883513197 ] } },
{ "type": "Feature", "properties": { "precipitation_mm": 0.0, "temperature_c": 24.175544413810336, "humidity_pct": 92.27388141571879, "cloud_cover_pct": 66.732230991945769, "wind_speed_ms": 6.7802005209942946, "forecast_datetime": "2026-10-04T04:00:00", "source": "BMKG ADM4 forecast points + IDW", "boundary": "SERPRO Carbon Project Zone", "interpretation": "Forecast surface clipped to project boundary; not direct station observation" }, "geometry": { "type": "Point", "coordinates": [ 112.689018323492888, -2.96799677120994 ] } },
{ "type": "Feature", "properties": { "precipitation_mm": 0.0, "temperature_c": 24.172754690298849, "humidity_pct": 92.303534583887981, "cloud_cover_pct": 66.745497976479456, "wind_speed_ms": 6.7672005841564982, "forecast_datetime": "2026-10-04T04:00:00", "source": "BMKG ADM4 forecast points + IDW", "boundary": "SERPRO Carbon Project Zone", "interpretation": "Forecast surface clipped to project boundary; not direct station observation" }, "geometry": { "type": "Point", "coordinates": [ 112.689004611102078, -2.958953657360969 ] } },
{ "type": "Feature", "properties": { "precipitation_mm": 0.0, "temperature_c": 24.170355881149678, "humidity_pct": 92.328387336070577, "cloud_cover_pct": 66.754980972258011, "wind_speed_ms": 6.756032819143134, "forecast_datetime": "2026-10-04T04:00:00", "source": "BMKG ADM4 forecast points + IDW", "boundary": "SERPRO Carbon Project Zone", "interpretation": "Forecast surface clipped to project boundary; not direct station observation" }, "geometry": { "type": "Point", "coordinates": [ 112.688990940739373, -2.949910541970979 ] } },
{ "type": "Feature", "properties": { "precipitation_mm": 0.0, "temperature_c": 24.168298819111307, "humidity_pct": 92.34903623618365, "cloud_cover_pct": 66.761146434487529, "wind_speed_ms": 6.7464556711497137, "forecast_datetime": "2026-10-04T04:00:00", "source": "BMKG ADM4 forecast points + IDW", "boundary": "SERPRO Carbon Project Zone", "interpretation": "Forecast surface clipped to project boundary; not direct station observation" }, "geometry": { "type": "Point", "coordinates": [ 112.688977312403082, -2.940867425044663 ] } },
{ "type": "Feature", "properties": { "precipitation_mm": 0.0, "temperature_c": 24.166539995815516, "humidity_pct": 92.366019326016115, "cloud_cover_pct": 66.764433630623699, "wind_speed_ms": 6.7382583919924324, "forecast_datetime": "2026-10-04T04:00:00", "source": "BMKG ADM4 forecast points + IDW", "boundary": "SERPRO Carbon Project Zone", "interpretation": "Forecast surface clipped to project boundary; not direct station observation" }, "geometry": { "type": "Point", "coordinates": [ 112.688963726091515, -2.931824306586716 ] } },
{ "type": "Feature", "properties": { "precipitation_mm": 0.0, "temperature_c": 24.165041121790122, "humidity_pct": 92.37981732998324, "cloud_cover_pct": 66.765247988318634, "wind_speed_ms": 6.7312576927189172, "forecast_datetime": "2026-10-04T04:00:00", "source": "BMKG ADM4 forecast points + IDW", "boundary": "SERPRO Carbon Project Zone", "interpretation": "Forecast surface clipped to project boundary; not direct station observation" }, "geometry": { "type": "Point", "coordinates": [ 112.688950181803023, -2.922781186601834 ] } },
{ "type": "Feature", "properties": { "precipitation_mm": 0.0, "temperature_c": 24.736466903200672, "humidity_pct": 87.654575341081085, "cloud_cover_pct": 66.808674603608964, "wind_speed_ms": 10.039897205417494, "forecast_datetime": "2026-10-04T04:00:00", "source": "BMKG ADM4 forecast points + IDW", "boundary": "SERPRO Carbon Project Zone", "interpretation": "Forecast surface clipped to project boundary; not direct station observation" }, "geometry": { "type": "Point", "coordinates": [ 112.698371474330969, -3.194059202445469 ] } },
{ "type": "Feature", "properties": { "precipitation_mm": 0.0, "temperature_c": 24.678785076679393, "humidity_pct": 88.033499067044957, "cloud_cover_pct": 66.583917602478621, "wind_speed_ms": 9.6796129679793594, "forecast_datetime": "2026-10-04T04:00:00", "source": "BMKG ADM4 forecast points + IDW", "boundary": "SERPRO Carbon Project Zone", "interpretation": "Forecast surface clipped to project boundary; not direct station observation" }, "geometry": { "type": "Point", "coordinates": [ 112.698356632142819, -3.185016170917161 ] } },
{ "type": "Feature", "properties": { "precipitation_mm": 0.0, "temperature_c": 24.623993498989346, "humidity_pct": 88.402376070552862, "cloud_cover_pct": 66.389736475327936, "wind_speed_ms": 9.3391066227161161, "forecast_datetime": "2026-10-04T04:00:00", "source": "BMKG ADM4 forecast points + IDW", "boundary": "SERPRO Carbon Project Zone", "interpretation": "Forecast surface clipped to project boundary; not direct station observation" }, "geometry": { "type": "Point", "coordinates": [ 112.698341832250421, -3.17597313772981 ] } },
{ "type": "Feature", "properties": { "precipitation_mm": 0.0, "temperature_c": 24.573473001849752, "humidity_pct": 88.752441564732877, "cloud_cover_pct": 66.232336823976027, "wind_speed_ms": 9.0271520586558864, "forecast_datetime": "2026-10-04T04:00:00", "source": "BMKG ADM4 forecast points + IDW", "boundary": "SERPRO Carbon Project Zone", "interpretation": "Forecast surface clipped to project boundary; not direct station observation" }, "geometry": { "type": "Point", "coordinates": [ 112.698327074651971, -3.166930102888104 ] } },
{ "type": "Feature", "properties": { "precipitation_mm": 0.0, "temperature_c": 24.527736099051523, "humidity_pct": 89.079872363264769, "cloud_cover_pct": 66.112924613426216, "wind_speed_ms": 8.7469680160307703, "forecast_datetime": "2026-10-04T04:00:00", "source": "BMKG ADM4 forecast points + IDW", "boundary": "SERPRO Carbon Project Zone", "interpretation": "Forecast surface clipped to project boundary; not direct station observation" }, "geometry": { "type": "Point", "coordinates": [ 112.698312359345621, -3.15788706639674 ] } },
{ "type": "Feature", "properties": { "precipitation_mm": 0.0, "temperature_c": 24.486755855111927, "humidity_pct": 89.383908980386352, "cloud_cover_pct": 66.029561659449641, "wind_speed_ms": 8.498307898435602, "forecast_datetime": "2026-10-04T04:00:00", "source": "BMKG ADM4 forecast points + IDW", "boundary": "SERPRO Carbon Project Zone", "interpretation": "Forecast surface clipped to project boundary; not direct station observation" }, "geometry": { "type": "Point", "coordinates": [ 112.698297686329596, -3.14884402826041 ] } },
{ "type": "Feature", "properties": { "precipitation_mm": 0.0, "temperature_c": 24.450220197911211, "humidity_pct": 89.665403857393756, "cloud_cover_pct": 65.978599752521461, "wind_speed_ms": 8.2790756095417759, "forecast_datetime": "2026-10-04T04:00:00", "source": "BMKG ADM4 forecast points + IDW", "boundary": "SERPRO Carbon Project Zone", "interpretation": "Forecast surface clipped to project boundary; not direct station observation" }, "geometry": { "type": "Point", "coordinates": [ 112.698283055602047, -3.139800988483807 ] } },
{ "type": "Feature", "properties": { "precipitation_mm": 0.0, "temperature_c": 24.417699232314064, "humidity_pct": 89.925871306890357, "cloud_cover_pct": 65.955634950480217, "wind_speed_ms": 8.086389967446193, "forecast_datetime": "2026-10-04T04:00:00", "source": "BMKG ADM4 forecast points + IDW", "boundary": "SERPRO Carbon Project Zone", "interpretation": "Forecast surface clipped to project boundary; not direct station observation" }, "geometry": { "type": "Point", "coordinates": [ 112.698268467161185, -3.130757947071626 ] } },
{ "type": "Feature", "properties": { "precipitation_mm": 0.0, "temperature_c": 24.388742362675963, "humidity_pct": 90.166943760792577, "cloud_cover_pct": 65.956080158938079, "wind_speed_ms": 7.9172054636069022, "forecast_datetime": "2026-10-04T04:00:00", "source": "BMKG ADM4 forecast points + IDW", "boundary": "SERPRO Carbon Project Zone", "interpretation": "Forecast surface clipped to project boundary; not direct station observation" }, "geometry": { "type": "Point", "coordinates": [ 112.698253921005218, -3.12171490402856 ] } },
{ "type": "Feature", "properties": { "precipitation_mm": 0.0, "temperature_c": 24.362927651549644, "humidity_pct": 90.390105405178048, "cloud_cover_pct": 65.975481861210312, "wind_speed_ms": 7.7686321300138363, "forecast_datetime": "2026-10-04T04:00:00", "source": "BMKG ADM4 forecast points + IDW", "boundary": "SERPRO Carbon Project Zone", "interpretation": "Forecast surface clipped to project boundary; not direct station observation" }, "geometry": { "type": "Point", "coordinates": [ 112.698239417132328, -3.112671859359304 ] } },
{ "type": "Feature", "properties": { "precipitation_mm": 0.0, "temperature_c": 24.339882047341028, "humidity_pct": 90.59659556761089, "cloud_cover_pct": 66.009683580100855, "wind_speed_ms": 7.6380725887185932, "forecast_datetime": "2026-10-04T04:00:00", "source": "BMKG ADM4 forecast points + IDW", "boundary": "SERPRO Carbon Project Zone", "interpretation": "Forecast surface clipped to project boundary; not direct station observation" }, "geometry": { "type": "Point", "coordinates": [ 112.698224955540738, -3.103628813068551 ] } },
{ "type": "Feature", "properties": { "precipitation_mm": 0.0, "temperature_c": 24.319285408750236, "humidity_pct": 90.787406581996549, "cloud_cover_pct": 66.054905204668259, "wind_speed_ms": 7.5232577029728605, "forecast_datetime": "2026-10-04T04:00:00", "source": "BMKG ADM4 forecast points + IDW", "boundary": "SERPRO Carbon Project Zone", "interpretation": "Forecast surface clipped to project boundary; not direct station observation" }, "geometry": { "type": "Point", "coordinates": [ 112.698210536228657, -3.094585765160995 ] } },
{ "type": "Feature", "properties": { "precipitation_mm": 0.0, "temperature_c": 24.300866446462329, "humidity_pct": 90.963328039462752, "cloud_cover_pct": 66.107779142807388, "wind_speed_ms": 7.422231470638545, "forecast_datetime": "2026-10-04T04:00:00", "source": "BMKG ADM4 forecast points + IDW", "boundary": "SERPRO Carbon Project Zone", "interpretation": "Forecast surface clipped to project boundary; not direct station observation" }, "geometry": { "type": "Point", "coordinates": [ 112.698196159194282, -3.085542715641331 ] } },
{ "type": "Feature", "properties": { "precipitation_mm": 0.0, "temperature_c": 24.284395351186419, "humidity_pct": 91.125008259270018, "cloud_cover_pct": 66.165364711832822, "wind_speed_ms": 7.333314440906852, "forecast_datetime": "2026-10-04T04:00:00", "source": "BMKG ADM4 forecast points + IDW", "boundary": "SERPRO Carbon Project Zone", "interpretation": "Forecast surface clipped to project boundary; not direct station observation" }, "geometry": { "type": "Point", "coordinates": [ 112.698181824435892, -3.076499664514255 ] } },
{ "type": "Feature", "properties": { "precipitation_mm": 0.0, "temperature_c": 24.269675748283227, "humidity_pct": 91.2730159836794, "cloud_cover_pct": 66.225150241464746, "wind_speed_ms": 7.2550614988509521, "forecast_datetime": "2026-10-04T04:00:00", "source": "BMKG ADM4 forecast points + IDW", "boundary": "SERPRO Carbon Project Zone", "interpretation": "Forecast surface clipped to project boundary; not direct station observation" }, "geometry": { "type": "Point", "coordinates": [ 112.698167531951668, -3.067456611784459 ] } },
{ "type": "Feature", "properties": { "precipitation_mm": 0.0, "temperature_c": 24.256537331874423, "humidity_pct": 91.407892978972015, "cloud_cover_pct": 66.285046017570863, "wind_speed_ms": 7.1862219006581745, "forecast_datetime": "2026-10-04T04:00:00", "source": "BMKG ADM4 forecast points + IDW", "boundary": "SERPRO Carbon Project Zone", "interpretation": "Forecast surface clipped to project boundary; not direct station observation" }, "geometry": { "type": "Point", "coordinates": [ 112.698153281739863, -3.058413557456639 ] } },
{ "type": "Feature", "properties": { "precipitation_mm": 0.0, "temperature_c": 24.24482977223952, "humidity_pct": 91.530193167933263, "cloud_cover_pct": 66.343368544198967, "wind_speed_ms": 7.1257049195571538, "forecast_datetime": "2026-10-04T04:00:00", "source": "BMKG ADM4 forecast points + IDW", "boundary": "SERPRO Carbon Project Zone", "interpretation": "Forecast surface clipped to project boundary; not direct station observation" }, "geometry": { "type": "Point", "coordinates": [ 112.698139073798743, -3.049370501535491 ] } },
{ "type": "Feature", "properties": { "precipitation_mm": 0.0, "temperature_c": 24.234418050570206, "humidity_pct": 91.640507193572645, "cloud_cover_pct": 66.398816133526836, "wind_speed_ms": 7.072551993689248, "forecast_datetime": "2026-10-04T04:00:00", "source": "BMKG ADM4 forecast points + IDW", "boundary": "SERPRO Carbon Project Zone", "interpretation": "Forecast surface clipped to project boundary; not direct station observation" }, "geometry": { "type": "Point", "coordinates": [ 112.698124908126502, -3.04032744402571 ] } },
{ "type": "Feature", "properties": { "precipitation_mm": 0.0, "temperature_c": 24.225179129150643, "humidity_pct": 91.739473472867658, "cloud_cover_pct": 66.450436427223664, "wind_speed_ms": 7.0259149977254509, "forecast_datetime": "2026-10-04T04:00:00", "source": "BMKG ADM4 forecast points + IDW", "boundary": "SERPRO Carbon Project Zone", "interpretation": "Forecast surface clipped to project boundary; not direct station observation" }, "geometry": { "type": "Point", "coordinates": [ 112.698110784721436, -3.03128438493199 ] } },
{ "type": "Feature", "properties": { "precipitation_mm": 0.0, "temperature_c": 24.216999740281071, "humidity_pct": 91.827778112098784, "cloud_cover_pct": 66.497587338981532, "wind_speed_ms": 6.9850396863019668, "forecast_datetime": "2026-10-04T04:00:00", "source": "BMKG ADM4 forecast points + IDW", "boundary": "SERPRO Carbon Project Zone", "interpretation": "Forecast surface clipped to project boundary; not direct station observation" }, "geometry": { "type": "Point", "coordinates": [ 112.698096703581783, -3.022241324259026 ] } },
{ "type": "Feature", "properties": { "precipitation_mm": 0.0, "temperature_c": 24.209775030758681, "humidity_pct": 91.906146679791433, "cloud_cover_pct": 66.539893624436814, "wind_speed_ms": 6.9492531846046086, "forecast_datetime": "2026-10-04T04:00:00", "source": "BMKG ADM4 forecast points + IDW", "boundary": "SERPRO Carbon Project Zone", "interpretation": "Forecast surface clipped to project boundary; not direct station observation" }, "geometry": { "type": "Point", "coordinates": [ 112.698082664705794, -3.013198262011515 ] } },
{ "type": "Feature", "properties": { "precipitation_mm": 0.0, "temperature_c": 24.203407802441841, "humidity_pct": 91.975330910234646, "cloud_cover_pct": 66.577201621985807, "wind_speed_ms": 6.9179544524292735, "forecast_datetime": "2026-10-04T04:00:00", "source": "BMKG ADM4 forecast points + IDW", "boundary": "SERPRO Carbon Project Zone", "interpretation": "Forecast surface clipped to project boundary; not direct station observation" }, "geometry": { "type": "Point", "coordinates": [ 112.69806866809175, -3.004155198194153 ] } },
{ "type": "Feature", "properties": { "precipitation_mm": 0.0, "temperature_c": 24.197808123015424, "humidity_pct": 92.036093093974017, "cloud_cover_pct": 66.609534642023831, "wind_speed_ms": 6.8906068116903478, "forecast_datetime": "2026-10-04T04:00:00", "source": "BMKG ADM4 forecast points + IDW", "boundary": "SERPRO Carbon Project Zone", "interpretation": "Forecast surface clipped to project boundary; not direct station observation" }, "geometry": { "type": "Point", "coordinates": [ 112.698054713737918, -2.995112132811634 ] } },
{ "type": "Feature", "properties": { "precipitation_mm": 0.0, "temperature_c": 24.192893129074335, "humidity_pct": 92.089190361211777, "cloud_cover_pct": 66.637051100924623, "wind_speed_ms": 6.8667318324565283, "forecast_datetime": "2026-10-04T04:00:00", "source": "BMKG ADM4 forecast points + IDW", "boundary": "SERPRO Carbon Project Zone", "interpretation": "Forecast surface clipped to project boundary; not direct station observation" }, "geometry": { "type": "Point", "coordinates": [ 112.698040801642591, -2.986069065868656 ] } },
{ "type": "Feature", "properties": { "precipitation_mm": 0.0, "temperature_c": 24.188586894655927, "humidity_pct": 92.135360424272946, "cloud_cover_pct": 66.660006933555977, "wind_speed_ms": 6.8459040748166817, "forecast_datetime": "2026-10-04T04:00:00", "source": "BMKG ADM4 forecast points + IDW", "boundary": "SERPRO Carbon Project Zone", "interpretation": "Forecast surface clipped to project boundary; not direct station observation" }, "geometry": { "type": "Point", "coordinates": [ 112.698026931804037, -2.977025997369914 ] } },
{ "type": "Feature", "properties": { "precipitation_mm": 0.0, "temperature_c": 24.184820284825001, "humidity_pct": 92.175309728057755, "cloud_cover_pct": 66.678723205202999, "wind_speed_ms": 6.8277463583693541, "forecast_datetime": "2026-10-04T04:00:00", "source": "BMKG ADM4 forecast points + IDW", "boundary": "SERPRO Carbon Project Zone", "interpretation": "Forecast surface clipped to project boundary; not direct station observation" }, "geometry": { "type": "Point", "coordinates": [ 112.698013104220536, -2.967982927320103 ] } },
{ "type": "Feature", "properties": { "precipitation_mm": 0.0, "temperature_c": 24.181530751732275, "humidity_pct": 92.209704434069351, "cloud_cover_pct": 66.693559280363104, "wind_speed_ms": 6.8119253672460616, "forecast_datetime": "2026-10-04T04:00:00", "source": "BMKG ADM4 forecast points + IDW", "boundary": "SERPRO Carbon Project Zone", "interpretation": "Forecast surface clipped to project boundary; not direct station observation" }, "geometry": { "type": "Point", "coordinates": [ 112.697999318890396, -2.958939855723923 ] } },
{ "type": "Feature", "properties": { "precipitation_mm": 0.0, "temperature_c": 24.178662058357865, "humidity_pct": 92.239164267256839, "cloud_cover_pct": 66.704891451610152, "wind_speed_ms": 6.7981474953391396, "forecast_datetime": "2026-10-04T04:00:00", "source": "BMKG ADM4 forecast points + IDW", "boundary": "SERPRO Carbon Project Zone", "interpretation": "Forecast surface clipped to project boundary; not direct station observation" }, "geometry": { "type": "Point", "coordinates": [ 112.697985575811913, -2.949896782586068 ] } },
{ "type": "Feature", "properties": { "precipitation_mm": 0.0, "temperature_c": 24.176163933438698, "humidity_pct": 92.264258988851736, "cloud_cover_pct": 66.713096609350245, "wind_speed_ms": 6.7861548985574283, "forecast_datetime": "2026-10-04T04:00:00", "source": "BMKG ADM4 forecast points + IDW", "boundary": "SERPRO Carbon Project Zone", "interpretation": "Forecast surface clipped to project boundary; not direct station observation" }, "geometry": { "type": "Point", "coordinates": [ 112.697971874983395, -2.940853707911236 ] } },
{ "type": "Feature", "properties": { "precipitation_mm": 0.0, "temperature_c": 24.173991671444302, "humidity_pct": 92.285507106911624, "cloud_cover_pct": 66.718540338484999, "wind_speed_ms": 6.7757217558331995, "forecast_datetime": "2026-10-04T04:00:00", "source": "BMKG ADM4 forecast points + IDW", "boundary": "SERPRO Carbon Project Zone", "interpretation": "Forecast surface clipped to project boundary; not direct station observation" }, "geometry": { "type": "Point", "coordinates": [ 112.697958216403137, -2.931810631704121 ] } },
{ "type": "Feature", "properties": { "precipitation_mm": 0.0, "temperature_c": 24.172105695889119, "humidity_pct": 92.303376374569538, "cloud_cover_pct": 66.721568740485409, "wind_speed_ms": 6.7666507560317273, "forecast_datetime": "2026-10-04T04:00:00", "source": "BMKG ADM4 forecast points + IDW", "boundary": "SERPRO Carbon Project Zone", "interpretation": "Forecast surface clipped to project boundary; not direct station observation" }, "geometry": { "type": "Point", "coordinates": [ 112.697944600069462, -2.922767553969424 ] } },
{ "type": "Feature", "properties": { "precipitation_mm": 0.0, "temperature_c": 24.720037615948709, "humidity_pct": 87.785702243856718, "cloud_cover_pct": 66.793590310663063, "wind_speed_ms": 9.9415359763755955, "forecast_datetime": "2026-10-04T04:00:00", "source": "BMKG ADM4 forecast points + IDW", "boundary": "SERPRO Carbon Project Zone", "interpretation": "Forecast surface clipped to project boundary; not direct station observation" }, "geometry": { "type": "Point", "coordinates": [ 112.707353188208941, -3.185001233935179 ] } },
{ "type": "Feature", "properties": { "precipitation_mm": 0.0, "temperature_c": 24.663333587199766, "humidity_pct": 88.165333457705799, "cloud_cover_pct": 66.588113936471601, "wind_speed_ms": 9.5888721173860638, "forecast_datetime": "2026-10-04T04:00:00", "source": "BMKG ADM4 forecast points + IDW", "boundary": "SERPRO Carbon Project Zone", "interpretation": "Forecast surface clipped to project boundary; not direct station observation" }, "geometry": { "type": "Point", "coordinates": [ 112.707338310010968, -3.175958243241173 ] } },
{ "type": "Feature", "properties": { "precipitation_mm": 0.0, "temperature_c": 24.610457615813239, "humidity_pct": 88.528048253537506, "cloud_cover_pct": 66.415533563910103, "wind_speed_ms": 9.2618142815646713, "forecast_datetime": "2026-10-04T04:00:00", "source": "BMKG ADM4 forecast points + IDW", "boundary": "SERPRO Carbon Project Zone", "interpretation": "Forecast surface clipped to project boundary; not direct station observation" }, "geometry": { "type": "Point", "coordinates": [ 112.707323474330693, -3.166915250892107 ] } },
{ "type": "Feature", "properties": { "precipitation_mm": 0.0, "temperature_c": 24.562159790000077, "humidity_pct": 88.868650974831482, "cloud_cover_pct": 66.278334497621046, "wind_speed_ms": 8.9650734552248501, "forecast_datetime": "2026-10-04T04:00:00", "source": "BMKG ADM4 forecast points + IDW", "boundary": "SERPRO Carbon Project Zone", "interpretation": "Forecast surface clipped to project boundary; not direct station observation" }, "geometry": { "type": "Point", "coordinates": [ 112.707308681166325, -3.157872256892679 ] } },
{ "type": "Feature", "properties": { "precipitation_mm": 0.0, "temperature_c": 24.518600205337219, "humidity_pct": 89.185359312379816, "cloud_cover_pct": 66.175701987166093, "wind_speed_ms": 8.699585330327448, "forecast_datetime": "2026-10-04T04:00:00", "source": "BMKG ADM4 forecast points + IDW", "boundary": "SERPRO Carbon Project Zone", "interpretation": "Forecast surface clipped to project boundary; not direct station observation" }, "geometry": { "type": "Point", "coordinates": [ 112.707293930516002, -3.148829261247582 ] } },
{ "type": "Feature", "properties": { "precipitation_mm": 0.0, "temperature_c": 24.479593691913873, "humidity_pct": 89.478388973703474, "cloud_cover_pct": 66.104868702016361, "wind_speed_ms": 8.4640648571294523, "forecast_datetime": "2026-10-04T04:00:00", "source": "BMKG ADM4 forecast points + IDW", "boundary": "SERPRO Carbon Project Zone", "interpretation": "Forecast surface clipped to project boundary; not direct station observation" }, "geometry": { "type": "Point", "coordinates": [ 112.707279222377892, -3.139786263961511 ] } },
{ "type": "Feature", "properties": { "precipitation_mm": 0.0, "temperature_c": 24.44478409549362, "humidity_pct": 89.748947766973643, "cloud_cover_pct": 66.062078631707152, "wind_speed_ms": 8.2561140289111474, "forecast_datetime": "2026-10-04T04:00:00", "source": "BMKG ADM4 forecast points + IDW", "boundary": "SERPRO Carbon Project Zone", "interpretation": "Forecast surface clipped to project boundary; not direct station observation" }, "geometry": { "type": "Point", "coordinates": [ 112.707264556750232, -3.130743265039163 ] } },
{ "type": "Feature", "properties": { "precipitation_mm": 0.0, "temperature_c": 24.413754192213929, "humidity_pct": 89.998606313643236, "cloud_cover_pct": 66.043207423512655, "wind_speed_ms": 8.0729225038910233, "forecast_datetime": "2026-10-04T04:00:00", "source": "BMKG ADM4 forecast points + IDW", "boundary": "SERPRO Carbon Project Zone", "interpretation": "Forecast surface clipped to project boundary; not direct station observation" }, "geometry": { "type": "Point", "coordinates": [ 112.707249933631161, -3.121700264485234 ] } },
{ "type": "Feature", "properties": { "precipitation_mm": 0.0, "temperature_c": 24.386087832046638, "humidity_pct": 90.228949366688965, "cloud_cover_pct": 66.044131409060341, "wind_speed_ms": 7.9116668022855254, "forecast_datetime": "2026-10-04T04:00:00", "source": "BMKG ADM4 forecast points + IDW", "boundary": "SERPRO Carbon Project Zone", "interpretation": "Forecast surface clipped to project boundary; not direct station observation" }, "geometry": { "type": "Point", "coordinates": [ 112.707235353018888, -3.11265726230442 ] } },
{ "type": "Feature", "properties": { "precipitation_mm": 0.0, "temperature_c": 24.361400639555878, "humidity_pct": 90.441412256485336, "cloud_cover_pct": 66.060933247526577, "wind_speed_ms": 7.7697116052464512, "forecast_datetime": "2026-10-04T04:00:00", "source": "BMKG ADM4 forecast points + IDW", "boundary": "SERPRO Carbon Project Zone", "interpretation": "Forecast surface clipped to project boundary; not direct station observation" }, "geometry": { "type": "Point", "coordinates": [ 112.707220814911636, -3.103614258501416 ] } },
{ "type": "Feature", "properties": { "precipitation_mm": 0.0, "temperature_c": 24.339351777605032, "humidity_pct": 90.63722872364724, "cloud_cover_pct": 66.090009646047193, "wind_speed_ms": 7.6446920552134205, "forecast_datetime": "2026-10-04T04:00:00", "source": "BMKG ADM4 forecast points + IDW", "boundary": "SERPRO Carbon Project Zone", "interpretation": "Forecast surface clipped to project boundary; not direct station observation" }, "geometry": { "type": "Point", "coordinates": [ 112.707206319307588, -3.094571253080919 ] } },
{ "type": "Feature", "properties": { "precipitation_mm": 0.0, "temperature_c": 24.319645242435165, "humidity_pct": 90.817439600133127, "cloud_cover_pct": 66.12812366458914, "wind_speed_ms": 7.534530125423113, "forecast_datetime": "2026-10-04T04:00:00", "source": "BMKG ADM4 forecast points + IDW", "boundary": "SERPRO Carbon Project Zone", "interpretation": "Forecast surface clipped to project boundary; not direct station observation" }, "geometry": { "type": "Point", "coordinates": [ 112.707191866204951, -3.085528246047625 ] } },
{ "type": "Feature", "properties": { "precipitation_mm": 0.0, "temperature_c": 24.302025999628356, "humidity_pct": 90.982930044699771, "cloud_cover_pct": 66.172426475188786, "wind_speed_ms": 7.4374180100020917, "forecast_datetime": "2026-10-04T04:00:00", "source": "BMKG ADM4 forecast points + IDW", "boundary": "SERPRO Carbon Project Zone", "interpretation": "Forecast surface clipped to project boundary; not direct station observation" }, "geometry": { "type": "Point", "coordinates": [ 112.707177455601936, -3.076485237406232 ] } },
{ "type": "Feature", "properties": { "precipitation_mm": 0.0, "temperature_c": 24.286274097126221, "humidity_pct": 91.134475729393074, "cloud_cover_pct": 66.220461730797979, "wind_speed_ms": 7.3517877461132146, "forecast_datetime": "2026-10-04T04:00:00", "source": "BMKG ADM4 forecast points + IDW", "boundary": "SERPRO Carbon Project Zone", "interpretation": "Forecast surface clipped to project boundary; not direct station observation" }, "geometry": { "type": "Point", "coordinates": [ 112.707163087496781, -3.067442227161436 ] } },
{ "type": "Feature", "properties": { "precipitation_mm": 0.0, "temperature_c": 24.272198496017882, "humidity_pct": 91.272786739298169, "cloud_cover_pct": 66.270158779067685, "wind_speed_ms": 7.2762775715767756, "forecast_datetime": "2026-10-04T04:00:00", "source": "BMKG ADM4 forecast points + IDW", "boundary": "SERPRO Carbon Project Zone", "interpretation": "Forecast surface clipped to project boundary; not direct station observation" }, "geometry": { "type": "Point", "coordinates": [ 112.707148761887709, -3.058399215317933 ] } },
{ "type": "Feature", "properties": { "precipitation_mm": 0.0, "temperature_c": 24.259631499826174, "humidity_pct": 91.398543370602127, "cloud_cover_pct": 66.31981740691603, "wind_speed_ms": 7.2097002722458674, "forecast_datetime": "2026-10-04T04:00:00", "source": "BMKG ADM4 forecast points + IDW", "boundary": "SERPRO Carbon Project Zone", "interpretation": "Forecast surface clipped to project boundary; not direct station observation" }, "geometry": { "type": "Point", "coordinates": [ 112.707134478772943, -3.049356201880422 ] } },
{ "type": "Feature", "properties": { "precipitation_mm": 0.0, "temperature_c": 24.248424148503155, "humidity_pct": 91.512421521743903, "cloud_cover_pct": 66.368085380304933, "wind_speed_ms": 7.151015737702628, "forecast_datetime": "2026-10-04T04:00:00", "source": "BMKG ADM4 forecast points + IDW", "boundary": "SERPRO Carbon Project Zone", "interpretation": "Forecast surface clipped to project boundary; not direct station observation" }, "geometry": { "type": "Point", "coordinates": [ 112.707120238150722, -3.040313186853597 ] } },
{ "type": "Feature", "properties": { "precipitation_mm": 0.0, "temperature_c": 24.238442646029945, "humidity_pct": 91.615107616878703, "cloud_cover_pct": 66.413929798124585, "wind_speed_ms": 7.0993082693553484, "forecast_datetime": "2026-10-04T04:00:00", "source": "BMKG ADM4 forecast points + IDW", "boundary": "SERPRO Carbon Project Zone", "interpretation": "Forecast surface clipped to project boundary; not direct station observation" }, "geometry": { "type": "Point", "coordinates": [ 112.707106040019298, -3.031270170242158 ] } },
{ "type": "Feature", "properties": { "precipitation_mm": 0.0, "temperature_c": 24.229565729483237, "humidity_pct": 91.707304360580792, "cloud_cover_pct": 66.45660353995828, "wind_speed_ms": 7.0537683285712864, "forecast_datetime": "2026-10-04T04:00:00", "source": "BMKG ADM4 forecast points + IDW", "boundary": "SERPRO Carbon Project Zone", "interpretation": "Forecast surface clipped to project boundary; not direct station observation" }, "geometry": { "type": "Point", "coordinates": [ 112.707091884376908, -3.022227152050801 ] } },
{ "type": "Feature", "properties": { "precipitation_mm": 0.0, "temperature_c": 24.221682812395159, "humidity_pct": 91.789729330963539, "cloud_cover_pct": 66.495608430568026, "wind_speed_ms": 7.013678038579461, "forecast_datetime": "2026-10-04T04:00:00", "source": "BMKG ADM4 forecast points + IDW", "boundary": "SERPRO Carbon Project Zone", "interpretation": "Forecast surface clipped to project boundary; not direct station observation" }, "geometry": { "type": "Point", "coordinates": [ 112.70707777122179, -3.013184132284226 ] } },
{ "type": "Feature", "properties": { "precipitation_mm": 0.0, "temperature_c": 24.214692714056365, "humidity_pct": 91.863108643049941, "cloud_cover_pct": 66.530656943890293, "wind_speed_ms": 6.9783996564123214, "forecast_datetime": "2026-10-04T04:00:00", "source": "BMKG ADM4 forecast points + IDW", "boundary": "SERPRO Carbon Project Zone", "interpretation": "Forecast surface clipped to project boundary; not direct station observation" }, "geometry": { "type": "Point", "coordinates": [ 112.70706370055224, -3.004141110947127 ] } },
{ "type": "Feature", "properties": { "precipitation_mm": 0.0, "temperature_c": 24.208502797482861, "humidity_pct": 91.928167797927316, "cloud_cover_pct": 66.561634248477517, "wind_speed_ms": 6.9473662824293578, "forecast_datetime": "2026-10-04T04:00:00", "source": "BMKG ADM4 forecast points + IDW", "boundary": "SERPRO Carbon Project Zone", "interpretation": "Forecast surface clipped to project boundary; not direct station observation" }, "geometry": { "type": "Point", "coordinates": [ 112.707049672366495, -2.995098088044205 ] } },
{ "type": "Feature", "properties": { "precipitation_mm": 0.0, "temperature_c": 24.203028366971658, "humidity_pct": 91.985621504532531, "cloud_cover_pct": 66.588562172524718, "wind_speed_ms": 6.9200741954365466, "forecast_datetime": "2026-10-04T04:00:00", "source": "BMKG ADM4 forecast points + IDW", "boundary": "SERPRO Carbon Project Zone", "interpretation": "Forecast surface clipped to project boundary; not direct station observation" }, "geometry": { "type": "Point", "coordinates": [ 112.707035686662834, -2.986055063580157 ] } },
{ "type": "Feature", "properties": { "precipitation_mm": 0.0, "temperature_c": 24.198192210951468, "humidity_pct": 92.036163830875793, "cloud_cover_pct": 66.611566306489692, "wind_speed_ms": 6.8960763423804714, "forecast_datetime": "2026-10-04T04:00:00", "source": "BMKG ADM4 forecast points + IDW", "boundary": "SERPRO Carbon Project Zone", "interpretation": "Forecast surface clipped to project boundary; not direct station observation" }, "geometry": { "type": "Point", "coordinates": [ 112.707021743439512, -2.97701203755968 ] } },
{ "type": "Feature", "properties": { "precipitation_mm": 0.0, "temperature_c": 24.193924210204845, "humidity_pct": 92.080459597050051, "cloud_cover_pct": 66.63084704397788, "wind_speed_ms": 6.8749766449917651, "forecast_datetime": "2026-10-04T04:00:00", "source": "BMKG ADM4 forecast points + IDW", "boundary": "SERPRO Carbon Project Zone", "interpretation": "Forecast surface clipped to project boundary; not direct station observation" }, "geometry": { "type": "Point", "coordinates": [ 112.707007842694836, -2.967969009987474 ] } },
{ "type": "Feature", "properties": { "precipitation_mm": 0.0, "temperature_c": 24.190160961396654, "humidity_pct": 92.119137522669391, "cloud_cover_pct": 66.646654955553558, "wind_speed_ms": 6.8564248975535511, "forecast_datetime": "2026-10-04T04:00:00", "source": "BMKG ADM4 forecast points + IDW", "boundary": "SERPRO Carbon Project Zone", "interpretation": "Forecast surface clipped to project boundary; not direct station observation" }, "geometry": { "type": "Point", "coordinates": [ 112.706993984427072, -2.958925980868237 ] } },
{ "type": "Feature", "properties": { "precipitation_mm": 0.0, "temperature_c": 24.186845389324979, "humidity_pct": 92.152785318934349, "cloud_cover_pct": 66.659270542511294, "wind_speed_ms": 6.8401121154368445, "forecast_datetime": "2026-10-04T04:00:00", "source": "BMKG ADM4 forecast points + IDW", "boundary": "SERPRO Carbon Project Zone", "interpretation": "Forecast surface clipped to project boundary; not direct station observation" }, "geometry": { "type": "Point", "coordinates": [ 112.706980168634502, -2.949882950206666 ] } },
{ "type": "Feature", "properties": { "precipitation_mm": 0.0, "temperature_c": 24.183926338131922, "humidity_pct": 92.181946680991118, "cloud_cover_pct": 66.668988152390597, "wind_speed_ms": 6.8257662541157007, "forecast_datetime": "2026-10-04T04:00:00", "source": "BMKG ADM4 forecast points + IDW", "boundary": "SERPRO Carbon Project Zone", "interpretation": "Forecast surface clipped to project boundary; not direct station observation" }, "geometry": { "type": "Point", "coordinates": [ 112.706966395315447, -2.940839918007463 ] } },
{ "type": "Feature", "properties": { "precipitation_mm": 0.0, "temperature_c": 24.181358142563717, "humidity_pct": 92.207119984994975, "cloud_cover_pct": 66.676103659978608, "wind_speed_ms": 6.8131482569675752, "forecast_datetime": "2026-10-04T04:00:00", "source": "BMKG ADM4 forecast points + IDW", "boundary": "SERPRO Carbon Project Zone", "interpretation": "Forecast surface clipped to project boundary; not direct station observation" }, "geometry": { "type": "Point", "coordinates": [ 112.706952664468176, -2.931796884275324 ] } },
{ "type": "Feature", "properties": { "precipitation_mm": 0.0, "temperature_c": 24.179100186421032, "humidity_pct": 92.22875841292101, "cloud_cover_pct": 66.680905418538202, "wind_speed_ms": 6.8020484122854326, "forecast_datetime": "2026-10-04T04:00:00", "source": "BMKG ADM4 forecast points + IDW", "boundary": "SERPRO Carbon Project Zone", "interpretation": "Forecast surface clipped to project boundary; not direct station observation" }, "geometry": { "type": "Point", "coordinates": [ 112.70693897609101, -2.922753849014948 ] } },
{ "type": "Feature", "properties": { "precipitation_mm": 0.0, "temperature_c": 24.639019619863685, "humidity_pct": 88.355042218036928, "cloud_cover_pct": 66.557588902945142, "wind_speed_ms": 9.4431246643905649, "forecast_datetime": "2026-10-04T04:00:00", "source": "BMKG ADM4 forecast points + IDW", "boundary": "SERPRO Carbon Project Zone", "interpretation": "Forecast surface clipped to project boundary; not direct station observation" }, "geometry": { "type": "Point", "coordinates": [ 112.71631983149355, -3.166900320522885 ] } },
{ "type": "Feature", "properties": { "precipitation_mm": 0.0, "temperature_c": 24.46841609784703, "humidity_pct": 89.595174531829343, "cloud_cover_pct": 66.156136752469322, "wind_speed_ms": 8.4042848341328238, "forecast_datetime": "2026-10-04T04:00:00", "source": "BMKG ADM4 forecast points + IDW", "boundary": "SERPRO Carbon Project Zone", "interpretation": "Forecast surface clipped to project boundary; not direct station observation" }, "geometry": { "type": "Point", "coordinates": [ 112.716260603830648, -3.130728505530358 ] } },
{ "type": "Feature", "properties": { "precipitation_mm": 0.0, "temperature_c": 24.435984609968003, "humidity_pct": 89.849830553753307, "cloud_cover_pct": 66.122389714362868, "wind_speed_ms": 8.2114547151976964, "forecast_datetime": "2026-10-04T04:00:00", "source": "BMKG ADM4 forecast points + IDW", "boundary": "SERPRO Carbon Project Zone", "interpretation": "Forecast surface clipped to project boundary; not direct station observation" }, "geometry": { "type": "Point", "coordinates": [ 112.716245903750306, -3.121685547689778 ] } },
{ "type": "Feature", "properties": { "precipitation_mm": 0.0, "temperature_c": 24.406988412875929, "humidity_pct": 90.084644119359041, "cloud_cover_pct": 66.108495026433872, "wind_speed_ms": 8.040943495599798, "forecast_datetime": "2026-10-04T04:00:00", "source": "BMKG ADM4 forecast points + IDW", "boundary": "SERPRO Carbon Project Zone", "interpretation": "Forecast surface clipped to project boundary; not direct station observation" }, "geometry": { "type": "Point", "coordinates": [ 112.716231246400469, -3.112642588221614 ] } },
{ "type": "Feature", "properties": { "precipitation_mm": 0.0, "temperature_c": 24.381064346800169, "humidity_pct": 90.301036169285283, "cloud_cover_pct": 66.110901382763075, "wind_speed_ms": 7.8902783646085055, "forecast_datetime": "2026-10-04T04:00:00", "source": "BMKG ADM4 forecast points + IDW", "boundary": "SERPRO Carbon Project Zone", "interpretation": "Forecast surface clipped to project boundary; not direct station observation" }, "geometry": { "type": "Point", "coordinates": [ 112.716216631779332, -3.103599627130563 ] } },
{ "type": "Feature", "properties": { "precipitation_mm": 0.0, "temperature_c": 24.357877630472156, "humidity_pct": 90.500308052838321, "cloud_cover_pct": 66.126282224723028, "wind_speed_ms": 7.7571623168899402, "forecast_datetime": "2026-10-04T04:00:00", "source": "BMKG ADM4 forecast points + IDW", "boundary": "SERPRO Carbon Project Zone", "interpretation": "Forecast surface clipped to project boundary; not direct station observation" }, "geometry": { "type": "Point", "coordinates": [ 112.716202059885092, -3.094556664421326 ] } },
{ "type": "Feature", "properties": { "precipitation_mm": 0.0, "temperature_c": 24.337128993566637, "humidity_pct": 90.683612008474711, "cloud_cover_pct": 66.15160826638548, "wind_speed_ms": 7.6395256013976907, "forecast_datetime": "2026-10-04T04:00:00", "source": "BMKG ADM4 forecast points + IDW", "boundary": "SERPRO Carbon Project Zone", "interpretation": "Forecast surface clipped to project boundary; not direct station observation" }, "geometry": { "type": "Point", "coordinates": [ 112.716187530715956, -3.0855137000986 ] } },
{ "type": "Feature", "properties": { "precipitation_mm": 0.0, "temperature_c": 24.318555052031645, "humidity_pct": 90.85196028438547, "cloud_cover_pct": 66.184182336080738, "wind_speed_ms": 7.5355342076331784, "forecast_datetime": "2026-10-04T04:00:00", "source": "BMKG ADM4 forecast points + IDW", "boundary": "SERPRO Carbon Project Zone", "interpretation": "Forecast surface clipped to project boundary; not direct station observation" }, "geometry": { "type": "Point", "coordinates": [ 112.716173044270121, -3.076470734167085 ] } },
{ "type": "Feature", "properties": { "precipitation_mm": 0.0, "temperature_c": 24.301925337579984, "humidity_pct": 91.006251805891409, "cloud_cover_pct": 66.221651735079774, "wind_speed_ms": 7.4435765051826941, "forecast_datetime": "2026-10-04T04:00:00", "source": "BMKG ADM4 forecast points + IDW", "boundary": "SERPRO Carbon Project Zone", "interpretation": "Forecast surface clipped to project boundary; not direct station observation" }, "geometry": { "type": "Point", "coordinates": [ 112.71615860054581, -3.067427766631478 ] } },
{ "type": "Feature", "properties": { "precipitation_mm": 0.0, "temperature_c": 24.287038020974485, "humidity_pct": 91.147303564940287, "cloud_cover_pct": 66.262006532523401, "wind_speed_ms": 7.3622405532236339, "forecast_datetime": "2026-10-04T04:00:00", "source": "BMKG ADM4 forecast points + IDW", "boundary": "SERPRO Carbon Project Zone", "interpretation": "Forecast surface clipped to project boundary; not direct station observation" }, "geometry": { "type": "Point", "coordinates": [ 112.716144199541219, -3.058384797496478 ] } },
{ "type": "Feature", "properties": { "precipitation_mm": 0.0, "temperature_c": 24.273715472221699, "humidity_pct": 91.275879489186536, "cloud_cover_pct": 66.303568263947213, "wind_speed_ms": 7.2902890567713285, "forecast_datetime": "2026-10-04T04:00:00", "source": "BMKG ADM4 forecast points + IDW", "boundary": "SERPRO Carbon Project Zone", "interpretation": "Forecast surface clipped to project boundary; not direct station observation" }, "geometry": { "type": "Point", "coordinates": [ 112.716129841254599, -3.049341826766785 ] } },
{ "type": "Feature", "properties": { "precipitation_mm": 0.0, "temperature_c": 24.26180023722867, "humidity_pct": 91.392713229999643, "cloud_cover_pct": 66.344971480974209, "wind_speed_ms": 7.2266355359020373, "forecast_datetime": "2026-10-04T04:00:00", "source": "BMKG ADM4 forecast points + IDW", "boundary": "SERPRO Carbon Project Zone", "interpretation": "Forecast surface clipped to project boundary; not direct station observation" }, "geometry": { "type": "Point", "coordinates": [ 112.71611552568416, -3.040298854447097 ] } },
{ "type": "Feature", "properties": { "precipitation_mm": 0.0, "temperature_c": 24.251151668559466, "humidity_pct": 91.498523684310385, "cloud_cover_pct": 66.385139757873091, "wind_speed_ms": 7.1703232606395693, "forecast_datetime": "2026-10-04T04:00:00", "source": "BMKG ADM4 forecast points + IDW", "boundary": "SERPRO Carbon Project Zone", "interpretation": "Forecast surface clipped to project boundary; not direct station observation" }, "geometry": { "type": "Point", "coordinates": [ 112.716101252828125, -3.031255880542116 ] } },
{ "type": "Feature", "properties": { "precipitation_mm": 0.0, "temperature_c": 24.24164325002473, "humidity_pct": 91.594023534710686, "cloud_cover_pct": 66.423257536604879, "wind_speed_ms": 7.1205073745173184, "forecast_datetime": "2026-10-04T04:00:00", "source": "BMKG ADM4 forecast points + IDW", "boundary": "SERPRO Carbon Project Zone", "interpretation": "Forecast surface clipped to project boundary; not direct station observation" }, "geometry": { "type": "Point", "coordinates": [ 112.716087022684746, -3.022212905056539 ] } },
{ "type": "Feature", "properties": { "precipitation_mm": 0.0, "temperature_c": 24.233160549386518, "humidity_pct": 91.67992191982556, "cloud_cover_pct": 66.458739209550927, "wind_speed_ms": 7.0764400446868443, "forecast_datetime": "2026-10-04T04:00:00", "source": "BMKG ADM4 forecast points + IDW", "boundary": "SERPRO Carbon Project Zone", "interpretation": "Forecast surface clipped to project boundary; not direct station observation" }, "geometry": { "type": "Point", "coordinates": [ 112.716072835252277, -3.013169927995067 ] } },
{ "type": "Feature", "properties": { "precipitation_mm": 0.0, "temperature_c": 24.225599686543461, "humidity_pct": 91.756922716692486, "cloud_cover_pct": 66.491196876099906, "wind_speed_ms": 7.0374582175255753, "forecast_datetime": "2026-10-04T04:00:00", "source": "BMKG ADM4 forecast points + IDW", "boundary": "SERPRO Carbon Project Zone", "interpretation": "Forecast surface clipped to project boundary; not direct station observation" }, "geometry": { "type": "Point", "coordinates": [ 112.716058690528939, -3.004126949362398 ] } },
{ "type": "Feature", "properties": { "precipitation_mm": 0.0, "temperature_c": 24.218866193555215, "humidity_pct": 91.825719968843316, "cloud_cover_pct": 66.520408160831309, "wind_speed_ms": 7.0029734871778739, "forecast_datetime": "2026-10-04T04:00:00", "source": "BMKG ADM4 forecast points + IDW", "boundary": "SERPRO Carbon Project Zone", "interpretation": "Forecast surface clipped to project boundary; not direct station observation" }, "geometry": { "type": "Point", "coordinates": [ 112.716044588513, -2.995083969163233 ] } },
{ "type": "Feature", "properties": { "precipitation_mm": 0.0, "temperature_c": 24.212874152416241, "humidity_pct": 91.886991841601159, "cloud_cover_pct": 66.54628532259008, "wind_speed_ms": 6.9724636127512163, "forecast_datetime": "2026-10-04T04:00:00", "source": "BMKG ADM4 forecast points + IDW", "boundary": "SERPRO Carbon Project Zone", "interpretation": "Forecast surface clipped to project boundary; not direct station observation" }, "geometry": { "type": "Point", "coordinates": [ 112.716030529202726, -2.986040987402273 ] } },
{ "type": "Feature", "properties": { "precipitation_mm": 0.0, "temperature_c": 24.207545516153914, "humidity_pct": 91.941394222278475, "cloud_cover_pct": 66.568846637363109, "wind_speed_ms": 6.9454652935988914, "forecast_datetime": "2026-10-04T04:00:00", "source": "BMKG ADM4 forecast points + IDW", "boundary": "SERPRO Carbon Project Zone", "interpretation": "Forecast surface clipped to project boundary; not direct station observation" }, "geometry": { "type": "Point", "coordinates": [ 112.716016512596383, -2.976998004084217 ] } },
{ "type": "Feature", "properties": { "precipitation_mm": 0.0, "temperature_c": 24.202809541698031, "humidity_pct": 91.989554779126905, "cloud_cover_pct": 66.588190745339759, "wind_speed_ms": 6.9215678987337252, "forecast_datetime": "2026-10-04T04:00:00", "source": "BMKG ADM4 forecast points + IDW", "boundary": "SERPRO Carbon Project Zone", "interpretation": "Forecast surface clipped to project boundary; not direct station observation" }, "geometry": { "type": "Point", "coordinates": [ 112.716002538692223, -2.967955019213765 ] } },
{ "type": "Feature", "properties": { "precipitation_mm": 0.0, "temperature_c": 24.198602284789249, "humidity_pct": 92.032067999604507, "cloud_cover_pct": 66.604474356806236, "wind_speed_ms": 6.9004079279298578, "forecast_datetime": "2026-10-04T04:00:00", "source": "BMKG ADM4 forecast points + IDW", "boundary": "SERPRO Carbon Project Zone", "interpretation": "Forecast surface clipped to project boundary; not direct station observation" }, "geometry": { "type": "Point", "coordinates": [ 112.715988607488526, -2.958912032795618 ] } },
{ "type": "Feature", "properties": { "precipitation_mm": 0.0, "temperature_c": 24.42534371641818, "humidity_pct": 89.958788704386166, "cloud_cover_pct": 66.166851113277119, "wind_speed_ms": 8.1546433982751712, "forecast_datetime": "2026-10-04T04:00:00", "source": "BMKG ADM4 forecast points + IDW", "boundary": "SERPRO Carbon Project Zone", "interpretation": "Forecast surface clipped to project boundary; not direct station observation" }, "geometry": { "type": "Point", "coordinates": [ 112.725227097053335, -3.112627837112694 ] } },
{ "type": "Feature", "properties": { "precipitation_mm": 0.0, "temperature_c": 24.39861552726888, "humidity_pct": 90.176796195964386, "cloud_cover_pct": 66.157768441800357, "wind_speed_ms": 7.9981024717921825, "forecast_datetime": "2026-10-04T04:00:00", "source": "BMKG ADM4 forecast points + IDW", "boundary": "SERPRO Carbon Project Zone", "interpretation": "Forecast surface clipped to project boundary; not direct station observation" }, "geometry": { "type": "Point", "coordinates": [ 112.725212405920132, -3.103584918957797 ] } },
{ "type": "Feature", "properties": { "precipitation_mm": 0.0, "temperature_c": 24.374635029635769, "humidity_pct": 90.37771524099918, "cloud_cover_pct": 66.161859395748962, "wind_speed_ms": 7.8591608122798231, "forecast_datetime": "2026-10-04T04:00:00", "source": "BMKG ADM4 forecast points + IDW", "boundary": "SERPRO Carbon Project Zone", "interpretation": "Forecast surface clipped to project boundary; not direct station observation" }, "geometry": { "type": "Point", "coordinates": [ 112.725197757737504, -3.094541999184015 ] } },
{ "type": "Feature", "properties": { "precipitation_mm": 0.0, "temperature_c": 24.35311859025192, "humidity_pct": 90.562683562102748, "cloud_cover_pct": 66.176365786609992, "wind_speed_ms": 7.7358718201869436, "forecast_datetime": "2026-10-04T04:00:00", "source": "BMKG ADM4 forecast points + IDW", "boundary": "SERPRO Carbon Project Zone", "interpretation": "Forecast surface clipped to project boundary; not direct station observation" }, "geometry": { "type": "Point", "coordinates": [ 112.725183152503675, -3.085499077796049 ] } },
{ "type": "Feature", "properties": { "precipitation_mm": 0.0, "temperature_c": 24.333809951045627, "humidity_pct": 90.732737975776303, "cloud_cover_pct": 66.198794186747335, "wind_speed_ms": 7.6264690792171645, "forecast_datetime": "2026-10-04T04:00:00", "source": "BMKG ADM4 forecast points + IDW", "boundary": "SERPRO Carbon Project Zone", "interpretation": "Forecast surface clipped to project boundary; not direct station observation" }, "geometry": { "type": "Point", "coordinates": [ 112.725168590216811, -3.076456154798599 ] } },
{ "type": "Feature", "properties": { "precipitation_mm": 0.0, "temperature_c": 24.316480515516606, "humidity_pct": 90.888819770438019, "cloud_cover_pct": 66.226939190417283, "wind_speed_ms": 7.5293724615385242, "forecast_datetime": "2026-10-04T04:00:00", "source": "BMKG ADM4 forecast points + IDW", "boundary": "SERPRO Carbon Project Zone", "interpretation": "Forecast surface clipped to project boundary; not direct station observation" }, "geometry": { "type": "Point", "coordinates": [ 112.725154070875107, -3.067413230196366 ] } },
{ "type": "Feature", "properties": { "precipitation_mm": 0.0, "temperature_c": 24.300927391797394, "humidity_pct": 91.031791170928031, "cloud_cover_pct": 66.25888971491247, "wind_speed_ms": 7.4431792750889265, "forecast_datetime": "2026-10-04T04:00:00", "source": "BMKG ADM4 forecast points + IDW", "boundary": "SERPRO Carbon Project Zone", "interpretation": "Forecast surface clipped to project boundary; not direct station observation" }, "geometry": { "type": "Point", "coordinates": [ 112.725139594476786, -3.05837030399405 ] } },
{ "type": "Feature", "properties": { "precipitation_mm": 0.0, "temperature_c": 24.286970519986308, "humidity_pct": 91.162454609576841, "cloud_cover_pct": 66.293024013172044, "wind_speed_ms": 7.3666486466024672, "forecast_datetime": "2026-10-04T04:00:00", "source": "BMKG ADM4 forecast points + IDW", "boundary": "SERPRO Carbon Project Zone", "interpretation": "Forecast surface clipped to project boundary; not direct station observation" }, "geometry": { "type": "Point", "coordinates": [ 112.725125161020074, -3.049327376196354 ] } },
{ "type": "Feature", "properties": { "precipitation_mm": 0.0, "temperature_c": 24.274449640960878, "humidity_pct": 91.281570173650962, "cloud_cover_pct": 66.327996793194288, "wind_speed_ms": 7.2986838352566537, "forecast_datetime": "2026-10-04T04:00:00", "source": "BMKG ADM4 forecast points + IDW", "boundary": "SERPRO Carbon Project Zone", "interpretation": "Forecast surface clipped to project boundary; not direct station observation" }, "geometry": { "type": "Point", "coordinates": [ 112.725110770503164, -3.040284446807978 ] } },
{ "type": "Feature", "properties": { "precipitation_mm": 0.0, "temperature_c": 24.263221498073282, "humidity_pct": 91.389869033088942, "cloud_cover_pct": 66.362720636088426, "wind_speed_ms": 7.2383149665039328, "forecast_datetime": "2026-10-04T04:00:00", "source": "BMKG ADM4 forecast points + IDW", "boundary": "SERPRO Carbon Project Zone", "interpretation": "Forecast surface clipped to project boundary; not direct station observation" }, "geometry": { "type": "Point", "coordinates": [ 112.725096422924295, -3.031241515833624 ] } },
{ "type": "Feature", "properties": { "precipitation_mm": 0.0, "temperature_c": 24.253157437732668, "humidity_pct": 91.488062214577781, "cloud_cover_pct": 66.396343339739715, "wind_speed_ms": 7.1846833420622396, "forecast_datetime": "2026-10-04T04:00:00", "source": "BMKG ADM4 forecast points + IDW", "boundary": "SERPRO Carbon Project Zone", "interpretation": "Forecast surface clipped to project boundary; not direct station observation" }, "geometry": { "type": "Point", "coordinates": [ 112.725082118281691, -3.022198583277993 ] } },
{ "type": "Feature", "properties": { "precipitation_mm": 0.0, "temperature_c": 24.244141443258627, "humidity_pct": 91.576845028575164, "cloud_cover_pct": 66.428222574991963, "wind_speed_ms": 7.1370277152012553, "forecast_datetime": "2026-10-04T04:00:00", "source": "BMKG ADM4 forecast points + IDW", "boundary": "SERPRO Carbon Project Zone", "interpretation": "Forecast surface clipped to project boundary; not direct station observation" }, "geometry": { "type": "Point", "coordinates": [ 112.725067856573588, -3.013155649145788 ] } },
{ "type": "Feature", "properties": { "precipitation_mm": 0.0, "temperature_c": 24.236068566062915, "humidity_pct": 91.656897955685409, "cloud_cover_pct": 66.457899123360988, "wind_speed_ms": 7.0946725111229023, "forecast_datetime": "2026-10-04T04:00:00", "source": "BMKG ADM4 forecast points + IDW", "boundary": "SERPRO Carbon Project Zone", "interpretation": "Forecast surface clipped to project boundary; not direct station observation" }, "geometry": { "type": "Point", "coordinates": [ 112.725053637798226, -3.004112713441709 ] } },
{ "type": "Feature", "properties": { "precipitation_mm": 0.0, "temperature_c": 24.228843686877898, "humidity_pct": 91.728884992563351, "cloud_cover_pct": 66.48506985689356, "wind_speed_ms": 7.0570177809899333, "forecast_datetime": "2026-10-04T04:00:00", "source": "BMKG ADM4 forecast points + IDW", "boundary": "SERPRO Carbon Project Zone", "interpretation": "Forecast surface clipped to project boundary; not direct station observation" }, "geometry": { "type": "Point", "coordinates": [ 112.725039461953841, -2.995069776170459 ] } },
{ "type": "Feature", "properties": { "precipitation_mm": 0.0, "temperature_c": 24.222380532122845, "humidity_pct": 91.793450449296031, "cloud_cover_pct": 66.509561474392854, "wind_speed_ms": 7.0235306139068472, "forecast_datetime": "2026-10-04T04:00:00", "source": "BMKG ADM4 forecast points + IDW", "boundary": "SERPRO Carbon Project Zone", "interpretation": "Forecast surface clipped to project boundary; not direct station observation" }, "geometry": { "type": "Point", "coordinates": [ 112.725025329038701, -2.986026837336739 ] } },
{ "type": "Feature", "properties": { "precipitation_mm": 0.0, "temperature_c": 24.216600876168467, "humidity_pct": 91.851215061273777, "cloud_cover_pct": 66.531305817967336, "wind_speed_ms": 6.9937377355029762, "forecast_datetime": "2026-10-04T04:00:00", "source": "BMKG ADM4 forecast points + IDW", "boundary": "SERPRO Carbon Project Zone", "interpretation": "Forecast surface clipped to project boundary; not direct station observation" }, "geometry": { "type": "Point", "coordinates": [ 112.725011239051042, -2.976983896945253 ] } },
{ "type": "Feature", "properties": { "precipitation_mm": 0.0, "temperature_c": 24.21143387226449, "humidity_pct": 91.902772090939351, "cloud_cover_pct": 66.550317375739724, "wind_speed_ms": 6.9672190583023008, "forecast_datetime": "2026-10-04T04:00:00", "source": "BMKG ADM4 forecast points + IDW", "boundary": "SERPRO Carbon Project Zone", "interpretation": "Forecast surface clipped to project boundary; not direct station observation" }, "geometry": { "type": "Point", "coordinates": [ 112.724997191989132, -2.967940955000701 ] } },
{ "type": "Feature", "properties": { "precipitation_mm": 0.0, "temperature_c": 24.206815468772501, "humidity_pct": 91.948683893142899, "cloud_cover_pct": 66.566673353951856, "wind_speed_ms": 6.9436019961186313, "forecast_datetime": "2026-10-04T04:00:00", "source": "BMKG ADM4 forecast points + IDW", "boundary": "SERPRO Carbon Project Zone", "interpretation": "Forecast surface clipped to project boundary; not direct station observation" }, "geometry": { "type": "Point", "coordinates": [ 112.724983187851251, -2.958898011507789 ] } },
{ "type": "Feature", "properties": { "precipitation_mm": 0.0, "temperature_c": 24.202687880459631, "humidity_pct": 91.989479231298063, "cloud_cover_pct": 66.580496496188928, "wind_speed_ms": 6.9225564003726348, "forecast_datetime": "2026-10-04T04:00:00", "source": "BMKG ADM4 forecast points + IDW", "boundary": "SERPRO Carbon Project Zone", "interpretation": "Forecast surface clipped to project boundary; not direct station observation" }, "geometry": { "type": "Point", "coordinates": [ 112.724969226635636, -2.949855066471216 ] } },
{ "type": "Feature", "properties": { "precipitation_mm": 0.0, "temperature_c": 24.441004364538401, "humidity_pct": 89.852143780168774, "cloud_cover_pct": 66.218126414144876, "wind_speed_ms": 8.2518056343110846, "forecast_datetime": "2026-10-04T04:00:00", "source": "BMKG ADM4 forecast points + IDW", "boundary": "SERPRO Carbon Project Zone", "interpretation": "Forecast surface clipped to project boundary; not direct station observation" }, "geometry": { "type": "Point", "coordinates": [ 112.734222904753807, -3.112613008979479 ] } },
{ "type": "Feature", "properties": { "precipitation_mm": 0.0, "temperature_c": 24.413900671135977, "humidity_pct": 90.069399852989378, "cloud_cover_pct": 66.200256433933944, "wind_speed_ms": 8.0921743329808997, "forecast_datetime": "2026-10-04T04:00:00", "source": "BMKG ADM4 forecast points + IDW", "boundary": "SERPRO Carbon Project Zone", "interpretation": "Forecast surface clipped to project boundary; not direct station observation" }, "geometry": { "type": "Point", "coordinates": [ 112.734208137110343, -3.103570133984929 ] } },
{ "type": "Feature", "properties": { "precipitation_mm": 0.0, "temperature_c": 24.389475582032151, "humidity_pct": 90.270064178930539, "cloud_cover_pct": 66.195336169860198, "wind_speed_ms": 7.9496902465384762, "forecast_datetime": "2026-10-04T04:00:00", "source": "BMKG ADM4 forecast points + IDW", "boundary": "SERPRO Carbon Project Zone", "interpretation": "Forecast surface clipped to project boundary; not direct station observation" }, "geometry": { "type": "Point", "coordinates": [ 112.734193412641162, -3.094527257370793 ] } },
{ "type": "Feature", "properties": { "precipitation_mm": 0.0, "temperature_c": 24.367475769792993, "humidity_pct": 90.455159412003681, "cloud_cover_pct": 66.20092200383688, "wind_speed_ms": 7.8226186467822982, "forecast_datetime": "2026-10-04T04:00:00", "source": "BMKG ADM4 forecast points + IDW", "boundary": "SERPRO Carbon Project Zone", "interpretation": "Forecast surface clipped to project boundary; not direct station observation" }, "geometry": { "type": "Point", "coordinates": [ 112.734178731344414, -3.085484379141772 ] } },
{ "type": "Feature", "properties": { "precipitation_mm": 0.0, "temperature_c": 24.347664818268296, "humidity_pct": 90.625660727189626, "cloud_cover_pct": 66.214763240306951, "wind_speed_ms": 7.7093375469112155, "forecast_datetime": "2026-10-04T04:00:00", "source": "BMKG ADM4 forecast points + IDW", "boundary": "SERPRO Carbon Project Zone", "interpretation": "Forecast surface clipped to project boundary; not direct station observation" }, "geometry": { "type": "Point", "coordinates": [ 112.734164093218311, -3.076441499302572 ] } },
{ "type": "Feature", "properties": { "precipitation_mm": 0.0, "temperature_c": 24.329826653897793, "humidity_pct": 90.782480767263706, "cloud_cover_pct": 66.234836579181177, "wind_speed_ms": 7.6083627960656663, "forecast_datetime": "2026-10-04T04:00:00", "source": "BMKG ADM4 forecast points + IDW", "boundary": "SERPRO Carbon Project Zone", "interpretation": "Forecast surface clipped to project boundary; not direct station observation" }, "geometry": { "type": "Point", "coordinates": [ 112.734149498261019, -3.067398617857893 ] } },
{ "type": "Feature", "properties": { "precipitation_mm": 0.0, "temperature_c": 24.313766013193504, "humidity_pct": 90.926470622783512, "cloud_cover_pct": 66.259361467953084, "wind_speed_ms": 7.5183538760375566, "forecast_datetime": "2026-10-04T04:00:00", "source": "BMKG ADM4 forecast points + IDW", "boundary": "SERPRO Carbon Project Zone", "interpretation": "Forecast surface clipped to project boundary; not direct station observation" }, "geometry": { "type": "Point", "coordinates": [ 112.734134946470775, -3.058355734812437 ] } },
{ "type": "Feature", "properties": { "precipitation_mm": 0.0, "temperature_c": 24.299307347279136, "humidity_pct": 91.058428161034897, "cloud_cover_pct": 66.286802552547158, "wind_speed_ms": 7.4381090980717159, "forecast_datetime": "2026-10-04T04:00:00", "source": "BMKG ADM4 forecast points + IDW", "boundary": "SERPRO Carbon Project Zone", "interpretation": "Forecast surface clipped to project boundary; not direct station observation" }, "geometry": { "type": "Point", "coordinates": [ 112.734120437845732, -3.049312850170911 ] } },
{ "type": "Feature", "properties": { "precipitation_mm": 0.0, "temperature_c": 24.286293033917818, "humidity_pct": 91.179108379950648, "cloud_cover_pct": 66.31586321918337, "wind_speed_ms": 7.3665556194344477, "forecast_datetime": "2026-10-04T04:00:00", "source": "BMKG ADM4 forecast points + IDW", "boundary": "SERPRO Carbon Project Zone", "interpretation": "Forecast surface clipped to project boundary; not direct station observation" }, "geometry": { "type": "Point", "coordinates": [ 112.734105972384143, -3.040269963938014 ] } },
{ "type": "Feature", "properties": { "precipitation_mm": 0.0, "temperature_c": 24.274581405994777, "humidity_pct": 91.289232814964549, "cloud_cover_pct": 66.345472874177716, "wind_speed_ms": 7.3027374920791992, "forecast_datetime": "2026-10-04T04:00:00", "source": "BMKG ADM4 forecast points + IDW", "boundary": "SERPRO Carbon Project Zone", "interpretation": "Forecast surface clipped to project boundary; not direct station observation" }, "geometry": { "type": "Point", "coordinates": [ 112.734091550084216, -3.031227076118453 ] } },
{ "type": "Feature", "properties": { "precipitation_mm": 0.0, "temperature_c": 24.264044868844877, "humidity_pct": 91.389496607548509, "cloud_cover_pct": 66.37476984735693, "wind_speed_ms": 7.2458035287956619, "forecast_datetime": "2026-10-04T04:00:00", "source": "BMKG ADM4 forecast points + IDW", "boundary": "SERPRO Carbon Project Zone", "interpretation": "Forecast surface clipped to project boundary; not direct station observation" }, "geometry": { "type": "Point", "coordinates": [ 112.734077170944133, -3.022184186716931 ] } },
{ "type": "Feature", "properties": { "precipitation_mm": 0.0, "temperature_c": 24.254568230401709, "humidity_pct": 91.480572854552122, "cloud_cover_pct": 66.403081387995925, "wind_speed_ms": 7.1949958857156169, "forecast_datetime": "2026-10-04T04:00:00", "source": "BMKG ADM4 forecast points + IDW", "boundary": "SERPRO Carbon Project Zone", "interpretation": "Forecast surface clipped to project boundary; not direct station observation" }, "geometry": { "type": "Point", "coordinates": [ 112.734062834962174, -3.013141295738149 ] } },
{ "type": "Feature", "properties": { "precipitation_mm": 0.0, "temperature_c": 24.246047280024055, "humidity_pct": 91.563114454685106, "cloud_cover_pct": 66.429901980362388, "wind_speed_ms": 7.1496397342015623, "forecast_datetime": "2026-10-04T04:00:00", "source": "BMKG ADM4 forecast points + IDW", "boundary": "SERPRO Carbon Project Zone", "interpretation": "Forecast surface clipped to project boundary; not direct station observation" }, "geometry": { "type": "Point", "coordinates": [ 112.734048542136534, -3.004098403186814 ] } },
{ "type": "Feature", "properties": { "precipitation_mm": 0.0, "temperature_c": 24.23838760379482, "humidity_pct": 91.637753973536022, "cloud_cover_pct": 66.454871033157303, "wind_speed_ms": 7.1091341022784968, "forecast_datetime": "2026-10-04T04:00:00", "source": "BMKG ADM4 forecast points + IDW", "boundary": "SERPRO Carbon Project Zone", "interpretation": "Forecast surface clipped to project boundary; not direct station observation" }, "geometry": { "type": "Point", "coordinates": [ 112.734034292465452, -2.995055509067629 ] } },
{ "type": "Feature", "properties": { "precipitation_mm": 0.0, "temperature_c": 24.231503601729109, "humidity_pct": 91.705102154815833, "cloud_cover_pct": 66.477750837353796, "wind_speed_ms": 7.0729438181737923, "forecast_datetime": "2026-10-04T04:00:00", "source": "BMKG ADM4 forecast points + IDW", "boundary": "SERPRO Carbon Project Zone", "interpretation": "Forecast surface clipped to project boundary; not direct station observation" }, "geometry": { "type": "Point", "coordinates": [ 112.734020085947179, -2.986012613385299 ] } },
{ "type": "Feature", "properties": { "precipitation_mm": 0.0, "temperature_c": 24.225317665641612, "humidity_pct": 91.765745685224758, "cloud_cover_pct": 66.498405518785475, "wind_speed_ms": 7.0405924274888472, "forecast_datetime": "2026-10-04T04:00:00", "source": "BMKG ADM4 forecast points + IDW", "boundary": "SERPRO Carbon Project Zone", "interpretation": "Forecast surface clipped to project boundary; not direct station observation" }, "geometry": { "type": "Point", "coordinates": [ 112.734005922579954, -2.976969716144525 ] } },
{ "type": "Feature", "properties": { "precipitation_mm": 0.0, "temperature_c": 24.219759478540489, "humidity_pct": 91.82024472833794, "cloud_cover_pct": 66.516781534787526, "wind_speed_ms": 7.0116559427530945, "forecast_datetime": "2026-10-04T04:00:00", "source": "BMKG ADM4 forecast points + IDW", "boundary": "SERPRO Carbon Project Zone", "interpretation": "Forecast surface clipped to project boundary; not direct station observation" }, "geometry": { "type": "Point", "coordinates": [ 112.733991802362027, -2.967926817350016 ] } },
{ "type": "Feature", "properties": { "precipitation_mm": 0.0, "temperature_c": 24.214765402770542, "humidity_pct": 91.869130619289223, "cloud_cover_pct": 66.532890087651239, "wind_speed_ms": 6.9857572954583711, "forecast_datetime": "2026-10-04T04:00:00", "source": "BMKG ADM4 forecast points + IDW", "boundary": "SERPRO Carbon Project Zone", "interpretation": "Forecast surface clipped to project boundary; not direct station observation" }, "geometry": { "type": "Point", "coordinates": [ 112.73397772529168, -2.958883917006473 ] } },
{ "type": "Feature", "properties": { "precipitation_mm": 0.0, "temperature_c": 24.210277931843496, "humidity_pct": 91.912903984255649, "cloud_cover_pct": 66.546791663438711, "wind_speed_ms": 6.962561381613293, "forecast_datetime": "2026-10-04T04:00:00", "source": "BMKG ADM4 forecast points + IDW", "boundary": "SERPRO Carbon Project Zone", "interpretation": "Forecast surface clipped to project boundary; not direct station observation" }, "geometry": { "type": "Point", "coordinates": [ 112.733963691367123, -2.949841015118603 ] } },
{ "type": "Feature", "properties": { "precipitation_mm": 0.0, "temperature_c": 24.20624518828761, "humidity_pct": 91.952033433733604, "cloud_cover_pct": 66.558582762659498, "wind_speed_ms": 6.9417706142611264, "forecast_datetime": "2026-10-04T04:00:00", "source": "BMKG ADM4 forecast points + IDW", "boundary": "SERPRO Carbon Project Zone", "interpretation": "Forecast surface clipped to project boundary; not direct station observation" }, "geometry": { "type": "Point", "coordinates": [ 112.733949700586692, -2.94079811169111 ] } },
{ "type": "Feature", "properties": { "precipitation_mm": 0.0, "temperature_c": 24.453947388109832, "humidity_pct": 89.76467794562096, "cloud_cover_pct": 66.261819402348138, "wind_speed_ms": 8.3322622300424243, "forecast_datetime": "2026-10-04T04:00:00", "source": "BMKG ADM4 forecast points + IDW", "boundary": "SERPRO Carbon Project Zone", "interpretation": "Forecast surface clipped to project boundary; not direct station observation" }, "geometry": { "type": "Point", "coordinates": [ 112.743218669278193, -3.112598103823796 ] } },
{ "type": "Feature", "properties": { "precipitation_mm": 0.0, "temperature_c": 24.426866219088115, "humidity_pct": 89.978945220826219, "cloud_cover_pct": 66.237579374370213, "wind_speed_ms": 8.1721157305292742, "forecast_datetime": "2026-10-04T04:00:00", "source": "BMKG ADM4 forecast points + IDW", "boundary": "SERPRO Carbon Project Zone", "interpretation": "Forecast surface clipped to project boundary; not direct station observation" }, "geometry": { "type": "Point", "coordinates": [ 112.743203825126301, -3.103555272213782 ] } },
{ "type": "Feature", "properties": { "precipitation_mm": 0.0, "temperature_c": 24.402329564873124, "humidity_pct": 90.177504566415735, "cloud_cover_pct": 66.225732937173404, "wind_speed_ms": 8.0282548494555073, "forecast_datetime": "2026-10-04T04:00:00", "source": "BMKG ADM4 forecast points + IDW", "boundary": "SERPRO Carbon Project Zone", "interpretation": "Forecast surface clipped to project boundary; not direct station observation" }, "geometry": { "type": "Point", "coordinates": [ 112.743189024372356, -3.094512438983476 ] } },
{ "type": "Feature", "properties": { "precipitation_mm": 0.0, "temperature_c": 24.380124055339728, "humidity_pct": 90.361194160636472, "cloud_cover_pct": 66.224172383143554, "wind_speed_ms": 7.8992143348111483, "forecast_datetime": "2026-10-04T04:00:00", "source": "BMKG ADM4 forecast points + IDW", "boundary": "SERPRO Carbon Project Zone", "interpretation": "Forecast surface clipped to project boundary; not direct station observation" }, "geometry": { "type": "Point", "coordinates": [ 112.743174267014524, -3.085469604137583 ] } },
{ "type": "Feature", "properties": { "precipitation_mm": 0.0, "temperature_c": 24.360042294394194, "humidity_pct": 90.530863137296322, "cloud_cover_pct": 66.230913079114757, "wind_speed_ms": 7.7835715846590832, "forecast_datetime": "2026-10-04T04:00:00", "source": "BMKG ADM4 forecast points + IDW", "boundary": "SERPRO Carbon Project Zone", "interpretation": "Forecast surface clipped to project boundary; not direct station observation" }, "geometry": { "type": "Point", "coordinates": [ 112.743159553050972, -3.076426767680809 ] } },
{ "type": "Feature", "properties": { "precipitation_mm": 0.0, "temperature_c": 24.341888947999962, "humidity_pct": 90.687339227408273, "cloud_cover_pct": 66.244137459091931, "wind_speed_ms": 7.6799878305368594, "forecast_datetime": "2026-10-04T04:00:00", "source": "BMKG ADM4 forecast points + IDW", "boundary": "SERPRO Carbon Project Zone", "interpretation": "Forecast surface clipped to project boundary; not direct station observation" }, "geometry": { "type": "Point", "coordinates": [ 112.743144882479911, -3.067383929617858 ] } },
{ "type": "Feature", "properties": { "precipitation_mm": 0.0, "temperature_c": 24.325483441572423, "humidity_pct": 90.831415491909041, "cloud_cover_pct": 66.26221888504908, "wind_speed_ms": 7.5872274789948717, "forecast_datetime": "2026-10-04T04:00:00", "source": "BMKG ADM4 forecast points + IDW", "boundary": "SERPRO Carbon Project Zone", "interpretation": "Forecast surface clipped to project boundary; not direct station observation" }, "geometry": { "type": "Point", "coordinates": [ 112.743130255299505, -3.058341089953434 ] } },
{ "type": "Feature", "properties": { "precipitation_mm": 0.0, "temperature_c": 24.310660623892929, "humidity_pct": 90.963847753068691, "cloud_cover_pct": 66.283731516816559, "wind_speed_ms": 7.5041640666182312, "forecast_datetime": "2026-10-04T04:00:00", "source": "BMKG ADM4 forecast points + IDW", "boundary": "SERPRO Carbon Project Zone", "interpretation": "Forecast surface clipped to project boundary; not direct station observation" }, "geometry": { "type": "Point", "coordinates": [ 112.743115671507965, -3.049298248692243 ] } },
{ "type": "Feature", "properties": { "precipitation_mm": 0.0, "temperature_c": 24.29727030342244, "humidity_pct": 91.085357176580587, "cloud_cover_pct": 66.30745038705183, "wind_speed_ms": 7.4297784831418081, "forecast_datetime": "2026-10-04T04:00:00", "source": "BMKG ADM4 forecast points + IDW", "boundary": "SERPRO Carbon Project Zone", "interpretation": "Forecast surface clipped to project boundary; not direct station observation" }, "geometry": { "type": "Point", "coordinates": [ 112.743101131103472, -3.04025540583899 ] } },
{ "type": "Feature", "properties": { "precipitation_mm": 0.0, "temperature_c": 24.285176233807938, "humidity_pct": 91.196634572551687, "cloud_cover_pct": 66.332344575725642, "wind_speed_ms": 7.3631530929722908, "forecast_datetime": "2026-10-04T04:00:00", "source": "BMKG ADM4 forecast points + IDW", "boundary": "SERPRO Carbon Project Zone", "interpretation": "Forecast surface clipped to project boundary; not direct station observation" }, "geometry": { "type": "Point", "coordinates": [ 112.74308663408425, -3.031212561398382 ] } },
{ "type": "Feature", "properties": { "precipitation_mm": 0.0, "temperature_c": 24.274254896362098, "humidity_pct": 91.298344484046339, "cloud_cover_pct": 66.35756555357132, "wind_speed_ms": 7.3034639890704725, "forecast_datetime": "2026-10-04T04:00:00", "source": "BMKG ADM4 forecast points + IDW", "boundary": "SERPRO Carbon Project Zone", "interpretation": "Forecast surface clipped to project boundary; not direct station observation" }, "geometry": { "type": "Point", "coordinates": [ 112.743072180448493, -3.022169715375124 ] } },
{ "type": "Feature", "properties": { "precipitation_mm": 0.0, "temperature_c": 24.264394274268238, "humidity_pct": 91.391128146966778, "cloud_cover_pct": 66.382432254320179, "wind_speed_ms": 7.2499726863630762, "forecast_datetime": "2026-10-04T04:00:00", "source": "BMKG ADM4 forecast points + IDW", "boundary": "SERPRO Carbon Project Zone", "interpretation": "Forecast surface clipped to project boundary; not direct station observation" }, "geometry": { "type": "Point", "coordinates": [ 112.743057770194426, -3.01312686777392 ] } },
{ "type": "Feature", "properties": { "precipitation_mm": 0.0, "temperature_c": 24.25549271525098, "humidity_pct": 91.475605053267813, "cloud_cover_pct": 66.406414113290154, "wind_speed_ms": 7.2020179689609387, "forecast_datetime": "2026-10-04T04:00:00", "source": "BMKG ADM4 forecast points + IDW", "boundary": "SERPRO Carbon Project Zone", "interpretation": "Forecast surface clipped to project boundary; not direct station observation" }, "geometry": { "type": "Point", "coordinates": [ 112.743043403320286, -3.004084018599479 ] } },
{ "type": "Feature", "properties": { "precipitation_mm": 0.0, "temperature_c": 24.247457919880809, "humidity_pct": 91.552373229299334, "cloud_cover_pct": 66.429113086088293, "wind_speed_ms": 7.1590082411555809, "forecast_datetime": "2026-10-04T04:00:00", "source": "BMKG ADM4 forecast points + IDW", "boundary": "SERPRO Carbon Project Zone", "interpretation": "Forecast surface clipped to project boundary; not direct station observation" }, "geometry": { "type": "Point", "coordinates": [ 112.743029079824254, -2.995041167856504 ] } },
{ "type": "Feature", "properties": { "precipitation_mm": 0.0, "temperature_c": 24.240206059073742, "humidity_pct": 91.622008531536849, "cloud_cover_pct": 66.450245481688199, "wind_speed_ms": 7.1204145191953696, "forecast_datetime": "2026-10-04T04:00:00", "source": "BMKG ADM4 forecast points + IDW", "boundary": "SERPRO Carbon Project Zone", "interpretation": "Forecast surface clipped to project boundary; not direct station observation" }, "geometry": { "type": "Point", "coordinates": [ 112.743014799704611, -2.985998315549704 ] } },
{ "type": "Feature", "properties": { "precipitation_mm": 0.0, "temperature_c": 24.233661007618469, "humidity_pct": 91.685063325377598, "cloud_cover_pct": 66.46962428137968, "wind_speed_ms": 7.0857640846371677, "forecast_datetime": "2026-10-04T04:00:00", "source": "BMKG ADM4 forecast points + IDW", "boundary": "SERPRO Carbon Project Zone", "interpretation": "Forecast surface clipped to project boundary; not direct station observation" }, "geometry": { "type": "Point", "coordinates": [ 112.743000562959566, -2.976955461683784 ] } },
{ "type": "Feature", "properties": { "precipitation_mm": 0.0, "temperature_c": 24.227753674252423, "humidity_pct": 91.742064897040763, "cloud_cover_pct": 66.487142459257413, "wind_speed_ms": 7.0546347632462378, "forecast_datetime": "2026-10-04T04:00:00", "source": "BMKG ADM4 forecast points + IDW", "boundary": "SERPRO Carbon Project Zone", "interpretation": "Forecast surface clipped to project boundary; not direct station observation" }, "geometry": { "type": "Point", "coordinates": [ 112.742986369587371, -2.96791260626345 ] } },
{ "type": "Feature", "properties": { "precipitation_mm": 0.0, "temperature_c": 24.222421408460203, "humidity_pct": 91.793513889714774, "cloud_cover_pct": 66.502757671347595, "wind_speed_ms": 7.0266497711286702, "forecast_datetime": "2026-10-04T04:00:00", "source": "BMKG ADM4 forecast points + IDW", "boundary": "SERPRO Carbon Project Zone", "interpretation": "Forecast surface clipped to project boundary; not direct station observation" }, "geometry": { "type": "Point", "coordinates": [ 112.742972219586278, -2.95886974929341 ] } },
{ "type": "Feature", "properties": { "precipitation_mm": 0.0, "temperature_c": 24.217607466816091, "humidity_pct": 91.839882978379066, "cloud_cover_pct": 66.516478543843675, "wind_speed_ms": 7.0014730660710551, "forecast_datetime": "2026-10-04T04:00:00", "source": "BMKG ADM4 forecast points + IDW", "boundary": "SERPRO Carbon Project Zone", "interpretation": "Forecast surface clipped to project boundary; not direct station observation" }, "geometry": { "type": "Point", "coordinates": [ 112.742958112954526, -2.94982689077837 ] } },
{ "type": "Feature", "properties": { "precipitation_mm": 0.0, "temperature_c": 24.464256048791192, "humidity_pct": 89.695687103286659, "cloud_cover_pct": 66.297895286148119, "wind_speed_ms": 8.3965100686045542, "forecast_datetime": "2026-10-04T04:00:00", "source": "BMKG ADM4 forecast points + IDW", "boundary": "SERPRO Carbon Project Zone", "interpretation": "Forecast surface clipped to project boundary; not direct station observation" }, "geometry": { "type": "Point", "coordinates": [ 112.752214390402798, -3.112583121647482 ] } },
{ "type": "Feature", "properties": { "precipitation_mm": 0.0, "temperature_c": 24.437546184502917, "humidity_pct": 89.904990463696151, "cloud_cover_pct": 66.269370264005389, "wind_speed_ms": 8.2381002518656778, "forecast_datetime": "2026-10-04T04:00:00", "source": "BMKG ADM4 forecast points + IDW", "boundary": "SERPRO Carbon Project Zone", "interpretation": "Forecast surface clipped to project boundary; not direct station observation" }, "geometry": { "type": "Point", "coordinates": [ 112.752199469744312, -3.103540333646187 ] } },
{ "type": "Feature", "properties": { "precipitation_mm": 0.0, "temperature_c": 24.41319866593302, "humidity_pct": 90.099759040022562, "cloud_cover_pct": 66.252443735323965, "wind_speed_ms": 8.0948125520893228, "forecast_datetime": "2026-10-04T04:00:00", "source": "BMKG ADM4 forecast points + IDW", "boundary": "SERPRO Carbon Project Zone", "interpretation": "Forecast surface clipped to project boundary; not direct station observation" }, "geometry": { "type": "Point", "coordinates": [ 112.752184592707437, -3.094497544023892 ] } },
{ "type": "Feature", "properties": { "precipitation_mm": 0.0, "temperature_c": 24.391044790020512, "humidity_pct": 90.280608487264303, "cloud_cover_pct": 66.245344549693215, "wind_speed_ms": 7.9654781393968266, "forecast_datetime": "2026-10-04T04:00:00", "source": "BMKG ADM4 forecast points + IDW", "boundary": "SERPRO Carbon Project Zone", "interpretation": "Forecast surface clipped to project boundary; not direct station observation" }, "geometry": { "type": "Point", "coordinates": [ 112.752169759290339, -3.085454752785303 ] } },
{ "type": "Feature", "properties": { "precipitation_mm": 0.0, "temperature_c": 24.370911645334502, "humidity_pct": 90.448220936914993, "cloud_cover_pct": 66.246361842221404, "wind_speed_ms": 7.8489057551670012, "forecast_datetime": "2026-10-04T04:00:00", "source": "BMKG ADM4 forecast points + IDW", "boundary": "SERPRO Carbon Project Zone", "interpretation": "Forecast surface clipped to project boundary; not direct station observation" }, "geometry": { "type": "Point", "coordinates": [ 112.752154969491187, -3.076411959935128 ] } },
{ "type": "Feature", "properties": { "precipitation_mm": 0.0, "temperature_c": 24.352630134711877, "humidity_pct": 90.603299901833694, "cloud_cover_pct": 66.253895652380777, "wind_speed_ms": 7.7439345717361645, "forecast_datetime": "2026-10-04T04:00:00", "source": "BMKG ADM4 forecast points + IDW", "boundary": "SERPRO Carbon Project Zone", "interpretation": "Forecast surface clipped to project boundary; not direct station observation" }, "geometry": { "type": "Point", "coordinates": [ 112.752140223308146, -3.067369165478072 ] } },
{ "type": "Feature", "properties": { "precipitation_mm": 0.0, "temperature_c": 24.336039487920285, "humidity_pct": 90.746545355550282, "cloud_cover_pct": 66.266487642765668, "wind_speed_ms": 7.6494645639333569, "forecast_datetime": "2026-10-04T04:00:00", "source": "BMKG ADM4 forecast points + IDW", "boundary": "SERPRO Carbon Project Zone", "interpretation": "Forecast surface clipped to project boundary; not direct station observation" }, "geometry": { "type": "Point", "coordinates": [ 112.752125520739398, -3.058326369418844 ] } },
{ "type": "Feature", "properties": { "precipitation_mm": 0.0, "temperature_c": 24.320989479577975, "humidity_pct": 90.878641481825085, "cloud_cover_pct": 66.282837478201728, "wind_speed_ms": 7.5644719791586654, "forecast_datetime": "2026-10-04T04:00:00", "source": "BMKG ADM4 forecast points + IDW", "boundary": "SERPRO Carbon Project Zone", "interpretation": "Forecast surface clipped to project boundary; not direct station observation" }, "geometry": { "type": "Point", "coordinates": [ 112.752110861783123, -3.049283571762151 ] } },
{ "type": "Feature", "properties": { "precipitation_mm": 0.0, "temperature_c": 24.307341219231333, "humidity_pct": 91.000251779996603, "cloud_cover_pct": 66.301808902832079, "wind_speed_ms": 7.4880153258842155, "forecast_datetime": "2026-10-04T04:00:00", "source": "BMKG ADM4 forecast points + IDW", "boundary": "SERPRO Carbon Project Zone", "interpretation": "Forecast surface clipped to project boundary; not direct station observation" }, "geometry": { "type": "Point", "coordinates": [ 112.752096246437532, -3.0402407725127 ] } },
{ "type": "Feature", "properties": { "precipitation_mm": 0.0, "temperature_c": 24.294967105213757, "humidity_pct": 91.112017970840455, "cloud_cover_pct": 66.322428428976593, "wind_speed_ms": 7.4192356002366626, "forecast_datetime": "2026-10-04T04:00:00", "source": "BMKG ADM4 forecast points + IDW", "boundary": "SERPRO Carbon Project Zone", "interpretation": "Forecast surface clipped to project boundary; not direct station observation" }, "geometry": { "type": "Point", "coordinates": [ 112.752081674700818, -3.0311979716752 ] } },
{ "type": "Feature", "properties": { "precipitation_mm": 0.0, "temperature_c": 24.283750329202434, "humidity_pct": 91.214560474496238, "cloud_cover_pct": 66.343878770353939, "wind_speed_ms": 7.3573532143779126, "forecast_datetime": "2026-10-04T04:00:00", "source": "BMKG ADM4 forecast points + IDW", "boundary": "SERPRO Carbon Project Zone", "interpretation": "Forecast surface clipped to project boundary; not direct station observation" }, "geometry": { "type": "Point", "coordinates": [ 112.75206714657115, -3.022155169254356 ] } },
{ "type": "Feature", "properties": { "precipitation_mm": 0.0, "temperature_c": 24.273584172954468, "humidity_pct": 91.308479183063767, "cloud_cover_pct": 66.365488625633887, "wind_speed_ms": 7.30166320255569, "forecast_datetime": "2026-10-04T04:00:00", "source": "BMKG ADM4 forecast points + IDW", "boundary": "SERPRO Carbon Project Zone", "interpretation": "Forecast surface clipped to project boundary; not direct station observation" }, "geometry": { "type": "Point", "coordinates": [ 112.752052662046779, -3.013112365254878 ] } },
{ "type": "Feature", "properties": { "precipitation_mm": 0.0, "temperature_c": 24.264371239424978, "humidity_pct": 91.394353898334657, "cloud_cover_pct": 66.386720061976177, "wind_speed_ms": 7.2515296753132494, "forecast_datetime": "2026-10-04T04:00:00", "source": "BMKG ADM4 forecast points + IDW", "boundary": "SERPRO Carbon Project Zone", "interpretation": "Forecast surface clipped to project boundary; not direct station observation" }, "geometry": { "type": "Point", "coordinates": [ 112.752038221125886, -3.004069559681473 ] } },
{ "type": "Feature", "properties": { "precipitation_mm": 0.0, "temperature_c": 24.256022695394975, "humidity_pct": 91.472744220093801, "cloud_cover_pct": 66.407154495914142, "wind_speed_ms": 7.2063800930337143, "forecast_datetime": "2026-10-04T04:00:00", "source": "BMKG ADM4 forecast points + IDW", "boundary": "SERPRO Carbon Project Zone", "interpretation": "Forecast surface clipped to project boundary; not direct station observation" }, "geometry": { "type": "Point", "coordinates": [ 112.752023823806695, -2.995026752538851 ] } },
{ "type": "Feature", "properties": { "precipitation_mm": 0.0, "temperature_c": 24.248457562044404, "humidity_pct": 91.544188913784453, "cloud_cover_pct": 66.426478075212216, "wind_speed_ms": 7.1656996753554321, "forecast_datetime": "2026-10-04T04:00:00", "source": "BMKG ADM4 forecast points + IDW", "boundary": "SERPRO Carbon Project Zone", "interpretation": "Forecast surface clipped to project boundary; not direct station observation" }, "geometry": { "type": "Point", "coordinates": [ 112.75200947008743, -2.98598394383172 ] } },
{ "type": "Feature", "properties": { "precipitation_mm": 0.0, "temperature_c": 24.24160206597595, "humidity_pct": 91.609204908750755, "cloud_cover_pct": 66.44446710298044, "wind_speed_ms": 7.1290261065995679, "forecast_datetime": "2026-10-04T04:00:00", "source": "BMKG ADM4 forecast points + IDW", "boundary": "SERPRO Carbon Project Zone", "interpretation": "Forecast surface clipped to project boundary; not direct station observation" }, "geometry": { "type": "Point", "coordinates": [ 112.751995159966327, -2.976941133564785 ] } },
{ "type": "Feature", "properties": { "precipitation_mm": 0.0, "temperature_c": 24.235389050345049, "humidity_pct": 91.668286120136372, "cloud_cover_pct": 66.460974000827761, "wind_speed_ms": 7.0959446055267845, "forecast_datetime": "2026-10-04T04:00:00", "source": "BMKG ADM4 forecast points + IDW", "boundary": "SERPRO Carbon Project Zone", "interpretation": "Forecast surface clipped to project boundary; not direct station observation" }, "geometry": { "type": "Point", "coordinates": [ 112.751980893441612, -2.967898321742757 ] } },
{ "type": "Feature", "properties": { "precipitation_mm": 0.0, "temperature_c": 24.229757439877275, "humidity_pct": 91.721902279873134, "cloud_cover_pct": 66.475914176451752, "wind_speed_ms": 7.066083376880929, "forecast_datetime": "2026-10-04T04:00:00", "source": "BMKG ADM4 forecast points + IDW", "boundary": "SERPRO Carbon Project Zone", "interpretation": "Forecast surface clipped to project boundary; not direct station observation" }, "geometry": { "type": "Point", "coordinates": [ 112.751966670511536, -2.958855508370345 ] } },
{ "type": "Feature", "properties": { "precipitation_mm": 0.0, "temperature_c": 24.224651751793758, "humidity_pct": 91.770497927921198, "cloud_cover_pct": 66.489254042833593, "wind_speed_ms": 7.0391094362540798, "forecast_datetime": "2026-10-04T04:00:00", "source": "BMKG ADM4 forecast points + IDW", "boundary": "SERPRO Carbon Project Zone", "interpretation": "Forecast surface clipped to project boundary; not direct station observation" }, "geometry": { "type": "Point", "coordinates": [ 112.751952491174322, -2.949812693452259 ] } },
{ "type": "Feature", "properties": { "precipitation_mm": 0.0, "temperature_c": 24.220021645096324, "humidity_pct": 91.814491669991028, "cloud_cover_pct": 66.501000332985896, "wind_speed_ms": 7.0147247882932042, "forecast_datetime": "2026-10-04T04:00:00", "source": "BMKG ADM4 forecast points + IDW", "boundary": "SERPRO Carbon Project Zone", "interpretation": "Forecast surface clipped to project boundary; not direct station observation" }, "geometry": { "type": "Point", "coordinates": [ 112.751938355428237, -2.940769876993206 ] } },
{ "type": "Feature", "properties": { "precipitation_mm": 0.0, "temperature_c": 24.47209434582318, "humidity_pct": 89.643953504228108, "cloud_cover_pct": 66.326670218601961, "wind_speed_ms": 8.4455506543767402, "forecast_datetime": "2026-10-04T04:00:00", "source": "BMKG ADM4 forecast points + IDW", "boundary": "SERPRO Carbon Project Zone", "interpretation": "Forecast surface clipped to project boundary; not direct station observation" }, "geometry": { "type": "Point", "coordinates": [ 112.76121006790396, -3.112568062452384 ] } },
{ "type": "Feature", "properties": { "precipitation_mm": 0.0, "temperature_c": 24.446044817325397, "humidity_pct": 89.846659347779479, "cloud_cover_pct": 66.29559618669596, "wind_speed_ms": 8.2907436089560314, "forecast_datetime": "2026-10-04T04:00:00", "source": "BMKG ADM4 forecast points + IDW", "boundary": "SERPRO Carbon Project Zone", "interpretation": "Forecast surface clipped to project boundary; not direct station observation" }, "geometry": { "type": "Point", "coordinates": [ 112.761195070740712, -3.103525318283986 ] } },
{ "type": "Feature", "properties": { "precipitation_mm": 0.0, "temperature_c": 24.422144417461762, "humidity_pct": 90.036191084839359, "cloud_cover_pct": 66.275173486391637, "wind_speed_ms": 8.1497010279587947, "forecast_datetime": "2026-10-04T04:00:00", "source": "BMKG ADM4 forecast points + IDW", "boundary": "SERPRO Carbon Project Zone", "interpretation": "Forecast surface clipped to project boundary; not direct station observation" }, "geometry": { "type": "Point", "coordinates": [ 112.761180117422754, -3.094482572493874 ] } },
{ "type": "Feature", "properties": { "precipitation_mm": 0.0, "temperature_c": 24.400269584062656, "humidity_pct": 90.21293116746466, "cloud_cover_pct": 66.263951323479489, "wind_speed_ms": 8.0215512061980299, "forecast_datetime": "2026-10-04T04:00:00", "source": "BMKG ADM4 forecast points + IDW", "boundary": "SERPRO Carbon Project Zone", "interpretation": "Forecast surface clipped to project boundary; not direct station observation" }, "geometry": { "type": "Point", "coordinates": [ 112.76116520794821, -3.08543982508676 ] } },
{ "type": "Feature", "properties": { "precipitation_mm": 0.0, "temperature_c": 24.380283958310667, "humidity_pct": 90.377375577073224, "cloud_cover_pct": 66.260486656928094, "wind_speed_ms": 7.9053451663223511, "forecast_datetime": "2026-10-04T04:00:00", "source": "BMKG ADM4 forecast points + IDW", "boundary": "SERPRO Carbon Project Zone", "interpretation": "Forecast surface clipped to project boundary; not direct station observation" }, "geometry": { "type": "Point", "coordinates": [ 112.761150342315261, -3.076397076067351 ] } },
{ "type": "Feature", "properties": { "precipitation_mm": 0.0, "temperature_c": 24.362047542262363, "humidity_pct": 90.530081052676778, "cloud_cover_pct": 66.263398133850657, "wind_speed_ms": 7.800116264621086, "forecast_datetime": "2026-10-04T04:00:00", "source": "BMKG ADM4 forecast points + IDW", "boundary": "SERPRO Carbon Project Zone", "interpretation": "Forecast surface clipped to project boundary; not direct station observation" }, "geometry": { "type": "Point", "coordinates": [ 112.761135520522075, -3.067354325440356 ] } },
{ "type": "Feature", "properties": { "precipitation_mm": 0.0, "temperature_c": 24.345422494774589, "humidity_pct": 90.671631850264575, "cloud_cover_pct": 66.271401437638488, "wind_speed_ms": 7.7049183204641256, "forecast_datetime": "2026-10-04T04:00:00", "source": "BMKG ADM4 forecast points + IDW", "boundary": "SERPRO Carbon Project Zone", "interpretation": "Forecast surface clipped to project boundary; not direct station observation" }, "geometry": { "type": "Point", "coordinates": [ 112.761120742566803, -3.058311573210484 ] } },
{ "type": "Feature", "properties": { "precipitation_mm": 0.0, "temperature_c": 24.330276574819717, "humidity_pct": 90.802619812713999, "cloud_cover_pct": 66.283330705696443, "wind_speed_ms": 7.6188485763191611, "forecast_datetime": "2026-10-04T04:00:00", "source": "BMKG ADM4 forecast points + IDW", "boundary": "SERPRO Carbon Project Zone", "interpretation": "Forecast surface clipped to project boundary; not direct station observation" }, "geometry": { "type": "Point", "coordinates": [ 112.761106008447641, -3.049268819382445 ] } },
{ "type": "Feature", "properties": { "precipitation_mm": 0.0, "temperature_c": 24.316485001820102, "humidity_pct": 90.923633031708292, "cloud_cover_pct": 66.298149618571586, "wind_speed_ms": 7.5410603050823539, "forecast_datetime": "2026-10-04T04:00:00", "source": "BMKG ADM4 forecast points + IDW", "boundary": "SERPRO Carbon Project Zone", "interpretation": "Forecast surface clipped to project boundary; not direct station observation" }, "geometry": { "type": "Point", "coordinates": [ 112.761091318162741, -3.040226063960948 ] } },
{ "type": "Feature", "properties": { "precipitation_mm": 0.0, "temperature_c": 24.303931292588437, "humidity_pct": 91.035249721181373, "cloud_cover_pct": 66.314954891003836, "wind_speed_ms": 7.4707685815810772, "forecast_datetime": "2026-10-04T04:00:00", "source": "BMKG ADM4 forecast points + IDW", "boundary": "SERPRO Carbon Project Zone", "interpretation": "Forecast surface clipped to project boundary; not direct station observation" }, "geometry": { "type": "Point", "coordinates": [ 112.761076671710313, -3.031183306950703 ] } },
{ "type": "Feature", "properties": { "precipitation_mm": 0.0, "temperature_c": 24.292507465703544, "humidity_pct": 91.138035009293787, "cloud_cover_pct": 66.332974231660231, "wind_speed_ms": 7.4072516962089319, "forecast_datetime": "2026-10-04T04:00:00", "source": "BMKG ADM4 forecast points + IDW", "boundary": "SERPRO Carbon Project Zone", "interpretation": "Forecast surface clipped to project boundary; not direct station observation" }, "geometry": { "type": "Point", "coordinates": [ 112.761062069088553, -3.022140548356422 ] } },
{ "type": "Feature", "properties": { "precipitation_mm": 0.0, "temperature_c": 24.282113876226955, "humidity_pct": 91.2325391858014, "cloud_cover_pct": 66.351560354044608, "wind_speed_ms": 7.3498499041235634, "forecast_datetime": "2026-10-04T04:00:00", "source": "BMKG ADM4 forecast points + IDW", "boundary": "SERPRO Carbon Project Zone", "interpretation": "Forecast surface clipped to project boundary; not direct station observation" }, "geometry": { "type": "Point", "coordinates": [ 112.76104751029564, -3.01309778818281 ] } },
{ "type": "Feature", "properties": { "precipitation_mm": 0.0, "temperature_c": 24.272658850901337, "humidity_pct": 91.319296542454097, "cloud_cover_pct": 66.370182272046904, "wind_speed_ms": 7.2979626350732412, "forecast_datetime": "2026-10-04T04:00:00", "source": "BMKG ADM4 forecast points + IDW", "boundary": "SERPRO Carbon Project Zone", "interpretation": "Forecast surface clipped to project boundary; not direct station observation" }, "geometry": { "type": "Point", "coordinates": [ 112.761032995329785, -3.004055026434582 ] } },
{ "type": "Feature", "properties": { "precipitation_mm": 0.0, "temperature_c": 24.264058229240899, "humidity_pct": 91.398824356619954, "cloud_cover_pct": 66.388414857361127, "wind_speed_ms": 7.251044890705673, "forecast_datetime": "2026-10-04T04:00:00", "source": "BMKG ADM4 forecast points + IDW", "boundary": "SERPRO Carbon Project Zone", "interpretation": "Forecast surface clipped to project boundary; not direct station observation" }, "geometry": { "type": "Point", "coordinates": [ 112.761018524189197, -2.995012263116446 ] } },
{ "type": "Feature", "properties": { "precipitation_mm": 0.0, "temperature_c": 24.256234872420546, "humidity_pct": 91.471621834532485, "cloud_cover_pct": 66.405927439289712, "wind_speed_ms": 7.2086032852869621, "forecast_datetime": "2026-10-04T04:00:00", "source": "BMKG ADM4 forecast points + IDW", "boundary": "SERPRO Carbon Project Zone", "interpretation": "Forecast surface clipped to project boundary; not direct station observation" }, "geometry": { "type": "Point", "coordinates": [ 112.761004096872114, -2.985969498233112 ] } },
{ "type": "Feature", "properties": { "precipitation_mm": 0.0, "temperature_c": 24.249118173798703, "humidity_pct": 91.538168988242802, "cloud_cover_pct": 66.422472067629172, "wind_speed_ms": 7.1701920064630897, "forecast_datetime": "2026-10-04T04:00:00", "source": "BMKG ADM4 forecast points + IDW", "boundary": "SERPRO Carbon Project Zone", "interpretation": "Forecast surface clipped to project boundary; not direct station observation" }, "geometry": { "type": "Point", "coordinates": [ 112.760989713376716, -2.976926731789292 ] } },
{ "type": "Feature", "properties": { "precipitation_mm": 0.0, "temperature_c": 24.242643587646224, "humidity_pct": 91.598925501460357, "cloud_cover_pct": 66.437871922973329, "wind_speed_ms": 7.1354088572639549, "forecast_datetime": "2026-10-04T04:00:00", "source": "BMKG ADM4 forecast points + IDW", "boundary": "SERPRO Carbon Project Zone", "interpretation": "Forecast surface clipped to project boundary; not direct station observation" }, "geometry": { "type": "Point", "coordinates": [ 112.760975373701228, -2.967883963789695 ] } },
{ "type": "Feature", "properties": { "precipitation_mm": 0.0, "temperature_c": 24.236752182679439, "humidity_pct": 91.654329669660981, "cloud_cover_pct": 66.452010239193427, "wind_speed_ms": 7.1038914683207395, "forecast_datetime": "2026-10-04T04:00:00", "source": "BMKG ADM4 forecast points + IDW", "boundary": "SERPRO Carbon Project Zone", "interpretation": "Forecast surface clipped to project boundary; not direct station observation" }, "geometry": { "type": "Point", "coordinates": [ 112.760961077843916, -2.958841194239033 ] } },
{ "type": "Feature", "properties": { "precipitation_mm": 0.0, "temperature_c": 24.231390221724116, "humidity_pct": 91.704797498842368, "cloud_cover_pct": 66.464819997579809, "wind_speed_ms": 7.0753137254135927, "forecast_datetime": "2026-10-04T04:00:00", "source": "BMKG ADM4 forecast points + IDW", "boundary": "SERPRO Carbon Project Zone", "interpretation": "Forecast surface clipped to project boundary; not direct station observation" }, "geometry": { "type": "Point", "coordinates": [ 112.760946825802989, -2.949798423142017 ] } },
{ "type": "Feature", "properties": { "precipitation_mm": 0.0, "temperature_c": 24.226508766440933, "humidity_pct": 91.750722029558403, "cloud_cover_pct": 66.476274560826113, "wind_speed_ms": 7.0493824316833384, "forecast_datetime": "2026-10-04T04:00:00", "source": "BMKG ADM4 forecast points + IDW", "boundary": "SERPRO Carbon Project Zone", "interpretation": "Forecast surface clipped to project boundary; not direct station observation" }, "geometry": { "type": "Point", "coordinates": [ 112.760932617576685, -2.940755650503359 ] } },
{ "type": "Feature", "properties": { "precipitation_mm": 0.0, "temperature_c": 24.222063305279121, "humidity_pct": 91.792472928339933, "cloud_cover_pct": 66.486379338062832, "wind_speed_ms": 7.0258342091885302, "forecast_datetime": "2026-10-04T04:00:00", "source": "BMKG ADM4 forecast points + IDW", "boundary": "SERPRO Carbon Project Zone", "interpretation": "Forecast surface clipped to project boundary; not direct station observation" }, "geometry": { "type": "Point", "coordinates": [ 112.760918453163285, -2.931712876327766 ] } },
{ "type": "Feature", "properties": { "precipitation_mm": 0.0, "temperature_c": 24.477680656274899, "humidity_pct": 89.607914145333993, "cloud_cover_pct": 66.348699530461005, "wind_speed_ms": 8.4807251783914772, "forecast_datetime": "2026-10-04T04:00:00", "source": "BMKG ADM4 forecast points + IDW", "boundary": "SERPRO Carbon Project Zone", "interpretation": "Forecast surface clipped to project boundary; not direct station observation" }, "geometry": { "type": "Point", "coordinates": [ 112.770205701557984, -3.112552926240356 ] } },
{ "type": "Feature", "properties": { "precipitation_mm": 0.0, "temperature_c": 24.452517453820178, "humidity_pct": 89.802761450553518, "cloud_cover_pct": 66.316472167350184, "wind_speed_ms": 8.330983262145125, "forecast_datetime": "2026-10-04T04:00:00", "source": "BMKG ADM4 forecast points + IDW", "boundary": "SERPRO Carbon Project Zone", "interpretation": "Forecast surface clipped to project boundary; not direct station observation" }, "geometry": { "type": "Point", "coordinates": [ 112.77019062789185, -3.103510226129028 ] } },
{ "type": "Feature", "properties": { "precipitation_mm": 0.0, "temperature_c": 24.429274503046042, "humidity_pct": 89.985889041142471, "cloud_cover_pct": 66.293871650293866, "wind_speed_ms": 8.1935510324955612, "forecast_datetime": "2026-10-04T04:00:00", "source": "BMKG ADM4 forecast points + IDW", "boundary": "SERPRO Carbon Project Zone", "interpretation": "Forecast surface clipped to project boundary; not direct station observation" }, "geometry": { "type": "Point", "coordinates": [ 112.770175598294642, -3.09446752439527 ] } },
{ "type": "Feature", "properties": { "precipitation_mm": 0.0, "temperature_c": 24.407870663540375, "humidity_pct": 90.157456509160255, "cloud_cover_pct": 66.279739435192752, "wind_speed_ms": 8.0678348925588601, "forecast_datetime": "2026-10-04T04:00:00", "source": "BMKG ADM4 forecast points + IDW", "boundary": "SERPRO Carbon Project Zone", "interpretation": "Forecast surface clipped to project boundary; not direct station observation" }, "geometry": { "type": "Point", "coordinates": [ 112.770160612764514, -3.085424821043796 ] } },
{ "type": "Feature", "properties": { "precipitation_mm": 0.0, "temperature_c": 24.388205432929404, "humidity_pct": 90.317772576325765, "cloud_cover_pct": 66.272883805811347, "wind_speed_ms": 7.9531220154495506, "forecast_datetime": "2026-10-04T04:00:00", "source": "BMKG ADM4 forecast points + IDW", "boundary": "SERPRO Carbon Project Zone", "interpretation": "Forecast surface clipped to project boundary; not direct station observation" }, "geometry": { "type": "Point", "coordinates": [ 112.770145671299602, -3.076382116079314 ] } },
{ "type": "Feature", "properties": { "precipitation_mm": 0.0, "temperature_c": 24.370168491708338, "humidity_pct": 90.467239389523684, "cloud_cover_pct": 66.272134014351039, "wind_speed_ms": 7.8486420721314962, "forecast_datetime": "2026-10-04T04:00:00", "source": "BMKG ADM4 forecast points + IDW", "boundary": "SERPRO Carbon Project Zone", "interpretation": "Forecast surface clipped to project boundary; not direct station observation" }, "geometry": { "type": "Point", "coordinates": [ 112.770130773898089, -3.067339409506537 ] } },
{ "type": "Feature", "properties": { "precipitation_mm": 0.0, "temperature_c": 24.353646230660896, "humidity_pct": 90.606314429909787, "cloud_cover_pct": 66.276377921224579, "wind_speed_ms": 7.753609707678069, "forecast_datetime": "2026-10-04T04:00:00", "source": "BMKG ADM4 forecast points + IDW", "boundary": "SERPRO Carbon Project Zone", "interpretation": "Forecast surface clipped to project boundary; not direct station observation" }, "geometry": { "type": "Point", "coordinates": [ 112.770115920558112, -3.058296701330175 ] } },
{ "type": "Feature", "properties": { "precipitation_mm": 0.0, "temperature_c": 24.338526036733793, "humidity_pct": 90.735485264864877, "cloud_cover_pct": 66.28458674709151, "wind_speed_ms": 7.6672526191367218, "forecast_datetime": "2026-10-04T04:00:00", "source": "BMKG ADM4 forecast points + IDW", "boundary": "SERPRO Carbon Project Zone", "interpretation": "Forecast surface clipped to project boundary; not direct station observation" }, "geometry": { "type": "Point", "coordinates": [ 112.770101111277853, -3.049253991554941 ] } },
{ "type": "Feature", "properties": { "precipitation_mm": 0.0, "temperature_c": 24.324698973913804, "humidity_pct": 90.855253244963421, "cloud_cover_pct": 66.29582993427573, "wind_speed_ms": 7.5888292215882762, "forecast_datetime": "2026-10-04T04:00:00", "source": "BMKG ADM4 forecast points + IDW", "boundary": "SERPRO Carbon Project Zone", "interpretation": "Forecast surface clipped to project boundary; not direct station observation" }, "geometry": { "type": "Point", "coordinates": [ 112.770086346055479, -3.040211280185546 ] } },
{ "type": "Feature", "properties": { "precipitation_mm": 0.0, "temperature_c": 24.312061352096467, "humidity_pct": 90.966123161589508, "cloud_cover_pct": 66.309282516437719, "wind_speed_ms": 7.5176390004558478, "forecast_datetime": "2026-10-04T04:00:00", "source": "BMKG ADM4 forecast points + IDW", "boundary": "SERPRO Carbon Project Zone", "interpretation": "Forecast surface clipped to project boundary; not direct station observation" }, "geometry": { "type": "Point", "coordinates": [ 112.770071624889155, -3.031168567226701 ] } },
{ "type": "Feature", "properties": { "precipitation_mm": 0.0, "temperature_c": 24.300515549467619, "humidity_pct": 91.068596700003141, "cloud_cover_pct": 66.324226887222267, "wind_speed_ms": 7.4530278623758104, "forecast_datetime": "2026-10-04T04:00:00", "source": "BMKG ADM4 forecast points + IDW", "boundary": "SERPRO Carbon Project Zone", "interpretation": "Forecast surface clipped to project boundary; not direct station observation" }, "geometry": { "type": "Point", "coordinates": [ 112.770056947777078, -3.02212585268312 ] } },
{ "type": "Feature", "properties": { "precipitation_mm": 0.0, "temperature_c": 24.289970349791414, "humidity_pct": 91.163168195261846, "cloud_cover_pct": 66.340050455299476, "wind_speed_ms": 7.394390156870827, "forecast_datetime": "2026-10-04T04:00:00", "source": "BMKG ADM4 forecast points + IDW", "boundary": "SERPRO Carbon Project Zone", "interpretation": "Forecast surface clipped to project boundary; not direct station observation" }, "geometry": { "type": "Point", "coordinates": [ 112.770042314717443, -3.013083136559513 ] } },
{ "type": "Feature", "properties": { "precipitation_mm": 0.0, "temperature_c": 24.280340975568574, "humidity_pct": 91.250321717067465, "cloud_cover_pct": 66.356240362673375, "wind_speed_ms": 7.3411685469575021, "forecast_datetime": "2026-10-04T04:00:00", "source": "BMKG ADM4 forecast points + IDW", "boundary": "SERPRO Carbon Project Zone", "interpretation": "Forecast surface clipped to project boundary; not direct station observation" }, "geometry": { "type": "Point", "coordinates": [ 112.770027725708417, -3.004040418860593 ] } },
{ "type": "Feature", "properties": { "precipitation_mm": 0.0, "temperature_c": 24.271548938502455, "humidity_pct": 91.330528888809241, "cloud_cover_pct": 66.372376204439192, "wind_speed_ms": 7.292852540037404, "forecast_datetime": "2026-10-04T04:00:00", "source": "BMKG ADM4 forecast points + IDW", "boundary": "SERPRO Carbon Project Zone", "interpretation": "Forecast surface clipped to project boundary; not direct station observation" }, "geometry": { "type": "Point", "coordinates": [ 112.770013180748236, -2.994997699591073 ] } },
{ "type": "Feature", "properties": { "precipitation_mm": 0.0, "temperature_c": 24.263521786228399, "humidity_pct": 91.404247109024695, "cloud_cover_pct": 66.388121500913215, "wind_speed_ms": 7.2489762264155972, "forecast_datetime": "2026-10-04T04:00:00", "source": "BMKG ADM4 forecast points + IDW", "boundary": "SERPRO Carbon Project Zone", "interpretation": "Forecast surface clipped to project boundary; not direct station observation" }, "geometry": { "type": "Point", "coordinates": [ 112.769998679835084, -2.985954978755665 ] } },
{ "type": "Feature", "properties": { "precipitation_mm": 0.0, "temperature_c": 24.256192794954238, "humidity_pct": 91.471918015141583, "cloud_cover_pct": 66.40321452116126, "wind_speed_ms": 7.2091155875978581, "forecast_datetime": "2026-10-04T04:00:00", "source": "BMKG ADM4 forecast points + IDW", "boundary": "SERPRO Carbon Project Zone", "interpretation": "Forecast surface clipped to project boundary; not direct station observation" }, "geometry": { "type": "Point", "coordinates": [ 112.769984222967153, -2.976912256359081 ] } },
{ "type": "Feature", "properties": { "precipitation_mm": 0.0, "temperature_c": 24.249500638117571, "humidity_pct": 91.533966132874781, "cloud_cover_pct": 66.417458929477121, "wind_speed_ms": 7.1728856094957294, "forecast_datetime": "2026-10-04T04:00:00", "source": "BMKG ADM4 forecast points + IDW", "boundary": "SERPRO Carbon Project Zone", "interpretation": "Forecast surface clipped to project boundary; not direct station observation" }, "geometry": { "type": "Point", "coordinates": [ 112.769969810142697, -2.967869532406034 ] } },
{ "type": "Feature", "properties": { "precipitation_mm": 0.0, "temperature_c": 24.243389048602126, "humidity_pct": 91.590797709910674, "cloud_cover_pct": 66.430714616798042, "wind_speed_ms": 7.1399373502733061, "forecast_datetime": "2026-10-04T04:00:00", "source": "BMKG ADM4 forecast points + IDW", "boundary": "SERPRO Carbon Project Zone", "interpretation": "Forecast surface clipped to project boundary; not direct station observation" }, "geometry": { "type": "Point", "coordinates": [ 112.769955441359912, -2.958826806901238 ] } },
{ "type": "Feature", "properties": { "precipitation_mm": 0.0, "temperature_c": 24.237806484301242, "humidity_pct": 91.642799755604329, "cloud_cover_pct": 66.442888984047357, "wind_speed_ms": 7.1099550561728968, "forecast_datetime": "2026-10-04T04:00:00", "source": "BMKG ADM4 forecast points + IDW", "boundary": "SERPRO Carbon Project Zone", "interpretation": "Forecast surface clipped to project boundary; not direct station observation" }, "geometry": { "type": "Point", "coordinates": [ 112.769941116617019, -2.949784079849405 ] } },
{ "type": "Feature", "properties": { "precipitation_mm": 0.0, "temperature_c": 24.232705802252831, "humidity_pct": 91.690339311711256, "cloud_cover_pct": 66.453928862527036, "wind_speed_ms": 7.0826533819739774, "forecast_datetime": "2026-10-04T04:00:00", "source": "BMKG ADM4 forecast points + IDW", "boundary": "SERPRO Carbon Project Zone", "interpretation": "Forecast surface clipped to project boundary; not direct station observation" }, "geometry": { "type": "Point", "coordinates": [ 112.769926835912287, -2.940741351255248 ] } },
{ "type": "Feature", "properties": { "precipitation_mm": 0.0, "temperature_c": 24.228043944033594, "humidity_pct": 91.733762971716473, "cloud_cover_pct": 66.46381318720195, "wind_speed_ms": 7.057774749159087, "forecast_datetime": "2026-10-04T04:00:00", "source": "BMKG ADM4 forecast points + IDW", "boundary": "SERPRO Carbon Project Zone", "interpretation": "Forecast surface clipped to project boundary; not direct station observation" }, "geometry": { "type": "Point", "coordinates": [ 112.769912599243895, -2.931698621123481 ] } },
{ "type": "Feature", "properties": { "precipitation_mm": 0.0, "temperature_c": 24.481263741208256, "humidity_pct": 89.585816114257398, "cloud_cover_pct": 66.364680060298781, "wind_speed_ms": 8.5035647936468717, "forecast_datetime": "2026-10-04T04:00:00", "source": "BMKG ADM4 forecast points + IDW", "boundary": "SERPRO Carbon Project Zone", "interpretation": "Forecast surface clipped to project boundary; not direct station observation" }, "geometry": { "type": "Point", "coordinates": [ 112.779201291141234, -3.112537713013266 ] } },
{ "type": "Feature", "properties": { "precipitation_mm": 0.0, "temperature_c": 24.457152063465212, "humidity_pct": 89.771909813482367, "cloud_cover_pct": 66.332381875945046, "wind_speed_ms": 8.3599628178062524, "forecast_datetime": "2026-10-04T04:00:00", "source": "BMKG ADM4 forecast points + IDW", "boundary": "SERPRO Carbon Project Zone", "interpretation": "Forecast surface clipped to project boundary; not direct station observation" }, "geometry": { "type": "Point", "coordinates": [ 112.779186140974048, -3.103495057183174 ] } },
{ "type": "Feature", "properties": { "precipitation_mm": 0.0, "temperature_c": 24.434728821996718, "humidity_pct": 89.947753347092288, "cloud_cover_pct": 66.308668470344941, "wind_speed_ms": 8.2271986397885328, "forecast_datetime": "2026-10-04T04:00:00", "source": "BMKG ADM4 forecast points + IDW", "boundary": "SERPRO Carbon Project Zone", "interpretation": "Forecast surface clipped to project boundary; not direct station observation" }, "geometry": { "type": "Point", "coordinates": [ 112.779171035099438, -3.094452399729934 ] } },
{ "type": "Feature", "properties": { "precipitation_mm": 0.0, "temperature_c": 24.413950501240869, "humidity_pct": 90.113307836137196, "cloud_cover_pct": 66.292638490576167, "wind_speed_ms": 8.1049250045673951, "forecast_datetime": "2026-10-04T04:00:00", "source": "BMKG ADM4 forecast points + IDW", "boundary": "SERPRO Carbon Project Zone", "interpretation": "Forecast surface clipped to project boundary; not direct station observation" }, "geometry": { "type": "Point", "coordinates": [ 112.779155973515557, -3.085409740658258 ] } },
{ "type": "Feature", "properties": { "precipitation_mm": 0.0, "temperature_c": 24.394749760849294, "humidity_pct": 90.26870692123596, "cloud_cover_pct": 66.283327943426002, "wind_speed_ms": 7.9926468177772536, "forecast_datetime": "2026-10-04T04:00:00", "source": "BMKG ADM4 forecast points + IDW", "boundary": "SERPRO Carbon Project Zone", "interpretation": "Forecast surface clipped to project boundary; not direct station observation" }, "geometry": { "type": "Point", "coordinates": [ 112.779140956220544, -3.076367079972861 ] } },
{ "type": "Feature", "properties": { "precipitation_mm": 0.0, "temperature_c": 24.377044755731216, "humidity_pct": 90.414202025490184, "cloud_cover_pct": 66.279762011960798, "wind_speed_ms": 7.8897812067457682, "forecast_datetime": "2026-10-04T04:00:00", "source": "BMKG ADM4 forecast points + IDW", "boundary": "SERPRO Carbon Project Zone", "interpretation": "Forecast surface clipped to project boundary; not direct station observation" }, "geometry": { "type": "Point", "coordinates": [ 112.779125983212552, -3.067324417678453 ] } },
{ "type": "Feature", "properties": { "precipitation_mm": 0.0, "temperature_c": 24.360745897333285, "humidity_pct": 90.550122553964883, "cloud_cover_pct": 66.280992880255212, "wind_speed_ms": 7.7957012612500636, "forecast_datetime": "2026-10-04T04:00:00", "source": "BMKG ADM4 forecast points + IDW", "boundary": "SERPRO Carbon Project Zone", "interpretation": "Forecast surface clipped to project boundary; not direct station observation" }, "geometry": { "type": "Point", "coordinates": [ 112.779111054489718, -3.058281753779751 ] } },
{ "type": "Feature", "properties": { "precipitation_mm": 0.0, "temperature_c": 24.345760604123715, "humidity_pct": 90.676847676266704, "cloud_cover_pct": 66.28612614930951, "wind_speed_ms": 7.7097668825042671, "forecast_datetime": "2026-10-04T04:00:00", "source": "BMKG ADM4 forecast points + IDW", "boundary": "SERPRO Carbon Project Zone", "interpretation": "Forecast surface clipped to project boundary; not direct station observation" }, "geometry": { "type": "Point", "coordinates": [ 112.779096170050181, -3.049239088281468 ] } },
{ "type": "Feature", "properties": { "precipitation_mm": 0.0, "temperature_c": 24.331996531497499, "humidity_pct": 90.794786699595591, "cloud_cover_pct": 66.2943381732169, "wind_speed_ms": 7.6313458118744704, "forecast_datetime": "2026-10-04T04:00:00", "source": "BMKG ADM4 forecast points + IDW", "boundary": "SERPRO Carbon Project Zone", "interpretation": "Forecast surface clipped to project boundary; not direct station observation" }, "geometry": { "type": "Point", "coordinates": [ 112.779081329892151, -3.040196421188315 ] } },
{ "type": "Feature", "properties": { "precipitation_mm": 0.0, "temperature_c": 24.319363687517992, "humidity_pct": 90.90436557347978, "cloud_cover_pct": 66.304886298775301, "wind_speed_ms": 7.5598273935320526, "forecast_datetime": "2026-10-04T04:00:00", "source": "BMKG ADM4 forecast points + IDW", "boundary": "SERPRO Carbon Project Zone", "interpretation": "Forecast surface clipped to project boundary; not direct station observation" }, "geometry": { "type": "Point", "coordinates": [ 112.779066534013751, -3.03115375250501 ] } },
{ "type": "Feature", "properties": { "precipitation_mm": 0.0, "temperature_c": 24.307775754256483, "humidity_pct": 91.006017624197312, "cloud_cover_pct": 66.317113646682927, "wind_speed_ms": 7.4946310915514198, "forecast_datetime": "2026-10-04T04:00:00", "source": "BMKG ADM4 forecast points + IDW", "boundary": "SERPRO Carbon Project Zone", "interpretation": "Forecast surface clipped to project boundary; not direct station observation" }, "geometry": { "type": "Point", "coordinates": [ 112.779051782413191, -3.022111082236264 ] } },
{ "type": "Feature", "properties": { "precipitation_mm": 0.0, "temperature_c": 24.297150856548356, "humidity_pct": 91.100177119511869, "cloud_cover_pct": 66.330449768236448, "wind_speed_ms": 7.4352113026510471, "forecast_datetime": "2026-10-04T04:00:00", "source": "BMKG ADM4 forecast points + IDW", "boundary": "SERPRO Carbon Project Zone", "interpretation": "Forecast surface clipped to project boundary; not direct station observation" }, "geometry": { "type": "Point", "coordinates": [ 112.779037075088624, -3.013068410386792 ] } },
{ "type": "Feature", "properties": { "precipitation_mm": 0.0, "temperature_c": 24.287411955250452, "humidity_pct": 91.187274680902689, "cloud_cover_pct": 66.344408258451764, "wind_speed_ms": 7.3810596076832287, "forecast_datetime": "2026-10-04T04:00:00", "source": "BMKG ADM4 forecast points + IDW", "boundary": "SERPRO Carbon Project Zone", "interpretation": "Forecast surface clipped to project boundary; not direct station observation" }, "geometry": { "type": "Point", "coordinates": [ 112.779022412038245, -3.004025736961308 ] } },
{ "type": "Feature", "properties": { "precipitation_mm": 0.0, "temperature_c": 24.278486991143982, "humidity_pct": 91.267733884892323, "cloud_cover_pct": 66.358582200880022, "wind_speed_ms": 7.3317052908785971, "forecast_datetime": "2026-10-04T04:00:00", "source": "BMKG ADM4 forecast points + IDW", "boundary": "SERPRO Carbon Project Zone", "interpretation": "Forecast surface clipped to project boundary; not direct station observation" }, "geometry": { "type": "Point", "coordinates": [ 112.779007793260234, -2.994983061964528 ] } },
{ "type": "Feature", "properties": { "precipitation_mm": 0.0, "temperature_c": 24.270308867150192, "humidity_pct": 91.341968634738322, "cloud_cover_pct": 66.372638152158814, "wind_speed_ms": 7.2867147170253999, "forecast_datetime": "2026-10-04T04:00:00", "source": "BMKG ADM4 forecast points + IDW", "boundary": "SERPRO Carbon Project Zone", "interpretation": "Forecast surface clipped to project boundary; not direct station observation" }, "geometry": { "type": "Point", "coordinates": [ 112.778993218752802, -2.985940385401165 ] } },
{ "type": "Feature", "properties": { "precipitation_mm": 0.0, "temperature_c": 24.262815328430531, "humidity_pct": 91.410381051904949, "cloud_cover_pct": 66.386309236340054, "wind_speed_ms": 7.2456899802508898, "forecast_datetime": "2026-10-04T04:00:00", "source": "BMKG ADM4 forecast points + IDW", "boundary": "SERPRO Carbon Project Zone", "interpretation": "Forecast surface clipped to project boundary; not direct station observation" }, "geometry": { "type": "Point", "coordinates": [ 112.778978688514144, -2.976897707275935 ] } },
{ "type": "Feature", "properties": { "precipitation_mm": 0.0, "temperature_c": 24.255948780035492, "humidity_pct": 91.473359748203706, "cloud_cover_pct": 66.399387802911448, "wind_speed_ms": 7.2082671105338418, "forecast_datetime": "2026-10-04T04:00:00", "source": "BMKG ADM4 forecast points + IDW", "boundary": "SERPRO Carbon Project Zone", "interpretation": "Forecast surface clipped to project boundary; not direct station observation" }, "geometry": { "type": "Point", "coordinates": [ 112.778964202542468, -2.967855027593552 ] } },
{ "type": "Feature", "properties": { "precipitation_mm": 0.0, "temperature_c": 24.249656068050289, "humidity_pct": 91.531278408383685, "cloud_cover_pct": 66.41171800310714, "wind_speed_ms": 7.1741140336026348, "forecast_datetime": "2026-10-04T04:00:00", "source": "BMKG ADM4 forecast points + IDW", "boundary": "SERPRO Carbon Project Zone", "interpretation": "Forecast surface clipped to project boundary; not direct station observation" }, "geometry": { "type": "Point", "coordinates": [ 112.778949760835999, -2.958812346358731 ] } },
{ "type": "Feature", "properties": { "precipitation_mm": 0.0, "temperature_c": 24.243888240985669, "humidity_pct": 91.584494651515996, "cloud_cover_pct": 66.42318855349626, "wind_speed_ms": 7.1429284166328779, "forecast_datetime": "2026-10-04T04:00:00", "source": "BMKG ADM4 forecast points + IDW", "boundary": "SERPRO Carbon Project Zone", "interpretation": "Forecast surface clipped to project boundary; not direct station observation" }, "geometry": { "type": "Point", "coordinates": [ 112.778935363392918, -2.949769663576187 ] } },
{ "type": "Feature", "properties": { "precipitation_mm": 0.0, "temperature_c": 24.238600302149095, "humidity_pct": 91.633349157720815, "cloud_cover_pct": 66.433725882232238, "wind_speed_ms": 7.1144354884516066, "forecast_datetime": "2026-10-04T04:00:00", "source": "BMKG ADM4 forecast points + IDW", "boundary": "SERPRO Carbon Project Zone", "interpretation": "Forecast surface clipped to project boundary; not direct station observation" }, "geometry": { "type": "Point", "coordinates": [ 112.778921010211491, -2.940726979250637 ] } },
{ "type": "Feature", "properties": { "precipitation_mm": 0.0, "temperature_c": 24.233750959895147, "humidity_pct": 91.678165052336027, "cloud_cover_pct": 66.44328779082764, "wind_speed_ms": 7.088385892978204, "forecast_datetime": "2026-10-04T04:00:00", "source": "BMKG ADM4 forecast points + IDW", "boundary": "SERPRO Carbon Project Zone", "interpretation": "Forecast surface clipped to project boundary; not direct station observation" }, "geometry": { "type": "Point", "coordinates": [ 112.778906701289912, -2.931684293386795 ] } },
{ "type": "Feature", "properties": { "precipitation_mm": 0.0, "temperature_c": 24.483102963921031, "humidity_pct": 89.575845742738949, "cloud_cover_pct": 66.375371672124416, "wind_speed_ms": 8.5156674044808032, "forecast_datetime": "2026-10-04T04:00:00", "source": "BMKG ADM4 forecast points + IDW", "boundary": "SERPRO Carbon Project Zone", "interpretation": "Forecast surface clipped to project boundary; not direct station observation" }, "geometry": { "type": "Point", "coordinates": [ 112.788196836430018, -3.112522422772987 ] } },
{ "type": "Feature", "properties": { "precipitation_mm": 0.0, "temperature_c": 24.460153146436202, "humidity_pct": 89.752624487655353, "cloud_cover_pct": 66.343810134379538, "wind_speed_ms": 8.3789313481452883, "forecast_datetime": "2026-10-04T04:00:00", "source": "BMKG ADM4 forecast points + IDW", "boundary": "SERPRO Carbon Project Zone", "interpretation": "Forecast surface clipped to project boundary; not direct station observation" }, "geometry": { "type": "Point", "coordinates": [ 112.788181609763654, -3.103479811448293 ] } },
{ "type": "Feature", "properties": { "precipitation_mm": 0.0, "temperature_c": 24.43866668826551, "humidity_pct": 89.920577503614425, "cloud_cover_pct": 66.319818109191061, "wind_speed_ms": 8.2516048313649755, "forecast_datetime": "2026-10-04T04:00:00", "source": "BMKG ADM4 forecast points + IDW", "boundary": "SERPRO Carbon Project Zone", "interpretation": "Forecast surface clipped to project boundary; not direct station observation" }, "geometry": { "type": "Point", "coordinates": [ 112.788166427613518, -3.094437198499727 ] } },
{ "type": "Feature", "properties": { "precipitation_mm": 0.0, "temperature_c": 24.418631825172131, "humidity_pct": 90.079499506118225, "cloud_cover_pct": 66.302713675479708, "wind_speed_ms": 8.1335486720518428, "forecast_datetime": "2026-10-04T04:00:00", "source": "BMKG ADM4 forecast points + IDW", "boundary": "SERPRO Carbon Project Zone", "interpretation": "Forecast surface clipped to project boundary; not direct station observation" }, "geometry": { "type": "Point", "coordinates": [ 112.788151289977762, -3.085394583932005 ] } },
{ "type": "Feature", "properties": { "precipitation_mm": 0.0, "temperature_c": 24.400010439066836, "humidity_pct": 90.229369760357088, "cloud_cover_pct": 66.291733092758463, "wind_speed_ms": 8.024459498773334, "forecast_datetime": "2026-10-04T04:00:00", "source": "BMKG ADM4 forecast points + IDW", "boundary": "SERPRO Carbon Project Zone", "interpretation": "Forecast surface clipped to project boundary; not direct station observation" }, "geometry": { "type": "Point", "coordinates": [ 112.788136196854495, -3.076351967749842 ] } },
{ "type": "Feature", "properties": { "precipitation_mm": 0.0, "temperature_c": 24.382746712298257, "humidity_pct": 90.370301136984622, "cloud_cover_pct": 66.286078503379358, "wind_speed_ms": 7.9239254190290733, "forecast_datetime": "2026-10-04T04:00:00", "source": "BMKG ADM4 forecast points + IDW", "boundary": "SERPRO Carbon Project Zone", "interpretation": "Forecast surface clipped to project boundary; not direct station observation" }, "geometry": { "type": "Point", "coordinates": [ 112.788121148241856, -3.067309349957953 ] } },
{ "type": "Feature", "properties": { "precipitation_mm": 0.0, "temperature_c": 24.366773722879284, "humidity_pct": 90.502501134998312, "cloud_cover_pct": 66.284954261201577, "wind_speed_ms": 7.8314685471406627, "forecast_datetime": "2026-10-04T04:00:00", "source": "BMKG ADM4 forecast points + IDW", "boundary": "SERPRO Carbon Project Zone", "interpretation": "Forecast surface clipped to project boundary; not direct station observation" }, "geometry": { "type": "Point", "coordinates": [ 112.788106144137998, -3.058266730561054 ] } },
{ "type": "Feature", "properties": { "precipitation_mm": 0.0, "temperature_c": 24.352018328008921, "humidity_pct": 90.626242765103498, "cloud_cover_pct": 66.287593556564531, "wind_speed_ms": 7.7465765643626732, "forecast_datetime": "2026-10-04T04:00:00", "source": "BMKG ADM4 forecast points + IDW", "boundary": "SERPRO Carbon Project Zone", "interpretation": "Forecast surface clipped to project boundary; not direct station observation" }, "geometry": { "type": "Point", "coordinates": [ 112.788091184541045, -3.049224109563859 ] } },
{ "type": "Feature", "properties": { "precipitation_mm": 0.0, "temperature_c": 24.338404684856226, "humidity_pct": 90.741843175825679, "cloud_cover_pct": 66.293277019385428, "wind_speed_ms": 7.6687254981452107, "forecast_datetime": "2026-10-04T04:00:00", "source": "BMKG ADM4 forecast points + IDW", "boundary": "SERPRO Carbon Project Zone", "interpretation": "Forecast surface clipped to project boundary; not direct station observation" }, "geometry": { "type": "Point", "coordinates": [ 112.788076269449164, -3.040181486971087 ] } },
{ "type": "Feature", "properties": { "precipitation_mm": 0.0, "temperature_c": 24.325856722056731, "humidity_pct": 90.849648132656128, "cloud_cover_pct": 66.301344843547213, "wind_speed_ms": 7.5973956908528528, "forecast_datetime": "2026-10-04T04:00:00", "source": "BMKG ADM4 forecast points + IDW", "boundary": "SERPRO Carbon Project Zone", "interpretation": "Forecast surface clipped to project boundary; not direct station observation" }, "geometry": { "type": "Point", "coordinates": [ 112.788061398860521, -3.031138862787452 ] } },
{ "type": "Feature", "properties": { "precipitation_mm": 0.0, "temperature_c": 24.31429982478608, "humidity_pct": 90.950020786744815, "cloud_cover_pct": 66.311203779157054, "wind_speed_ms": 7.532082618112101, "forecast_datetime": "2026-10-04T04:00:00", "source": "BMKG ADM4 forecast points + IDW", "boundary": "SERPRO Carbon Project Zone", "interpretation": "Forecast surface clipped to project boundary; not direct station observation" }, "geometry": { "type": "Point", "coordinates": [ 112.788046572773283, -3.022096237017672 ] } },
{ "type": "Feature", "properties": { "precipitation_mm": 0.0, "temperature_c": 24.303661943582263, "humidity_pct": 91.043333509778222, "cloud_cover_pct": 66.322330135290073, "wind_speed_ms": 7.4723038935529686, "forecast_datetime": "2026-10-04T04:00:00", "source": "BMKG ADM4 forecast points + IDW", "boundary": "SERPRO Carbon Project Zone", "interpretation": "Forecast surface clipped to project boundary; not direct station observation" }, "geometry": { "type": "Point", "coordinates": [ 112.788031791185617, -3.013053609666459 ] } },
{ "type": "Feature", "properties": { "precipitation_mm": 0.0, "temperature_c": 24.293874289033404, "humidity_pct": 91.129961880781408, "cloud_cover_pct": 66.334269747940667, "wind_speed_ms": 7.4176035013764086, "forecast_datetime": "2026-10-04T04:00:00", "source": "BMKG ADM4 forecast points + IDW", "boundary": "SERPRO Carbon Project Zone", "interpretation": "Forecast surface clipped to project boundary; not direct station observation" }, "geometry": { "type": "Point", "coordinates": [ 112.788017054095675, -3.004010980738536 ] } },
{ "type": "Feature", "properties": { "precipitation_mm": 0.0, "temperature_c": 24.284871733867416, "humidity_pct": 91.210280169058279, "cloud_cover_pct": 66.346635703915709, "wind_speed_ms": 7.3675540480307102, "forecast_datetime": "2026-10-04T04:00:00", "source": "BMKG ADM4 forecast points + IDW", "boundary": "SERPRO Carbon Project Zone", "interpretation": "Forecast surface clipped to project boundary; not direct station observation" }, "geometry": { "type": "Point", "coordinates": [ 112.788002361501668, -2.994968350238615 ] } },
{ "type": "Feature", "properties": { "precipitation_mm": 0.0, "temperature_c": 24.276593011450171, "humidity_pct": 91.284657860829682, "cloud_cover_pct": 66.359104471321956, "wind_speed_ms": 7.3217576225937924, "forecast_datetime": "2026-10-04T04:00:00", "source": "BMKG ADM4 forecast points + IDW", "boundary": "SERPRO Carbon Project Zone", "interpretation": "Forecast surface clipped to project boundary; not direct station observation" }, "geometry": { "type": "Point", "coordinates": [ 112.787987713401776, -2.985925718171413 ] } },
{ "type": "Feature", "properties": { "precipitation_mm": 0.0, "temperature_c": 24.268980774619532, "humidity_pct": 91.353456929055824, "cloud_cover_pct": 66.371410968029764, "wind_speed_ms": 7.2798456984512923, "forecast_datetime": "2026-10-04T04:00:00", "source": "BMKG ADM4 forecast points + IDW", "boundary": "SERPRO Carbon Project Zone", "interpretation": "Forecast surface clipped to project boundary; not direct station observation" }, "geometry": { "type": "Point", "coordinates": [ 112.787973109794166, -2.976883084541648 ] } },
{ "type": "Feature", "properties": { "precipitation_mm": 0.0, "temperature_c": 24.261981560043132, "humidity_pct": 91.417029654013277, "cloud_cover_pct": 66.383342997378989, "wind_speed_ms": 7.2414783897998518, "forecast_datetime": "2026-10-04T04:00:00", "source": "BMKG ADM4 forecast points + IDW", "boundary": "SERPRO Carbon Project Zone", "interpretation": "Forecast surface clipped to project boundary; not direct station observation" }, "geometry": { "type": "Point", "coordinates": [ 112.787958550677075, -2.967840449354036 ] } },
{ "type": "Feature", "properties": { "precipitation_mm": 0.0, "temperature_c": 24.25554568965142, "humidity_pct": 91.475716875223625, "cloud_cover_pct": 66.394735392358967, "wind_speed_ms": 7.2063432880158036, "forecast_datetime": "2026-10-04T04:00:00", "source": "BMKG ADM4 forecast points + IDW", "boundary": "SERPRO Carbon Project Zone", "interpretation": "Forecast surface clipped to project boundary; not direct station observation" }, "geometry": { "type": "Point", "coordinates": [ 112.787944036048685, -2.958797812613295 ] } },
{ "type": "Feature", "properties": { "precipitation_mm": 0.0, "temperature_c": 24.249627130996313, "humidity_pct": 91.529846601819202, "cloud_cover_pct": 66.405464133335343, "wind_speed_ms": 7.1741540381637634, "forecast_datetime": "2026-10-04T04:00:00", "source": "BMKG ADM4 forecast points + IDW", "boundary": "SERPRO Carbon Project Zone", "interpretation": "Forecast surface clipped to project boundary; not direct station observation" }, "geometry": { "type": "Point", "coordinates": [ 112.787929565907206, -2.949755174324143 ] } },
{ "type": "Feature", "properties": { "precipitation_mm": 0.0, "temperature_c": 24.244183331619617, "humidity_pct": 91.579732935869472, "cloud_cover_pct": 66.415440638695316, "wind_speed_ms": 7.1446487690518792, "forecast_datetime": "2026-10-04T04:00:00", "source": "BMKG ADM4 forecast points + IDW", "boundary": "SERPRO Carbon Project Zone", "interpretation": "Forecast surface clipped to project boundary; not direct station observation" }, "geometry": { "type": "Point", "coordinates": [ 112.787915140250846, -2.940712534491296 ] } },
{ "type": "Feature", "properties": { "precipitation_mm": 0.0, "temperature_c": 24.239175037869888, "humidity_pct": 91.625675277713711, "cloud_cover_pct": 66.42460637163542, "wind_speed_ms": 7.1175884565814718, "forecast_datetime": "2026-10-04T04:00:00", "source": "BMKG ADM4 forecast points + IDW", "boundary": "SERPRO Carbon Project Zone", "interpretation": "Forecast surface clipped to project boundary; not direct station observation" }, "geometry": { "type": "Point", "coordinates": [ 112.787900759077814, -2.931669893119472 ] } },
{ "type": "Feature", "properties": { "precipitation_mm": 0.0, "temperature_c": 24.483453370519179, "humidity_pct": 89.576226540371039, "cloud_cover_pct": 66.381538971379555, "wind_speed_ms": 8.5186048730038504, "forecast_datetime": "2026-10-04T04:00:00", "source": "BMKG ADM4 forecast points + IDW", "boundary": "SERPRO Carbon Project Zone", "interpretation": "Forecast surface clipped to project boundary; not direct station observation" }, "geometry": { "type": "Point", "coordinates": [ 112.79719233720067, -3.112507055521404 ] } },
{ "type": "Feature", "properties": { "precipitation_mm": 0.0, "temperature_c": 24.461728805487159, "humidity_pct": 89.743416014741413, "cloud_cover_pct": 66.351289301810169, "wind_speed_ms": 8.3891626474767875, "forecast_datetime": "2026-10-04T04:00:00", "source": "BMKG ADM4 forecast points + IDW", "boundary": "SERPRO Carbon Project Zone", "interpretation": "Forecast surface clipped to project boundary; not direct station observation" }, "geometry": { "type": "Point", "coordinates": [ 112.79717703403702, -3.103464488926264 ] } },
{ "type": "Feature", "properties": { "precipitation_mm": 0.0, "temperature_c": 24.441255988346988, "humidity_pct": 89.903116952909741, "cloud_cover_pct": 66.327651032353415, "wind_speed_ms": 8.2677874751199276, "forecast_datetime": "2026-10-04T04:00:00", "source": "BMKG ADM4 forecast points + IDW", "boundary": "SERPRO Carbon Project Zone", "interpretation": "Forecast surface clipped to project boundary; not direct station observation" }, "geometry": { "type": "Point", "coordinates": [ 112.797161775613247, -3.094421920706525 ] } },
{ "type": "Feature", "properties": { "precipitation_mm": 0.0, "temperature_c": 24.422048745374862, "humidity_pct": 90.054992317088875, "cloud_cover_pct": 66.310124436545095, "wind_speed_ms": 8.1545083921745629, "forecast_datetime": "2026-10-04T04:00:00", "source": "BMKG ADM4 forecast points + IDW", "boundary": "SERPRO Carbon Project Zone", "interpretation": "Forecast surface clipped to project boundary; not direct station observation" }, "geometry": { "type": "Point", "coordinates": [ 112.797146561927462, -3.085379350866905 ] } },
{ "type": "Feature", "properties": { "precipitation_mm": 0.0, "temperature_c": 24.404093642080607, "humidity_pct": 90.198892086920253, "cloud_cover_pct": 66.29811736387849, "wind_speed_ms": 8.0491841748752488, "forecast_datetime": "2026-10-04T04:00:00", "source": "BMKG ADM4 forecast points + IDW", "boundary": "SERPRO Carbon Project Zone", "interpretation": "Forecast surface clipped to project boundary; not direct station observation" }, "geometry": { "type": "Point", "coordinates": [ 112.797131392977803, -3.076336779412122 ] } },
{ "type": "Feature", "properties": { "precipitation_mm": 0.0, "temperature_c": 24.387357700205847, "humidity_pct": 90.334807864066065, "cloud_cover_pct": 66.290987767315386, "wind_speed_ms": 7.9515529440191397, "forecast_datetime": "2026-10-04T04:00:00", "source": "BMKG ADM4 forecast points + IDW", "boundary": "SERPRO Carbon Project Zone", "interpretation": "Forecast surface clipped to project boundary; not direct station observation" }, "geometry": { "type": "Point", "coordinates": [ 112.797116268762394, -3.067294206346892 ] } },
{ "type": "Feature", "properties": { "precipitation_mm": 0.0, "temperature_c": 24.371794540450487, "humidity_pct": 90.462836540032427, "cloud_cover_pct": 66.288077348418298, "wind_speed_ms": 7.8612717083177595, "forecast_datetime": "2026-10-04T04:00:00", "source": "BMKG ADM4 forecast points + IDW", "boundary": "SERPRO Carbon Project Zone", "interpretation": "Forecast surface clipped to project boundary; not direct station observation" }, "geometry": { "type": "Point", "coordinates": [ 112.79710118927936, -3.058251631675933 ] } },
{ "type": "Feature", "properties": { "precipitation_mm": 0.0, "temperature_c": 24.35734913633695, "humidity_pct": 90.58315192560579, "cloud_cover_pct": 66.288737247220851, "wind_speed_ms": 7.7779470042859726, "forecast_datetime": "2026-10-04T04:00:00", "source": "BMKG ADM4 forecast points + IDW", "boundary": "SERPRO Carbon Project Zone", "interpretation": "Forecast surface clipped to project boundary; not direct station observation" }, "geometry": { "type": "Point", "coordinates": [ 112.797086154526824, -3.049209055403964 ] } },
{ "type": "Feature", "properties": { "precipitation_mm": 0.0, "temperature_c": 24.343961404198726, "humidity_pct": 90.695982991936958, "cloud_cover_pct": 66.29234688780403, "wind_speed_ms": 7.7011580424547272, "forecast_datetime": "2026-10-04T04:00:00", "source": "BMKG ADM4 forecast points + IDW", "boundary": "SERPRO Carbon Project Zone", "interpretation": "Forecast surface clipped to project boundary; not direct station observation" }, "geometry": { "type": "Point", "coordinates": [ 112.797071164502952, -3.040166477535702 ] } },
{ "type": "Feature", "properties": { "precipitation_mm": 0.0, "temperature_c": 24.331568853956338, "humidity_pct": 90.801597378962555, "cloud_cover_pct": 66.298327104552953, "wind_speed_ms": 7.6304737724613672, "forecast_datetime": "2026-10-04T04:00:00", "source": "BMKG ADM4 forecast points + IDW", "boundary": "SERPRO Carbon Project Zone", "interpretation": "Forecast surface clipped to project boundary; not direct station observation" }, "geometry": { "type": "Point", "coordinates": [ 112.797056219205913, -3.031123898075866 ] } },
{ "type": "Feature", "properties": { "precipitation_mm": 0.0, "temperature_c": 24.320108503700983, "humidity_pct": 90.900288968701076, "cloud_cover_pct": 66.306148598671967, "wind_speed_ms": 7.5654651492139049, "forecast_datetime": "2026-10-04T04:00:00", "source": "BMKG ADM4 forecast points + IDW", "boundary": "SERPRO Carbon Project Zone", "interpretation": "Forecast surface clipped to project boundary; not direct station observation" }, "geometry": { "type": "Point", "coordinates": [ 112.797041318633816, -3.022081317029174 ] } },
{ "type": "Feature", "properties": { "precipitation_mm": 0.0, "temperature_c": 24.309518230425653, "humidity_pct": 90.992368520104307, "cloud_cover_pct": 66.315336660268756, "wind_speed_ms": 7.5057136952475405, "forecast_datetime": "2026-10-04T04:00:00", "source": "BMKG ADM4 forecast points + IDW", "boundary": "SERPRO Carbon Project Zone", "interpretation": "Forecast surface clipped to project boundary; not direct station observation" }, "geometry": { "type": "Point", "coordinates": [ 112.797026462784856, -3.013038734400343 ] } },
{ "type": "Feature", "properties": { "precipitation_mm": 0.0, "temperature_c": 24.299737696950022, "humidity_pct": 91.078156570240097, "cloud_cover_pct": 66.325472966928402, "wind_speed_ms": 7.4508172565274444, "forecast_datetime": "2026-10-04T04:00:00", "source": "BMKG ADM4 forecast points + IDW", "boundary": "SERPRO Carbon Project Zone", "interpretation": "Forecast surface clipped to project boundary; not direct station observation" }, "geometry": { "type": "Point", "coordinates": [ 112.797011651657186, -3.003996150194094 ] } },
{ "type": "Feature", "properties": { "precipitation_mm": 0.0, "temperature_c": 24.290708965199361, "humidity_pct": 91.157977997076685, "cloud_cover_pct": 66.336195149673287, "wind_speed_ms": 7.4003936650272788, "forecast_datetime": "2026-10-04T04:00:00", "source": "BMKG ADM4 forecast points + IDW", "boundary": "SERPRO Carbon Project Zone", "interpretation": "Forecast surface clipped to project boundary; not direct station observation" }, "geometry": { "type": "Point", "coordinates": [ 112.796996885248987, -2.994953564415145 ] } },
{ "type": "Feature", "properties": { "precipitation_mm": 0.0, "temperature_c": 24.282376880330933, "humidity_pct": 91.232157799911406, "cloud_cover_pct": 66.347194707569884, "wind_speed_ms": 7.3540828625182799, "forecast_datetime": "2026-10-04T04:00:00", "source": "BMKG ADM4 forecast points + IDW", "boundary": "SERPRO Carbon Project Zone", "interpretation": "Forecast surface clipped to project boundary; not direct station observation" }, "geometry": { "type": "Point", "coordinates": [ 112.796982163558425, -2.985910977068214 ] } },
{ "type": "Feature", "properties": { "precipitation_mm": 0.0, "temperature_c": 24.274689289240655, "humidity_pct": 91.301017781327289, "cloud_cover_pct": 66.35821375456031, "wind_speed_ms": 7.311547909123183, "forecast_datetime": "2026-10-04T04:00:00", "source": "BMKG ADM4 forecast points + IDW", "boundary": "SERPRO Carbon Project Zone", "interpretation": "Forecast surface clipped to project boundary; not direct station observation" }, "geometry": { "type": "Point", "coordinates": [ 112.796967486583682, -2.97686838815802 ] } },
{ "type": "Feature", "properties": { "precipitation_mm": 0.0, "temperature_c": 24.267597140487478, "humidity_pct": 91.364873911293742, "cloud_cover_pct": 66.369040995928188, "wind_speed_ms": 7.2724751959347751, "forecast_datetime": "2026-10-04T04:00:00", "source": "BMKG ADM4 forecast points + IDW", "boundary": "SERPRO Carbon Project Zone", "interpretation": "Forecast surface clipped to project boundary; not direct station observation" }, "geometry": { "type": "Point", "coordinates": [ 112.796952854322967, -2.967825797689283 ] } },
{ "type": "Feature", "properties": { "precipitation_mm": 0.0, "temperature_c": 24.261054500061501, "humidity_pct": 91.42403422395445, "cloud_cover_pct": 66.37950725609069, "wind_speed_ms": 7.2365740999633967, "forecast_datetime": "2026-10-04T04:00:00", "source": "BMKG ADM4 forecast points + IDW", "boundary": "SERPRO Carbon Project Zone", "interpretation": "Forecast surface clipped to project boundary; not direct station observation" }, "geometry": { "type": "Point", "coordinates": [ 112.796938266774447, -2.958783205666722 ] } },
{ "type": "Feature", "properties": { "precipitation_mm": 0.0, "temperature_c": 24.255018507999861, "humidity_pct": 91.47879714595166, "cloud_cover_pct": 66.389480813078109, "wind_speed_ms": 7.2035762578249383, "forecast_datetime": "2026-10-04T04:00:00", "source": "BMKG ADM4 forecast points + IDW", "boundary": "SERPRO Carbon Project Zone", "interpretation": "Forecast surface clipped to project boundary; not direct station observation" }, "geometry": { "type": "Point", "coordinates": [ 112.796923723936331, -2.949740612095056 ] } },
{ "type": "Feature", "properties": { "precipitation_mm": 0.0, "temperature_c": 24.24944929394508, "humidity_pct": 91.529450186925729, "cloud_cover_pct": 66.398862737282528, "wind_speed_ms": 7.1732345879930142, "forecast_datetime": "2026-10-04T04:00:00", "source": "BMKG ADM4 forecast points + IDW", "boundary": "SERPRO Carbon Project Zone", "interpretation": "Forecast surface clipped to project boundary; not direct station observation" }, "geometry": { "type": "Point", "coordinates": [ 112.796909225806843, -2.940698016979006 ] } },
{ "type": "Feature", "properties": { "precipitation_mm": 0.0, "temperature_c": 24.244309864745716, "humidity_pct": 91.57626894265303, "cloud_cover_pct": 66.40758238220161, "wind_speed_ms": 7.1453221566721945, "forecast_datetime": "2026-10-04T04:00:00", "source": "BMKG ADM4 forecast points + IDW", "boundary": "SERPRO Carbon Project Zone", "interpretation": "Forecast surface clipped to project boundary; not direct station observation" }, "geometry": { "type": "Point", "coordinates": [ 112.796894772384164, -2.931655420323289 ] } },
{ "type": "Feature", "properties": { "precipitation_mm": 0.0, "temperature_c": 24.482555440711181, "humidity_pct": 89.585286675114418, "cloud_cover_pct": 66.383911509268444, "wind_speed_ms": 8.5138593482328382, "forecast_datetime": "2026-10-04T04:00:00", "source": "BMKG ADM4 forecast points + IDW", "boundary": "SERPRO Carbon Project Zone", "interpretation": "Forecast surface clipped to project boundary; not direct station observation" }, "geometry": { "type": "Point", "coordinates": [ 112.806187793229583, -3.11249161126041 ] } },
{ "type": "Feature", "properties": { "precipitation_mm": 0.0, "temperature_c": 24.462081161144582, "humidity_pct": 89.742847349703936, "cloud_cover_pct": 66.35535942775708, "wind_speed_ms": 8.3918953952893744, "forecast_datetime": "2026-10-04T04:00:00", "source": "BMKG ADM4 forecast points + IDW", "boundary": "SERPRO Carbon Project Zone", "interpretation": "Forecast surface clipped to project boundary; not direct station observation" }, "geometry": { "type": "Point", "coordinates": [ 112.806172413570522, -3.103449089618975 ] } },
{ "type": "Feature", "properties": { "precipitation_mm": 0.0, "temperature_c": 24.442664640183917, "humidity_pct": 89.894143330076815, "cloud_cover_pct": 66.33253635592331, "wind_speed_ms": 8.2767677537393922, "forecast_datetime": "2026-10-04T04:00:00", "source": "BMKG ADM4 forecast points + IDW", "boundary": "SERPRO Carbon Project Zone", "interpretation": "Forecast surface clipped to project boundary; not direct station observation" }, "geometry": { "type": "Point", "coordinates": [ 112.806157078874989, -3.09440656635221 ] } },
{ "type": "Feature", "properties": { "precipitation_mm": 0.0, "temperature_c": 24.424339398606623, "humidity_pct": 90.03873945468122, "cloud_cover_pct": 66.315090199842274, "wind_speed_ms": 8.1686356677537724, "forecast_datetime": "2026-10-04T04:00:00", "source": "BMKG ADM4 forecast points + IDW", "boundary": "SERPRO Carbon Project Zone", "interpretation": "Forecast surface clipped to project boundary; not direct station observation" }, "geometry": { "type": "Point", "coordinates": [ 112.806141789141066, -3.085364041464836 ] } },
{ "type": "Feature", "properties": { "precipitation_mm": 0.0, "temperature_c": 24.407112045078978, "humidity_pct": 90.176382668896878, "cloud_cover_pct": 66.302572528979496, "wind_speed_ms": 8.0674900102605172, "forecast_datetime": "2026-10-04T04:00:00", "source": "BMKG ADM4 forecast points + IDW", "boundary": "SERPRO Carbon Project Zone", "interpretation": "Forecast surface clipped to project boundary; not direct station observation" }, "geometry": { "type": "Point", "coordinates": [ 112.806126544366876, -3.076321514961572 ] } },
{ "type": "Feature", "properties": { "precipitation_mm": 0.0, "temperature_c": 24.390968929028396, "humidity_pct": 90.306963017484009, "cloud_cover_pct": 66.294475488612278, "wind_speed_ms": 7.9731960546356451, "forecast_datetime": "2026-10-04T04:00:00", "source": "BMKG ADM4 forecast points + IDW", "boundary": "SERPRO Carbon Project Zone", "interpretation": "Forecast surface clipped to project boundary; not direct station observation" }, "geometry": { "type": "Point", "coordinates": [ 112.806111344550558, -3.067278986847137 ] } },
{ "type": "Feature", "properties": { "precipitation_mm": 0.0, "temperature_c": 24.375881653128452, "humidity_pct": 90.430481093999973, "cloud_cover_pct": 66.290262044857926, "wind_speed_ms": 7.8855289390592622, "forecast_datetime": "2026-10-04T04:00:00", "source": "BMKG ADM4 forecast points + IDW", "boundary": "SERPRO Carbon Project Zone", "interpretation": "Forecast surface clipped to project boundary; not direct station observation" }, "geometry": { "type": "Point", "coordinates": [ 112.806096189690194, -3.058236457126252 ] } },
{ "type": "Feature", "properties": { "precipitation_mm": 0.0, "temperature_c": 24.361811510075245, "humidity_pct": 90.547021592532531, "cloud_cover_pct": 66.289389930146811, "wind_speed_ms": 7.8042022241886526, "forecast_datetime": "2026-10-04T04:00:00", "source": "BMKG ADM4 forecast points + IDW", "boundary": "SERPRO Carbon Project Zone", "interpretation": "Forecast surface clipped to project boundary; not direct station observation" }, "geometry": { "type": "Point", "coordinates": [ 112.806081079783951, -3.049193925803636 ] } },
{ "type": "Feature", "properties": { "precipitation_mm": 0.0, "temperature_c": 24.348712968047664, "humidity_pct": 90.656732233693091, "cloud_cover_pct": 66.291329933617604, "wind_speed_ms": 7.7288903229203374, "forecast_datetime": "2026-10-04T04:00:00", "source": "BMKG ADM4 forecast points + IDW", "boundary": "SERPRO Carbon Project Zone", "interpretation": "Forecast surface clipped to project boundary; not direct station observation" }, "geometry": { "type": "Point", "coordinates": [ 112.806066014829938, -3.04015139288401 ] } },
{ "type": "Feature", "properties": { "precipitation_mm": 0.0, "temperature_c": 24.336536351740865, "humidity_pct": 90.7598071986517, "cloud_cover_pct": 66.295579294768928, "wind_speed_ms": 7.6592457260822426, "forecast_datetime": "2026-10-04T04:00:00", "source": "BMKG ADM4 forecast points + IDW", "boundary": "SERPRO Carbon Project Zone", "interpretation": "Forecast surface clipped to project boundary; not direct station observation" }, "geometry": { "type": "Point", "coordinates": [ 112.806050994826322, -3.031108858372094 ] } },
{ "type": "Feature", "properties": { "precipitation_mm": 0.0, "temperature_c": 24.325229865355485, "humidity_pct": 90.856474212530799, "cloud_cover_pct": 66.301670972754238, "wind_speed_ms": 7.5949119489436203, "forecast_datetime": "2026-10-04T04:00:00", "source": "BMKG ADM4 forecast points + IDW", "boundary": "SERPRO Carbon Project Zone", "interpretation": "Forecast surface clipped to project boundary; not direct station observation" }, "geometry": { "type": "Point", "coordinates": [ 112.806036019771241, -3.022066322272608 ] } },
{ "type": "Feature", "properties": { "precipitation_mm": 0.0, "temperature_c": 24.314741090817851, "humidity_pct": 90.946984505424737, "cloud_cover_pct": 66.30917952215249, "wind_speed_ms": 7.5355330453618077, "forecast_datetime": "2026-10-04T04:00:00", "source": "BMKG ADM4 forecast points + IDW", "boundary": "SERPRO Carbon Project Zone", "interpretation": "Forecast surface clipped to project boundary; not direct station observation" }, "geometry": { "type": "Point", "coordinates": [ 112.806021089662821, -3.013023784590273 ] } },
{ "type": "Feature", "properties": { "precipitation_mm": 0.0, "temperature_c": 24.30501807580449, "humidity_pct": 91.031605000596826, "cloud_cover_pct": 66.317724237437133, "wind_speed_ms": 7.4807604227458091, "forecast_datetime": "2026-10-04T04:00:00", "source": "BMKG ADM4 forecast points + IDW", "boundary": "SERPRO Carbon Project Zone", "interpretation": "Forecast surface clipped to project boundary; not direct station observation" }, "geometry": { "type": "Point", "coordinates": [ 112.806006204499255, -3.003981245329811 ] } },
{ "type": "Feature", "properties": { "precipitation_mm": 0.0, "temperature_c": 24.296010106194725, "humidity_pct": 91.110612206806834, "cloud_cover_pct": 66.326970149741953, "wind_speed_ms": 7.4302575687382939, "forecast_datetime": "2026-10-04T04:00:00", "source": "BMKG ADM4 forecast points + IDW", "boundary": "SERPRO Carbon Project Zone", "interpretation": "Forecast surface clipped to project boundary; not direct station observation" }, "geometry": { "type": "Point", "coordinates": [ 112.805991364278668, -2.994938704495941 ] } },
{ "type": "Feature", "properties": { "precipitation_mm": 0.0, "temperature_c": 24.287668238821102, "humidity_pct": 91.1842874093348, "cloud_cover_pct": 66.336627380227057, "wind_speed_ms": 7.3837031847059933, "forecast_datetime": "2026-10-04T04:00:00", "source": "BMKG ADM4 forecast points + IDW", "boundary": "SERPRO Carbon Project Zone", "interpretation": "Forecast surface clipped to project boundary; not direct station observation" }, "geometry": { "type": "Point", "coordinates": [ 112.805976568999256, -2.985896162093385 ] } },
{ "type": "Feature", "properties": { "precipitation_mm": 0.0, "temperature_c": 24.279945654001157, "humidity_pct": 91.252912854537442, "cloud_cover_pct": 66.346449279009406, "wind_speed_ms": 7.3407931190642888, "forecast_datetime": "2026-10-04T04:00:00", "source": "BMKG ADM4 forecast points + IDW", "boundary": "SERPRO Carbon Project Zone", "interpretation": "Forecast surface clipped to project boundary; not direct station observation" }, "geometry": { "type": "Point", "coordinates": [ 112.805961818659199, -2.976853618126863 ] } },
{ "type": "Feature", "properties": { "precipitation_mm": 0.0, "temperature_c": 24.272797873698291, "humidity_pct": 91.316768703449142, "cloud_cover_pct": 66.356229709211448, "wind_speed_ms": 7.3012414076007106, "forecast_datetime": "2026-10-04T04:00:00", "source": "BMKG ADM4 forecast points + IDW", "boundary": "SERPRO Carbon Project Zone", "interpretation": "Forecast surface clipped to project boundary; not direct station observation" }, "geometry": { "type": "Point", "coordinates": [ 112.80594711325665, -2.967811072601097 ] } },
{ "type": "Feature", "properties": { "precipitation_mm": 0.0, "temperature_c": 24.266182880206468, "humidity_pct": 91.37613059186053, "cloud_cover_pct": 66.365799772840603, "wind_speed_ms": 7.2647806580260728, "forecast_datetime": "2026-10-04T04:00:00", "source": "BMKG ADM4 forecast points + IDW", "boundary": "SERPRO Carbon Project Zone", "interpretation": "Forecast surface clipped to project boundary; not direct station observation" }, "geometry": { "type": "Point", "coordinates": [ 112.805932452789804, -2.958768525520809 ] } },
{ "type": "Feature", "properties": { "precipitation_mm": 0.0, "temperature_c": 24.260061161686284, "humidity_pct": 91.431267679892542, "cloud_cover_pct": 66.375024218988159, "wind_speed_ms": 7.2311619603244308, "forecast_datetime": "2026-10-04T04:00:00", "source": "BMKG ADM4 forecast points + IDW", "boundary": "SERPRO Carbon Project Zone", "interpretation": "Forecast surface clipped to project boundary; not direct station observation" }, "geometry": { "type": "Point", "coordinates": [ 112.805917837256871, -2.949725976890721 ] } },
{ "type": "Feature", "properties": { "precipitation_mm": 0.0, "temperature_c": 24.254395704314618, "humidity_pct": 91.482441106363694, "cloud_cover_pct": 66.383797725064085, "wind_speed_ms": 7.2001544609189692, "forecast_datetime": "2026-10-04T04:00:00", "source": "BMKG ADM4 forecast points + IDW", "boundary": "SERPRO Carbon Project Zone", "interpretation": "Forecast surface clipped to project boundary; not direct station observation" }, "geometry": { "type": "Point", "coordinates": [ 112.805903266656031, -2.940683426715553 ] } },
{ "type": "Feature", "properties": { "precipitation_mm": 0.0, "temperature_c": 24.24915194585552, "humidity_pct": 91.529902785264767, "cloud_cover_pct": 66.392041198238203, "wind_speed_ms": 7.1715447049954513, "forecast_datetime": "2026-10-04T04:00:00", "source": "BMKG ADM4 forecast points + IDW", "boundary": "SERPRO Carbon Project Zone", "interpretation": "Forecast surface clipped to project boundary; not direct station observation" }, "geometry": { "type": "Point", "coordinates": [ 112.805888740985466, -2.931640875000028 ] } }
]
}
