date,scope,period,rainfall_accum_mm,spi,spi_status,source
1982-01-01,carbon_project_zone,SPI-3,741.4438,-0.9685,normal,CHIRPS v2 Final
1983-01-01,carbon_project_zone,SPI-3,677.3035,-1.7097,severe_drought,CHIRPS v2 Final
1984-01-01,carbon_project_zone,SPI-3,792.2604,-0.4115,normal,CHIRPS v2 Final
1985-01-01,carbon_project_zone,SPI-3,932.3618,1.0101,wet,CHIRPS v2 Final
1986-01-01,carbon_project_zone,SPI-3,810.2539,-0.2200,normal,CHIRPS v2 Final
1987-01-01,carbon_project_zone,SPI-3,781.1596,-0.5311,normal,CHIRPS v2 Final
1988-01-01,carbon_project_zone,SPI-3,799.3979,-0.3352,normal,CHIRPS v2 Final
1989-01-01,carbon_project_zone,SPI-3,939.7733,1.0812,wet,CHIRPS v2 Final
1990-01-01,carbon_project_zone,SPI-3,707.4335,-1.3559,moderate_dry,CHIRPS v2 Final
1991-01-01,carbon_project_zone,SPI-3,809.0806,-0.2324,normal,CHIRPS v2 Final
1992-01-01,carbon_project_zone,SPI-3,867.6219,0.3722,normal,CHIRPS v2 Final
1993-01-01,carbon_project_zone,SPI-3,792.8089,-0.4056,normal,CHIRPS v2 Final
1994-01-01,carbon_project_zone,SPI-3,810.3382,-0.2191,normal,CHIRPS v2 Final
1995-01-01,carbon_project_zone,SPI-3,864.8581,0.3443,normal,CHIRPS v2 Final
1996-01-01,carbon_project_zone,SPI-3,888.1860,0.5781,normal,CHIRPS v2 Final
1997-01-01,carbon_project_zone,SPI-3,718.7227,-1.2259,moderate_dry,CHIRPS v2 Final
1998-01-01,carbon_project_zone,SPI-3,706.1687,-1.3705,moderate_dry,CHIRPS v2 Final
1999-01-01,carbon_project_zone,SPI-3,850.9316,0.2027,normal,CHIRPS v2 Final
2000-01-01,carbon_project_zone,SPI-3,892.0905,0.6169,normal,CHIRPS v2 Final
2001-01-01,carbon_project_zone,SPI-3,845.2815,0.1448,normal,CHIRPS v2 Final
2002-01-01,carbon_project_zone,SPI-3,747.4939,-0.9009,normal,CHIRPS v2 Final
2003-01-01,carbon_project_zone,SPI-3,834.4463,0.0331,normal,CHIRPS v2 Final
2004-01-01,carbon_project_zone,SPI-3,1079.9047,2.3617,extremely_wet,CHIRPS v2 Final
2005-01-01,carbon_project_zone,SPI-3,632.1853,-2.2601,extreme_drought,CHIRPS v2 Final
2006-01-01,carbon_project_zone,SPI-3,827.1503,-0.0427,normal,CHIRPS v2 Final
2007-01-01,carbon_project_zone,SPI-3,771.3559,-0.6377,normal,CHIRPS v2 Final
2008-01-01,carbon_project_zone,SPI-3,716.4620,-1.2519,moderate_dry,CHIRPS v2 Final
2009-01-01,carbon_project_zone,SPI-3,939.1174,1.0749,wet,CHIRPS v2 Final
2010-01-01,carbon_project_zone,SPI-3,921.8578,0.9086,normal,CHIRPS v2 Final
2011-01-01,carbon_project_zone,SPI-3,823.5103,-0.0807,normal,CHIRPS v2 Final
2012-01-01,carbon_project_zone,SPI-3,1159.1326,3.0381,extremely_wet,CHIRPS v2 Final
2013-01-01,carbon_project_zone,SPI-3,884.7787,0.5442,normal,CHIRPS v2 Final
2014-01-01,carbon_project_zone,SPI-3,777.0549,-0.5756,normal,CHIRPS v2 Final
2015-01-01,carbon_project_zone,SPI-3,790.1425,-0.4342,normal,CHIRPS v2 Final
2016-01-01,carbon_project_zone,SPI-3,938.9745,1.0735,wet,CHIRPS v2 Final
2017-01-01,carbon_project_zone,SPI-3,871.7961,0.4143,normal,CHIRPS v2 Final
2018-01-01,carbon_project_zone,SPI-3,799.6715,-0.3323,normal,CHIRPS v2 Final
2019-01-01,carbon_project_zone,SPI-3,842.7186,0.1184,normal,CHIRPS v2 Final
2020-01-01,carbon_project_zone,SPI-3,753.7850,-0.8310,normal,CHIRPS v2 Final
2021-01-01,carbon_project_zone,SPI-3,905.7624,0.7517,normal,CHIRPS v2 Final
2022-01-01,carbon_project_zone,SPI-3,829.3070,-0.0203,normal,CHIRPS v2 Final
2023-01-01,carbon_project_zone,SPI-3,784.4203,-0.4958,normal,CHIRPS v2 Final
2024-01-01,carbon_project_zone,SPI-3,942.4281,1.1066,wet,CHIRPS v2 Final
2025-01-01,carbon_project_zone,SPI-3,938.1048,1.0652,wet,CHIRPS v2 Final
1982-02-01,carbon_project_zone,SPI-3,790.5882,-0.5270,normal,CHIRPS v2 Final
1983-02-01,carbon_project_zone,SPI-3,831.9407,-0.1210,normal,CHIRPS v2 Final
1984-02-01,carbon_project_zone,SPI-3,770.4945,-0.7294,normal,CHIRPS v2 Final
1985-02-01,carbon_project_zone,SPI-3,879.8035,0.3324,normal,CHIRPS v2 Final
1986-02-01,carbon_project_zone,SPI-3,720.9097,-1.2446,moderate_dry,CHIRPS v2 Final
1987-02-01,carbon_project_zone,SPI-3,788.4682,-0.5482,normal,CHIRPS v2 Final
1988-02-01,carbon_project_zone,SPI-3,821.4576,-0.2226,normal,CHIRPS v2 Final
1989-02-01,carbon_project_zone,SPI-3,943.6736,0.9126,normal,CHIRPS v2 Final
1990-02-01,carbon_project_zone,SPI-3,676.5509,-1.7262,severe_drought,CHIRPS v2 Final
1991-02-01,carbon_project_zone,SPI-3,966.7234,1.1156,wet,CHIRPS v2 Final
1992-02-01,carbon_project_zone,SPI-3,912.7708,0.6353,normal,CHIRPS v2 Final
1993-02-01,carbon_project_zone,SPI-3,734.2415,-1.1038,moderate_dry,CHIRPS v2 Final
1994-02-01,carbon_project_zone,SPI-3,779.2063,-0.6412,normal,CHIRPS v2 Final
1995-02-01,carbon_project_zone,SPI-3,863.1873,0.1769,normal,CHIRPS v2 Final
1996-02-01,carbon_project_zone,SPI-3,829.3652,-0.1459,normal,CHIRPS v2 Final
1997-02-01,carbon_project_zone,SPI-3,682.0683,-1.6651,severe_drought,CHIRPS v2 Final
1998-02-01,carbon_project_zone,SPI-3,748.5604,-0.9544,normal,CHIRPS v2 Final
1999-02-01,carbon_project_zone,SPI-3,874.8543,0.2863,normal,CHIRPS v2 Final
2000-02-01,carbon_project_zone,SPI-3,878.4488,0.3198,normal,CHIRPS v2 Final
2001-02-01,carbon_project_zone,SPI-3,730.0771,-1.1476,moderate_dry,CHIRPS v2 Final
2002-02-01,carbon_project_zone,SPI-3,789.7189,-0.5357,normal,CHIRPS v2 Final
2003-02-01,carbon_project_zone,SPI-3,863.7763,0.1825,normal,CHIRPS v2 Final
2004-02-01,carbon_project_zone,SPI-3,991.3514,1.3290,wet,CHIRPS v2 Final
2005-02-01,carbon_project_zone,SPI-3,720.0595,-1.2536,moderate_dry,CHIRPS v2 Final
2006-02-01,carbon_project_zone,SPI-3,821.7384,-0.2199,normal,CHIRPS v2 Final
2007-02-01,carbon_project_zone,SPI-3,829.3278,-0.1462,normal,CHIRPS v2 Final
2008-02-01,carbon_project_zone,SPI-3,822.4511,-0.2129,normal,CHIRPS v2 Final
2009-02-01,carbon_project_zone,SPI-3,860.6301,0.1528,normal,CHIRPS v2 Final
2010-02-01,carbon_project_zone,SPI-3,952.1490,0.9876,normal,CHIRPS v2 Final
2011-02-01,carbon_project_zone,SPI-3,630.8548,-2.2453,extreme_drought,CHIRPS v2 Final
2012-02-01,carbon_project_zone,SPI-3,948.4358,0.9548,normal,CHIRPS v2 Final
2013-02-01,carbon_project_zone,SPI-3,868.4897,0.2268,normal,CHIRPS v2 Final
2014-02-01,carbon_project_zone,SPI-3,800.6493,-0.4269,normal,CHIRPS v2 Final
2015-02-01,carbon_project_zone,SPI-3,908.5565,0.5970,normal,CHIRPS v2 Final
2016-02-01,carbon_project_zone,SPI-3,1083.2190,2.0956,extremely_wet,CHIRPS v2 Final
2017-02-01,carbon_project_zone,SPI-3,901.3104,0.5308,normal,CHIRPS v2 Final
2018-02-01,carbon_project_zone,SPI-3,790.3707,-0.5291,normal,CHIRPS v2 Final
2019-02-01,carbon_project_zone,SPI-3,941.2406,0.8910,normal,CHIRPS v2 Final
2020-02-01,carbon_project_zone,SPI-3,831.5918,-0.1244,normal,CHIRPS v2 Final
2021-02-01,carbon_project_zone,SPI-3,1199.2893,3.0057,extremely_wet,CHIRPS v2 Final
2022-02-01,carbon_project_zone,SPI-3,840.5266,-0.0384,normal,CHIRPS v2 Final
2023-02-01,carbon_project_zone,SPI-3,819.4760,-0.2419,normal,CHIRPS v2 Final
2024-02-01,carbon_project_zone,SPI-3,891.2466,0.4384,normal,CHIRPS v2 Final
2025-02-01,carbon_project_zone,SPI-3,1019.9934,1.5728,very_wet,CHIRPS v2 Final
1981-03-01,carbon_project_zone,SPI-3,666.5478,-1.9419,severe_drought,CHIRPS v2 Final
1982-03-01,carbon_project_zone,SPI-3,885.6837,0.1877,normal,CHIRPS v2 Final
1983-03-01,carbon_project_zone,SPI-3,913.7944,0.4342,normal,CHIRPS v2 Final
1984-03-01,carbon_project_zone,SPI-3,858.3478,-0.0571,normal,CHIRPS v2 Final
1985-03-01,carbon_project_zone,SPI-3,845.8975,-0.1703,normal,CHIRPS v2 Final
1986-03-01,carbon_project_zone,SPI-3,908.7780,0.3906,normal,CHIRPS v2 Final
1987-03-01,carbon_project_zone,SPI-3,892.0091,0.2436,normal,CHIRPS v2 Final
1988-03-01,carbon_project_zone,SPI-3,905.2739,0.3600,normal,CHIRPS v2 Final
1989-03-01,carbon_project_zone,SPI-3,886.8283,0.1978,normal,CHIRPS v2 Final
1990-03-01,carbon_project_zone,SPI-3,799.9028,-0.5984,normal,CHIRPS v2 Final
1991-03-01,carbon_project_zone,SPI-3,1004.6814,1.1984,wet,CHIRPS v2 Final
1992-03-01,carbon_project_zone,SPI-3,956.2010,0.7967,normal,CHIRPS v2 Final
1993-03-01,carbon_project_zone,SPI-3,777.2908,-0.8149,normal,CHIRPS v2 Final
1994-03-01,carbon_project_zone,SPI-3,955.0894,0.7873,normal,CHIRPS v2 Final
1995-03-01,carbon_project_zone,SPI-3,882.9695,0.1636,normal,CHIRPS v2 Final
1996-03-01,carbon_project_zone,SPI-3,900.7105,0.3201,normal,CHIRPS v2 Final
1997-03-01,carbon_project_zone,SPI-3,538.8559,-3.4133,extreme_drought,CHIRPS v2 Final
1998-03-01,carbon_project_zone,SPI-3,756.7130,-1.0157,moderate_dry,CHIRPS v2 Final
1999-03-01,carbon_project_zone,SPI-3,861.9908,-0.0241,normal,CHIRPS v2 Final
2000-03-01,carbon_project_zone,SPI-3,908.0113,0.3839,normal,CHIRPS v2 Final
2001-03-01,carbon_project_zone,SPI-3,769.9898,-0.8858,normal,CHIRPS v2 Final
2002-03-01,carbon_project_zone,SPI-3,826.9368,-0.3448,normal,CHIRPS v2 Final
2003-03-01,carbon_project_zone,SPI-3,790.8793,-0.6843,normal,CHIRPS v2 Final
2004-03-01,carbon_project_zone,SPI-3,824.6378,-0.3662,normal,CHIRPS v2 Final
2005-03-01,carbon_project_zone,SPI-3,699.9588,-1.5893,severe_drought,CHIRPS v2 Final
2006-03-01,carbon_project_zone,SPI-3,924.4357,0.5262,normal,CHIRPS v2 Final
2007-03-01,carbon_project_zone,SPI-3,775.1850,-0.8353,normal,CHIRPS v2 Final
2008-03-01,carbon_project_zone,SPI-3,913.8055,0.4343,normal,CHIRPS v2 Final
2009-03-01,carbon_project_zone,SPI-3,820.9112,-0.4008,normal,CHIRPS v2 Final
2010-03-01,carbon_project_zone,SPI-3,1001.7953,1.1748,wet,CHIRPS v2 Final
2011-03-01,carbon_project_zone,SPI-3,773.3771,-0.8528,normal,CHIRPS v2 Final
2012-03-01,carbon_project_zone,SPI-3,734.3331,-1.2383,moderate_dry,CHIRPS v2 Final
2013-03-01,carbon_project_zone,SPI-3,819.8489,-0.4107,normal,CHIRPS v2 Final
2014-03-01,carbon_project_zone,SPI-3,861.7943,-0.0259,normal,CHIRPS v2 Final
2015-03-01,carbon_project_zone,SPI-3,887.6144,0.2048,normal,CHIRPS v2 Final
2016-03-01,carbon_project_zone,SPI-3,951.9957,0.7612,normal,CHIRPS v2 Final
2017-03-01,carbon_project_zone,SPI-3,888.9954,0.2170,normal,CHIRPS v2 Final
2018-03-01,carbon_project_zone,SPI-3,831.8472,-0.2993,normal,CHIRPS v2 Final
2019-03-01,carbon_project_zone,SPI-3,868.5145,0.0346,normal,CHIRPS v2 Final
2020-03-01,carbon_project_zone,SPI-3,976.6815,0.9680,normal,CHIRPS v2 Final
2021-03-01,carbon_project_zone,SPI-3,1239.9125,2.9853,extremely_wet,CHIRPS v2 Final
2022-03-01,carbon_project_zone,SPI-3,884.9639,0.1813,normal,CHIRPS v2 Final
2023-03-01,carbon_project_zone,SPI-3,903.9656,0.3486,normal,CHIRPS v2 Final
2024-03-01,carbon_project_zone,SPI-3,967.2000,0.8890,normal,CHIRPS v2 Final
2025-03-01,carbon_project_zone,SPI-3,1078.9345,1.7895,very_wet,CHIRPS v2 Final
1981-04-01,carbon_project_zone,SPI-3,848.3850,-0.4017,normal,CHIRPS v2 Final
1982-04-01,carbon_project_zone,SPI-3,813.7404,-0.8228,normal,CHIRPS v2 Final
1983-04-01,carbon_project_zone,SPI-3,880.6989,-0.0192,normal,CHIRPS v2 Final
1984-04-01,carbon_project_zone,SPI-3,878.4281,-0.0457,normal,CHIRPS v2 Final
1985-04-01,carbon_project_zone,SPI-3,800.0002,-0.9932,normal,CHIRPS v2 Final
1986-04-01,carbon_project_zone,SPI-3,1080.9156,2.1647,extremely_wet,CHIRPS v2 Final
1987-04-01,carbon_project_zone,SPI-3,844.5896,-0.4473,normal,CHIRPS v2 Final
1988-04-01,carbon_project_zone,SPI-3,920.7833,0.4426,normal,CHIRPS v2 Final
1989-04-01,carbon_project_zone,SPI-3,774.8266,-1.3105,moderate_dry,CHIRPS v2 Final
1990-04-01,carbon_project_zone,SPI-3,806.8933,-0.9075,normal,CHIRPS v2 Final
1991-04-01,carbon_project_zone,SPI-3,907.4937,0.2910,normal,CHIRPS v2 Final
1992-04-01,carbon_project_zone,SPI-3,965.0387,0.9371,normal,CHIRPS v2 Final
1993-04-01,carbon_project_zone,SPI-3,867.7882,-0.1709,normal,CHIRPS v2 Final
1994-04-01,carbon_project_zone,SPI-3,945.4668,0.7203,normal,CHIRPS v2 Final
1995-04-01,carbon_project_zone,SPI-3,823.3621,-0.7047,normal,CHIRPS v2 Final
1996-04-01,carbon_project_zone,SPI-3,769.0905,-1.3837,moderate_dry,CHIRPS v2 Final
1997-04-01,carbon_project_zone,SPI-3,670.5932,-2.7039,extreme_drought,CHIRPS v2 Final
1998-04-01,carbon_project_zone,SPI-3,817.5045,-0.7765,normal,CHIRPS v2 Final
1999-04-01,carbon_project_zone,SPI-3,801.4856,-0.9747,normal,CHIRPS v2 Final
2000-04-01,carbon_project_zone,SPI-3,879.0510,-0.0384,normal,CHIRPS v2 Final
2001-04-01,carbon_project_zone,SPI-3,862.8351,-0.2295,normal,CHIRPS v2 Final
2002-04-01,carbon_project_zone,SPI-3,929.6418,0.5428,normal,CHIRPS v2 Final
2003-04-01,carbon_project_zone,SPI-3,845.2677,-0.4391,normal,CHIRPS v2 Final
2004-04-01,carbon_project_zone,SPI-3,775.5557,-1.3012,moderate_dry,CHIRPS v2 Final
2005-04-01,carbon_project_zone,SPI-3,865.0468,-0.2033,normal,CHIRPS v2 Final
2006-04-01,carbon_project_zone,SPI-3,883.8215,0.0173,normal,CHIRPS v2 Final
2007-04-01,carbon_project_zone,SPI-3,923.3176,0.4713,normal,CHIRPS v2 Final
2008-04-01,carbon_project_zone,SPI-3,957.8745,0.8581,normal,CHIRPS v2 Final
2009-04-01,carbon_project_zone,SPI-3,856.0356,-0.3103,normal,CHIRPS v2 Final
2010-04-01,carbon_project_zone,SPI-3,967.4626,0.9638,normal,CHIRPS v2 Final
2011-04-01,carbon_project_zone,SPI-3,798.6007,-1.0106,moderate_dry,CHIRPS v2 Final
2012-04-01,carbon_project_zone,SPI-3,787.6959,-1.1474,moderate_dry,CHIRPS v2 Final
2013-04-01,carbon_project_zone,SPI-3,860.0633,-0.2623,normal,CHIRPS v2 Final
2014-04-01,carbon_project_zone,SPI-3,912.3473,0.3465,normal,CHIRPS v2 Final
2015-04-01,carbon_project_zone,SPI-3,1010.2868,1.4274,wet,CHIRPS v2 Final
2016-04-01,carbon_project_zone,SPI-3,920.6783,0.4414,normal,CHIRPS v2 Final
2017-04-01,carbon_project_zone,SPI-3,879.4785,-0.0334,normal,CHIRPS v2 Final
2018-04-01,carbon_project_zone,SPI-3,899.6229,0.2005,normal,CHIRPS v2 Final
2019-04-01,carbon_project_zone,SPI-3,953.1896,0.8062,normal,CHIRPS v2 Final
2020-04-01,carbon_project_zone,SPI-3,1113.6289,2.4955,extremely_wet,CHIRPS v2 Final
2021-04-01,carbon_project_zone,SPI-3,1085.4281,2.2107,extremely_wet,CHIRPS v2 Final
2022-04-01,carbon_project_zone,SPI-3,845.8121,-0.4326,normal,CHIRPS v2 Final
2023-04-01,carbon_project_zone,SPI-3,943.9931,0.7039,normal,CHIRPS v2 Final
2024-04-01,carbon_project_zone,SPI-3,874.5764,-0.0909,normal,CHIRPS v2 Final
2025-04-01,carbon_project_zone,SPI-3,981.5072,1.1173,wet,CHIRPS v2 Final
1981-05-01,carbon_project_zone,SPI-3,935.1209,0.5441,normal,CHIRPS v2 Final
1982-05-01,carbon_project_zone,SPI-3,733.3649,-1.0933,moderate_dry,CHIRPS v2 Final
1983-05-01,carbon_project_zone,SPI-3,1050.9359,1.3795,wet,CHIRPS v2 Final
1984-05-01,carbon_project_zone,SPI-3,955.1622,0.6934,normal,CHIRPS v2 Final
1985-05-01,carbon_project_zone,SPI-3,873.6445,0.0726,normal,CHIRPS v2 Final
1986-05-01,carbon_project_zone,SPI-3,1063.6890,1.4677,wet,CHIRPS v2 Final
1987-05-01,carbon_project_zone,SPI-3,847.7938,-0.1323,normal,CHIRPS v2 Final
1988-05-01,carbon_project_zone,SPI-3,962.3931,0.7467,normal,CHIRPS v2 Final
1989-05-01,carbon_project_zone,SPI-3,804.4258,-0.4856,normal,CHIRPS v2 Final
1990-05-01,carbon_project_zone,SPI-3,795.9248,-0.5564,normal,CHIRPS v2 Final
1991-05-01,carbon_project_zone,SPI-3,879.2492,0.1165,normal,CHIRPS v2 Final
1992-05-01,carbon_project_zone,SPI-3,943.2359,0.6048,normal,CHIRPS v2 Final
1993-05-01,carbon_project_zone,SPI-3,1055.6018,1.4119,wet,CHIRPS v2 Final
1994-05-01,carbon_project_zone,SPI-3,800.4602,-0.5186,normal,CHIRPS v2 Final
1995-05-01,carbon_project_zone,SPI-3,824.2244,-0.3228,normal,CHIRPS v2 Final
1996-05-01,carbon_project_zone,SPI-3,614.0695,-2.2103,extreme_drought,CHIRPS v2 Final
1997-05-01,carbon_project_zone,SPI-3,573.2675,-2.6264,extreme_drought,CHIRPS v2 Final
1998-05-01,carbon_project_zone,SPI-3,846.1150,-0.1457,normal,CHIRPS v2 Final
1999-05-01,carbon_project_zone,SPI-3,792.7334,-0.5831,normal,CHIRPS v2 Final
2000-05-01,carbon_project_zone,SPI-3,869.6512,0.0412,normal,CHIRPS v2 Final
2001-05-01,carbon_project_zone,SPI-3,952.4327,0.6732,normal,CHIRPS v2 Final
2002-05-01,carbon_project_zone,SPI-3,797.4338,-0.5438,normal,CHIRPS v2 Final
2003-05-01,carbon_project_zone,SPI-3,691.9484,-1.4661,moderate_dry,CHIRPS v2 Final
2004-05-01,carbon_project_zone,SPI-3,807.5987,-0.4593,normal,CHIRPS v2 Final
2005-05-01,carbon_project_zone,SPI-3,738.5193,-1.0479,moderate_dry,CHIRPS v2 Final
2006-05-01,carbon_project_zone,SPI-3,872.8920,0.0667,normal,CHIRPS v2 Final
2007-05-01,carbon_project_zone,SPI-3,878.2161,0.1084,normal,CHIRPS v2 Final
2008-05-01,carbon_project_zone,SPI-3,840.6828,-0.1894,normal,CHIRPS v2 Final
2009-05-01,carbon_project_zone,SPI-3,778.7903,-0.7005,normal,CHIRPS v2 Final
2010-05-01,carbon_project_zone,SPI-3,1029.1580,1.2272,wet,CHIRPS v2 Final
2011-05-01,carbon_project_zone,SPI-3,848.8078,-0.1242,normal,CHIRPS v2 Final
2012-05-01,carbon_project_zone,SPI-3,656.1496,-1.8007,severe_drought,CHIRPS v2 Final
2013-05-01,carbon_project_zone,SPI-3,1015.5509,1.1310,wet,CHIRPS v2 Final
2014-05-01,carbon_project_zone,SPI-3,952.6913,0.6751,normal,CHIRPS v2 Final
2015-05-01,carbon_project_zone,SPI-3,895.0456,0.2392,normal,CHIRPS v2 Final
2016-05-01,carbon_project_zone,SPI-3,1068.3001,1.4994,wet,CHIRPS v2 Final
2017-05-01,carbon_project_zone,SPI-3,873.4570,0.0711,normal,CHIRPS v2 Final
2018-05-01,carbon_project_zone,SPI-3,1016.1880,1.1355,wet,CHIRPS v2 Final
2019-05-01,carbon_project_zone,SPI-3,794.1499,-0.5712,normal,CHIRPS v2 Final
2020-05-01,carbon_project_zone,SPI-3,1186.7401,2.2854,extremely_wet,CHIRPS v2 Final
2021-05-01,carbon_project_zone,SPI-3,746.6251,-0.9770,normal,CHIRPS v2 Final
2022-05-01,carbon_project_zone,SPI-3,823.0345,-0.3325,normal,CHIRPS v2 Final
2023-05-01,carbon_project_zone,SPI-3,783.9176,-0.6572,normal,CHIRPS v2 Final
2024-05-01,carbon_project_zone,SPI-3,919.0134,0.4226,normal,CHIRPS v2 Final
2025-05-01,carbon_project_zone,SPI-3,988.5915,0.9378,normal,CHIRPS v2 Final
1981-06-01,carbon_project_zone,SPI-3,725.3706,-0.0008,normal,CHIRPS v2 Final
1982-06-01,carbon_project_zone,SPI-3,459.7319,-2.0565,extreme_drought,CHIRPS v2 Final
1983-06-01,carbon_project_zone,SPI-3,872.7394,0.9245,normal,CHIRPS v2 Final
1984-06-01,carbon_project_zone,SPI-3,646.6100,-0.5477,normal,CHIRPS v2 Final
1985-06-01,carbon_project_zone,SPI-3,780.1235,0.3564,normal,CHIRPS v2 Final
1986-06-01,carbon_project_zone,SPI-3,905.8609,1.1180,wet,CHIRPS v2 Final
1987-06-01,carbon_project_zone,SPI-3,691.2199,-0.2328,normal,CHIRPS v2 Final
1988-06-01,carbon_project_zone,SPI-3,780.9929,0.3619,normal,CHIRPS v2 Final
1989-06-01,carbon_project_zone,SPI-3,644.5211,-0.5628,normal,CHIRPS v2 Final
1990-06-01,carbon_project_zone,SPI-3,600.1911,-0.8913,normal,CHIRPS v2 Final
1991-06-01,carbon_project_zone,SPI-3,551.8054,-1.2693,moderate_dry,CHIRPS v2 Final
1992-06-01,carbon_project_zone,SPI-3,653.8816,-0.4954,normal,CHIRPS v2 Final
1993-06-01,carbon_project_zone,SPI-3,988.5223,1.5815,very_wet,CHIRPS v2 Final
1994-06-01,carbon_project_zone,SPI-3,612.0899,-0.8016,normal,CHIRPS v2 Final
1995-06-01,carbon_project_zone,SPI-3,785.2065,0.3887,normal,CHIRPS v2 Final
1996-06-01,carbon_project_zone,SPI-3,483.7230,-1.8416,severe_drought,CHIRPS v2 Final
1997-06-01,carbon_project_zone,SPI-3,450.1987,-2.1440,extreme_drought,CHIRPS v2 Final
1998-06-01,carbon_project_zone,SPI-3,894.2207,1.0505,wet,CHIRPS v2 Final
1999-06-01,carbon_project_zone,SPI-3,753.5159,0.1850,normal,CHIRPS v2 Final
2000-06-01,carbon_project_zone,SPI-3,776.3596,0.3324,normal,CHIRPS v2 Final
2001-06-01,carbon_project_zone,SPI-3,825.9988,0.6431,normal,CHIRPS v2 Final
2002-06-01,carbon_project_zone,SPI-3,718.3666,-0.0477,normal,CHIRPS v2 Final
2003-06-01,carbon_project_zone,SPI-3,554.0037,-1.2516,moderate_dry,CHIRPS v2 Final
2004-06-01,carbon_project_zone,SPI-3,630.1010,-0.6679,normal,CHIRPS v2 Final
2005-06-01,carbon_project_zone,SPI-3,568.3452,-1.1376,moderate_dry,CHIRPS v2 Final
2006-06-01,carbon_project_zone,SPI-3,864.0960,0.8732,normal,CHIRPS v2 Final
2007-06-01,carbon_project_zone,SPI-3,841.2125,0.7358,normal,CHIRPS v2 Final
2008-06-01,carbon_project_zone,SPI-3,643.2339,-0.5721,normal,CHIRPS v2 Final
2009-06-01,carbon_project_zone,SPI-3,607.7508,-0.8341,normal,CHIRPS v2 Final
2010-06-01,carbon_project_zone,SPI-3,966.0192,1.4579,wet,CHIRPS v2 Final
2011-06-01,carbon_project_zone,SPI-3,565.3495,-1.1613,moderate_dry,CHIRPS v2 Final
2012-06-01,carbon_project_zone,SPI-3,529.6143,-1.4502,moderate_dry,CHIRPS v2 Final
2013-06-01,carbon_project_zone,SPI-3,856.5766,0.8283,normal,CHIRPS v2 Final
2014-06-01,carbon_project_zone,SPI-3,810.0447,0.5446,normal,CHIRPS v2 Final
2015-06-01,carbon_project_zone,SPI-3,734.1871,0.0579,normal,CHIRPS v2 Final
2016-06-01,carbon_project_zone,SPI-3,977.7192,1.5224,very_wet,CHIRPS v2 Final
2017-06-01,carbon_project_zone,SPI-3,850.4349,0.7915,normal,CHIRPS v2 Final
2018-06-01,carbon_project_zone,SPI-3,902.4245,1.0982,wet,CHIRPS v2 Final
2019-06-01,carbon_project_zone,SPI-3,728.7327,0.0217,normal,CHIRPS v2 Final
2020-06-01,carbon_project_zone,SPI-3,991.9063,1.5999,very_wet,CHIRPS v2 Final
2021-06-01,carbon_project_zone,SPI-3,765.6379,0.2636,normal,CHIRPS v2 Final
2022-06-01,carbon_project_zone,SPI-3,896.3316,1.0628,wet,CHIRPS v2 Final
2023-06-01,carbon_project_zone,SPI-3,573.6880,-1.0957,moderate_dry,CHIRPS v2 Final
2024-06-01,carbon_project_zone,SPI-3,810.5119,0.5475,normal,CHIRPS v2 Final
2025-06-01,carbon_project_zone,SPI-3,840.4360,0.7311,normal,CHIRPS v2 Final
1981-07-01,carbon_project_zone,SPI-3,702.3927,0.5384,normal,CHIRPS v2 Final
1982-07-01,carbon_project_zone,SPI-3,279.3696,-1.7579,severe_drought,CHIRPS v2 Final
1983-07-01,carbon_project_zone,SPI-3,816.4769,0.9835,normal,CHIRPS v2 Final
1984-07-01,carbon_project_zone,SPI-3,640.8449,0.2782,normal,CHIRPS v2 Final
1985-07-01,carbon_project_zone,SPI-3,972.9027,1.5324,very_wet,CHIRPS v2 Final
1986-07-01,carbon_project_zone,SPI-3,681.1397,0.4503,normal,CHIRPS v2 Final
1987-07-01,carbon_project_zone,SPI-3,463.7589,-0.5787,normal,CHIRPS v2 Final
1988-07-01,carbon_project_zone,SPI-3,609.1883,0.1379,normal,CHIRPS v2 Final
1989-07-01,carbon_project_zone,SPI-3,648.8137,0.3128,normal,CHIRPS v2 Final
1990-07-01,carbon_project_zone,SPI-3,554.1161,-0.1183,normal,CHIRPS v2 Final
1991-07-01,carbon_project_zone,SPI-3,331.1792,-1.3820,moderate_dry,CHIRPS v2 Final
1992-07-01,carbon_project_zone,SPI-3,531.1675,-0.2302,normal,CHIRPS v2 Final
1993-07-01,carbon_project_zone,SPI-3,800.2126,0.9227,normal,CHIRPS v2 Final
1994-07-01,carbon_project_zone,SPI-3,367.9291,-1.1398,moderate_dry,CHIRPS v2 Final
1995-07-01,carbon_project_zone,SPI-3,697.2048,0.5170,normal,CHIRPS v2 Final
1996-07-01,carbon_project_zone,SPI-3,401.0766,-0.9354,normal,CHIRPS v2 Final
1997-07-01,carbon_project_zone,SPI-3,173.0074,-2.7242,extreme_drought,CHIRPS v2 Final
1998-07-01,carbon_project_zone,SPI-3,929.4209,1.3859,wet,CHIRPS v2 Final
1999-07-01,carbon_project_zone,SPI-3,671.8610,0.4113,normal,CHIRPS v2 Final
2000-07-01,carbon_project_zone,SPI-3,617.3965,0.1747,normal,CHIRPS v2 Final
2001-07-01,carbon_project_zone,SPI-3,621.1806,0.1916,normal,CHIRPS v2 Final
2002-07-01,carbon_project_zone,SPI-3,415.8576,-0.8481,normal,CHIRPS v2 Final
2003-07-01,carbon_project_zone,SPI-3,256.0851,-1.9431,severe_drought,CHIRPS v2 Final
2004-07-01,carbon_project_zone,SPI-3,515.0432,-0.3107,normal,CHIRPS v2 Final
2005-07-01,carbon_project_zone,SPI-3,362.2091,-1.1764,moderate_dry,CHIRPS v2 Final
2006-07-01,carbon_project_zone,SPI-3,639.5360,0.2725,normal,CHIRPS v2 Final
2007-07-01,carbon_project_zone,SPI-3,782.5935,0.8558,normal,CHIRPS v2 Final
2008-07-01,carbon_project_zone,SPI-3,530.9192,-0.2314,normal,CHIRPS v2 Final
2009-07-01,carbon_project_zone,SPI-3,420.1372,-0.8232,normal,CHIRPS v2 Final
2010-07-01,carbon_project_zone,SPI-3,1107.5898,1.9612,very_wet,CHIRPS v2 Final
2011-07-01,carbon_project_zone,SPI-3,342.4763,-1.3057,moderate_dry,CHIRPS v2 Final
2012-07-01,carbon_project_zone,SPI-3,494.5984,-0.4153,normal,CHIRPS v2 Final
2013-07-01,carbon_project_zone,SPI-3,813.0450,0.9708,normal,CHIRPS v2 Final
2014-07-01,carbon_project_zone,SPI-3,607.1747,0.1288,normal,CHIRPS v2 Final
2015-07-01,carbon_project_zone,SPI-3,407.6380,-0.8964,normal,CHIRPS v2 Final
2016-07-01,carbon_project_zone,SPI-3,904.3378,1.2994,wet,CHIRPS v2 Final
2017-07-01,carbon_project_zone,SPI-3,711.4459,0.5754,normal,CHIRPS v2 Final
2018-07-01,carbon_project_zone,SPI-3,655.3180,0.3408,normal,CHIRPS v2 Final
2019-07-01,carbon_project_zone,SPI-3,362.4551,-1.1748,moderate_dry,CHIRPS v2 Final
2020-07-01,carbon_project_zone,SPI-3,815.5641,0.9801,normal,CHIRPS v2 Final
2021-07-01,carbon_project_zone,SPI-3,763.8659,0.7837,normal,CHIRPS v2 Final
2022-07-01,carbon_project_zone,SPI-3,975.6063,1.5414,very_wet,CHIRPS v2 Final
2023-07-01,carbon_project_zone,SPI-3,541.2478,-0.1807,normal,CHIRPS v2 Final
2024-07-01,carbon_project_zone,SPI-3,654.3484,0.3366,normal,CHIRPS v2 Final
2025-07-01,carbon_project_zone,SPI-3,661.0948,0.3655,normal,CHIRPS v2 Final
1981-08-01,carbon_project_zone,SPI-3,429.7763,0.0185,normal,CHIRPS v2 Final
1982-08-01,carbon_project_zone,SPI-3,122.5939,-2.0090,extreme_drought,CHIRPS v2 Final
1983-08-01,carbon_project_zone,SPI-3,426.9653,0.0057,normal,CHIRPS v2 Final
1984-08-01,carbon_project_zone,SPI-3,418.7842,-0.0317,normal,CHIRPS v2 Final
1985-08-01,carbon_project_zone,SPI-3,752.6284,1.2190,wet,CHIRPS v2 Final
1986-08-01,carbon_project_zone,SPI-3,526.3607,0.4264,normal,CHIRPS v2 Final
1987-08-01,carbon_project_zone,SPI-3,252.7017,-0.9320,normal,CHIRPS v2 Final
1988-08-01,carbon_project_zone,SPI-3,633.4915,0.8246,normal,CHIRPS v2 Final
1989-08-01,carbon_project_zone,SPI-3,559.8597,0.5562,normal,CHIRPS v2 Final
1990-08-01,carbon_project_zone,SPI-3,390.9286,-0.1630,normal,CHIRPS v2 Final
1991-08-01,carbon_project_zone,SPI-3,113.3609,-2.1135,extreme_drought,CHIRPS v2 Final
1992-08-01,carbon_project_zone,SPI-3,366.1368,-0.2853,normal,CHIRPS v2 Final
1993-08-01,carbon_project_zone,SPI-3,429.0071,0.0150,normal,CHIRPS v2 Final
1994-08-01,carbon_project_zone,SPI-3,335.8945,-0.4424,normal,CHIRPS v2 Final
1995-08-01,carbon_project_zone,SPI-3,505.1588,0.3414,normal,CHIRPS v2 Final
1996-08-01,carbon_project_zone,SPI-3,613.3613,0.7534,normal,CHIRPS v2 Final
1997-08-01,carbon_project_zone,SPI-3,105.6802,-2.2054,extreme_drought,CHIRPS v2 Final
1998-08-01,carbon_project_zone,SPI-3,892.5474,1.6340,very_wet,CHIRPS v2 Final
1999-08-01,carbon_project_zone,SPI-3,515.5063,0.3832,normal,CHIRPS v2 Final
2000-08-01,carbon_project_zone,SPI-3,611.9896,0.7485,normal,CHIRPS v2 Final
2001-08-01,carbon_project_zone,SPI-3,362.3586,-0.3044,normal,CHIRPS v2 Final
2002-08-01,carbon_project_zone,SPI-3,280.5793,-0.7569,normal,CHIRPS v2 Final
2003-08-01,carbon_project_zone,SPI-3,193.3008,-1.3566,moderate_dry,CHIRPS v2 Final
2004-08-01,carbon_project_zone,SPI-3,298.4004,-0.6512,normal,CHIRPS v2 Final
2005-08-01,carbon_project_zone,SPI-3,337.0927,-0.4360,normal,CHIRPS v2 Final
2006-08-01,carbon_project_zone,SPI-3,381.1091,-0.2108,normal,CHIRPS v2 Final
2007-08-01,carbon_project_zone,SPI-3,699.0694,1.0471,wet,CHIRPS v2 Final
2008-08-01,carbon_project_zone,SPI-3,652.3581,0.8901,normal,CHIRPS v2 Final
2009-08-01,carbon_project_zone,SPI-3,294.0296,-0.6767,normal,CHIRPS v2 Final
2010-08-01,carbon_project_zone,SPI-3,1091.0219,2.1575,extremely_wet,CHIRPS v2 Final
2011-08-01,carbon_project_zone,SPI-3,187.6230,-1.4018,moderate_dry,CHIRPS v2 Final
2012-08-01,carbon_project_zone,SPI-3,411.5571,-0.0652,normal,CHIRPS v2 Final
2013-08-01,carbon_project_zone,SPI-3,583.7224,0.6456,normal,CHIRPS v2 Final
2014-08-01,carbon_project_zone,SPI-3,413.4121,-0.0566,normal,CHIRPS v2 Final
2015-08-01,carbon_project_zone,SPI-3,172.3498,-1.5286,severe_drought,CHIRPS v2 Final
2016-08-01,carbon_project_zone,SPI-3,550.2209,0.5194,normal,CHIRPS v2 Final
2017-08-01,carbon_project_zone,SPI-3,557.6112,0.5477,normal,CHIRPS v2 Final
2018-08-01,carbon_project_zone,SPI-3,293.7163,-0.6786,normal,CHIRPS v2 Final
2019-08-01,carbon_project_zone,SPI-3,208.4028,-1.2407,moderate_dry,CHIRPS v2 Final
2020-08-01,carbon_project_zone,SPI-3,553.0551,0.5303,normal,CHIRPS v2 Final
2021-08-01,carbon_project_zone,SPI-3,778.4345,1.2990,wet,CHIRPS v2 Final
2022-08-01,carbon_project_zone,SPI-3,961.2225,1.8227,very_wet,CHIRPS v2 Final
2023-08-01,carbon_project_zone,SPI-3,413.5521,-0.0559,normal,CHIRPS v2 Final
2024-08-01,carbon_project_zone,SPI-3,508.6181,0.3555,normal,CHIRPS v2 Final
2025-08-01,carbon_project_zone,SPI-3,667.9867,0.9434,normal,CHIRPS v2 Final
1981-09-01,carbon_project_zone,SPI-3,471.9733,0.4525,normal,CHIRPS v2 Final
1982-09-01,carbon_project_zone,SPI-3,90.5325,-1.5230,severe_drought,CHIRPS v2 Final
1983-09-01,carbon_project_zone,SPI-3,377.6344,0.1241,normal,CHIRPS v2 Final
1984-09-01,carbon_project_zone,SPI-3,615.6488,0.8780,normal,CHIRPS v2 Final
1985-09-01,carbon_project_zone,SPI-3,701.4434,1.1020,wet,CHIRPS v2 Final
1986-09-01,carbon_project_zone,SPI-3,378.2249,0.1263,normal,CHIRPS v2 Final
1987-09-01,carbon_project_zone,SPI-3,189.3885,-0.7560,normal,CHIRPS v2 Final
1988-09-01,carbon_project_zone,SPI-3,726.7500,1.1646,wet,CHIRPS v2 Final
1989-09-01,carbon_project_zone,SPI-3,653.2247,0.9784,normal,CHIRPS v2 Final
1990-09-01,carbon_project_zone,SPI-3,322.6371,-0.0936,normal,CHIRPS v2 Final
1991-09-01,carbon_project_zone,SPI-3,71.7512,-1.7362,severe_drought,CHIRPS v2 Final
1992-09-01,carbon_project_zone,SPI-3,486.6961,0.4997,normal,CHIRPS v2 Final
1993-09-01,carbon_project_zone,SPI-3,272.1894,-0.3168,normal,CHIRPS v2 Final
1994-09-01,carbon_project_zone,SPI-3,123.9238,-1.2150,moderate_dry,CHIRPS v2 Final
1995-09-01,carbon_project_zone,SPI-3,334.7510,-0.0436,normal,CHIRPS v2 Final
1996-09-01,carbon_project_zone,SPI-3,497.7197,0.5344,normal,CHIRPS v2 Final
1997-09-01,carbon_project_zone,SPI-3,87.3192,-1.5569,severe_drought,CHIRPS v2 Final
1998-09-01,carbon_project_zone,SPI-3,771.6858,1.2726,wet,CHIRPS v2 Final
1999-09-01,carbon_project_zone,SPI-3,495.1611,0.5264,normal,CHIRPS v2 Final
2000-09-01,carbon_project_zone,SPI-3,549.9665,0.6925,normal,CHIRPS v2 Final
2001-09-01,carbon_project_zone,SPI-3,388.6906,0.1652,normal,CHIRPS v2 Final
2002-09-01,carbon_project_zone,SPI-3,67.7104,-1.7875,severe_drought,CHIRPS v2 Final
2003-09-01,carbon_project_zone,SPI-3,188.9898,-0.7584,normal,CHIRPS v2 Final
2004-09-01,carbon_project_zone,SPI-3,293.5397,-0.2191,normal,CHIRPS v2 Final
2005-09-01,carbon_project_zone,SPI-3,298.7962,-0.1958,normal,CHIRPS v2 Final
2006-09-01,carbon_project_zone,SPI-3,95.6353,-1.4709,moderate_dry,CHIRPS v2 Final
2007-09-01,carbon_project_zone,SPI-3,492.7287,0.5188,normal,CHIRPS v2 Final
2008-09-01,carbon_project_zone,SPI-3,602.2521,0.8412,normal,CHIRPS v2 Final
2009-09-01,carbon_project_zone,SPI-3,151.9343,-1.0011,moderate_dry,CHIRPS v2 Final
2010-09-01,carbon_project_zone,SPI-3,1236.1941,2.2111,extremely_wet,CHIRPS v2 Final
2011-09-01,carbon_project_zone,SPI-3,241.3499,-0.4677,normal,CHIRPS v2 Final
2012-09-01,carbon_project_zone,SPI-3,336.4813,-0.0366,normal,CHIRPS v2 Final
2013-09-01,carbon_project_zone,SPI-3,461.3299,0.4178,normal,CHIRPS v2 Final
2014-09-01,carbon_project_zone,SPI-3,176.8580,-0.8338,normal,CHIRPS v2 Final
2015-09-01,carbon_project_zone,SPI-3,65.4924,-1.8167,severe_drought,CHIRPS v2 Final
2016-09-01,carbon_project_zone,SPI-3,554.1767,0.7048,normal,CHIRPS v2 Final
2017-09-01,carbon_project_zone,SPI-3,448.7435,0.3760,normal,CHIRPS v2 Final
2018-09-01,carbon_project_zone,SPI-3,188.3808,-0.7621,normal,CHIRPS v2 Final
2019-09-01,carbon_project_zone,SPI-3,66.7522,-1.8000,severe_drought,CHIRPS v2 Final
2020-09-01,carbon_project_zone,SPI-3,559.0932,0.7191,normal,CHIRPS v2 Final
2021-09-01,carbon_project_zone,SPI-3,763.8218,1.2540,wet,CHIRPS v2 Final
2022-09-01,carbon_project_zone,SPI-3,873.0605,1.5025,very_wet,CHIRPS v2 Final
2023-09-01,carbon_project_zone,SPI-3,308.3288,-0.1543,normal,CHIRPS v2 Final
2024-09-01,carbon_project_zone,SPI-3,468.9044,0.4425,normal,CHIRPS v2 Final
2025-09-01,carbon_project_zone,SPI-3,727.8647,1.1674,wet,CHIRPS v2 Final
1981-10-01,carbon_project_zone,SPI-3,439.0829,0.0779,normal,CHIRPS v2 Final
1982-10-01,carbon_project_zone,SPI-3,141.4562,-1.4023,moderate_dry,CHIRPS v2 Final
1983-10-01,carbon_project_zone,SPI-3,503.4800,0.2943,normal,CHIRPS v2 Final
1984-10-01,carbon_project_zone,SPI-3,485.6830,0.2364,normal,CHIRPS v2 Final
1985-10-01,carbon_project_zone,SPI-3,408.2042,-0.0336,normal,CHIRPS v2 Final
1986-10-01,carbon_project_zone,SPI-3,622.5956,0.6506,normal,CHIRPS v2 Final
1987-10-01,carbon_project_zone,SPI-3,211.4360,-0.9320,normal,CHIRPS v2 Final
1988-10-01,carbon_project_zone,SPI-3,939.4049,1.4213,wet,CHIRPS v2 Final
1989-10-01,carbon_project_zone,SPI-3,746.6203,0.9770,normal,CHIRPS v2 Final
1990-10-01,carbon_project_zone,SPI-3,315.9348,-0.4051,normal,CHIRPS v2 Final
1991-10-01,carbon_project_zone,SPI-3,127.4301,-1.5164,severe_drought,CHIRPS v2 Final
1992-10-01,carbon_project_zone,SPI-3,608.5582,0.6111,normal,CHIRPS v2 Final
1993-10-01,carbon_project_zone,SPI-3,370.6732,-0.1770,normal,CHIRPS v2 Final
1994-10-01,carbon_project_zone,SPI-3,264.0453,-0.6483,normal,CHIRPS v2 Final
1995-10-01,carbon_project_zone,SPI-3,382.8752,-0.1293,normal,CHIRPS v2 Final
1996-10-01,carbon_project_zone,SPI-3,842.6377,1.2063,wet,CHIRPS v2 Final
1997-10-01,carbon_project_zone,SPI-3,72.7276,-2.0812,extreme_drought,CHIRPS v2 Final
1998-10-01,carbon_project_zone,SPI-3,734.9487,0.9478,normal,CHIRPS v2 Final
1999-10-01,carbon_project_zone,SPI-3,749.3561,0.9838,normal,CHIRPS v2 Final
2000-10-01,carbon_project_zone,SPI-3,670.1625,0.7804,normal,CHIRPS v2 Final
2001-10-01,carbon_project_zone,SPI-3,616.0030,0.6321,normal,CHIRPS v2 Final
2002-10-01,carbon_project_zone,SPI-3,159.7884,-1.2651,moderate_dry,CHIRPS v2 Final
2003-10-01,carbon_project_zone,SPI-3,480.1722,0.2182,normal,CHIRPS v2 Final
2004-10-01,carbon_project_zone,SPI-3,192.6478,-1.0456,moderate_dry,CHIRPS v2 Final
2005-10-01,carbon_project_zone,SPI-3,438.2416,0.0749,normal,CHIRPS v2 Final
2006-10-01,carbon_project_zone,SPI-3,86.8674,-1.9104,severe_drought,CHIRPS v2 Final
2007-10-01,carbon_project_zone,SPI-3,487.7414,0.2432,normal,CHIRPS v2 Final
2008-10-01,carbon_project_zone,SPI-3,764.5187,1.0211,wet,CHIRPS v2 Final
2009-10-01,carbon_project_zone,SPI-3,307.9144,-0.4408,normal,CHIRPS v2 Final
2010-10-01,carbon_project_zone,SPI-3,1229.1530,1.9917,very_wet,CHIRPS v2 Final
2011-10-01,carbon_project_zone,SPI-3,490.2329,0.2514,normal,CHIRPS v2 Final
2012-10-01,carbon_project_zone,SPI-3,339.1241,-0.3054,normal,CHIRPS v2 Final
2013-10-01,carbon_project_zone,SPI-3,346.5412,-0.2745,normal,CHIRPS v2 Final
2014-10-01,carbon_project_zone,SPI-3,179.6814,-1.1287,moderate_dry,CHIRPS v2 Final
2015-10-01,carbon_project_zone,SPI-3,76.1056,-2.0382,extreme_drought,CHIRPS v2 Final
2016-10-01,carbon_project_zone,SPI-3,733.3443,0.9438,normal,CHIRPS v2 Final
2017-10-01,carbon_project_zone,SPI-3,489.6228,0.2494,normal,CHIRPS v2 Final
2018-10-01,carbon_project_zone,SPI-3,299.5638,-0.4786,normal,CHIRPS v2 Final
2019-10-01,carbon_project_zone,SPI-3,202.6423,-0.9842,normal,CHIRPS v2 Final
2020-10-01,carbon_project_zone,SPI-3,515.4424,0.3325,normal,CHIRPS v2 Final
2021-10-01,carbon_project_zone,SPI-3,942.7374,1.4284,wet,CHIRPS v2 Final
2022-10-01,carbon_project_zone,SPI-3,879.9154,1.2909,wet,CHIRPS v2 Final
2023-10-01,carbon_project_zone,SPI-3,175.6847,-1.1552,moderate_dry,CHIRPS v2 Final
2024-10-01,carbon_project_zone,SPI-3,468.5724,0.1794,normal,CHIRPS v2 Final
2025-10-01,carbon_project_zone,SPI-3,944.6251,1.4324,wet,CHIRPS v2 Final
1981-11-01,carbon_project_zone,SPI-3,595.3293,0.0150,normal,CHIRPS v2 Final
1982-11-01,carbon_project_zone,SPI-3,292.8686,-1.5919,severe_drought,CHIRPS v2 Final
1983-11-01,carbon_project_zone,SPI-3,622.0990,0.1271,normal,CHIRPS v2 Final
1984-11-01,carbon_project_zone,SPI-3,716.0730,0.4969,normal,CHIRPS v2 Final
1985-11-01,carbon_project_zone,SPI-3,634.8205,0.1793,normal,CHIRPS v2 Final
1986-11-01,carbon_project_zone,SPI-3,836.6077,0.9271,normal,CHIRPS v2 Final
1987-11-01,carbon_project_zone,SPI-3,382.5410,-1.0277,moderate_dry,CHIRPS v2 Final
1988-11-01,carbon_project_zone,SPI-3,873.6762,1.0511,wet,CHIRPS v2 Final
1989-11-01,carbon_project_zone,SPI-3,817.5958,0.8620,normal,CHIRPS v2 Final
1990-11-01,carbon_project_zone,SPI-3,352.6566,-1.2043,moderate_dry,CHIRPS v2 Final
1991-11-01,carbon_project_zone,SPI-3,350.9868,-1.2145,moderate_dry,CHIRPS v2 Final
1992-11-01,carbon_project_zone,SPI-3,793.6230,0.7786,normal,CHIRPS v2 Final
1993-11-01,carbon_project_zone,SPI-3,623.7629,0.1340,normal,CHIRPS v2 Final
1994-11-01,carbon_project_zone,SPI-3,422.8005,-0.8044,normal,CHIRPS v2 Final
1995-11-01,carbon_project_zone,SPI-3,619.5953,0.1168,normal,CHIRPS v2 Final
1996-11-01,carbon_project_zone,SPI-3,765.1173,0.6773,normal,CHIRPS v2 Final
1997-11-01,carbon_project_zone,SPI-3,266.9798,-1.7773,severe_drought,CHIRPS v2 Final
1998-11-01,carbon_project_zone,SPI-3,771.9065,0.7016,normal,CHIRPS v2 Final
1999-11-01,carbon_project_zone,SPI-3,869.9874,1.0389,wet,CHIRPS v2 Final
2000-11-01,carbon_project_zone,SPI-3,743.2392,0.5978,normal,CHIRPS v2 Final
2001-11-01,carbon_project_zone,SPI-3,837.1107,0.9288,normal,CHIRPS v2 Final
2002-11-01,carbon_project_zone,SPI-3,386.1157,-1.0073,moderate_dry,CHIRPS v2 Final
2003-11-01,carbon_project_zone,SPI-3,716.1715,0.4973,normal,CHIRPS v2 Final
2004-11-01,carbon_project_zone,SPI-3,322.2790,-1.3949,moderate_dry,CHIRPS v2 Final
2005-11-01,carbon_project_zone,SPI-3,647.8042,0.2318,normal,CHIRPS v2 Final
2006-11-01,carbon_project_zone,SPI-3,281.4543,-1.6722,severe_drought,CHIRPS v2 Final
2007-11-01,carbon_project_zone,SPI-3,536.6653,-0.2430,normal,CHIRPS v2 Final
2008-11-01,carbon_project_zone,SPI-3,800.1030,0.8013,normal,CHIRPS v2 Final
2009-11-01,carbon_project_zone,SPI-3,536.0933,-0.2456,normal,CHIRPS v2 Final
2010-11-01,carbon_project_zone,SPI-3,1216.2134,2.0638,extremely_wet,CHIRPS v2 Final
2011-11-01,carbon_project_zone,SPI-3,923.9646,1.2141,wet,CHIRPS v2 Final
2012-11-01,carbon_project_zone,SPI-3,525.3795,-0.2948,normal,CHIRPS v2 Final
2013-11-01,carbon_project_zone,SPI-3,420.7716,-0.8153,normal,CHIRPS v2 Final
2014-11-01,carbon_project_zone,SPI-3,331.0454,-1.3387,moderate_dry,CHIRPS v2 Final
2015-11-01,carbon_project_zone,SPI-3,221.2441,-2.1391,extreme_drought,CHIRPS v2 Final
2016-11-01,carbon_project_zone,SPI-3,917.3240,1.1929,wet,CHIRPS v2 Final
2017-11-01,carbon_project_zone,SPI-3,648.6584,0.2352,normal,CHIRPS v2 Final
2018-11-01,carbon_project_zone,SPI-3,483.7048,-0.4928,normal,CHIRPS v2 Final
2019-11-01,carbon_project_zone,SPI-3,377.4946,-1.0569,moderate_dry,CHIRPS v2 Final
2020-11-01,carbon_project_zone,SPI-3,757.3778,0.6493,normal,CHIRPS v2 Final
2021-11-01,carbon_project_zone,SPI-3,923.1651,1.2116,wet,CHIRPS v2 Final
2022-11-01,carbon_project_zone,SPI-3,900.7747,1.1397,wet,CHIRPS v2 Final
2023-11-01,carbon_project_zone,SPI-3,426.6606,-0.7838,normal,CHIRPS v2 Final
2024-11-01,carbon_project_zone,SPI-3,607.6950,0.0672,normal,CHIRPS v2 Final
2025-11-01,carbon_project_zone,SPI-3,925.1042,1.2177,wet,CHIRPS v2 Final
1981-12-01,carbon_project_zone,SPI-3,653.1455,-0.8754,normal,CHIRPS v2 Final
1982-12-01,carbon_project_zone,SPI-3,535.1290,-1.8018,severe_drought,CHIRPS v2 Final
1983-12-01,carbon_project_zone,SPI-3,784.1709,0.0285,normal,CHIRPS v2 Final
1984-12-01,carbon_project_zone,SPI-3,788.6957,0.0578,normal,CHIRPS v2 Final
1985-12-01,carbon_project_zone,SPI-3,757.6613,-0.1457,normal,CHIRPS v2 Final
1986-12-01,carbon_project_zone,SPI-3,874.6060,0.5948,normal,CHIRPS v2 Final
1987-12-01,carbon_project_zone,SPI-3,602.5293,-1.2574,moderate_dry,CHIRPS v2 Final
1988-12-01,carbon_project_zone,SPI-3,945.3641,1.0114,wet,CHIRPS v2 Final
1989-12-01,carbon_project_zone,SPI-3,776.2506,-0.0231,normal,CHIRPS v2 Final
1990-12-01,carbon_project_zone,SPI-3,654.6036,-0.8647,normal,CHIRPS v2 Final
1991-12-01,carbon_project_zone,SPI-3,683.8371,-0.6534,normal,CHIRPS v2 Final
1992-12-01,carbon_project_zone,SPI-3,865.3636,0.5388,normal,CHIRPS v2 Final
1993-12-01,carbon_project_zone,SPI-3,735.1080,-0.2971,normal,CHIRPS v2 Final
1994-12-01,carbon_project_zone,SPI-3,701.9299,-0.5257,normal,CHIRPS v2 Final
1995-12-01,carbon_project_zone,SPI-3,820.3253,0.2598,normal,CHIRPS v2 Final
1996-12-01,carbon_project_zone,SPI-3,927.5409,0.9085,normal,CHIRPS v2 Final
1997-12-01,carbon_project_zone,SPI-3,556.7579,-1.6223,severe_drought,CHIRPS v2 Final
1998-12-01,carbon_project_zone,SPI-3,780.1368,0.0022,normal,CHIRPS v2 Final
1999-12-01,carbon_project_zone,SPI-3,1024.6833,1.4548,wet,CHIRPS v2 Final
2000-12-01,carbon_project_zone,SPI-3,843.9513,0.4074,normal,CHIRPS v2 Final
2001-12-01,carbon_project_zone,SPI-3,887.2895,0.6711,normal,CHIRPS v2 Final
2002-12-01,carbon_project_zone,SPI-3,651.0640,-0.8907,normal,CHIRPS v2 Final
2003-12-01,carbon_project_zone,SPI-3,1081.8422,1.7605,very_wet,CHIRPS v2 Final
2004-12-01,carbon_project_zone,SPI-3,531.5616,-1.8319,severe_drought,CHIRPS v2 Final
2005-12-01,carbon_project_zone,SPI-3,808.6793,0.1861,normal,CHIRPS v2 Final
2006-12-01,carbon_project_zone,SPI-3,602.9576,-1.2541,moderate_dry,CHIRPS v2 Final
2007-12-01,carbon_project_zone,SPI-3,772.7909,-0.0458,normal,CHIRPS v2 Final
2008-12-01,carbon_project_zone,SPI-3,1017.4722,1.4154,wet,CHIRPS v2 Final
2009-12-01,carbon_project_zone,SPI-3,831.2794,0.3286,normal,CHIRPS v2 Final
2010-12-01,carbon_project_zone,SPI-3,959.6351,1.0929,wet,CHIRPS v2 Final
2011-12-01,carbon_project_zone,SPI-3,1301.1174,2.8451,extremely_wet,CHIRPS v2 Final
2012-12-01,carbon_project_zone,SPI-3,868.5965,0.5584,normal,CHIRPS v2 Final
2013-12-01,carbon_project_zone,SPI-3,693.0987,-0.5878,normal,CHIRPS v2 Final
2014-12-01,carbon_project_zone,SPI-3,609.2968,-1.2051,moderate_dry,CHIRPS v2 Final
2015-12-01,carbon_project_zone,SPI-3,661.7119,-0.8127,normal,CHIRPS v2 Final
2016-12-01,carbon_project_zone,SPI-3,957.7704,1.0823,wet,CHIRPS v2 Final
2017-12-01,carbon_project_zone,SPI-3,773.4177,-0.0417,normal,CHIRPS v2 Final
2018-12-01,carbon_project_zone,SPI-3,709.0570,-0.4760,normal,CHIRPS v2 Final
2019-12-01,carbon_project_zone,SPI-3,577.1517,-1.4573,moderate_dry,CHIRPS v2 Final
2020-12-01,carbon_project_zone,SPI-3,820.1459,0.2587,normal,CHIRPS v2 Final
2021-12-01,carbon_project_zone,SPI-3,906.2288,0.7836,normal,CHIRPS v2 Final
2022-12-01,carbon_project_zone,SPI-3,869.0164,0.5610,normal,CHIRPS v2 Final
2023-12-01,carbon_project_zone,SPI-3,626.4947,-1.0739,moderate_dry,CHIRPS v2 Final
2024-12-01,carbon_project_zone,SPI-3,754.6144,-0.1660,normal,CHIRPS v2 Final
2025-12-01,carbon_project_zone,SPI-3,958.9470,1.0890,wet,CHIRPS v2 Final
1982-01-01,project_area,SPI-3,742.0692,-0.9890,normal,CHIRPS v2 Final
1983-01-01,project_area,SPI-3,681.4187,-1.6845,severe_drought,CHIRPS v2 Final
1984-01-01,project_area,SPI-3,788.6677,-0.4803,normal,CHIRPS v2 Final
1985-01-01,project_area,SPI-3,936.8633,1.0151,wet,CHIRPS v2 Final
1986-01-01,project_area,SPI-3,808.2187,-0.2728,normal,CHIRPS v2 Final
1987-01-01,project_area,SPI-3,789.1729,-0.4748,normal,CHIRPS v2 Final
1988-01-01,project_area,SPI-3,805.7219,-0.2991,normal,CHIRPS v2 Final
1989-01-01,project_area,SPI-3,936.1052,1.0079,wet,CHIRPS v2 Final
1990-01-01,project_area,SPI-3,706.3995,-1.3932,moderate_dry,CHIRPS v2 Final
1991-01-01,project_area,SPI-3,813.3232,-0.2192,normal,CHIRPS v2 Final
1992-01-01,project_area,SPI-3,869.6863,0.3584,normal,CHIRPS v2 Final
1993-01-01,project_area,SPI-3,793.6251,-0.4273,normal,CHIRPS v2 Final
1994-01-01,project_area,SPI-3,810.8789,-0.2448,normal,CHIRPS v2 Final
1995-01-01,project_area,SPI-3,884.1484,0.5025,normal,CHIRPS v2 Final
1996-01-01,project_area,SPI-3,890.4881,0.5652,normal,CHIRPS v2 Final
1997-01-01,project_area,SPI-3,714.3441,-1.3020,moderate_dry,CHIRPS v2 Final
1998-01-01,project_area,SPI-3,717.9472,-1.2609,moderate_dry,CHIRPS v2 Final
1999-01-01,project_area,SPI-3,854.8192,0.2085,normal,CHIRPS v2 Final
2000-01-01,project_area,SPI-3,888.8425,0.5490,normal,CHIRPS v2 Final
2001-01-01,project_area,SPI-3,845.6949,0.1157,normal,CHIRPS v2 Final
2002-01-01,project_area,SPI-3,745.7351,-0.9482,normal,CHIRPS v2 Final
2003-01-01,project_area,SPI-3,841.2007,0.0697,normal,CHIRPS v2 Final
2004-01-01,project_area,SPI-3,1074.8990,2.2730,extremely_wet,CHIRPS v2 Final
2005-01-01,project_area,SPI-3,630.2498,-2.3048,extreme_drought,CHIRPS v2 Final
2006-01-01,project_area,SPI-3,825.5576,-0.0916,normal,CHIRPS v2 Final
2007-01-01,project_area,SPI-3,777.1361,-0.6042,normal,CHIRPS v2 Final
2008-01-01,project_area,SPI-3,722.5449,-1.2086,moderate_dry,CHIRPS v2 Final
2009-01-01,project_area,SPI-3,941.1177,1.0557,wet,CHIRPS v2 Final
2010-01-01,project_area,SPI-3,928.8596,0.9385,normal,CHIRPS v2 Final
2011-01-01,project_area,SPI-3,825.5870,-0.0913,normal,CHIRPS v2 Final
2012-01-01,project_area,SPI-3,1175.7625,3.1266,extremely_wet,CHIRPS v2 Final
2013-01-01,project_area,SPI-3,887.6125,0.5368,normal,CHIRPS v2 Final
2014-01-01,project_area,SPI-3,778.3720,-0.5909,normal,CHIRPS v2 Final
2015-01-01,project_area,SPI-3,799.1789,-0.3683,normal,CHIRPS v2 Final
2016-01-01,project_area,SPI-3,947.6917,1.1180,wet,CHIRPS v2 Final
2017-01-01,project_area,SPI-3,866.4684,0.3261,normal,CHIRPS v2 Final
2018-01-01,project_area,SPI-3,798.4184,-0.3764,normal,CHIRPS v2 Final
2019-01-01,project_area,SPI-3,842.8150,0.0862,normal,CHIRPS v2 Final
2020-01-01,project_area,SPI-3,769.1287,-0.6911,normal,CHIRPS v2 Final
2021-01-01,project_area,SPI-3,910.7521,0.7637,normal,CHIRPS v2 Final
2022-01-01,project_area,SPI-3,832.1080,-0.0238,normal,CHIRPS v2 Final
2023-01-01,project_area,SPI-3,790.2133,-0.4637,normal,CHIRPS v2 Final
2024-01-01,project_area,SPI-3,948.4737,1.1254,wet,CHIRPS v2 Final
2025-01-01,project_area,SPI-3,941.6214,1.0604,wet,CHIRPS v2 Final
1982-02-01,project_area,SPI-3,788.7914,-0.5511,normal,CHIRPS v2 Final
1983-02-01,project_area,SPI-3,842.4820,-0.0418,normal,CHIRPS v2 Final
1984-02-01,project_area,SPI-3,770.8160,-0.7268,normal,CHIRPS v2 Final
1985-02-01,project_area,SPI-3,882.2910,0.3220,normal,CHIRPS v2 Final
1986-02-01,project_area,SPI-3,712.9707,-1.3117,moderate_dry,CHIRPS v2 Final
1987-02-01,project_area,SPI-3,785.4985,-0.5831,normal,CHIRPS v2 Final
1988-02-01,project_area,SPI-3,823.7921,-0.2166,normal,CHIRPS v2 Final
1989-02-01,project_area,SPI-3,940.6223,0.8359,normal,CHIRPS v2 Final
1990-02-01,project_area,SPI-3,672.9054,-1.7358,severe_drought,CHIRPS v2 Final
1991-02-01,project_area,SPI-3,972.1941,1.1053,wet,CHIRPS v2 Final
1992-02-01,project_area,SPI-3,911.6978,0.5838,normal,CHIRPS v2 Final
1993-02-01,project_area,SPI-3,740.8060,-1.0264,moderate_dry,CHIRPS v2 Final
1994-02-01,project_area,SPI-3,779.8947,-0.6377,normal,CHIRPS v2 Final
1995-02-01,project_area,SPI-3,887.6117,0.3698,normal,CHIRPS v2 Final
1996-02-01,project_area,SPI-3,828.7799,-0.1697,normal,CHIRPS v2 Final
1997-02-01,project_area,SPI-3,676.9140,-1.6926,severe_drought,CHIRPS v2 Final
1998-02-01,project_area,SPI-3,755.9049,-0.8747,normal,CHIRPS v2 Final
1999-02-01,project_area,SPI-3,876.2019,0.2671,normal,CHIRPS v2 Final
2000-02-01,project_area,SPI-3,871.1134,0.2210,normal,CHIRPS v2 Final
2001-02-01,project_area,SPI-3,729.3650,-1.1428,moderate_dry,CHIRPS v2 Final
2002-02-01,project_area,SPI-3,783.6755,-0.6008,normal,CHIRPS v2 Final
2003-02-01,project_area,SPI-3,865.6887,0.1716,normal,CHIRPS v2 Final
2004-02-01,project_area,SPI-3,983.6427,1.2015,wet,CHIRPS v2 Final
2005-02-01,project_area,SPI-3,715.4367,-1.2861,moderate_dry,CHIRPS v2 Final
2006-02-01,project_area,SPI-3,820.4940,-0.2477,normal,CHIRPS v2 Final
2007-02-01,project_area,SPI-3,823.7984,-0.2165,normal,CHIRPS v2 Final
2008-02-01,project_area,SPI-3,829.0860,-0.1668,normal,CHIRPS v2 Final
2009-02-01,project_area,SPI-3,860.9337,0.1282,normal,CHIRPS v2 Final
2010-02-01,project_area,SPI-3,961.2892,1.0129,wet,CHIRPS v2 Final
2011-02-01,project_area,SPI-3,624.3006,-2.2741,extreme_drought,CHIRPS v2 Final
2012-02-01,project_area,SPI-3,956.1517,0.9691,normal,CHIRPS v2 Final
2013-02-01,project_area,SPI-3,872.1463,0.2303,normal,CHIRPS v2 Final
2014-02-01,project_area,SPI-3,804.1012,-0.4036,normal,CHIRPS v2 Final
2015-02-01,project_area,SPI-3,924.1796,0.6932,normal,CHIRPS v2 Final
2016-02-01,project_area,SPI-3,1096.1435,2.1104,extremely_wet,CHIRPS v2 Final
2017-02-01,project_area,SPI-3,902.4322,0.5019,normal,CHIRPS v2 Final
2018-02-01,project_area,SPI-3,792.0092,-0.5200,normal,CHIRPS v2 Final
2019-02-01,project_area,SPI-3,949.4853,0.9121,normal,CHIRPS v2 Final
2020-02-01,project_area,SPI-3,840.5801,-0.0595,normal,CHIRPS v2 Final
2021-02-01,project_area,SPI-3,1215.3936,3.0096,extremely_wet,CHIRPS v2 Final
2022-02-01,project_area,SPI-3,846.7969,-0.0018,normal,CHIRPS v2 Final
2023-02-01,project_area,SPI-3,827.2580,-0.1840,normal,CHIRPS v2 Final
2024-02-01,project_area,SPI-3,898.7128,0.4689,normal,CHIRPS v2 Final
2025-02-01,project_area,SPI-3,1025.7964,1.5497,very_wet,CHIRPS v2 Final
1981-03-01,project_area,SPI-3,666.2085,-1.8998,severe_drought,CHIRPS v2 Final
1982-03-01,project_area,SPI-3,886.7779,0.1922,normal,CHIRPS v2 Final
1983-03-01,project_area,SPI-3,920.2229,0.4777,normal,CHIRPS v2 Final
1984-03-01,project_area,SPI-3,855.8390,-0.0784,normal,CHIRPS v2 Final
1985-03-01,project_area,SPI-3,844.7147,-0.1773,normal,CHIRPS v2 Final
1986-03-01,project_area,SPI-3,899.2088,0.2991,normal,CHIRPS v2 Final
1987-03-01,project_area,SPI-3,888.0388,0.2031,normal,CHIRPS v2 Final
1988-03-01,project_area,SPI-3,910.2734,0.3935,normal,CHIRPS v2 Final
1989-03-01,project_area,SPI-3,885.4850,0.1810,normal,CHIRPS v2 Final
1990-03-01,project_area,SPI-3,791.2888,-0.6647,normal,CHIRPS v2 Final
1991-03-01,project_area,SPI-3,1012.9810,1.2352,wet,CHIRPS v2 Final
1992-03-01,project_area,SPI-3,951.3260,0.7371,normal,CHIRPS v2 Final
1993-03-01,project_area,SPI-3,781.0173,-0.7610,normal,CHIRPS v2 Final
1994-03-01,project_area,SPI-3,950.0446,0.7265,normal,CHIRPS v2 Final
1995-03-01,project_area,SPI-3,895.0890,0.2638,normal,CHIRPS v2 Final
1996-03-01,project_area,SPI-3,900.8641,0.3133,normal,CHIRPS v2 Final
1997-03-01,project_area,SPI-3,531.9376,-3.4169,extreme_drought,CHIRPS v2 Final
1998-03-01,project_area,SPI-3,763.2369,-0.9296,normal,CHIRPS v2 Final
1999-03-01,project_area,SPI-3,856.6639,-0.0711,normal,CHIRPS v2 Final
2000-03-01,project_area,SPI-3,901.7100,0.3205,normal,CHIRPS v2 Final
2001-03-01,project_area,SPI-3,768.0948,-0.8832,normal,CHIRPS v2 Final
2002-03-01,project_area,SPI-3,821.0956,-0.3902,normal,CHIRPS v2 Final
2003-03-01,project_area,SPI-3,785.4645,-0.7192,normal,CHIRPS v2 Final
2004-03-01,project_area,SPI-3,817.1695,-0.4259,normal,CHIRPS v2 Final
2005-03-01,project_area,SPI-3,694.5047,-1.6075,severe_drought,CHIRPS v2 Final
2006-03-01,project_area,SPI-3,927.2485,0.5368,normal,CHIRPS v2 Final
2007-03-01,project_area,SPI-3,770.8107,-0.8574,normal,CHIRPS v2 Final
2008-03-01,project_area,SPI-3,914.1699,0.4265,normal,CHIRPS v2 Final
2009-03-01,project_area,SPI-3,825.7677,-0.3477,normal,CHIRPS v2 Final
2010-03-01,project_area,SPI-3,1003.0939,1.1567,wet,CHIRPS v2 Final
2011-03-01,project_area,SPI-3,767.9618,-0.8845,normal,CHIRPS v2 Final
2012-03-01,project_area,SPI-3,732.0109,-1.2322,moderate_dry,CHIRPS v2 Final
2013-03-01,project_area,SPI-3,822.3733,-0.3785,normal,CHIRPS v2 Final
2014-03-01,project_area,SPI-3,866.1833,0.0128,normal,CHIRPS v2 Final
2015-03-01,project_area,SPI-3,898.2828,0.2912,normal,CHIRPS v2 Final
2016-03-01,project_area,SPI-3,957.5076,0.7880,normal,CHIRPS v2 Final
2017-03-01,project_area,SPI-3,887.8459,0.2014,normal,CHIRPS v2 Final
2018-03-01,project_area,SPI-3,831.7393,-0.2937,normal,CHIRPS v2 Final
2019-03-01,project_area,SPI-3,874.7301,0.0876,normal,CHIRPS v2 Final
2020-03-01,project_area,SPI-3,983.2183,0.9973,normal,CHIRPS v2 Final
2021-03-01,project_area,SPI-3,1255.7842,3.0234,extremely_wet,CHIRPS v2 Final
2022-03-01,project_area,SPI-3,886.2057,0.1872,normal,CHIRPS v2 Final
2023-03-01,project_area,SPI-3,905.5053,0.3529,normal,CHIRPS v2 Final
2024-03-01,project_area,SPI-3,964.3198,0.8438,normal,CHIRPS v2 Final
2025-03-01,project_area,SPI-3,1083.2848,1.7794,very_wet,CHIRPS v2 Final
1981-04-01,project_area,SPI-3,843.6926,-0.4530,normal,CHIRPS v2 Final
1982-04-01,project_area,SPI-3,809.3335,-0.8655,normal,CHIRPS v2 Final
1983-04-01,project_area,SPI-3,886.4507,0.0450,normal,CHIRPS v2 Final
1984-04-01,project_area,SPI-3,868.9590,-0.1567,normal,CHIRPS v2 Final
1985-04-01,project_area,SPI-3,802.3869,-0.9503,normal,CHIRPS v2 Final
1986-04-01,project_area,SPI-3,1088.2087,2.2011,extremely_wet,CHIRPS v2 Final
1987-04-01,project_area,SPI-3,845.6226,-0.4301,normal,CHIRPS v2 Final
1988-04-01,project_area,SPI-3,919.1995,0.4156,normal,CHIRPS v2 Final
1989-04-01,project_area,SPI-3,767.6948,-1.3815,moderate_dry,CHIRPS v2 Final
1990-04-01,project_area,SPI-3,796.6422,-1.0208,moderate_dry,CHIRPS v2 Final
1991-04-01,project_area,SPI-3,911.7640,0.3323,normal,CHIRPS v2 Final
1992-04-01,project_area,SPI-3,965.3095,0.9229,normal,CHIRPS v2 Final
1993-04-01,project_area,SPI-3,866.5367,-0.1849,normal,CHIRPS v2 Final
1994-04-01,project_area,SPI-3,932.2474,0.5609,normal,CHIRPS v2 Final
1995-04-01,project_area,SPI-3,828.9368,-0.6287,normal,CHIRPS v2 Final
1996-04-01,project_area,SPI-3,764.2832,-1.4246,moderate_dry,CHIRPS v2 Final
1997-04-01,project_area,SPI-3,675.4251,-2.5964,extreme_drought,CHIRPS v2 Final
1998-04-01,project_area,SPI-3,825.3739,-0.6715,normal,CHIRPS v2 Final
1999-04-01,project_area,SPI-3,808.3283,-0.8777,normal,CHIRPS v2 Final
2000-04-01,project_area,SPI-3,879.2257,-0.0380,normal,CHIRPS v2 Final
2001-04-01,project_area,SPI-3,865.4610,-0.1974,normal,CHIRPS v2 Final
2002-04-01,project_area,SPI-3,922.7542,0.4553,normal,CHIRPS v2 Final
2003-04-01,project_area,SPI-3,842.0436,-0.4725,normal,CHIRPS v2 Final
2004-04-01,project_area,SPI-3,772.6745,-1.3188,moderate_dry,CHIRPS v2 Final
2005-04-01,project_area,SPI-3,862.8844,-0.2274,normal,CHIRPS v2 Final
2006-04-01,project_area,SPI-3,884.8519,0.0267,normal,CHIRPS v2 Final
2007-04-01,project_area,SPI-3,918.9783,0.4132,normal,CHIRPS v2 Final
2008-04-01,project_area,SPI-3,955.8081,0.8197,normal,CHIRPS v2 Final
2009-04-01,project_area,SPI-3,867.0920,-0.1784,normal,CHIRPS v2 Final
2010-04-01,project_area,SPI-3,962.2923,0.8902,normal,CHIRPS v2 Final
2011-04-01,project_area,SPI-3,797.0710,-1.0155,moderate_dry,CHIRPS v2 Final
2012-04-01,project_area,SPI-3,782.0883,-1.2010,moderate_dry,CHIRPS v2 Final
2013-04-01,project_area,SPI-3,862.6887,-0.2297,normal,CHIRPS v2 Final
2014-04-01,project_area,SPI-3,918.4529,0.4073,normal,CHIRPS v2 Final
2015-04-01,project_area,SPI-3,1023.4086,1.5398,very_wet,CHIRPS v2 Final
2016-04-01,project_area,SPI-3,925.9471,0.4909,normal,CHIRPS v2 Final
2017-04-01,project_area,SPI-3,882.1297,-0.0046,normal,CHIRPS v2 Final
2018-04-01,project_area,SPI-3,896.7164,0.1621,normal,CHIRPS v2 Final
2019-04-01,project_area,SPI-3,954.9856,0.8108,normal,CHIRPS v2 Final
2020-04-01,project_area,SPI-3,1114.9455,2.4665,extremely_wet,CHIRPS v2 Final
2021-04-01,project_area,SPI-3,1097.9078,2.2979,extremely_wet,CHIRPS v2 Final
2022-04-01,project_area,SPI-3,846.2377,-0.4229,normal,CHIRPS v2 Final
2023-04-01,project_area,SPI-3,945.3430,0.7053,normal,CHIRPS v2 Final
2024-04-01,project_area,SPI-3,869.3552,-0.1521,normal,CHIRPS v2 Final
2025-04-01,project_area,SPI-3,984.8331,1.1329,wet,CHIRPS v2 Final
1981-05-01,project_area,SPI-3,932.5356,0.5260,normal,CHIRPS v2 Final
1982-05-01,project_area,SPI-3,730.1395,-1.1206,moderate_dry,CHIRPS v2 Final
1983-05-01,project_area,SPI-3,1048.2953,1.3624,wet,CHIRPS v2 Final
1984-05-01,project_area,SPI-3,945.8749,0.6257,normal,CHIRPS v2 Final
1985-05-01,project_area,SPI-3,877.0156,0.1002,normal,CHIRPS v2 Final
1986-05-01,project_area,SPI-3,1069.0362,1.5057,very_wet,CHIRPS v2 Final
1987-05-01,project_area,SPI-3,842.4496,-0.1739,normal,CHIRPS v2 Final
1988-05-01,project_area,SPI-3,955.2456,0.6953,normal,CHIRPS v2 Final
1989-05-01,project_area,SPI-3,805.0801,-0.4790,normal,CHIRPS v2 Final
1990-05-01,project_area,SPI-3,792.8952,-0.5805,normal,CHIRPS v2 Final
1991-05-01,project_area,SPI-3,906.0183,0.3248,normal,CHIRPS v2 Final
1992-05-01,project_area,SPI-3,951.8400,0.6700,normal,CHIRPS v2 Final
1993-05-01,project_area,SPI-3,1062.9344,1.4638,wet,CHIRPS v2 Final
1994-05-01,project_area,SPI-3,790.2976,-0.6022,normal,CHIRPS v2 Final
1995-05-01,project_area,SPI-3,825.6437,-0.3100,normal,CHIRPS v2 Final
1996-05-01,project_area,SPI-3,609.2684,-2.2571,extreme_drought,CHIRPS v2 Final
1997-05-01,project_area,SPI-3,580.8186,-2.5467,extreme_drought,CHIRPS v2 Final
1998-05-01,project_area,SPI-3,844.1158,-0.1605,normal,CHIRPS v2 Final
1999-05-01,project_area,SPI-3,792.3055,-0.5854,normal,CHIRPS v2 Final
2000-05-01,project_area,SPI-3,871.1554,0.0543,normal,CHIRPS v2 Final
2001-05-01,project_area,SPI-3,955.4445,0.6967,normal,CHIRPS v2 Final
2002-05-01,project_area,SPI-3,792.8513,-0.5808,normal,CHIRPS v2 Final
2003-05-01,project_area,SPI-3,693.4003,-1.4515,moderate_dry,CHIRPS v2 Final
2004-05-01,project_area,SPI-3,811.9363,-0.4223,normal,CHIRPS v2 Final
2005-05-01,project_area,SPI-3,740.8633,-1.0261,moderate_dry,CHIRPS v2 Final
2006-05-01,project_area,SPI-3,877.2962,0.1024,normal,CHIRPS v2 Final
2007-05-01,project_area,SPI-3,877.2369,0.1020,normal,CHIRPS v2 Final
2008-05-01,project_area,SPI-3,843.5333,-0.1652,normal,CHIRPS v2 Final
2009-05-01,project_area,SPI-3,791.5319,-0.5919,normal,CHIRPS v2 Final
2010-05-01,project_area,SPI-3,1024.3553,1.1946,wet,CHIRPS v2 Final
2011-05-01,project_area,SPI-3,854.0391,-0.0812,normal,CHIRPS v2 Final
2012-05-01,project_area,SPI-3,651.0507,-1.8481,severe_drought,CHIRPS v2 Final
2013-05-01,project_area,SPI-3,1017.6184,1.1469,wet,CHIRPS v2 Final
2014-05-01,project_area,SPI-3,950.3704,0.6591,normal,CHIRPS v2 Final
2015-05-01,project_area,SPI-3,897.7725,0.2615,normal,CHIRPS v2 Final
2016-05-01,project_area,SPI-3,1068.0089,1.4987,wet,CHIRPS v2 Final
2017-05-01,project_area,SPI-3,868.6950,0.0349,normal,CHIRPS v2 Final
2018-05-01,project_area,SPI-3,1002.2766,1.0376,wet,CHIRPS v2 Final
2019-05-01,project_area,SPI-3,795.4482,-0.5591,normal,CHIRPS v2 Final
2020-05-01,project_area,SPI-3,1180.8789,2.2490,extremely_wet,CHIRPS v2 Final
2021-05-01,project_area,SPI-3,736.3722,-1.0656,moderate_dry,CHIRPS v2 Final
2022-05-01,project_area,SPI-3,818.6351,-0.3672,normal,CHIRPS v2 Final
2023-05-01,project_area,SPI-3,779.3298,-0.6947,normal,CHIRPS v2 Final
2024-05-01,project_area,SPI-3,916.9839,0.4085,normal,CHIRPS v2 Final
2025-05-01,project_area,SPI-3,991.0451,0.9568,normal,CHIRPS v2 Final
1981-06-01,project_area,SPI-3,713.3940,-0.0894,normal,CHIRPS v2 Final
1982-06-01,project_area,SPI-3,455.0059,-2.0984,extreme_drought,CHIRPS v2 Final
1983-06-01,project_area,SPI-3,875.2670,0.9265,normal,CHIRPS v2 Final
1984-06-01,project_area,SPI-3,622.9129,-0.7261,normal,CHIRPS v2 Final
1985-06-01,project_area,SPI-3,784.8580,0.3762,normal,CHIRPS v2 Final
1986-06-01,project_area,SPI-3,919.6227,1.1829,wet,CHIRPS v2 Final
1987-06-01,project_area,SPI-3,677.7952,-0.3330,normal,CHIRPS v2 Final
1988-06-01,project_area,SPI-3,777.0340,0.3266,normal,CHIRPS v2 Final
1989-06-01,project_area,SPI-3,646.0485,-0.5577,normal,CHIRPS v2 Final
1990-06-01,project_area,SPI-3,598.1408,-0.9112,normal,CHIRPS v2 Final
1991-06-01,project_area,SPI-3,567.3251,-1.1488,moderate_dry,CHIRPS v2 Final
1992-06-01,project_area,SPI-3,668.6957,-0.3967,normal,CHIRPS v2 Final
1993-06-01,project_area,SPI-3,1007.1116,1.6658,very_wet,CHIRPS v2 Final
1994-06-01,project_area,SPI-3,605.4487,-0.8560,normal,CHIRPS v2 Final
1995-06-01,project_area,SPI-3,797.7838,0.4573,normal,CHIRPS v2 Final
1996-06-01,project_area,SPI-3,468.8175,-1.9735,severe_drought,CHIRPS v2 Final
1997-06-01,project_area,SPI-3,457.5596,-2.0751,extreme_drought,CHIRPS v2 Final
1998-06-01,project_area,SPI-3,889.6752,1.0107,wet,CHIRPS v2 Final
1999-06-01,project_area,SPI-3,765.0790,0.2502,normal,CHIRPS v2 Final
2000-06-01,project_area,SPI-3,776.6715,0.3243,normal,CHIRPS v2 Final
2001-06-01,project_area,SPI-3,831.9006,0.6675,normal,CHIRPS v2 Final
2002-06-01,project_area,SPI-3,723.9551,-0.0187,normal,CHIRPS v2 Final
2003-06-01,project_area,SPI-3,562.0082,-1.1907,moderate_dry,CHIRPS v2 Final
2004-06-01,project_area,SPI-3,635.4321,-0.6344,normal,CHIRPS v2 Final
2005-06-01,project_area,SPI-3,570.4405,-1.1244,moderate_dry,CHIRPS v2 Final
2006-06-01,project_area,SPI-3,868.1087,0.8843,normal,CHIRPS v2 Final
2007-06-01,project_area,SPI-3,837.5317,0.7016,normal,CHIRPS v2 Final
2008-06-01,project_area,SPI-3,655.0279,-0.4934,normal,CHIRPS v2 Final
2009-06-01,project_area,SPI-3,617.0651,-0.7693,normal,CHIRPS v2 Final
2010-06-01,project_area,SPI-3,966.5659,1.4455,wet,CHIRPS v2 Final
2011-06-01,project_area,SPI-3,569.5251,-1.1316,moderate_dry,CHIRPS v2 Final
2012-06-01,project_area,SPI-3,524.0233,-1.4981,moderate_dry,CHIRPS v2 Final
2013-06-01,project_area,SPI-3,862.5835,0.8516,normal,CHIRPS v2 Final
2014-06-01,project_area,SPI-3,804.3087,0.4980,normal,CHIRPS v2 Final
2015-06-01,project_area,SPI-3,739.1785,0.0820,normal,CHIRPS v2 Final
2016-06-01,project_area,SPI-3,973.2720,1.4824,wet,CHIRPS v2 Final
2017-06-01,project_area,SPI-3,852.8437,0.7936,normal,CHIRPS v2 Final
2018-06-01,project_area,SPI-3,891.6712,1.0223,wet,CHIRPS v2 Final
2019-06-01,project_area,SPI-3,734.1359,0.0488,normal,CHIRPS v2 Final
2020-06-01,project_area,SPI-3,988.7156,1.5666,very_wet,CHIRPS v2 Final
2021-06-01,project_area,SPI-3,761.5309,0.2274,normal,CHIRPS v2 Final
2022-06-01,project_area,SPI-3,891.4803,1.0212,wet,CHIRPS v2 Final
2023-06-01,project_area,SPI-3,575.3077,-1.0864,moderate_dry,CHIRPS v2 Final
2024-06-01,project_area,SPI-3,815.7780,0.5689,normal,CHIRPS v2 Final
2025-06-01,project_area,SPI-3,845.2912,0.7484,normal,CHIRPS v2 Final
1981-07-01,project_area,SPI-3,688.3439,0.4724,normal,CHIRPS v2 Final
1982-07-01,project_area,SPI-3,278.3114,-1.7801,severe_drought,CHIRPS v2 Final
1983-07-01,project_area,SPI-3,825.7343,1.0112,wet,CHIRPS v2 Final
1984-07-01,project_area,SPI-3,626.2344,0.2053,normal,CHIRPS v2 Final
1985-07-01,project_area,SPI-3,976.5115,1.5392,very_wet,CHIRPS v2 Final
1986-07-01,project_area,SPI-3,689.8689,0.4787,normal,CHIRPS v2 Final
1987-07-01,project_area,SPI-3,447.7922,-0.6773,normal,CHIRPS v2 Final
1988-07-01,project_area,SPI-3,603.0565,0.1012,normal,CHIRPS v2 Final
1989-07-01,project_area,SPI-3,651.9473,0.3179,normal,CHIRPS v2 Final
1990-07-01,project_area,SPI-3,549.4664,-0.1504,normal,CHIRPS v2 Final
1991-07-01,project_area,SPI-3,349.4568,-1.2720,moderate_dry,CHIRPS v2 Final
1992-07-01,project_area,SPI-3,544.6882,-0.1736,normal,CHIRPS v2 Final
1993-07-01,project_area,SPI-3,821.3359,0.9949,normal,CHIRPS v2 Final
1994-07-01,project_area,SPI-3,374.4126,-1.1111,moderate_dry,CHIRPS v2 Final
1995-07-01,project_area,SPI-3,706.1574,0.5460,normal,CHIRPS v2 Final
1996-07-01,project_area,SPI-3,394.0196,-0.9898,normal,CHIRPS v2 Final
1997-07-01,project_area,SPI-3,168.2213,-2.7938,extreme_drought,CHIRPS v2 Final
1998-07-01,project_area,SPI-3,920.2435,1.3487,wet,CHIRPS v2 Final
1999-07-01,project_area,SPI-3,680.3263,0.4388,normal,CHIRPS v2 Final
2000-07-01,project_area,SPI-3,620.6825,0.1806,normal,CHIRPS v2 Final
2001-07-01,project_area,SPI-3,625.8230,0.2035,normal,CHIRPS v2 Final
2002-07-01,project_area,SPI-3,424.7253,-0.8080,normal,CHIRPS v2 Final
2003-07-01,project_area,SPI-3,266.1875,-1.8756,severe_drought,CHIRPS v2 Final
2004-07-01,project_area,SPI-3,514.3799,-0.3241,normal,CHIRPS v2 Final
2005-07-01,project_area,SPI-3,366.4913,-1.1613,moderate_dry,CHIRPS v2 Final
2006-07-01,project_area,SPI-3,647.9366,0.3005,normal,CHIRPS v2 Final
2007-07-01,project_area,SPI-3,778.9609,0.8349,normal,CHIRPS v2 Final
2008-07-01,project_area,SPI-3,542.8942,-0.1823,normal,CHIRPS v2 Final
2009-07-01,project_area,SPI-3,424.1403,-0.8114,normal,CHIRPS v2 Final
2010-07-01,project_area,SPI-3,1115.1383,1.9801,very_wet,CHIRPS v2 Final
2011-07-01,project_area,SPI-3,345.6514,-1.2972,moderate_dry,CHIRPS v2 Final
2012-07-01,project_area,SPI-3,492.6258,-0.4359,normal,CHIRPS v2 Final
2013-07-01,project_area,SPI-3,821.0746,0.9939,normal,CHIRPS v2 Final
2014-07-01,project_area,SPI-3,602.1559,0.0971,normal,CHIRPS v2 Final
2015-07-01,project_area,SPI-3,402.6432,-0.9378,normal,CHIRPS v2 Final
2016-07-01,project_area,SPI-3,900.2571,1.2793,wet,CHIRPS v2 Final
2017-07-01,project_area,SPI-3,712.0972,0.5703,normal,CHIRPS v2 Final
2018-07-01,project_area,SPI-3,647.5592,0.2989,normal,CHIRPS v2 Final
2019-07-01,project_area,SPI-3,366.9671,-1.1583,moderate_dry,CHIRPS v2 Final
2020-07-01,project_area,SPI-3,807.8072,0.9444,normal,CHIRPS v2 Final
2021-07-01,project_area,SPI-3,758.0808,0.7539,normal,CHIRPS v2 Final
2022-07-01,project_area,SPI-3,980.3348,1.5518,very_wet,CHIRPS v2 Final
2023-07-01,project_area,SPI-3,547.0329,-0.1622,normal,CHIRPS v2 Final
2024-07-01,project_area,SPI-3,663.3118,0.3667,normal,CHIRPS v2 Final
2025-07-01,project_area,SPI-3,664.0063,0.3697,normal,CHIRPS v2 Final
1981-08-01,project_area,SPI-3,410.8931,-0.0782,normal,CHIRPS v2 Final
1982-08-01,project_area,SPI-3,118.7393,-2.0443,extreme_drought,CHIRPS v2 Final
1983-08-01,project_area,SPI-3,443.1467,0.0672,normal,CHIRPS v2 Final
1984-08-01,project_area,SPI-3,406.5783,-0.0982,normal,CHIRPS v2 Final
1985-08-01,project_area,SPI-3,763.5473,1.2311,wet,CHIRPS v2 Final
1986-08-01,project_area,SPI-3,536.8994,0.4531,normal,CHIRPS v2 Final
1987-08-01,project_area,SPI-3,246.1049,-0.9771,normal,CHIRPS v2 Final
1988-08-01,project_area,SPI-3,624.5827,0.7756,normal,CHIRPS v2 Final
1989-08-01,project_area,SPI-3,558.2625,0.5347,normal,CHIRPS v2 Final
1990-08-01,project_area,SPI-3,381.7962,-0.2160,normal,CHIRPS v2 Final
1991-08-01,project_area,SPI-3,114.5064,-2.0922,extreme_drought,CHIRPS v2 Final
1992-08-01,project_area,SPI-3,374.2399,-0.2530,normal,CHIRPS v2 Final
1993-08-01,project_area,SPI-3,443.7975,0.0700,normal,CHIRPS v2 Final
1994-08-01,project_area,SPI-3,344.7661,-0.4022,normal,CHIRPS v2 Final
1995-08-01,project_area,SPI-3,515.1624,0.3679,normal,CHIRPS v2 Final
1996-08-01,project_area,SPI-3,609.7917,0.7234,normal,CHIRPS v2 Final
1997-08-01,project_area,SPI-3,101.7569,-2.2449,extreme_drought,CHIRPS v2 Final
1998-08-01,project_area,SPI-3,901.4858,1.6333,very_wet,CHIRPS v2 Final
1999-08-01,project_area,SPI-3,524.0542,0.4030,normal,CHIRPS v2 Final
2000-08-01,project_area,SPI-3,618.8263,0.7553,normal,CHIRPS v2 Final
2001-08-01,project_area,SPI-3,367.5097,-0.2863,normal,CHIRPS v2 Final
2002-08-01,project_area,SPI-3,291.1170,-0.6981,normal,CHIRPS v2 Final
2003-08-01,project_area,SPI-3,202.4317,-1.2847,moderate_dry,CHIRPS v2 Final
2004-08-01,project_area,SPI-3,293.3238,-0.6852,normal,CHIRPS v2 Final
2005-08-01,project_area,SPI-3,340.7831,-0.4231,normal,CHIRPS v2 Final
2006-08-01,project_area,SPI-3,385.3787,-0.1987,normal,CHIRPS v2 Final
2007-08-01,project_area,SPI-3,700.0828,1.0303,wet,CHIRPS v2 Final
2008-08-01,project_area,SPI-3,662.0648,0.9044,normal,CHIRPS v2 Final
2009-08-01,project_area,SPI-3,297.6896,-0.6599,normal,CHIRPS v2 Final
2010-08-01,project_area,SPI-3,1099.4008,2.1476,extremely_wet,CHIRPS v2 Final
2011-08-01,project_area,SPI-3,186.7558,-1.4067,moderate_dry,CHIRPS v2 Final
2012-08-01,project_area,SPI-3,408.6937,-0.0883,normal,CHIRPS v2 Final
2013-08-01,project_area,SPI-3,592.0215,0.6595,normal,CHIRPS v2 Final
2014-08-01,project_area,SPI-3,416.5298,-0.0522,normal,CHIRPS v2 Final
2015-08-01,project_area,SPI-3,170.8390,-1.5383,severe_drought,CHIRPS v2 Final
2016-08-01,project_area,SPI-3,549.2082,0.5004,normal,CHIRPS v2 Final
2017-08-01,project_area,SPI-3,565.1176,0.5604,normal,CHIRPS v2 Final
2018-08-01,project_area,SPI-3,293.4608,-0.6844,normal,CHIRPS v2 Final
2019-08-01,project_area,SPI-3,207.2629,-1.2485,moderate_dry,CHIRPS v2 Final
2020-08-01,project_area,SPI-3,555.3390,0.5236,normal,CHIRPS v2 Final
2021-08-01,project_area,SPI-3,782.7224,1.2896,wet,CHIRPS v2 Final
2022-08-01,project_area,SPI-3,970.7037,1.8205,very_wet,CHIRPS v2 Final
2023-08-01,project_area,SPI-3,421.5609,-0.0293,normal,CHIRPS v2 Final
2024-08-01,project_area,SPI-3,516.9604,0.3750,normal,CHIRPS v2 Final
2025-08-01,project_area,SPI-3,676.4917,0.9527,normal,CHIRPS v2 Final
1981-09-01,project_area,SPI-3,464.1469,0.4171,normal,CHIRPS v2 Final
1982-09-01,project_area,SPI-3,88.6149,-1.5454,severe_drought,CHIRPS v2 Final
1983-09-01,project_area,SPI-3,386.7128,0.1491,normal,CHIRPS v2 Final
1984-09-01,project_area,SPI-3,621.9761,0.8833,normal,CHIRPS v2 Final
1985-09-01,project_area,SPI-3,708.8806,1.1076,wet,CHIRPS v2 Final
1986-09-01,project_area,SPI-3,377.8778,0.1163,normal,CHIRPS v2 Final
1987-09-01,project_area,SPI-3,188.2686,-0.7680,normal,CHIRPS v2 Final
1988-09-01,project_area,SPI-3,718.0983,1.1304,wet,CHIRPS v2 Final
1989-09-01,project_area,SPI-3,657.2496,0.9766,normal,CHIRPS v2 Final
1990-09-01,project_area,SPI-3,314.9939,-0.1335,normal,CHIRPS v2 Final
1991-09-01,project_area,SPI-3,72.4854,-1.7287,severe_drought,CHIRPS v2 Final
1992-09-01,project_area,SPI-3,493.5184,0.5109,normal,CHIRPS v2 Final
1993-09-01,project_area,SPI-3,281.9397,-0.2787,normal,CHIRPS v2 Final
1994-09-01,project_area,SPI-3,133.2728,-1.1437,moderate_dry,CHIRPS v2 Final
1995-09-01,project_area,SPI-3,337.1050,-0.0421,normal,CHIRPS v2 Final
1996-09-01,project_area,SPI-3,502.2552,0.5381,normal,CHIRPS v2 Final
1997-09-01,project_area,SPI-3,88.3915,-1.5478,severe_drought,CHIRPS v2 Final
1998-09-01,project_area,SPI-3,775.8735,1.2689,wet,CHIRPS v2 Final
1999-09-01,project_area,SPI-3,495.4090,0.5168,normal,CHIRPS v2 Final
2000-09-01,project_area,SPI-3,556.9598,0.7018,normal,CHIRPS v2 Final
2001-09-01,project_area,SPI-3,391.8179,0.1678,normal,CHIRPS v2 Final
2002-09-01,project_area,SPI-3,69.5253,-1.7657,severe_drought,CHIRPS v2 Final
2003-09-01,project_area,SPI-3,192.4283,-0.7430,normal,CHIRPS v2 Final
2004-09-01,project_area,SPI-3,288.3222,-0.2497,normal,CHIRPS v2 Final
2005-09-01,project_area,SPI-3,304.1251,-0.1800,normal,CHIRPS v2 Final
2006-09-01,project_area,SPI-3,97.3036,-1.4570,moderate_dry,CHIRPS v2 Final
2007-09-01,project_area,SPI-3,495.8320,0.5182,normal,CHIRPS v2 Final
2008-09-01,project_area,SPI-3,608.9706,0.8480,normal,CHIRPS v2 Final
2009-09-01,project_area,SPI-3,152.6262,-1.0005,moderate_dry,CHIRPS v2 Final
2010-09-01,project_area,SPI-3,1247.6724,2.2135,extremely_wet,CHIRPS v2 Final
2011-09-01,project_area,SPI-3,241.3240,-0.4742,normal,CHIRPS v2 Final
2012-09-01,project_area,SPI-3,335.8087,-0.0473,normal,CHIRPS v2 Final
2013-09-01,project_area,SPI-3,465.5682,0.4217,normal,CHIRPS v2 Final
2014-09-01,project_area,SPI-3,182.1470,-0.8055,normal,CHIRPS v2 Final
2015-09-01,project_area,SPI-3,60.6801,-1.8839,severe_drought,CHIRPS v2 Final
2016-09-01,project_area,SPI-3,549.9516,0.6814,normal,CHIRPS v2 Final
2017-09-01,project_area,SPI-3,452.7829,0.3797,normal,CHIRPS v2 Final
2018-09-01,project_area,SPI-3,189.4730,-0.7607,normal,CHIRPS v2 Final
2019-09-01,project_area,SPI-3,64.5051,-1.8312,severe_drought,CHIRPS v2 Final
2020-09-01,project_area,SPI-3,560.0853,0.7108,normal,CHIRPS v2 Final
2021-09-01,project_area,SPI-3,766.8608,1.2477,wet,CHIRPS v2 Final
2022-09-01,project_area,SPI-3,885.8675,1.5156,very_wet,CHIRPS v2 Final
2023-09-01,project_area,SPI-3,312.7069,-0.1432,normal,CHIRPS v2 Final
2024-09-01,project_area,SPI-3,479.4218,0.4664,normal,CHIRPS v2 Final
2025-09-01,project_area,SPI-3,736.6574,1.1756,wet,CHIRPS v2 Final
1981-10-01,project_area,SPI-3,440.8475,0.0661,normal,CHIRPS v2 Final
1982-10-01,project_area,SPI-3,138.7505,-1.4363,moderate_dry,CHIRPS v2 Final
1983-10-01,project_area,SPI-3,507.3578,0.2879,normal,CHIRPS v2 Final
1984-10-01,project_area,SPI-3,491.6583,0.2374,normal,CHIRPS v2 Final
1985-10-01,project_area,SPI-3,424.5093,0.0082,normal,CHIRPS v2 Final
1986-10-01,project_area,SPI-3,626.4757,0.6411,normal,CHIRPS v2 Final
1987-10-01,project_area,SPI-3,211.2448,-0.9474,normal,CHIRPS v2 Final
1988-10-01,project_area,SPI-3,934.1697,1.3865,wet,CHIRPS v2 Final
1989-10-01,project_area,SPI-3,760.0555,0.9884,normal,CHIRPS v2 Final
1990-10-01,project_area,SPI-3,322.6765,-0.3919,normal,CHIRPS v2 Final
1991-10-01,project_area,SPI-3,134.9215,-1.4669,moderate_dry,CHIRPS v2 Final
1992-10-01,project_area,SPI-3,616.2550,0.6126,normal,CHIRPS v2 Final
1993-10-01,project_area,SPI-3,384.3288,-0.1409,normal,CHIRPS v2 Final
1994-10-01,project_area,SPI-3,272.8705,-0.6201,normal,CHIRPS v2 Final
1995-10-01,project_area,SPI-3,395.4846,-0.0985,normal,CHIRPS v2 Final
1996-10-01,project_area,SPI-3,855.5654,1.2132,wet,CHIRPS v2 Final
1997-10-01,project_area,SPI-3,73.6130,-2.0806,extreme_drought,CHIRPS v2 Final
1998-10-01,project_area,SPI-3,739.8784,0.9386,normal,CHIRPS v2 Final
1999-10-01,project_area,SPI-3,764.2951,0.9987,normal,CHIRPS v2 Final
2000-10-01,project_area,SPI-3,675.1004,0.7726,normal,CHIRPS v2 Final
2001-10-01,project_area,SPI-3,622.1307,0.6290,normal,CHIRPS v2 Final
2002-10-01,project_area,SPI-3,162.4021,-1.2597,moderate_dry,CHIRPS v2 Final
2003-10-01,project_area,SPI-3,481.5845,0.2044,normal,CHIRPS v2 Final
2004-10-01,project_area,SPI-3,194.5686,-1.0475,moderate_dry,CHIRPS v2 Final
2005-10-01,project_area,SPI-3,448.2361,0.0918,normal,CHIRPS v2 Final
2006-10-01,project_area,SPI-3,86.9160,-1.9211,severe_drought,CHIRPS v2 Final
2007-10-01,project_area,SPI-3,494.0701,0.2452,normal,CHIRPS v2 Final
2008-10-01,project_area,SPI-3,774.4726,1.0234,wet,CHIRPS v2 Final
2009-10-01,project_area,SPI-3,309.1869,-0.4511,normal,CHIRPS v2 Final
2010-10-01,project_area,SPI-3,1237.2816,1.9802,very_wet,CHIRPS v2 Final
2011-10-01,project_area,SPI-3,494.7086,0.2472,normal,CHIRPS v2 Final
2012-10-01,project_area,SPI-3,341.4563,-0.3122,normal,CHIRPS v2 Final
2013-10-01,project_area,SPI-3,344.3253,-0.3003,normal,CHIRPS v2 Final
2014-10-01,project_area,SPI-3,184.0655,-1.1138,moderate_dry,CHIRPS v2 Final
2015-10-01,project_area,SPI-3,75.5368,-2.0562,extreme_drought,CHIRPS v2 Final
2016-10-01,project_area,SPI-3,736.3621,0.9298,normal,CHIRPS v2 Final
2017-10-01,project_area,SPI-3,495.8067,0.2508,normal,CHIRPS v2 Final
2018-10-01,project_area,SPI-3,300.9347,-0.4883,normal,CHIRPS v2 Final
2019-10-01,project_area,SPI-3,199.8655,-1.0151,moderate_dry,CHIRPS v2 Final
2020-10-01,project_area,SPI-3,525.6779,0.3455,normal,CHIRPS v2 Final
2021-10-01,project_area,SPI-3,953.4423,1.4275,wet,CHIRPS v2 Final
2022-10-01,project_area,SPI-3,888.4808,1.2869,wet,CHIRPS v2 Final
2023-10-01,project_area,SPI-3,175.0430,-1.1730,moderate_dry,CHIRPS v2 Final
2024-10-01,project_area,SPI-3,479.5340,0.1976,normal,CHIRPS v2 Final
2025-10-01,project_area,SPI-3,960.2666,1.4420,wet,CHIRPS v2 Final
1981-11-01,project_area,SPI-3,605.3605,0.0364,normal,CHIRPS v2 Final
1982-11-01,project_area,SPI-3,287.0671,-1.6428,severe_drought,CHIRPS v2 Final
1983-11-01,project_area,SPI-3,618.9959,0.0929,normal,CHIRPS v2 Final
1984-11-01,project_area,SPI-3,723.4840,0.5006,normal,CHIRPS v2 Final
1985-11-01,project_area,SPI-3,646.8342,0.2057,normal,CHIRPS v2 Final
1986-11-01,project_area,SPI-3,849.1160,0.9423,normal,CHIRPS v2 Final
1987-11-01,project_area,SPI-3,385.6004,-1.0245,moderate_dry,CHIRPS v2 Final
1988-11-01,project_area,SPI-3,874.8307,1.0273,wet,CHIRPS v2 Final
1989-11-01,project_area,SPI-3,832.0824,0.8850,normal,CHIRPS v2 Final
1990-11-01,project_area,SPI-3,353.8195,-1.2104,moderate_dry,CHIRPS v2 Final
1991-11-01,project_area,SPI-3,360.6926,-1.1692,moderate_dry,CHIRPS v2 Final
1992-11-01,project_area,SPI-3,791.2632,0.7446,normal,CHIRPS v2 Final
1993-11-01,project_area,SPI-3,635.2788,0.1593,normal,CHIRPS v2 Final
1994-11-01,project_area,SPI-3,426.3503,-0.8011,normal,CHIRPS v2 Final
1995-11-01,project_area,SPI-3,631.2124,0.1428,normal,CHIRPS v2 Final
1996-11-01,project_area,SPI-3,773.6472,0.6825,normal,CHIRPS v2 Final
1997-11-01,project_area,SPI-3,271.5264,-1.7536,severe_drought,CHIRPS v2 Final
1998-11-01,project_area,SPI-3,775.2320,0.6882,normal,CHIRPS v2 Final
1999-11-01,project_area,SPI-3,892.3435,1.0843,wet,CHIRPS v2 Final
2000-11-01,project_area,SPI-3,743.6404,0.5747,normal,CHIRPS v2 Final
2001-11-01,project_area,SPI-3,843.8414,0.9246,normal,CHIRPS v2 Final
2002-11-01,project_area,SPI-3,389.7907,-1.0008,moderate_dry,CHIRPS v2 Final
2003-11-01,project_area,SPI-3,717.5366,0.4785,normal,CHIRPS v2 Final
2004-11-01,project_area,SPI-3,323.2842,-1.4003,moderate_dry,CHIRPS v2 Final
2005-11-01,project_area,SPI-3,657.6507,0.2487,normal,CHIRPS v2 Final
2006-11-01,project_area,SPI-3,288.1307,-1.6354,severe_drought,CHIRPS v2 Final
2007-11-01,project_area,SPI-3,540.7326,-0.2437,normal,CHIRPS v2 Final
2008-11-01,project_area,SPI-3,807.0406,0.7994,normal,CHIRPS v2 Final
2009-11-01,project_area,SPI-3,539.6338,-0.2487,normal,CHIRPS v2 Final
2010-11-01,project_area,SPI-3,1222.7185,2.0466,extremely_wet,CHIRPS v2 Final
2011-11-01,project_area,SPI-3,940.1219,1.2362,wet,CHIRPS v2 Final
2012-11-01,project_area,SPI-3,526.2792,-0.3094,normal,CHIRPS v2 Final
2013-11-01,project_area,SPI-3,420.5790,-0.8318,normal,CHIRPS v2 Final
2014-11-01,project_area,SPI-3,331.8611,-1.3457,moderate_dry,CHIRPS v2 Final
2015-11-01,project_area,SPI-3,219.5961,-2.1604,extreme_drought,CHIRPS v2 Final
2016-11-01,project_area,SPI-3,916.3322,1.1612,wet,CHIRPS v2 Final
2017-11-01,project_area,SPI-3,653.4634,0.2321,normal,CHIRPS v2 Final
2018-11-01,project_area,SPI-3,482.0794,-0.5183,normal,CHIRPS v2 Final
2019-11-01,project_area,SPI-3,379.1181,-1.0615,moderate_dry,CHIRPS v2 Final
2020-11-01,project_area,SPI-3,774.1527,0.6843,normal,CHIRPS v2 Final
2021-11-01,project_area,SPI-3,929.9328,1.2043,wet,CHIRPS v2 Final
2022-11-01,project_area,SPI-3,905.1001,1.1254,wet,CHIRPS v2 Final
2023-11-01,project_area,SPI-3,426.6945,-0.7993,normal,CHIRPS v2 Final
2024-11-01,project_area,SPI-3,616.1902,0.0813,normal,CHIRPS v2 Final
2025-11-01,project_area,SPI-3,934.7666,1.2195,wet,CHIRPS v2 Final
1981-12-01,project_area,SPI-3,655.5835,-0.8984,normal,CHIRPS v2 Final
1982-12-01,project_area,SPI-3,536.9296,-1.8260,severe_drought,CHIRPS v2 Final
1983-12-01,project_area,SPI-3,782.3528,-0.0259,normal,CHIRPS v2 Final
1984-12-01,project_area,SPI-3,799.8240,0.0868,normal,CHIRPS v2 Final
1985-12-01,project_area,SPI-3,771.1535,-0.0989,normal,CHIRPS v2 Final
1986-12-01,project_area,SPI-3,892.3724,0.6576,normal,CHIRPS v2 Final
1987-12-01,project_area,SPI-3,601.7927,-1.3034,moderate_dry,CHIRPS v2 Final
1988-12-01,project_area,SPI-3,940.0936,0.9367,normal,CHIRPS v2 Final
1989-12-01,project_area,SPI-3,789.6891,0.0216,normal,CHIRPS v2 Final
1990-12-01,project_area,SPI-3,660.5511,-0.8622,normal,CHIRPS v2 Final
1991-12-01,project_area,SPI-3,696.8393,-0.6029,normal,CHIRPS v2 Final
1992-12-01,project_area,SPI-3,862.5785,0.4783,normal,CHIRPS v2 Final
1993-12-01,project_area,SPI-3,745.4720,-0.2692,normal,CHIRPS v2 Final
1994-12-01,project_area,SPI-3,717.8991,-0.4565,normal,CHIRPS v2 Final
1995-12-01,project_area,SPI-3,830.4299,0.2802,normal,CHIRPS v2 Final
1996-12-01,project_area,SPI-3,931.0494,0.8846,normal,CHIRPS v2 Final
1997-12-01,project_area,SPI-3,567.3775,-1.5756,severe_drought,CHIRPS v2 Final
1998-12-01,project_area,SPI-3,789.9871,0.0236,normal,CHIRPS v2 Final
1999-12-01,project_area,SPI-3,1044.1442,1.5146,very_wet,CHIRPS v2 Final
2000-12-01,project_area,SPI-3,847.4382,0.3856,normal,CHIRPS v2 Final
2001-12-01,project_area,SPI-3,891.8429,0.6545,normal,CHIRPS v2 Final
2002-12-01,project_area,SPI-3,661.3447,-0.8564,normal,CHIRPS v2 Final
2003-12-01,project_area,SPI-3,1080.9067,1.7097,very_wet,CHIRPS v2 Final
2004-12-01,project_area,SPI-3,533.6151,-1.8539,severe_drought,CHIRPS v2 Final
2005-12-01,project_area,SPI-3,816.3847,0.1920,normal,CHIRPS v2 Final
2006-12-01,project_area,SPI-3,608.6229,-1.2506,moderate_dry,CHIRPS v2 Final
2007-12-01,project_area,SPI-3,779.9473,-0.0415,normal,CHIRPS v2 Final
2008-12-01,project_area,SPI-3,1023.5764,1.4035,wet,CHIRPS v2 Final
2009-12-01,project_area,SPI-3,837.5488,0.3245,normal,CHIRPS v2 Final
2010-12-01,project_area,SPI-3,961.5500,1.0592,wet,CHIRPS v2 Final
2011-12-01,project_area,SPI-3,1325.2228,2.9085,extremely_wet,CHIRPS v2 Final
2012-12-01,project_area,SPI-3,871.3275,0.5314,normal,CHIRPS v2 Final
2013-12-01,project_area,SPI-3,693.7027,-0.6249,normal,CHIRPS v2 Final
2014-12-01,project_area,SPI-3,615.1355,-1.2007,moderate_dry,CHIRPS v2 Final
2015-12-01,project_area,SPI-3,670.9185,-0.7871,normal,CHIRPS v2 Final
2016-12-01,project_area,SPI-3,960.2798,1.0520,wet,CHIRPS v2 Final
2017-12-01,project_area,SPI-3,775.8399,-0.0683,normal,CHIRPS v2 Final
2018-12-01,project_area,SPI-3,704.4886,-0.5494,normal,CHIRPS v2 Final
2019-12-01,project_area,SPI-3,583.0829,-1.4500,moderate_dry,CHIRPS v2 Final
2020-12-01,project_area,SPI-3,830.5116,0.2807,normal,CHIRPS v2 Final
2021-12-01,project_area,SPI-3,915.2553,0.7927,normal,CHIRPS v2 Final
2022-12-01,project_area,SPI-3,876.0109,0.5597,normal,CHIRPS v2 Final
2023-12-01,project_area,SPI-3,632.8835,-1.0665,moderate_dry,CHIRPS v2 Final
2024-12-01,project_area,SPI-3,758.7091,-0.1810,normal,CHIRPS v2 Final
2025-12-01,project_area,SPI-3,968.3537,1.0977,wet,CHIRPS v2 Final
1982-01-01,carbon_project_zone,SPI-6,1180.5267,-0.3475,normal,CHIRPS v2 Final
1983-01-01,carbon_project_zone,SPI-6,818.7597,-1.8182,severe_drought,CHIRPS v2 Final
1984-01-01,carbon_project_zone,SPI-6,1295.7404,0.0553,normal,CHIRPS v2 Final
1985-01-01,carbon_project_zone,SPI-6,1418.0448,0.4575,normal,CHIRPS v2 Final
1986-01-01,carbon_project_zone,SPI-6,1218.4581,-0.2121,normal,CHIRPS v2 Final
1987-01-01,carbon_project_zone,SPI-6,1403.7552,0.4118,normal,CHIRPS v2 Final
1988-01-01,carbon_project_zone,SPI-6,1010.8339,-0.9922,normal,CHIRPS v2 Final
1989-01-01,carbon_project_zone,SPI-6,1879.1782,1.7960,very_wet,CHIRPS v2 Final
1990-01-01,carbon_project_zone,SPI-6,1454.0538,0.5716,normal,CHIRPS v2 Final
1991-01-01,carbon_project_zone,SPI-6,1125.0154,-0.5511,normal,CHIRPS v2 Final
1992-01-01,carbon_project_zone,SPI-6,995.0520,-1.0558,moderate_dry,CHIRPS v2 Final
1993-01-01,carbon_project_zone,SPI-6,1401.3671,0.4041,normal,CHIRPS v2 Final
1994-01-01,carbon_project_zone,SPI-6,1181.0114,-0.3458,normal,CHIRPS v2 Final
1995-01-01,carbon_project_zone,SPI-6,1128.9034,-0.5366,normal,CHIRPS v2 Final
1996-01-01,carbon_project_zone,SPI-6,1271.0612,-0.0289,normal,CHIRPS v2 Final
1997-01-01,carbon_project_zone,SPI-6,1561.3604,0.9007,normal,CHIRPS v2 Final
1998-01-01,carbon_project_zone,SPI-6,778.8963,-2.0061,extreme_drought,CHIRPS v2 Final
1999-01-01,carbon_project_zone,SPI-6,1585.8803,0.9738,normal,CHIRPS v2 Final
2000-01-01,carbon_project_zone,SPI-6,1641.4466,1.1367,wet,CHIRPS v2 Final
2001-01-01,carbon_project_zone,SPI-6,1515.4440,0.7617,normal,CHIRPS v2 Final
2002-01-01,carbon_project_zone,SPI-6,1363.4969,0.2811,normal,CHIRPS v2 Final
2003-01-01,carbon_project_zone,SPI-6,994.2347,-1.0591,moderate_dry,CHIRPS v2 Final
2004-01-01,carbon_project_zone,SPI-6,1560.0769,0.8968,normal,CHIRPS v2 Final
2005-01-01,carbon_project_zone,SPI-6,824.8331,-1.7902,severe_drought,CHIRPS v2 Final
2006-01-01,carbon_project_zone,SPI-6,1265.3919,-0.0484,normal,CHIRPS v2 Final
2007-01-01,carbon_project_zone,SPI-6,858.2233,-1.6384,severe_drought,CHIRPS v2 Final
2008-01-01,carbon_project_zone,SPI-6,1204.2034,-0.2627,normal,CHIRPS v2 Final
2009-01-01,carbon_project_zone,SPI-6,1703.6361,1.3149,wet,CHIRPS v2 Final
2010-01-01,carbon_project_zone,SPI-6,1229.7722,-0.1723,normal,CHIRPS v2 Final
2011-01-01,carbon_project_zone,SPI-6,2052.6633,2.2437,extremely_wet,CHIRPS v2 Final
2012-01-01,carbon_project_zone,SPI-6,1649.3655,1.1597,wet,CHIRPS v2 Final
2013-01-01,carbon_project_zone,SPI-6,1223.9028,-0.1929,normal,CHIRPS v2 Final
2014-01-01,carbon_project_zone,SPI-6,1123.5961,-0.5564,normal,CHIRPS v2 Final
2015-01-01,carbon_project_zone,SPI-6,969.8239,-1.1589,moderate_dry,CHIRPS v2 Final
2016-01-01,carbon_project_zone,SPI-6,1015.0801,-0.9752,normal,CHIRPS v2 Final
2017-01-01,carbon_project_zone,SPI-6,1605.1404,1.0307,wet,CHIRPS v2 Final
2018-01-01,carbon_project_zone,SPI-6,1289.2943,0.0334,normal,CHIRPS v2 Final
2019-01-01,carbon_project_zone,SPI-6,1142.2824,-0.4871,normal,CHIRPS v2 Final
2020-01-01,carbon_project_zone,SPI-6,956.4273,-1.2144,moderate_dry,CHIRPS v2 Final
2021-01-01,carbon_project_zone,SPI-6,1421.2048,0.4676,normal,CHIRPS v2 Final
2022-01-01,carbon_project_zone,SPI-6,1772.0444,1.5061,very_wet,CHIRPS v2 Final
2023-01-01,carbon_project_zone,SPI-6,1664.3357,1.2028,wet,CHIRPS v2 Final
2024-01-01,carbon_project_zone,SPI-6,1118.1128,-0.5769,normal,CHIRPS v2 Final
2025-01-01,carbon_project_zone,SPI-6,1406.6772,0.4211,normal,CHIRPS v2 Final
1982-02-01,carbon_project_zone,SPI-6,1385.9175,-0.2915,normal,CHIRPS v2 Final
1983-02-01,carbon_project_zone,SPI-6,1124.8093,-1.5373,severe_drought,CHIRPS v2 Final
1984-02-01,carbon_project_zone,SPI-6,1392.5935,-0.2618,normal,CHIRPS v2 Final
1985-02-01,carbon_project_zone,SPI-6,1595.8765,0.6001,normal,CHIRPS v2 Final
1986-02-01,carbon_project_zone,SPI-6,1355.7302,-0.4270,normal,CHIRPS v2 Final
1987-02-01,carbon_project_zone,SPI-6,1625.0759,0.7178,normal,CHIRPS v2 Final
1988-02-01,carbon_project_zone,SPI-6,1203.9986,-1.1405,moderate_dry,CHIRPS v2 Final
1989-02-01,carbon_project_zone,SPI-6,1817.3498,1.4600,wet,CHIRPS v2 Final
1990-02-01,carbon_project_zone,SPI-6,1494.1467,0.1785,normal,CHIRPS v2 Final
1991-02-01,carbon_project_zone,SPI-6,1319.3800,-0.5928,normal,CHIRPS v2 Final
1992-02-01,carbon_project_zone,SPI-6,1263.7576,-0.8526,normal,CHIRPS v2 Final
1993-02-01,carbon_project_zone,SPI-6,1527.8645,0.3203,normal,CHIRPS v2 Final
1994-02-01,carbon_project_zone,SPI-6,1402.9692,-0.2159,normal,CHIRPS v2 Final
1995-02-01,carbon_project_zone,SPI-6,1285.9878,-0.7479,normal,CHIRPS v2 Final
1996-02-01,carbon_project_zone,SPI-6,1448.9605,-0.0149,normal,CHIRPS v2 Final
1997-02-01,carbon_project_zone,SPI-6,1447.1856,-0.0225,normal,CHIRPS v2 Final
1998-02-01,carbon_project_zone,SPI-6,1015.5402,-2.1175,extreme_drought,CHIRPS v2 Final
1999-02-01,carbon_project_zone,SPI-6,1646.7608,0.8043,normal,CHIRPS v2 Final
2000-02-01,carbon_project_zone,SPI-6,1748.4362,1.2002,wet,CHIRPS v2 Final
2001-02-01,carbon_project_zone,SPI-6,1473.3163,0.0899,normal,CHIRPS v2 Final
2002-02-01,carbon_project_zone,SPI-6,1626.8296,0.7248,normal,CHIRPS v2 Final
2003-02-01,carbon_project_zone,SPI-6,1249.8920,-0.9186,normal,CHIRPS v2 Final
2004-02-01,carbon_project_zone,SPI-6,1707.5229,1.0428,wet,CHIRPS v2 Final
2005-02-01,carbon_project_zone,SPI-6,1042.3385,-1.9714,severe_drought,CHIRPS v2 Final
2006-02-01,carbon_project_zone,SPI-6,1469.5426,0.0737,normal,CHIRPS v2 Final
2007-02-01,carbon_project_zone,SPI-6,1110.7821,-1.6096,severe_drought,CHIRPS v2 Final
2008-02-01,carbon_project_zone,SPI-6,1359.1164,-0.4117,normal,CHIRPS v2 Final
2009-02-01,carbon_project_zone,SPI-6,1660.7331,0.8596,normal,CHIRPS v2 Final
2010-02-01,carbon_project_zone,SPI-6,1488.2423,0.1535,normal,CHIRPS v2 Final
2011-02-01,carbon_project_zone,SPI-6,1847.0682,1.5700,very_wet,CHIRPS v2 Final
2012-02-01,carbon_project_zone,SPI-6,1872.4004,1.6629,very_wet,CHIRPS v2 Final
2013-02-01,carbon_project_zone,SPI-6,1393.8692,-0.2562,normal,CHIRPS v2 Final
2014-02-01,carbon_project_zone,SPI-6,1221.4209,-1.0556,moderate_dry,CHIRPS v2 Final
2015-02-01,carbon_project_zone,SPI-6,1239.6019,-0.9679,normal,CHIRPS v2 Final
2016-02-01,carbon_project_zone,SPI-6,1304.4631,-0.6617,normal,CHIRPS v2 Final
2017-02-01,carbon_project_zone,SPI-6,1818.6344,1.4648,wet,CHIRPS v2 Final
2018-02-01,carbon_project_zone,SPI-6,1439.0291,-0.0579,normal,CHIRPS v2 Final
2019-02-01,carbon_project_zone,SPI-6,1424.9454,-0.1193,normal,CHIRPS v2 Final
2020-02-01,carbon_project_zone,SPI-6,1209.0864,-1.1156,moderate_dry,CHIRPS v2 Final
2021-02-01,carbon_project_zone,SPI-6,1956.6671,1.9661,very_wet,CHIRPS v2 Final
2022-02-01,carbon_project_zone,SPI-6,1763.6917,1.2583,wet,CHIRPS v2 Final
2023-02-01,carbon_project_zone,SPI-6,1720.2507,1.0920,wet,CHIRPS v2 Final
2024-02-01,carbon_project_zone,SPI-6,1317.9072,-0.5996,normal,CHIRPS v2 Final
2025-02-01,carbon_project_zone,SPI-6,1627.6884,0.7283,normal,CHIRPS v2 Final
1982-03-01,carbon_project_zone,SPI-6,1538.8292,-0.6865,normal,CHIRPS v2 Final
1983-03-01,carbon_project_zone,SPI-6,1448.9234,-1.2465,moderate_dry,CHIRPS v2 Final
1984-03-01,carbon_project_zone,SPI-6,1642.5187,-0.0674,normal,CHIRPS v2 Final
1985-03-01,carbon_project_zone,SPI-6,1634.5932,-0.1138,normal,CHIRPS v2 Final
1986-03-01,carbon_project_zone,SPI-6,1666.4393,0.0717,normal,CHIRPS v2 Final
1987-03-01,carbon_project_zone,SPI-6,1766.6151,0.6402,normal,CHIRPS v2 Final
1988-03-01,carbon_project_zone,SPI-6,1507.8032,-0.8772,normal,CHIRPS v2 Final
1989-03-01,carbon_project_zone,SPI-6,1832.1924,1.0009,wet,CHIRPS v2 Final
1990-03-01,carbon_project_zone,SPI-6,1576.1534,-0.4605,normal,CHIRPS v2 Final
1991-03-01,carbon_project_zone,SPI-6,1659.2850,0.0302,normal,CHIRPS v2 Final
1992-03-01,carbon_project_zone,SPI-6,1640.0381,-0.0819,normal,CHIRPS v2 Final
1993-03-01,carbon_project_zone,SPI-6,1642.6544,-0.0666,normal,CHIRPS v2 Final
1994-03-01,carbon_project_zone,SPI-6,1690.1974,0.2086,normal,CHIRPS v2 Final
1995-03-01,carbon_project_zone,SPI-6,1584.8994,-0.4081,normal,CHIRPS v2 Final
1996-03-01,carbon_project_zone,SPI-6,1721.0358,0.3843,normal,CHIRPS v2 Final
1997-03-01,carbon_project_zone,SPI-6,1466.3968,-1.1358,moderate_dry,CHIRPS v2 Final
1998-03-01,carbon_project_zone,SPI-6,1313.4709,-2.1361,extreme_drought,CHIRPS v2 Final
1999-03-01,carbon_project_zone,SPI-6,1642.1276,-0.0697,normal,CHIRPS v2 Final
2000-03-01,carbon_project_zone,SPI-6,1932.6946,1.5374,very_wet,CHIRPS v2 Final
2001-03-01,carbon_project_zone,SPI-6,1613.9411,-0.2354,normal,CHIRPS v2 Final
2002-03-01,carbon_project_zone,SPI-6,1714.2263,0.3457,normal,CHIRPS v2 Final
2003-03-01,carbon_project_zone,SPI-6,1441.9433,-1.2909,moderate_dry,CHIRPS v2 Final
2004-03-01,carbon_project_zone,SPI-6,1906.4800,1.3993,wet,CHIRPS v2 Final
2005-03-01,carbon_project_zone,SPI-6,1231.5204,-2.7051,extreme_drought,CHIRPS v2 Final
2006-03-01,carbon_project_zone,SPI-6,1733.1150,0.4525,normal,CHIRPS v2 Final
2007-03-01,carbon_project_zone,SPI-6,1378.1426,-1.7040,severe_drought,CHIRPS v2 Final
2008-03-01,carbon_project_zone,SPI-6,1686.5964,0.1879,normal,CHIRPS v2 Final
2009-03-01,carbon_project_zone,SPI-6,1838.3834,1.0345,wet,CHIRPS v2 Final
2010-03-01,carbon_project_zone,SPI-6,1833.0747,1.0057,wet,CHIRPS v2 Final
2011-03-01,carbon_project_zone,SPI-6,1733.0122,0.4520,normal,CHIRPS v2 Final
2012-03-01,carbon_project_zone,SPI-6,2035.4505,2.0674,extremely_wet,CHIRPS v2 Final
2013-03-01,carbon_project_zone,SPI-6,1688.4454,0.1985,normal,CHIRPS v2 Final
2014-03-01,carbon_project_zone,SPI-6,1554.8930,-0.5888,normal,CHIRPS v2 Final
2015-03-01,carbon_project_zone,SPI-6,1496.9112,-0.9448,normal,CHIRPS v2 Final
2016-03-01,carbon_project_zone,SPI-6,1613.7076,-0.2367,normal,CHIRPS v2 Final
2017-03-01,carbon_project_zone,SPI-6,1846.7658,1.0799,wet,CHIRPS v2 Final
2018-03-01,carbon_project_zone,SPI-6,1605.2649,-0.2868,normal,CHIRPS v2 Final
2019-03-01,carbon_project_zone,SPI-6,1577.5715,-0.4520,normal,CHIRPS v2 Final
2020-03-01,carbon_project_zone,SPI-6,1553.8332,-0.5953,normal,CHIRPS v2 Final
2021-03-01,carbon_project_zone,SPI-6,2060.0584,2.1916,extremely_wet,CHIRPS v2 Final
2022-03-01,carbon_project_zone,SPI-6,1791.1927,0.7764,normal,CHIRPS v2 Final
2023-03-01,carbon_project_zone,SPI-6,1772.9820,0.6756,normal,CHIRPS v2 Final
2024-03-01,carbon_project_zone,SPI-6,1593.6947,-0.3556,normal,CHIRPS v2 Final
2025-03-01,carbon_project_zone,SPI-6,1833.5489,1.0083,wet,CHIRPS v2 Final
1982-04-01,carbon_project_zone,SPI-6,1555.1842,-1.3583,moderate_dry,CHIRPS v2 Final
1983-04-01,carbon_project_zone,SPI-6,1558.0024,-1.3340,moderate_dry,CHIRPS v2 Final
1984-04-01,carbon_project_zone,SPI-6,1670.6885,-0.3852,normal,CHIRPS v2 Final
1985-04-01,carbon_project_zone,SPI-6,1732.3620,0.1161,normal,CHIRPS v2 Final
1986-04-01,carbon_project_zone,SPI-6,1891.1695,1.3543,wet,CHIRPS v2 Final
1987-04-01,carbon_project_zone,SPI-6,1625.7492,-0.7582,normal,CHIRPS v2 Final
1988-04-01,carbon_project_zone,SPI-6,1720.1812,0.0180,normal,CHIRPS v2 Final
1989-04-01,carbon_project_zone,SPI-6,1714.5999,-0.0270,normal,CHIRPS v2 Final
1990-04-01,carbon_project_zone,SPI-6,1514.3268,-1.7141,severe_drought,CHIRPS v2 Final
1991-04-01,carbon_project_zone,SPI-6,1716.5743,-0.0111,normal,CHIRPS v2 Final
1992-04-01,carbon_project_zone,SPI-6,1832.6606,0.9065,normal,CHIRPS v2 Final
1993-04-01,carbon_project_zone,SPI-6,1660.5971,-0.4683,normal,CHIRPS v2 Final
1994-04-01,carbon_project_zone,SPI-6,1755.8050,0.3035,normal,CHIRPS v2 Final
1995-04-01,carbon_project_zone,SPI-6,1688.2202,-0.2414,normal,CHIRPS v2 Final
1996-04-01,carbon_project_zone,SPI-6,1657.2765,-0.4958,normal,CHIRPS v2 Final
1997-04-01,carbon_project_zone,SPI-6,1389.3159,-2.8447,extreme_drought,CHIRPS v2 Final
1998-04-01,carbon_project_zone,SPI-6,1523.6732,-1.6321,severe_drought,CHIRPS v2 Final
1999-04-01,carbon_project_zone,SPI-6,1652.4172,-0.5360,normal,CHIRPS v2 Final
2000-04-01,carbon_project_zone,SPI-6,1771.1415,0.4252,normal,CHIRPS v2 Final
2001-04-01,carbon_project_zone,SPI-6,1708.1166,-0.0795,normal,CHIRPS v2 Final
2002-04-01,carbon_project_zone,SPI-6,1677.1357,-0.3322,normal,CHIRPS v2 Final
2003-04-01,carbon_project_zone,SPI-6,1679.7140,-0.3110,normal,CHIRPS v2 Final
2004-04-01,carbon_project_zone,SPI-6,1855.4604,1.0821,wet,CHIRPS v2 Final
2005-04-01,carbon_project_zone,SPI-6,1497.2321,-1.8649,severe_drought,CHIRPS v2 Final
2006-04-01,carbon_project_zone,SPI-6,1710.9718,-0.0564,normal,CHIRPS v2 Final
2007-04-01,carbon_project_zone,SPI-6,1694.6735,-0.1888,normal,CHIRPS v2 Final
2008-04-01,carbon_project_zone,SPI-6,1674.3365,-0.3552,normal,CHIRPS v2 Final
2009-04-01,carbon_project_zone,SPI-6,1795.1530,0.6143,normal,CHIRPS v2 Final
2010-04-01,carbon_project_zone,SPI-6,1889.3204,1.3403,wet,CHIRPS v2 Final
2011-04-01,carbon_project_zone,SPI-6,1622.1110,-0.7887,normal,CHIRPS v2 Final
2012-04-01,carbon_project_zone,SPI-6,1946.8285,1.7720,very_wet,CHIRPS v2 Final
2013-04-01,carbon_project_zone,SPI-6,1744.8420,0.2161,normal,CHIRPS v2 Final
2014-04-01,carbon_project_zone,SPI-6,1689.4022,-0.2318,normal,CHIRPS v2 Final
2015-04-01,carbon_project_zone,SPI-6,1800.4293,0.6557,normal,CHIRPS v2 Final
2016-04-01,carbon_project_zone,SPI-6,1859.6528,1.1142,wet,CHIRPS v2 Final
2017-04-01,carbon_project_zone,SPI-6,1751.2746,0.2674,normal,CHIRPS v2 Final
2018-04-01,carbon_project_zone,SPI-6,1699.2944,-0.1512,normal,CHIRPS v2 Final
2019-04-01,carbon_project_zone,SPI-6,1795.9082,0.6203,normal,CHIRPS v2 Final
2020-04-01,carbon_project_zone,SPI-6,1867.4139,1.1736,wet,CHIRPS v2 Final
2021-04-01,carbon_project_zone,SPI-6,1991.1905,2.0992,extremely_wet,CHIRPS v2 Final
2022-04-01,carbon_project_zone,SPI-6,1675.1191,-0.3487,normal,CHIRPS v2 Final
2023-04-01,carbon_project_zone,SPI-6,1728.4134,0.0844,normal,CHIRPS v2 Final
2024-04-01,carbon_project_zone,SPI-6,1817.0045,0.7850,normal,CHIRPS v2 Final
2025-04-01,carbon_project_zone,SPI-6,1919.6120,1.5687,very_wet,CHIRPS v2 Final
1982-05-01,carbon_project_zone,SPI-6,1523.9531,-1.1459,moderate_dry,CHIRPS v2 Final
1983-05-01,carbon_project_zone,SPI-6,1882.8766,0.9671,normal,CHIRPS v2 Final
1984-05-01,carbon_project_zone,SPI-6,1725.6567,0.0779,normal,CHIRPS v2 Final
1985-05-01,carbon_project_zone,SPI-6,1753.4480,0.2389,normal,CHIRPS v2 Final
1986-05-01,carbon_project_zone,SPI-6,1784.5987,0.4173,normal,CHIRPS v2 Final
1987-05-01,carbon_project_zone,SPI-6,1636.2620,-0.4520,normal,CHIRPS v2 Final
1988-05-01,carbon_project_zone,SPI-6,1783.8507,0.4131,normal,CHIRPS v2 Final
1989-05-01,carbon_project_zone,SPI-6,1748.0994,0.2080,normal,CHIRPS v2 Final
1990-05-01,carbon_project_zone,SPI-6,1472.4757,-1.4755,moderate_dry,CHIRPS v2 Final
1991-05-01,carbon_project_zone,SPI-6,1845.9726,0.7629,normal,CHIRPS v2 Final
1992-05-01,carbon_project_zone,SPI-6,1856.0067,0.8187,normal,CHIRPS v2 Final
1993-05-01,carbon_project_zone,SPI-6,1789.8433,0.4472,normal,CHIRPS v2 Final
1994-05-01,carbon_project_zone,SPI-6,1579.6665,-0.7975,normal,CHIRPS v2 Final
1995-05-01,carbon_project_zone,SPI-6,1687.4117,-0.1465,normal,CHIRPS v2 Final
1996-05-01,carbon_project_zone,SPI-6,1443.4347,-1.6649,severe_drought,CHIRPS v2 Final
1997-05-01,carbon_project_zone,SPI-6,1255.3358,-2.9588,extreme_drought,CHIRPS v2 Final
1998-05-01,carbon_project_zone,SPI-6,1594.6754,-0.7051,normal,CHIRPS v2 Final
1999-05-01,carbon_project_zone,SPI-6,1667.5877,-0.2641,normal,CHIRPS v2 Final
2000-05-01,carbon_project_zone,SPI-6,1748.1000,0.2080,normal,CHIRPS v2 Final
2001-05-01,carbon_project_zone,SPI-6,1682.5098,-0.1755,normal,CHIRPS v2 Final
2002-05-01,carbon_project_zone,SPI-6,1587.1527,-0.7513,normal,CHIRPS v2 Final
2003-05-01,carbon_project_zone,SPI-6,1555.7247,-0.9462,normal,CHIRPS v2 Final
2004-05-01,carbon_project_zone,SPI-6,1798.9501,0.4988,normal,CHIRPS v2 Final
2005-05-01,carbon_project_zone,SPI-6,1458.5788,-1.5658,severe_drought,CHIRPS v2 Final
2006-05-01,carbon_project_zone,SPI-6,1694.6304,-0.1039,normal,CHIRPS v2 Final
2007-05-01,carbon_project_zone,SPI-6,1707.5439,-0.0279,normal,CHIRPS v2 Final
2008-05-01,carbon_project_zone,SPI-6,1663.1339,-0.2907,normal,CHIRPS v2 Final
2009-05-01,carbon_project_zone,SPI-6,1639.4204,-0.4329,normal,CHIRPS v2 Final
2010-05-01,carbon_project_zone,SPI-6,1981.3070,1.4990,wet,CHIRPS v2 Final
2011-05-01,carbon_project_zone,SPI-6,1479.6626,-1.4290,moderate_dry,CHIRPS v2 Final
2012-05-01,carbon_project_zone,SPI-6,1604.5854,-0.6444,normal,CHIRPS v2 Final
2013-05-01,carbon_project_zone,SPI-6,1884.0406,0.9735,normal,CHIRPS v2 Final
2014-05-01,carbon_project_zone,SPI-6,1753.3406,0.2383,normal,CHIRPS v2 Final
2015-05-01,carbon_project_zone,SPI-6,1803.6021,0.5252,normal,CHIRPS v2 Final
2016-05-01,carbon_project_zone,SPI-6,2151.5191,2.3791,extremely_wet,CHIRPS v2 Final
2017-05-01,carbon_project_zone,SPI-6,1774.7674,0.3612,normal,CHIRPS v2 Final
2018-05-01,carbon_project_zone,SPI-6,1806.5587,0.5419,normal,CHIRPS v2 Final
2019-05-01,carbon_project_zone,SPI-6,1735.3905,0.1345,normal,CHIRPS v2 Final
2020-05-01,carbon_project_zone,SPI-6,2018.3319,1.6945,very_wet,CHIRPS v2 Final
2021-05-01,carbon_project_zone,SPI-6,1945.9144,1.3098,wet,CHIRPS v2 Final
2022-05-01,carbon_project_zone,SPI-6,1663.5611,-0.2881,normal,CHIRPS v2 Final
2023-05-01,carbon_project_zone,SPI-6,1603.3936,-0.6516,normal,CHIRPS v2 Final
2024-05-01,carbon_project_zone,SPI-6,1810.2600,0.5628,normal,CHIRPS v2 Final
2025-05-01,carbon_project_zone,SPI-6,2008.5849,1.6433,very_wet,CHIRPS v2 Final
1981-06-01,carbon_project_zone,SPI-6,1391.9184,-1.0010,moderate_dry,CHIRPS v2 Final
1982-06-01,carbon_project_zone,SPI-6,1345.4156,-1.2430,moderate_dry,CHIRPS v2 Final
1983-06-01,carbon_project_zone,SPI-6,1786.5338,0.8625,normal,CHIRPS v2 Final
1984-06-01,carbon_project_zone,SPI-6,1504.9578,-0.4345,normal,CHIRPS v2 Final
1985-06-01,carbon_project_zone,SPI-6,1626.0210,0.1414,normal,CHIRPS v2 Final
1986-06-01,carbon_project_zone,SPI-6,1814.6389,0.9843,normal,CHIRPS v2 Final
1987-06-01,carbon_project_zone,SPI-6,1583.2290,-0.0588,normal,CHIRPS v2 Final
1988-06-01,carbon_project_zone,SPI-6,1686.2668,0.4173,normal,CHIRPS v2 Final
1989-06-01,carbon_project_zone,SPI-6,1531.3494,-0.3064,normal,CHIRPS v2 Final
1990-06-01,carbon_project_zone,SPI-6,1400.0939,-0.9590,normal,CHIRPS v2 Final
1991-06-01,carbon_project_zone,SPI-6,1556.4868,-0.1857,normal,CHIRPS v2 Final
1992-06-01,carbon_project_zone,SPI-6,1610.0826,0.0672,normal,CHIRPS v2 Final
1993-06-01,carbon_project_zone,SPI-6,1765.8131,0.7719,normal,CHIRPS v2 Final
1994-06-01,carbon_project_zone,SPI-6,1567.1793,-0.1348,normal,CHIRPS v2 Final
1995-06-01,carbon_project_zone,SPI-6,1668.1760,0.3352,normal,CHIRPS v2 Final
1996-06-01,carbon_project_zone,SPI-6,1384.4335,-1.0395,moderate_dry,CHIRPS v2 Final
1997-06-01,carbon_project_zone,SPI-6,989.0546,-3.3197,extreme_drought,CHIRPS v2 Final
1998-06-01,carbon_project_zone,SPI-6,1650.9337,0.2563,normal,CHIRPS v2 Final
1999-06-01,carbon_project_zone,SPI-6,1615.5067,0.0925,normal,CHIRPS v2 Final
2000-06-01,carbon_project_zone,SPI-6,1684.3709,0.4088,normal,CHIRPS v2 Final
2001-06-01,carbon_project_zone,SPI-6,1595.9886,0.0013,normal,CHIRPS v2 Final
2002-06-01,carbon_project_zone,SPI-6,1545.3034,-0.2392,normal,CHIRPS v2 Final
2003-06-01,carbon_project_zone,SPI-6,1344.8830,-1.2458,moderate_dry,CHIRPS v2 Final
2004-06-01,carbon_project_zone,SPI-6,1454.7388,-0.6825,normal,CHIRPS v2 Final
2005-06-01,carbon_project_zone,SPI-6,1268.3040,-1.6572,severe_drought,CHIRPS v2 Final
2006-06-01,carbon_project_zone,SPI-6,1788.5317,0.8712,normal,CHIRPS v2 Final
2007-06-01,carbon_project_zone,SPI-6,1616.3975,0.0967,normal,CHIRPS v2 Final
2008-06-01,carbon_project_zone,SPI-6,1557.0394,-0.1831,normal,CHIRPS v2 Final
2009-06-01,carbon_project_zone,SPI-6,1428.6620,-0.8135,normal,CHIRPS v2 Final
2010-06-01,carbon_project_zone,SPI-6,1967.8145,1.6271,very_wet,CHIRPS v2 Final
2011-06-01,carbon_project_zone,SPI-6,1338.7266,-1.2783,moderate_dry,CHIRPS v2 Final
2012-06-01,carbon_project_zone,SPI-6,1263.9474,-1.6811,severe_drought,CHIRPS v2 Final
2013-06-01,carbon_project_zone,SPI-6,1676.4255,0.3727,normal,CHIRPS v2 Final
2014-06-01,carbon_project_zone,SPI-6,1671.8390,0.3519,normal,CHIRPS v2 Final
2015-06-01,carbon_project_zone,SPI-6,1621.8015,0.1218,normal,CHIRPS v2 Final
2016-06-01,carbon_project_zone,SPI-6,1929.7149,1.4704,wet,CHIRPS v2 Final
2017-06-01,carbon_project_zone,SPI-6,1739.4303,0.6555,normal,CHIRPS v2 Final
2018-06-01,carbon_project_zone,SPI-6,1734.2717,0.6326,normal,CHIRPS v2 Final
2019-06-01,carbon_project_zone,SPI-6,1597.2472,0.0072,normal,CHIRPS v2 Final
2020-06-01,carbon_project_zone,SPI-6,1968.5878,1.6303,very_wet,CHIRPS v2 Final
2021-06-01,carbon_project_zone,SPI-6,2005.5504,1.7804,very_wet,CHIRPS v2 Final
2022-06-01,carbon_project_zone,SPI-6,1781.2955,0.8396,normal,CHIRPS v2 Final
2023-06-01,carbon_project_zone,SPI-6,1477.6536,-0.5686,normal,CHIRPS v2 Final
2024-06-01,carbon_project_zone,SPI-6,1777.7119,0.8240,normal,CHIRPS v2 Final
2025-06-01,carbon_project_zone,SPI-6,1919.3705,1.4275,wet,CHIRPS v2 Final
1981-07-01,carbon_project_zone,SPI-6,1550.7777,0.2934,normal,CHIRPS v2 Final
1982-07-01,carbon_project_zone,SPI-6,1093.1100,-1.7057,severe_drought,CHIRPS v2 Final
1983-07-01,carbon_project_zone,SPI-6,1697.1758,0.8477,normal,CHIRPS v2 Final
1984-07-01,carbon_project_zone,SPI-6,1519.2730,0.1696,normal,CHIRPS v2 Final
1985-07-01,carbon_project_zone,SPI-6,1772.9029,1.1220,wet,CHIRPS v2 Final
1986-07-01,carbon_project_zone,SPI-6,1762.0553,1.0832,wet,CHIRPS v2 Final
1987-07-01,carbon_project_zone,SPI-6,1308.3485,-0.7068,normal,CHIRPS v2 Final
1988-07-01,carbon_project_zone,SPI-6,1529.9716,0.2118,normal,CHIRPS v2 Final
1989-07-01,carbon_project_zone,SPI-6,1423.6403,-0.2169,normal,CHIRPS v2 Final
1990-07-01,carbon_project_zone,SPI-6,1361.0094,-0.4796,normal,CHIRPS v2 Final
1991-07-01,carbon_project_zone,SPI-6,1238.6729,-1.0170,moderate_dry,CHIRPS v2 Final
1992-07-01,carbon_project_zone,SPI-6,1496.2062,0.0779,normal,CHIRPS v2 Final
1993-07-01,carbon_project_zone,SPI-6,1668.0008,0.7398,normal,CHIRPS v2 Final
1994-07-01,carbon_project_zone,SPI-6,1313.3959,-0.6847,normal,CHIRPS v2 Final
1995-07-01,carbon_project_zone,SPI-6,1520.5669,0.1747,normal,CHIRPS v2 Final
1996-07-01,carbon_project_zone,SPI-6,1170.1671,-1.3339,moderate_dry,CHIRPS v2 Final
1997-07-01,carbon_project_zone,SPI-6,843.6006,-3.0499,extreme_drought,CHIRPS v2 Final
1998-07-01,carbon_project_zone,SPI-6,1746.9254,1.0288,wet,CHIRPS v2 Final
1999-07-01,carbon_project_zone,SPI-6,1473.3466,-0.0139,normal,CHIRPS v2 Final
2000-07-01,carbon_project_zone,SPI-6,1496.4475,0.0789,normal,CHIRPS v2 Final
2001-07-01,carbon_project_zone,SPI-6,1484.0157,0.0291,normal,CHIRPS v2 Final
2002-07-01,carbon_project_zone,SPI-6,1345.4994,-0.5458,normal,CHIRPS v2 Final
2003-07-01,carbon_project_zone,SPI-6,1101.3528,-1.6651,severe_drought,CHIRPS v2 Final
2004-07-01,carbon_project_zone,SPI-6,1290.5989,-0.7847,normal,CHIRPS v2 Final
2005-07-01,carbon_project_zone,SPI-6,1227.2559,-1.0690,moderate_dry,CHIRPS v2 Final
2006-07-01,carbon_project_zone,SPI-6,1523.3575,0.1858,normal,CHIRPS v2 Final
2007-07-01,carbon_project_zone,SPI-6,1705.9111,0.8797,normal,CHIRPS v2 Final
2008-07-01,carbon_project_zone,SPI-6,1488.7937,0.0482,normal,CHIRPS v2 Final
2009-07-01,carbon_project_zone,SPI-6,1276.1728,-0.8486,normal,CHIRPS v2 Final
2010-07-01,carbon_project_zone,SPI-6,2075.0524,2.1462,extremely_wet,CHIRPS v2 Final
2011-07-01,carbon_project_zone,SPI-6,1141.0770,-1.4722,moderate_dry,CHIRPS v2 Final
2012-07-01,carbon_project_zone,SPI-6,1282.2943,-0.8214,normal,CHIRPS v2 Final
2013-07-01,carbon_project_zone,SPI-6,1673.1083,0.7588,normal,CHIRPS v2 Final
2014-07-01,carbon_project_zone,SPI-6,1519.5220,0.1706,normal,CHIRPS v2 Final
2015-07-01,carbon_project_zone,SPI-6,1417.9248,-0.2405,normal,CHIRPS v2 Final
2016-07-01,carbon_project_zone,SPI-6,1825.0161,1.3064,wet,CHIRPS v2 Final
2017-07-01,carbon_project_zone,SPI-6,1590.9244,0.4487,normal,CHIRPS v2 Final
2018-07-01,carbon_project_zone,SPI-6,1554.9409,0.3096,normal,CHIRPS v2 Final
2019-07-01,carbon_project_zone,SPI-6,1315.6447,-0.6749,normal,CHIRPS v2 Final
2020-07-01,carbon_project_zone,SPI-6,1929.1930,1.6649,very_wet,CHIRPS v2 Final
2021-07-01,carbon_project_zone,SPI-6,1849.2940,1.3911,wet,CHIRPS v2 Final
2022-07-01,carbon_project_zone,SPI-6,1821.4184,1.2938,wet,CHIRPS v2 Final
2023-07-01,carbon_project_zone,SPI-6,1485.2409,0.0340,normal,CHIRPS v2 Final
2024-07-01,carbon_project_zone,SPI-6,1528.9248,0.2077,normal,CHIRPS v2 Final
2025-07-01,carbon_project_zone,SPI-6,1642.6020,0.6449,normal,CHIRPS v2 Final
1981-08-01,carbon_project_zone,SPI-6,1364.8972,0.1785,normal,CHIRPS v2 Final
1982-08-01,carbon_project_zone,SPI-6,855.9588,-1.8500,severe_drought,CHIRPS v2 Final
1983-08-01,carbon_project_zone,SPI-6,1477.9012,0.5563,normal,CHIRPS v2 Final
1984-08-01,carbon_project_zone,SPI-6,1373.9464,0.2095,normal,CHIRPS v2 Final
1985-08-01,carbon_project_zone,SPI-6,1626.2729,1.0244,wet,CHIRPS v2 Final
1986-08-01,carbon_project_zone,SPI-6,1590.0497,0.9128,normal,CHIRPS v2 Final
1987-08-01,carbon_project_zone,SPI-6,1100.4955,-0.7955,normal,CHIRPS v2 Final
1988-08-01,carbon_project_zone,SPI-6,1595.8846,0.9309,normal,CHIRPS v2 Final
1989-08-01,carbon_project_zone,SPI-6,1364.2855,0.1764,normal,CHIRPS v2 Final
1990-08-01,carbon_project_zone,SPI-6,1186.8534,-0.4615,normal,CHIRPS v2 Final
1991-08-01,carbon_project_zone,SPI-6,992.6101,-1.2386,moderate_dry,CHIRPS v2 Final
1992-08-01,carbon_project_zone,SPI-6,1309.3727,-0.0148,normal,CHIRPS v2 Final
1993-08-01,carbon_project_zone,SPI-6,1484.6089,0.5781,normal,CHIRPS v2 Final
1994-08-01,carbon_project_zone,SPI-6,1136.3547,-0.6547,normal,CHIRPS v2 Final
1995-08-01,carbon_project_zone,SPI-6,1329.3832,0.0555,normal,CHIRPS v2 Final
1996-08-01,carbon_project_zone,SPI-6,1227.4308,-0.3103,normal,CHIRPS v2 Final
1997-08-01,carbon_project_zone,SPI-6,678.9477,-2.7524,extreme_drought,CHIRPS v2 Final
1998-08-01,carbon_project_zone,SPI-6,1738.6624,1.3606,wet,CHIRPS v2 Final
1999-08-01,carbon_project_zone,SPI-6,1308.2397,-0.0188,normal,CHIRPS v2 Final
2000-08-01,carbon_project_zone,SPI-6,1481.6408,0.5685,normal,CHIRPS v2 Final
2001-08-01,carbon_project_zone,SPI-6,1314.7913,0.0043,normal,CHIRPS v2 Final
2002-08-01,carbon_project_zone,SPI-6,1078.0131,-0.8853,normal,CHIRPS v2 Final
2003-08-01,carbon_project_zone,SPI-6,885.2492,-1.7136,severe_drought,CHIRPS v2 Final
2004-08-01,carbon_project_zone,SPI-6,1105.9991,-0.7737,normal,CHIRPS v2 Final
2005-08-01,carbon_project_zone,SPI-6,1075.6120,-0.8950,normal,CHIRPS v2 Final
2006-08-01,carbon_project_zone,SPI-6,1254.0011,-0.2131,normal,CHIRPS v2 Final
2007-08-01,carbon_project_zone,SPI-6,1577.2855,0.8731,normal,CHIRPS v2 Final
2008-08-01,carbon_project_zone,SPI-6,1493.0409,0.6055,normal,CHIRPS v2 Final
2009-08-01,carbon_project_zone,SPI-6,1072.8199,-0.9062,normal,CHIRPS v2 Final
2010-08-01,carbon_project_zone,SPI-6,2120.1799,2.4064,extremely_wet,CHIRPS v2 Final
2011-08-01,carbon_project_zone,SPI-6,1036.4308,-1.0548,moderate_dry,CHIRPS v2 Final
2012-08-01,carbon_project_zone,SPI-6,1067.7067,-0.9269,normal,CHIRPS v2 Final
2013-08-01,carbon_project_zone,SPI-6,1599.2733,0.9414,normal,CHIRPS v2 Final
2014-08-01,carbon_project_zone,SPI-6,1366.1034,0.1827,normal,CHIRPS v2 Final
2015-08-01,carbon_project_zone,SPI-6,1067.3954,-0.9282,normal,CHIRPS v2 Final
2016-08-01,carbon_project_zone,SPI-6,1618.5210,1.0007,wet,CHIRPS v2 Final
2017-08-01,carbon_project_zone,SPI-6,1431.0682,0.4021,normal,CHIRPS v2 Final
2018-08-01,carbon_project_zone,SPI-6,1309.9043,-0.0129,normal,CHIRPS v2 Final
2019-08-01,carbon_project_zone,SPI-6,1002.5527,-1.1964,moderate_dry,CHIRPS v2 Final
2020-08-01,carbon_project_zone,SPI-6,1739.7952,1.3639,wet,CHIRPS v2 Final
2021-08-01,carbon_project_zone,SPI-6,1525.0596,0.7083,normal,CHIRPS v2 Final
2022-08-01,carbon_project_zone,SPI-6,1784.2570,1.4930,wet,CHIRPS v2 Final
2023-08-01,carbon_project_zone,SPI-6,1197.4697,-0.4216,normal,CHIRPS v2 Final
2024-08-01,carbon_project_zone,SPI-6,1427.6315,0.3907,normal,CHIRPS v2 Final
2025-08-01,carbon_project_zone,SPI-6,1656.5782,1.1165,wet,CHIRPS v2 Final
1981-09-01,carbon_project_zone,SPI-6,1197.3439,0.2585,normal,CHIRPS v2 Final
1982-09-01,carbon_project_zone,SPI-6,550.2644,-2.0389,extreme_drought,CHIRPS v2 Final
1983-09-01,carbon_project_zone,SPI-6,1250.3738,0.4043,normal,CHIRPS v2 Final
1984-09-01,carbon_project_zone,SPI-6,1262.2588,0.4364,normal,CHIRPS v2 Final
1985-09-01,carbon_project_zone,SPI-6,1481.5669,0.9962,normal,CHIRPS v2 Final
1986-09-01,carbon_project_zone,SPI-6,1284.0858,0.4948,normal,CHIRPS v2 Final
1987-09-01,carbon_project_zone,SPI-6,880.6084,-0.7173,normal,CHIRPS v2 Final
1988-09-01,carbon_project_zone,SPI-6,1507.7429,1.0592,wet,CHIRPS v2 Final
1989-09-01,carbon_project_zone,SPI-6,1297.7458,0.5311,normal,CHIRPS v2 Final
1990-09-01,carbon_project_zone,SPI-6,922.8282,-0.5748,normal,CHIRPS v2 Final
1991-09-01,carbon_project_zone,SPI-6,623.5566,-1.7056,severe_drought,CHIRPS v2 Final
1992-09-01,carbon_project_zone,SPI-6,1140.5777,0.0976,normal,CHIRPS v2 Final
1993-09-01,carbon_project_zone,SPI-6,1260.7117,0.4322,normal,CHIRPS v2 Final
1994-09-01,carbon_project_zone,SPI-6,736.0137,-1.2440,moderate_dry,CHIRPS v2 Final
1995-09-01,carbon_project_zone,SPI-6,1119.9575,0.0378,normal,CHIRPS v2 Final
1996-09-01,carbon_project_zone,SPI-6,981.4427,-0.3841,normal,CHIRPS v2 Final
1997-09-01,carbon_project_zone,SPI-6,537.5179,-2.1000,extreme_drought,CHIRPS v2 Final
1998-09-01,carbon_project_zone,SPI-6,1665.9065,1.4261,wet,CHIRPS v2 Final
1999-09-01,carbon_project_zone,SPI-6,1248.6770,0.3996,normal,CHIRPS v2 Final
2000-09-01,carbon_project_zone,SPI-6,1326.3261,0.6061,normal,CHIRPS v2 Final
2001-09-01,carbon_project_zone,SPI-6,1214.6894,0.3066,normal,CHIRPS v2 Final
2002-09-01,carbon_project_zone,SPI-6,786.0770,-1.0542,moderate_dry,CHIRPS v2 Final
2003-09-01,carbon_project_zone,SPI-6,742.9935,-1.2170,moderate_dry,CHIRPS v2 Final
2004-09-01,carbon_project_zone,SPI-6,923.6407,-0.5721,normal,CHIRPS v2 Final
2005-09-01,carbon_project_zone,SPI-6,867.1414,-0.7637,normal,CHIRPS v2 Final
2006-09-01,carbon_project_zone,SPI-6,959.7313,-0.4538,normal,CHIRPS v2 Final
2007-09-01,carbon_project_zone,SPI-6,1333.9412,0.6259,normal,CHIRPS v2 Final
2008-09-01,carbon_project_zone,SPI-6,1245.4860,0.3910,normal,CHIRPS v2 Final
2009-09-01,carbon_project_zone,SPI-6,759.6851,-1.1532,moderate_dry,CHIRPS v2 Final
2010-09-01,carbon_project_zone,SPI-6,2202.2133,2.5248,extremely_wet,CHIRPS v2 Final
2011-09-01,carbon_project_zone,SPI-6,806.6994,-0.9784,normal,CHIRPS v2 Final
2012-09-01,carbon_project_zone,SPI-6,866.0956,-0.7673,normal,CHIRPS v2 Final
2013-09-01,carbon_project_zone,SPI-6,1317.9065,0.5841,normal,CHIRPS v2 Final
2014-09-01,carbon_project_zone,SPI-6,986.9027,-0.3668,normal,CHIRPS v2 Final
2015-09-01,carbon_project_zone,SPI-6,799.6795,-1.0040,moderate_dry,CHIRPS v2 Final
2016-09-01,carbon_project_zone,SPI-6,1531.8959,1.1168,wet,CHIRPS v2 Final
2017-09-01,carbon_project_zone,SPI-6,1299.1784,0.5348,normal,CHIRPS v2 Final
2018-09-01,carbon_project_zone,SPI-6,1090.8053,-0.0480,normal,CHIRPS v2 Final
2019-09-01,carbon_project_zone,SPI-6,795.4849,-1.0194,moderate_dry,CHIRPS v2 Final
2020-09-01,carbon_project_zone,SPI-6,1550.9995,1.1620,wet,CHIRPS v2 Final
2021-09-01,carbon_project_zone,SPI-6,1529.4597,1.1111,wet,CHIRPS v2 Final
2022-09-01,carbon_project_zone,SPI-6,1769.3921,1.6541,very_wet,CHIRPS v2 Final
2023-09-01,carbon_project_zone,SPI-6,882.0168,-0.7125,normal,CHIRPS v2 Final
2024-09-01,carbon_project_zone,SPI-6,1279.4163,0.4824,normal,CHIRPS v2 Final
2025-09-01,carbon_project_zone,SPI-6,1568.3007,1.2025,wet,CHIRPS v2 Final
1981-10-01,carbon_project_zone,SPI-6,1141.4756,0.2661,normal,CHIRPS v2 Final
1982-10-01,carbon_project_zone,SPI-6,420.8258,-1.8244,severe_drought,CHIRPS v2 Final
1983-10-01,carbon_project_zone,SPI-6,1319.9569,0.6301,normal,CHIRPS v2 Final
1984-10-01,carbon_project_zone,SPI-6,1126.5279,0.2339,normal,CHIRPS v2 Final
1985-10-01,carbon_project_zone,SPI-6,1381.1069,0.7473,normal,CHIRPS v2 Final
1986-10-01,carbon_project_zone,SPI-6,1303.7353,0.5984,normal,CHIRPS v2 Final
1987-10-01,carbon_project_zone,SPI-6,675.1949,-0.9135,normal,CHIRPS v2 Final
1988-10-01,carbon_project_zone,SPI-6,1548.5932,1.0519,wet,CHIRPS v2 Final
1989-10-01,carbon_project_zone,SPI-6,1395.4340,0.7743,normal,CHIRPS v2 Final
1990-10-01,carbon_project_zone,SPI-6,870.0509,-0.3687,normal,CHIRPS v2 Final
1991-10-01,carbon_project_zone,SPI-6,458.6093,-1.6679,severe_drought,CHIRPS v2 Final
1992-10-01,carbon_project_zone,SPI-6,1139.7257,0.2623,normal,CHIRPS v2 Final
1993-10-01,carbon_project_zone,SPI-6,1170.8858,0.3285,normal,CHIRPS v2 Final
1994-10-01,carbon_project_zone,SPI-6,631.9744,-1.0488,moderate_dry,CHIRPS v2 Final
1995-10-01,carbon_project_zone,SPI-6,1080.0800,0.1322,normal,CHIRPS v2 Final
1996-10-01,carbon_project_zone,SPI-6,1243.7143,0.4788,normal,CHIRPS v2 Final
1997-10-01,carbon_project_zone,SPI-6,245.7350,-2.7252,extreme_drought,CHIRPS v2 Final
1998-10-01,carbon_project_zone,SPI-6,1664.3696,1.2502,wet,CHIRPS v2 Final
1999-10-01,carbon_project_zone,SPI-6,1421.2171,0.8223,normal,CHIRPS v2 Final
2000-10-01,carbon_project_zone,SPI-6,1287.5590,0.5665,normal,CHIRPS v2 Final
2001-10-01,carbon_project_zone,SPI-6,1237.1836,0.4656,normal,CHIRPS v2 Final
2002-10-01,carbon_project_zone,SPI-6,575.6460,-1.2351,moderate_dry,CHIRPS v2 Final
2003-10-01,carbon_project_zone,SPI-6,736.2573,-0.7323,normal,CHIRPS v2 Final
2004-10-01,carbon_project_zone,SPI-6,707.6910,-0.8157,normal,CHIRPS v2 Final
2005-10-01,carbon_project_zone,SPI-6,800.4507,-0.5527,normal,CHIRPS v2 Final
2006-10-01,carbon_project_zone,SPI-6,726.4034,-0.7608,normal,CHIRPS v2 Final
2007-10-01,carbon_project_zone,SPI-6,1270.3349,0.5323,normal,CHIRPS v2 Final
2008-10-01,carbon_project_zone,SPI-6,1295.4379,0.5821,normal,CHIRPS v2 Final
2009-10-01,carbon_project_zone,SPI-6,728.0516,-0.7560,normal,CHIRPS v2 Final
2010-10-01,carbon_project_zone,SPI-6,2336.7428,2.2561,extremely_wet,CHIRPS v2 Final
2011-10-01,carbon_project_zone,SPI-6,832.7092,-0.4661,normal,CHIRPS v2 Final
2012-10-01,carbon_project_zone,SPI-6,833.7225,-0.4634,normal,CHIRPS v2 Final
2013-10-01,carbon_project_zone,SPI-6,1159.5862,0.3047,normal,CHIRPS v2 Final
2014-10-01,carbon_project_zone,SPI-6,786.8561,-0.5899,normal,CHIRPS v2 Final
2015-10-01,carbon_project_zone,SPI-6,483.7436,-1.5689,severe_drought,CHIRPS v2 Final
2016-10-01,carbon_project_zone,SPI-6,1637.6821,1.2053,wet,CHIRPS v2 Final
2017-10-01,carbon_project_zone,SPI-6,1201.0687,0.3915,normal,CHIRPS v2 Final
2018-10-01,carbon_project_zone,SPI-6,954.8818,-0.1575,normal,CHIRPS v2 Final
2019-10-01,carbon_project_zone,SPI-6,565.0974,-1.2714,moderate_dry,CHIRPS v2 Final
2020-10-01,carbon_project_zone,SPI-6,1331.0065,0.6515,normal,CHIRPS v2 Final
2021-10-01,carbon_project_zone,SPI-6,1706.6033,1.3203,wet,CHIRPS v2 Final
2022-10-01,carbon_project_zone,SPI-6,1855.5217,1.5591,very_wet,CHIRPS v2 Final
2023-10-01,carbon_project_zone,SPI-6,716.9325,-0.7885,normal,CHIRPS v2 Final
2024-10-01,carbon_project_zone,SPI-6,1122.9208,0.2261,normal,CHIRPS v2 Final
2025-10-01,carbon_project_zone,SPI-6,1605.7199,1.1509,wet,CHIRPS v2 Final
1981-11-01,carbon_project_zone,SPI-6,1025.1056,-0.0126,normal,CHIRPS v2 Final
1982-11-01,carbon_project_zone,SPI-6,415.4625,-1.9607,severe_drought,CHIRPS v2 Final
1983-11-01,carbon_project_zone,SPI-6,1049.0643,0.0448,normal,CHIRPS v2 Final
1984-11-01,carbon_project_zone,SPI-6,1134.8572,0.2435,normal,CHIRPS v2 Final
1985-11-01,carbon_project_zone,SPI-6,1387.4489,0.7762,normal,CHIRPS v2 Final
1986-11-01,carbon_project_zone,SPI-6,1362.9684,0.7275,normal,CHIRPS v2 Final
1987-11-01,carbon_project_zone,SPI-6,635.2427,-1.1111,moderate_dry,CHIRPS v2 Final
1988-11-01,carbon_project_zone,SPI-6,1507.1677,1.0066,wet,CHIRPS v2 Final
1989-11-01,carbon_project_zone,SPI-6,1377.4555,0.7564,normal,CHIRPS v2 Final
1990-11-01,carbon_project_zone,SPI-6,743.5852,-0.7677,normal,CHIRPS v2 Final
1991-11-01,carbon_project_zone,SPI-6,464.3477,-1.7481,severe_drought,CHIRPS v2 Final
1992-11-01,carbon_project_zone,SPI-6,1159.7598,0.2993,normal,CHIRPS v2 Final
1993-11-01,carbon_project_zone,SPI-6,1052.7700,0.0536,normal,CHIRPS v2 Final
1994-11-01,carbon_project_zone,SPI-6,758.6950,-0.7226,normal,CHIRPS v2 Final
1995-11-01,carbon_project_zone,SPI-6,1124.7541,0.2207,normal,CHIRPS v2 Final
1996-11-01,carbon_project_zone,SPI-6,1378.4786,0.7584,normal,CHIRPS v2 Final
1997-11-01,carbon_project_zone,SPI-6,372.6600,-2.1622,extreme_drought,CHIRPS v2 Final
1998-11-01,carbon_project_zone,SPI-6,1664.4539,1.2918,wet,CHIRPS v2 Final
1999-11-01,carbon_project_zone,SPI-6,1385.4937,0.7723,normal,CHIRPS v2 Final
2000-11-01,carbon_project_zone,SPI-6,1355.2288,0.7120,normal,CHIRPS v2 Final
2001-11-01,carbon_project_zone,SPI-6,1199.4693,0.3867,normal,CHIRPS v2 Final
2002-11-01,carbon_project_zone,SPI-6,666.6950,-1.0075,moderate_dry,CHIRPS v2 Final
2003-11-01,carbon_project_zone,SPI-6,909.4723,-0.3032,normal,CHIRPS v2 Final
2004-11-01,carbon_project_zone,SPI-6,620.6794,-1.1603,moderate_dry,CHIRPS v2 Final
2005-11-01,carbon_project_zone,SPI-6,984.8969,-0.1111,normal,CHIRPS v2 Final
2006-11-01,carbon_project_zone,SPI-6,662.5634,-1.0209,moderate_dry,CHIRPS v2 Final
2007-11-01,carbon_project_zone,SPI-6,1235.7347,0.4648,normal,CHIRPS v2 Final
2008-11-01,carbon_project_zone,SPI-6,1452.4611,0.9028,normal,CHIRPS v2 Final
2009-11-01,carbon_project_zone,SPI-6,830.1229,-0.5175,normal,CHIRPS v2 Final
2010-11-01,carbon_project_zone,SPI-6,2307.2353,2.3057,extremely_wet,CHIRPS v2 Final
2011-11-01,carbon_project_zone,SPI-6,1111.5876,0.1906,normal,CHIRPS v2 Final
2012-11-01,carbon_project_zone,SPI-6,936.9366,-0.2321,normal,CHIRPS v2 Final
2013-11-01,carbon_project_zone,SPI-6,1004.4940,-0.0627,normal,CHIRPS v2 Final
2014-11-01,carbon_project_zone,SPI-6,744.4575,-0.7651,normal,CHIRPS v2 Final
2015-11-01,carbon_project_zone,SPI-6,393.5939,-2.0617,extreme_drought,CHIRPS v2 Final
2016-11-01,carbon_project_zone,SPI-6,1467.5449,0.9317,normal,CHIRPS v2 Final
2017-11-01,carbon_project_zone,SPI-6,1206.2696,0.4015,normal,CHIRPS v2 Final
2018-11-01,carbon_project_zone,SPI-6,777.4211,-0.6676,normal,CHIRPS v2 Final
2019-11-01,carbon_project_zone,SPI-6,585.8974,-1.2811,moderate_dry,CHIRPS v2 Final
2020-11-01,carbon_project_zone,SPI-6,1310.4329,0.6211,normal,CHIRPS v2 Final
2021-11-01,carbon_project_zone,SPI-6,1701.5996,1.3566,wet,CHIRPS v2 Final
2022-11-01,carbon_project_zone,SPI-6,1861.9972,1.6265,very_wet,CHIRPS v2 Final
2023-11-01,carbon_project_zone,SPI-6,840.2127,-0.4895,normal,CHIRPS v2 Final
2024-11-01,carbon_project_zone,SPI-6,1116.3131,0.2014,normal,CHIRPS v2 Final
2025-11-01,carbon_project_zone,SPI-6,1593.0909,1.1646,wet,CHIRPS v2 Final
1981-12-01,carbon_project_zone,SPI-6,1125.1188,-0.0975,normal,CHIRPS v2 Final
1982-12-01,carbon_project_zone,SPI-6,625.6615,-1.8221,severe_drought,CHIRPS v2 Final
1983-12-01,carbon_project_zone,SPI-6,1161.8053,0.0065,normal,CHIRPS v2 Final
1984-12-01,carbon_project_zone,SPI-6,1404.3445,0.6440,normal,CHIRPS v2 Final
1985-12-01,carbon_project_zone,SPI-6,1459.1047,0.7777,normal,CHIRPS v2 Final
1986-12-01,carbon_project_zone,SPI-6,1252.8309,0.2552,normal,CHIRPS v2 Final
1987-12-01,carbon_project_zone,SPI-6,791.9178,-1.1673,moderate_dry,CHIRPS v2 Final
1988-12-01,carbon_project_zone,SPI-6,1672.1141,1.2685,wet,CHIRPS v2 Final
1989-12-01,carbon_project_zone,SPI-6,1429.4753,0.7057,normal,CHIRPS v2 Final
1990-12-01,carbon_project_zone,SPI-6,977.2407,-0.5412,normal,CHIRPS v2 Final
1991-12-01,carbon_project_zone,SPI-6,755.5883,-1.3016,moderate_dry,CHIRPS v2 Final
1992-12-01,carbon_project_zone,SPI-6,1352.0597,0.5131,normal,CHIRPS v2 Final
1993-12-01,carbon_project_zone,SPI-6,1007.2974,-0.4475,normal,CHIRPS v2 Final
1994-12-01,carbon_project_zone,SPI-6,825.8537,-1.0456,moderate_dry,CHIRPS v2 Final
1995-12-01,carbon_project_zone,SPI-6,1155.0763,-0.0124,normal,CHIRPS v2 Final
1996-12-01,carbon_project_zone,SPI-6,1425.2606,0.6954,normal,CHIRPS v2 Final
1997-12-01,carbon_project_zone,SPI-6,644.0771,-1.7440,severe_drought,CHIRPS v2 Final
1998-12-01,carbon_project_zone,SPI-6,1551.8226,0.9967,normal,CHIRPS v2 Final
1999-12-01,carbon_project_zone,SPI-6,1519.8444,0.9221,normal,CHIRPS v2 Final
2000-12-01,carbon_project_zone,SPI-6,1393.9178,0.6181,normal,CHIRPS v2 Final
2001-12-01,carbon_project_zone,SPI-6,1275.9801,0.3166,normal,CHIRPS v2 Final
2002-12-01,carbon_project_zone,SPI-6,718.7744,-1.4423,moderate_dry,CHIRPS v2 Final
2003-12-01,carbon_project_zone,SPI-6,1270.8320,0.3030,normal,CHIRPS v2 Final
2004-12-01,carbon_project_zone,SPI-6,825.1013,-1.0483,moderate_dry,CHIRPS v2 Final
2005-12-01,carbon_project_zone,SPI-6,1107.4755,-0.1483,normal,CHIRPS v2 Final
2006-12-01,carbon_project_zone,SPI-6,698.5929,-1.5215,severe_drought,CHIRPS v2 Final
2007-12-01,carbon_project_zone,SPI-6,1265.5196,0.2890,normal,CHIRPS v2 Final
2008-12-01,carbon_project_zone,SPI-6,1619.7243,1.1517,wet,CHIRPS v2 Final
2009-12-01,carbon_project_zone,SPI-6,983.2137,-0.5225,normal,CHIRPS v2 Final
2010-12-01,carbon_project_zone,SPI-6,2195.8292,2.3239,extremely_wet,CHIRPS v2 Final
2011-12-01,carbon_project_zone,SPI-6,1542.4673,0.9750,normal,CHIRPS v2 Final
2012-12-01,carbon_project_zone,SPI-6,1205.0778,0.1263,normal,CHIRPS v2 Final
2013-12-01,carbon_project_zone,SPI-6,1154.4286,-0.0142,normal,CHIRPS v2 Final
2014-12-01,carbon_project_zone,SPI-6,786.1548,-1.1883,moderate_dry,CHIRPS v2 Final
2015-12-01,carbon_project_zone,SPI-6,727.2043,-1.4096,moderate_dry,CHIRPS v2 Final
2016-12-01,carbon_project_zone,SPI-6,1511.9471,0.9036,normal,CHIRPS v2 Final
2017-12-01,carbon_project_zone,SPI-6,1222.1612,0.1728,normal,CHIRPS v2 Final
2018-12-01,carbon_project_zone,SPI-6,897.4378,-0.7999,normal,CHIRPS v2 Final
2019-12-01,carbon_project_zone,SPI-6,643.9039,-1.7447,severe_drought,CHIRPS v2 Final
2020-12-01,carbon_project_zone,SPI-6,1379.2391,0.5816,normal,CHIRPS v2 Final
2021-12-01,carbon_project_zone,SPI-6,1670.0506,1.2639,wet,CHIRPS v2 Final
2022-12-01,carbon_project_zone,SPI-6,1742.0769,1.4208,wet,CHIRPS v2 Final
2023-12-01,carbon_project_zone,SPI-6,934.8235,-0.6769,normal,CHIRPS v2 Final
2024-12-01,carbon_project_zone,SPI-6,1223.5188,0.1765,normal,CHIRPS v2 Final
2025-12-01,carbon_project_zone,SPI-6,1686.8117,1.3008,wet,CHIRPS v2 Final
1982-01-01,project_area,SPI-6,1182.9167,-0.3697,normal,CHIRPS v2 Final
1983-01-01,project_area,SPI-6,820.1692,-1.8475,severe_drought,CHIRPS v2 Final
1984-01-01,project_area,SPI-6,1296.0255,0.0267,normal,CHIRPS v2 Final
1985-01-01,project_area,SPI-6,1428.5216,0.4628,normal,CHIRPS v2 Final
1986-01-01,project_area,SPI-6,1232.7280,-0.1921,normal,CHIRPS v2 Final
1987-01-01,project_area,SPI-6,1415.6486,0.4217,normal,CHIRPS v2 Final
1988-01-01,project_area,SPI-6,1016.9667,-1.0006,moderate_dry,CHIRPS v2 Final
1989-01-01,project_area,SPI-6,1870.2749,1.7483,very_wet,CHIRPS v2 Final
1990-01-01,project_area,SPI-6,1466.4550,0.5827,normal,CHIRPS v2 Final
1991-01-01,project_area,SPI-6,1135.9997,-0.5417,normal,CHIRPS v2 Final
1992-01-01,project_area,SPI-6,1004.6078,-1.0503,moderate_dry,CHIRPS v2 Final
1993-01-01,project_area,SPI-6,1409.8801,0.4031,normal,CHIRPS v2 Final
1994-01-01,project_area,SPI-6,1195.2077,-0.3254,normal,CHIRPS v2 Final
1995-01-01,project_area,SPI-6,1157.0189,-0.4641,normal,CHIRPS v2 Final
1996-01-01,project_area,SPI-6,1285.9727,-0.0075,normal,CHIRPS v2 Final
1997-01-01,project_area,SPI-6,1569.9095,0.8996,normal,CHIRPS v2 Final
1998-01-01,project_area,SPI-6,791.5602,-1.9820,severe_drought,CHIRPS v2 Final
1999-01-01,project_area,SPI-6,1594.6976,0.9735,normal,CHIRPS v2 Final
2000-01-01,project_area,SPI-6,1653.1376,1.1447,wet,CHIRPS v2 Final
2001-01-01,project_area,SPI-6,1520.7953,0.7509,normal,CHIRPS v2 Final
2002-01-01,project_area,SPI-6,1367.8658,0.2667,normal,CHIRPS v2 Final
2003-01-01,project_area,SPI-6,1003.6028,-1.0543,moderate_dry,CHIRPS v2 Final
2004-01-01,project_area,SPI-6,1556.4835,0.8592,normal,CHIRPS v2 Final
2005-01-01,project_area,SPI-6,824.8184,-1.8260,severe_drought,CHIRPS v2 Final
2006-01-01,project_area,SPI-6,1273.7937,-0.0493,normal,CHIRPS v2 Final
2007-01-01,project_area,SPI-6,864.0521,-1.6474,severe_drought,CHIRPS v2 Final
2008-01-01,project_area,SPI-6,1216.6150,-0.2490,normal,CHIRPS v2 Final
2009-01-01,project_area,SPI-6,1715.5903,1.3233,wet,CHIRPS v2 Final
2010-01-01,project_area,SPI-6,1238.0465,-0.1735,normal,CHIRPS v2 Final
2011-01-01,project_area,SPI-6,2062.8686,2.2468,extremely_wet,CHIRPS v2 Final
2012-01-01,project_area,SPI-6,1670.4711,1.1947,wet,CHIRPS v2 Final
2013-01-01,project_area,SPI-6,1229.0688,-0.2050,normal,CHIRPS v2 Final
2014-01-01,project_area,SPI-6,1122.6973,-0.5913,normal,CHIRPS v2 Final
2015-01-01,project_area,SPI-6,983.2444,-1.1372,moderate_dry,CHIRPS v2 Final
2016-01-01,project_area,SPI-6,1023.2285,-0.9756,normal,CHIRPS v2 Final
2017-01-01,project_area,SPI-6,1602.8305,0.9975,normal,CHIRPS v2 Final
2018-01-01,project_area,SPI-6,1294.2251,0.0206,normal,CHIRPS v2 Final
2019-01-01,project_area,SPI-6,1143.7497,-0.5129,normal,CHIRPS v2 Final
2020-01-01,project_area,SPI-6,968.9942,-1.1959,moderate_dry,CHIRPS v2 Final
2021-01-01,project_area,SPI-6,1436.4300,0.4880,normal,CHIRPS v2 Final
2022-01-01,project_area,SPI-6,1785.5503,1.5185,very_wet,CHIRPS v2 Final
2023-01-01,project_area,SPI-6,1678.6941,1.2183,wet,CHIRPS v2 Final
2024-01-01,project_area,SPI-6,1123.5167,-0.5882,normal,CHIRPS v2 Final
2025-01-01,project_area,SPI-6,1421.1554,0.4393,normal,CHIRPS v2 Final
1982-02-01,project_area,SPI-6,1394.1519,-0.2886,normal,CHIRPS v2 Final
1983-02-01,project_area,SPI-6,1129.5491,-1.5444,severe_drought,CHIRPS v2 Final
1984-02-01,project_area,SPI-6,1389.8119,-0.3079,normal,CHIRPS v2 Final
1985-02-01,project_area,SPI-6,1605.7750,0.6047,normal,CHIRPS v2 Final
1986-02-01,project_area,SPI-6,1359.8049,-0.4420,normal,CHIRPS v2 Final
1987-02-01,project_area,SPI-6,1634.6145,0.7203,normal,CHIRPS v2 Final
1988-02-01,project_area,SPI-6,1209.3925,-1.1462,moderate_dry,CHIRPS v2 Final
1989-02-01,project_area,SPI-6,1815.4530,1.4159,wet,CHIRPS v2 Final
1990-02-01,project_area,SPI-6,1504.9878,0.1897,normal,CHIRPS v2 Final
1991-02-01,project_area,SPI-6,1326.0136,-0.5955,normal,CHIRPS v2 Final
1992-02-01,project_area,SPI-6,1272.3904,-0.8445,normal,CHIRPS v2 Final
1993-02-01,project_area,SPI-6,1532.0692,0.3030,normal,CHIRPS v2 Final
1994-02-01,project_area,SPI-6,1415.1735,-0.1960,normal,CHIRPS v2 Final
1995-02-01,project_area,SPI-6,1313.9620,-0.6508,normal,CHIRPS v2 Final
1996-02-01,project_area,SPI-6,1459.9923,-0.0016,normal,CHIRPS v2 Final
1997-02-01,project_area,SPI-6,1450.5612,-0.0421,normal,CHIRPS v2 Final
1998-02-01,project_area,SPI-6,1027.4313,-2.0827,extreme_drought,CHIRPS v2 Final
1999-02-01,project_area,SPI-6,1651.4339,0.7870,normal,CHIRPS v2 Final
2000-02-01,project_area,SPI-6,1763.4569,1.2207,wet,CHIRPS v2 Final
2001-02-01,project_area,SPI-6,1473.0054,0.0542,normal,CHIRPS v2 Final
2002-02-01,project_area,SPI-6,1627.5169,0.6920,normal,CHIRPS v2 Final
2003-02-01,project_area,SPI-6,1255.4794,-0.9245,normal,CHIRPS v2 Final
2004-02-01,project_area,SPI-6,1701.1793,0.9819,normal,CHIRPS v2 Final
2005-02-01,project_area,SPI-6,1038.7209,-2.0214,extreme_drought,CHIRPS v2 Final
2006-02-01,project_area,SPI-6,1478.1447,0.0761,normal,CHIRPS v2 Final
2007-02-01,project_area,SPI-6,1111.9291,-1.6348,severe_drought,CHIRPS v2 Final
2008-02-01,project_area,SPI-6,1369.8186,-0.3970,normal,CHIRPS v2 Final
2009-02-01,project_area,SPI-6,1667.9743,0.8523,normal,CHIRPS v2 Final
2010-02-01,project_area,SPI-6,1500.9230,0.1726,normal,CHIRPS v2 Final
2011-02-01,project_area,SPI-6,1847.0191,1.5326,very_wet,CHIRPS v2 Final
2012-02-01,project_area,SPI-6,1896.2736,1.7121,very_wet,CHIRPS v2 Final
2013-02-01,project_area,SPI-6,1398.4255,-0.2697,normal,CHIRPS v2 Final
2014-02-01,project_area,SPI-6,1224.6802,-1.0720,moderate_dry,CHIRPS v2 Final
2015-02-01,project_area,SPI-6,1256.0407,-0.9218,normal,CHIRPS v2 Final
2016-02-01,project_area,SPI-6,1315.7396,-0.6426,normal,CHIRPS v2 Final
2017-02-01,project_area,SPI-6,1818.7644,1.4282,wet,CHIRPS v2 Final
2018-02-01,project_area,SPI-6,1445.4726,-0.0641,normal,CHIRPS v2 Final
2019-02-01,project_area,SPI-6,1431.5647,-0.1244,normal,CHIRPS v2 Final
2020-02-01,project_area,SPI-6,1219.6982,-1.0962,moderate_dry,CHIRPS v2 Final
2021-02-01,project_area,SPI-6,1989.5463,2.0438,extremely_wet,CHIRPS v2 Final
2022-02-01,project_area,SPI-6,1776.7297,1.2709,wet,CHIRPS v2 Final
2023-02-01,project_area,SPI-6,1732.3581,1.1022,wet,CHIRPS v2 Final
2024-02-01,project_area,SPI-6,1325.4073,-0.5982,normal,CHIRPS v2 Final
2025-02-01,project_area,SPI-6,1641.9866,0.7496,normal,CHIRPS v2 Final
1982-03-01,project_area,SPI-6,1542.3614,-0.6995,normal,CHIRPS v2 Final
1983-03-01,project_area,SPI-6,1457.1525,-1.2251,moderate_dry,CHIRPS v2 Final
1984-03-01,project_area,SPI-6,1638.1918,-0.1311,normal,CHIRPS v2 Final
1985-03-01,project_area,SPI-6,1644.5387,-0.0942,normal,CHIRPS v2 Final
1986-03-01,project_area,SPI-6,1670.3623,0.0547,normal,CHIRPS v2 Final
1987-03-01,project_area,SPI-6,1780.4112,0.6729,normal,CHIRPS v2 Final
1988-03-01,project_area,SPI-6,1512.0661,-0.8841,normal,CHIRPS v2 Final
1989-03-01,project_area,SPI-6,1825.5786,0.9193,normal,CHIRPS v2 Final
1990-03-01,project_area,SPI-6,1580.9779,-0.4677,normal,CHIRPS v2 Final
1991-03-01,project_area,SPI-6,1673.5321,0.0729,normal,CHIRPS v2 Final
1992-03-01,project_area,SPI-6,1648.1653,-0.0732,normal,CHIRPS v2 Final
1993-03-01,project_area,SPI-6,1643.5958,-0.0997,normal,CHIRPS v2 Final
1994-03-01,project_area,SPI-6,1695.5166,0.1983,normal,CHIRPS v2 Final
1995-03-01,project_area,SPI-6,1612.9881,-0.2784,normal,CHIRPS v2 Final
1996-03-01,project_area,SPI-6,1731.2940,0.4002,normal,CHIRPS v2 Final
1997-03-01,project_area,SPI-6,1462.9870,-1.1885,moderate_dry,CHIRPS v2 Final
1998-03-01,project_area,SPI-6,1330.6144,-2.0454,extreme_drought,CHIRPS v2 Final
1999-03-01,project_area,SPI-6,1646.6510,-0.0820,normal,CHIRPS v2 Final
2000-03-01,project_area,SPI-6,1945.8542,1.5563,very_wet,CHIRPS v2 Final
2001-03-01,project_area,SPI-6,1615.5330,-0.2634,normal,CHIRPS v2 Final
2002-03-01,project_area,SPI-6,1712.9385,0.2970,normal,CHIRPS v2 Final
2003-03-01,project_area,SPI-6,1446.8092,-1.2903,moderate_dry,CHIRPS v2 Final
2004-03-01,project_area,SPI-6,1898.0762,1.3064,wet,CHIRPS v2 Final
2005-03-01,project_area,SPI-6,1228.1198,-2.7497,extreme_drought,CHIRPS v2 Final
2006-03-01,project_area,SPI-6,1743.6332,0.4692,normal,CHIRPS v2 Final
2007-03-01,project_area,SPI-6,1379.4336,-1.7229,severe_drought,CHIRPS v2 Final
2008-03-01,project_area,SPI-6,1694.1172,0.1904,normal,CHIRPS v2 Final
2009-03-01,project_area,SPI-6,1849.3441,1.0473,wet,CHIRPS v2 Final
2010-03-01,project_area,SPI-6,1840.6427,1.0005,wet,CHIRPS v2 Final
2011-03-01,project_area,SPI-6,1729.5118,0.3902,normal,CHIRPS v2 Final
2012-03-01,project_area,SPI-6,2057.2337,2.1234,extremely_wet,CHIRPS v2 Final
2013-03-01,project_area,SPI-6,1693.7008,0.1880,normal,CHIRPS v2 Final
2014-03-01,project_area,SPI-6,1559.8860,-0.5938,normal,CHIRPS v2 Final
2015-03-01,project_area,SPI-6,1513.4183,-0.8758,normal,CHIRPS v2 Final
2016-03-01,project_area,SPI-6,1628.4261,-0.1880,normal,CHIRPS v2 Final
2017-03-01,project_area,SPI-6,1848.1257,1.0407,wet,CHIRPS v2 Final
2018-03-01,project_area,SPI-6,1607.5792,-0.3102,normal,CHIRPS v2 Final
2019-03-01,project_area,SPI-6,1579.2187,-0.4782,normal,CHIRPS v2 Final
2020-03-01,project_area,SPI-6,1566.3012,-0.5553,normal,CHIRPS v2 Final
2021-03-01,project_area,SPI-6,2086.2958,2.2681,extremely_wet,CHIRPS v2 Final
2022-03-01,project_area,SPI-6,1801.4610,0.7882,normal,CHIRPS v2 Final
2023-03-01,project_area,SPI-6,1781.5162,0.6790,normal,CHIRPS v2 Final
2024-03-01,project_area,SPI-6,1597.2033,-0.3714,normal,CHIRPS v2 Final
2025-03-01,project_area,SPI-6,1841.9939,1.0078,wet,CHIRPS v2 Final
1982-04-01,project_area,SPI-6,1551.4027,-1.3934,moderate_dry,CHIRPS v2 Final
1983-04-01,project_area,SPI-6,1567.8694,-1.2541,moderate_dry,CHIRPS v2 Final
1984-04-01,project_area,SPI-6,1657.6267,-0.5116,normal,CHIRPS v2 Final
1985-04-01,project_area,SPI-6,1739.2502,0.1406,normal,CHIRPS v2 Final
1986-04-01,project_area,SPI-6,1896.4274,1.3413,wet,CHIRPS v2 Final
1987-04-01,project_area,SPI-6,1634.7955,-0.6978,normal,CHIRPS v2 Final
1988-04-01,project_area,SPI-6,1724.9214,0.0276,normal,CHIRPS v2 Final
1989-04-01,project_area,SPI-6,1703.8000,-0.1401,normal,CHIRPS v2 Final
1990-04-01,project_area,SPI-6,1503.0417,-1.8083,severe_drought,CHIRPS v2 Final
1991-04-01,project_area,SPI-6,1725.0872,0.0289,normal,CHIRPS v2 Final
1992-04-01,project_area,SPI-6,1834.9958,0.8802,normal,CHIRPS v2 Final
1993-04-01,project_area,SPI-6,1660.1618,-0.4910,normal,CHIRPS v2 Final
1994-04-01,project_area,SPI-6,1743.1263,0.1711,normal,CHIRPS v2 Final
1995-04-01,project_area,SPI-6,1713.0852,-0.0662,normal,CHIRPS v2 Final
1996-04-01,project_area,SPI-6,1654.7713,-0.5348,normal,CHIRPS v2 Final
1997-04-01,project_area,SPI-6,1389.7692,-2.8167,extreme_drought,CHIRPS v2 Final
1998-04-01,project_area,SPI-6,1543.3211,-1.4621,moderate_dry,CHIRPS v2 Final
1999-04-01,project_area,SPI-6,1663.1475,-0.4668,normal,CHIRPS v2 Final
2000-04-01,project_area,SPI-6,1768.0682,0.3660,normal,CHIRPS v2 Final
2001-04-01,project_area,SPI-6,1711.1559,-0.0815,normal,CHIRPS v2 Final
2002-04-01,project_area,SPI-6,1668.4893,-0.4236,normal,CHIRPS v2 Final
2003-04-01,project_area,SPI-6,1683.2443,-0.3046,normal,CHIRPS v2 Final
2004-04-01,project_area,SPI-6,1847.5735,0.9754,normal,CHIRPS v2 Final
2005-04-01,project_area,SPI-6,1493.1342,-1.8944,severe_drought,CHIRPS v2 Final
2006-04-01,project_area,SPI-6,1710.4095,-0.0874,normal,CHIRPS v2 Final
2007-04-01,project_area,SPI-6,1696.1144,-0.2014,normal,CHIRPS v2 Final
2008-04-01,project_area,SPI-6,1678.3530,-0.3440,normal,CHIRPS v2 Final
2009-04-01,project_area,SPI-6,1808.2097,0.6759,normal,CHIRPS v2 Final
2010-04-01,project_area,SPI-6,1891.1519,1.3021,wet,CHIRPS v2 Final
2011-04-01,project_area,SPI-6,1622.6580,-0.7976,normal,CHIRPS v2 Final
2012-04-01,project_area,SPI-6,1957.8508,1.7925,very_wet,CHIRPS v2 Final
2013-04-01,project_area,SPI-6,1750.3012,0.2273,normal,CHIRPS v2 Final
2014-04-01,project_area,SPI-6,1696.8249,-0.1958,normal,CHIRPS v2 Final
2015-04-01,project_area,SPI-6,1822.5875,0.7858,normal,CHIRPS v2 Final
2016-04-01,project_area,SPI-6,1873.6388,1.1714,wet,CHIRPS v2 Final
2017-04-01,project_area,SPI-6,1748.5981,0.2140,normal,CHIRPS v2 Final
2018-04-01,project_area,SPI-6,1695.1348,-0.2093,normal,CHIRPS v2 Final
2019-04-01,project_area,SPI-6,1797.8006,0.5960,normal,CHIRPS v2 Final
2020-04-01,project_area,SPI-6,1884.0742,1.2494,wet,CHIRPS v2 Final
2021-04-01,project_area,SPI-6,2008.6599,2.1588,extremely_wet,CHIRPS v2 Final
2022-04-01,project_area,SPI-6,1678.3457,-0.3440,normal,CHIRPS v2 Final
2023-04-01,project_area,SPI-6,1735.5563,0.1115,normal,CHIRPS v2 Final
2024-04-01,project_area,SPI-6,1817.8289,0.7495,normal,CHIRPS v2 Final
2025-04-01,project_area,SPI-6,1926.4545,1.5631,very_wet,CHIRPS v2 Final
1982-05-01,project_area,SPI-6,1518.9309,-1.1713,moderate_dry,CHIRPS v2 Final
1983-05-01,project_area,SPI-6,1890.7773,0.9790,normal,CHIRPS v2 Final
1984-05-01,project_area,SPI-6,1716.6909,0.0112,normal,CHIRPS v2 Final
1985-05-01,project_area,SPI-6,1759.3066,0.2539,normal,CHIRPS v2 Final
1986-05-01,project_area,SPI-6,1782.0069,0.3816,normal,CHIRPS v2 Final
1987-05-01,project_area,SPI-6,1627.9481,-0.5075,normal,CHIRPS v2 Final
1988-05-01,project_area,SPI-6,1779.0377,0.3650,normal,CHIRPS v2 Final
1989-05-01,project_area,SPI-6,1745.7024,0.1769,normal,CHIRPS v2 Final
1990-05-01,project_area,SPI-6,1465.8006,-1.5065,severe_drought,CHIRPS v2 Final
1991-05-01,project_area,SPI-6,1878.2124,0.9112,normal,CHIRPS v2 Final
1992-05-01,project_area,SPI-6,1863.5378,0.8316,normal,CHIRPS v2 Final
1993-05-01,project_area,SPI-6,1803.7404,0.5029,normal,CHIRPS v2 Final
1994-05-01,project_area,SPI-6,1570.1923,-0.8553,normal,CHIRPS v2 Final
1995-05-01,project_area,SPI-6,1713.2554,-0.0085,normal,CHIRPS v2 Final
1996-05-01,project_area,SPI-6,1438.0483,-1.6848,severe_drought,CHIRPS v2 Final
1997-05-01,project_area,SPI-6,1257.7326,-2.9046,extreme_drought,CHIRPS v2 Final
1998-05-01,project_area,SPI-6,1600.0207,-0.6746,normal,CHIRPS v2 Final
1999-05-01,project_area,SPI-6,1668.5074,-0.2681,normal,CHIRPS v2 Final
2000-05-01,project_area,SPI-6,1742.2688,0.1574,normal,CHIRPS v2 Final
2001-05-01,project_area,SPI-6,1684.8095,-0.1730,normal,CHIRPS v2 Final
2002-05-01,project_area,SPI-6,1576.5268,-0.8167,normal,CHIRPS v2 Final
2003-05-01,project_area,SPI-6,1559.0890,-0.9231,normal,CHIRPS v2 Final
2004-05-01,project_area,SPI-6,1795.5790,0.4575,normal,CHIRPS v2 Final
2005-05-01,project_area,SPI-6,1456.3000,-1.5672,severe_drought,CHIRPS v2 Final
2006-05-01,project_area,SPI-6,1697.7902,-0.0977,normal,CHIRPS v2 Final
2007-05-01,project_area,SPI-6,1701.0353,-0.0790,normal,CHIRPS v2 Final
2008-05-01,project_area,SPI-6,1672.6193,-0.2441,normal,CHIRPS v2 Final
2009-05-01,project_area,SPI-6,1652.4656,-0.3623,normal,CHIRPS v2 Final
2010-05-01,project_area,SPI-6,1985.6445,1.4817,wet,CHIRPS v2 Final
2011-05-01,project_area,SPI-6,1478.3397,-1.4266,moderate_dry,CHIRPS v2 Final
2012-05-01,project_area,SPI-6,1607.2024,-0.6314,normal,CHIRPS v2 Final
2013-05-01,project_area,SPI-6,1889.7647,0.9735,normal,CHIRPS v2 Final
2014-05-01,project_area,SPI-6,1754.4716,0.2266,normal,CHIRPS v2 Final
2015-05-01,project_area,SPI-6,1821.9521,0.6037,normal,CHIRPS v2 Final
2016-05-01,project_area,SPI-6,2164.1524,2.3863,extremely_wet,CHIRPS v2 Final
2017-05-01,project_area,SPI-6,1771.1272,0.3206,normal,CHIRPS v2 Final
2018-05-01,project_area,SPI-6,1794.2858,0.4503,normal,CHIRPS v2 Final
2019-05-01,project_area,SPI-6,1744.9335,0.1725,normal,CHIRPS v2 Final
2020-05-01,project_area,SPI-6,2021.4590,1.6673,very_wet,CHIRPS v2 Final
2021-05-01,project_area,SPI-6,1951.7658,1.3040,wet,CHIRPS v2 Final
2022-05-01,project_area,SPI-6,1665.4320,-0.2861,normal,CHIRPS v2 Final
2023-05-01,project_area,SPI-6,1606.5878,-0.6351,normal,CHIRPS v2 Final
2024-05-01,project_area,SPI-6,1815.6967,0.5692,normal,CHIRPS v2 Final
2025-05-01,project_area,SPI-6,2016.8415,1.6435,very_wet,CHIRPS v2 Final
1981-06-01,project_area,SPI-6,1379.6025,-1.0549,moderate_dry,CHIRPS v2 Final
1982-06-01,project_area,SPI-6,1341.7838,-1.2495,moderate_dry,CHIRPS v2 Final
1983-06-01,project_area,SPI-6,1795.4899,0.8814,normal,CHIRPS v2 Final
1984-06-01,project_area,SPI-6,1478.7519,-0.5611,normal,CHIRPS v2 Final
1985-06-01,project_area,SPI-6,1629.5727,0.1491,normal,CHIRPS v2 Final
1986-06-01,project_area,SPI-6,1818.8315,0.9808,normal,CHIRPS v2 Final
1987-06-01,project_area,SPI-6,1565.8340,-0.1455,normal,CHIRPS v2 Final
1988-06-01,project_area,SPI-6,1687.3074,0.4093,normal,CHIRPS v2 Final
1989-06-01,project_area,SPI-6,1531.5335,-0.3073,normal,CHIRPS v2 Final
1990-06-01,project_area,SPI-6,1389.4296,-1.0049,moderate_dry,CHIRPS v2 Final
1991-06-01,project_area,SPI-6,1580.3061,-0.0779,normal,CHIRPS v2 Final
1992-06-01,project_area,SPI-6,1620.0217,0.1054,normal,CHIRPS v2 Final
1993-06-01,project_area,SPI-6,1788.1289,0.8499,normal,CHIRPS v2 Final
1994-06-01,project_area,SPI-6,1555.4933,-0.1940,normal,CHIRPS v2 Final
1995-06-01,project_area,SPI-6,1692.8728,0.4341,normal,CHIRPS v2 Final
1996-06-01,project_area,SPI-6,1369.6816,-1.1056,moderate_dry,CHIRPS v2 Final
1997-06-01,project_area,SPI-6,989.4972,-3.2732,extreme_drought,CHIRPS v2 Final
1998-06-01,project_area,SPI-6,1652.9121,0.2550,normal,CHIRPS v2 Final
1999-06-01,project_area,SPI-6,1621.7429,0.1133,normal,CHIRPS v2 Final
2000-06-01,project_area,SPI-6,1678.3815,0.3695,normal,CHIRPS v2 Final
2001-06-01,project_area,SPI-6,1599.9954,0.0134,normal,CHIRPS v2 Final
2002-06-01,project_area,SPI-6,1545.0507,-0.2432,normal,CHIRPS v2 Final
2003-06-01,project_area,SPI-6,1347.4727,-1.2200,moderate_dry,CHIRPS v2 Final
2004-06-01,project_area,SPI-6,1452.6016,-0.6891,normal,CHIRPS v2 Final
2005-06-01,project_area,SPI-6,1264.9452,-1.6567,severe_drought,CHIRPS v2 Final
2006-06-01,project_area,SPI-6,1795.3572,0.8809,normal,CHIRPS v2 Final
2007-06-01,project_area,SPI-6,1608.3424,0.0518,normal,CHIRPS v2 Final
2008-06-01,project_area,SPI-6,1569.1978,-0.1297,normal,CHIRPS v2 Final
2009-06-01,project_area,SPI-6,1442.8328,-0.7373,normal,CHIRPS v2 Final
2010-06-01,project_area,SPI-6,1969.6598,1.6036,very_wet,CHIRPS v2 Final
2011-06-01,project_area,SPI-6,1337.4869,-1.2719,moderate_dry,CHIRPS v2 Final
2012-06-01,project_area,SPI-6,1256.0342,-1.7050,severe_drought,CHIRPS v2 Final
2013-06-01,project_area,SPI-6,1684.9568,0.3988,normal,CHIRPS v2 Final
2014-06-01,project_area,SPI-6,1670.4920,0.3341,normal,CHIRPS v2 Final
2015-06-01,project_area,SPI-6,1637.4613,0.1850,normal,CHIRPS v2 Final
2016-06-01,project_area,SPI-6,1930.7796,1.4461,wet,CHIRPS v2 Final
2017-06-01,project_area,SPI-6,1740.6896,0.6447,normal,CHIRPS v2 Final
2018-06-01,project_area,SPI-6,1723.4105,0.5690,normal,CHIRPS v2 Final
2019-06-01,project_area,SPI-6,1608.8660,0.0542,normal,CHIRPS v2 Final
2020-06-01,project_area,SPI-6,1971.9339,1.6127,very_wet,CHIRPS v2 Final
2021-06-01,project_area,SPI-6,2017.3151,1.7938,very_wet,CHIRPS v2 Final
2022-06-01,project_area,SPI-6,1777.6860,0.8051,normal,CHIRPS v2 Final
2023-06-01,project_area,SPI-6,1480.8130,-0.5511,normal,CHIRPS v2 Final
2024-06-01,project_area,SPI-6,1780.0978,0.8154,normal,CHIRPS v2 Final
2025-06-01,project_area,SPI-6,1928.5760,1.4372,wet,CHIRPS v2 Final
1981-07-01,project_area,SPI-6,1532.0365,0.2108,normal,CHIRPS v2 Final
1982-07-01,project_area,SPI-6,1087.6449,-1.7312,severe_drought,CHIRPS v2 Final
1983-07-01,project_area,SPI-6,1712.1850,0.8897,normal,CHIRPS v2 Final
1984-07-01,project_area,SPI-6,1495.1934,0.0655,normal,CHIRPS v2 Final
1985-07-01,project_area,SPI-6,1778.8984,1.1291,wet,CHIRPS v2 Final
1986-07-01,project_area,SPI-6,1778.0776,1.1262,wet,CHIRPS v2 Final
1987-07-01,project_area,SPI-6,1293.4148,-0.7760,normal,CHIRPS v2 Final
1988-07-01,project_area,SPI-6,1522.2560,0.1724,normal,CHIRPS v2 Final
1989-07-01,project_area,SPI-6,1419.6421,-0.2401,normal,CHIRPS v2 Final
1990-07-01,project_area,SPI-6,1346.1086,-0.5482,normal,CHIRPS v2 Final
1991-07-01,project_area,SPI-6,1261.2208,-0.9183,normal,CHIRPS v2 Final
1992-07-01,project_area,SPI-6,1509.9977,0.1241,normal,CHIRPS v2 Final
1993-07-01,project_area,SPI-6,1687.8726,0.8009,normal,CHIRPS v2 Final
1994-07-01,project_area,SPI-6,1306.6600,-0.7182,normal,CHIRPS v2 Final
1995-07-01,project_area,SPI-6,1535.0942,0.2227,normal,CHIRPS v2 Final
1996-07-01,project_area,SPI-6,1158.3028,-1.3903,moderate_dry,CHIRPS v2 Final
1997-07-01,project_area,SPI-6,843.6464,-3.0408,extreme_drought,CHIRPS v2 Final
1998-07-01,project_area,SPI-6,1745.6174,1.0104,wet,CHIRPS v2 Final
1999-07-01,project_area,SPI-6,1488.6546,0.0394,normal,CHIRPS v2 Final
2000-07-01,project_area,SPI-6,1499.9082,0.0842,normal,CHIRPS v2 Final
2001-07-01,project_area,SPI-6,1491.2840,0.0499,normal,CHIRPS v2 Final
2002-07-01,project_area,SPI-6,1347.4795,-0.5424,normal,CHIRPS v2 Final
2003-07-01,project_area,SPI-6,1108.2311,-1.6303,severe_drought,CHIRPS v2 Final
2004-07-01,project_area,SPI-6,1287.0544,-0.8039,normal,CHIRPS v2 Final
2005-07-01,project_area,SPI-6,1229.3757,-1.0615,moderate_dry,CHIRPS v2 Final
2006-07-01,project_area,SPI-6,1532.7885,0.2137,normal,CHIRPS v2 Final
2007-07-01,project_area,SPI-6,1697.9392,0.8378,normal,CHIRPS v2 Final
2008-07-01,project_area,SPI-6,1498.7023,0.0794,normal,CHIRPS v2 Final
2009-07-01,project_area,SPI-6,1291.2323,-0.7856,normal,CHIRPS v2 Final
2010-07-01,project_area,SPI-6,2077.4306,2.1339,extremely_wet,CHIRPS v2 Final
2011-07-01,project_area,SPI-6,1142.7224,-1.4642,moderate_dry,CHIRPS v2 Final
2012-07-01,project_area,SPI-6,1274.7141,-0.8584,normal,CHIRPS v2 Final
2013-07-01,project_area,SPI-6,1683.7633,0.7858,normal,CHIRPS v2 Final
2014-07-01,project_area,SPI-6,1520.6088,0.1660,normal,CHIRPS v2 Final
2015-07-01,project_area,SPI-6,1426.0518,-0.2138,normal,CHIRPS v2 Final
2016-07-01,project_area,SPI-6,1826.2042,1.2953,wet,CHIRPS v2 Final
2017-07-01,project_area,SPI-6,1594.2269,0.4508,normal,CHIRPS v2 Final
2018-07-01,project_area,SPI-6,1544.2756,0.2585,normal,CHIRPS v2 Final
2019-07-01,project_area,SPI-6,1321.9527,-0.6519,normal,CHIRPS v2 Final
2020-07-01,project_area,SPI-6,1922.7527,1.6260,very_wet,CHIRPS v2 Final
2021-07-01,project_area,SPI-6,1855.9886,1.3985,wet,CHIRPS v2 Final
2022-07-01,project_area,SPI-6,1826.5725,1.2966,wet,CHIRPS v2 Final
2023-07-01,project_area,SPI-6,1492.3759,0.0543,normal,CHIRPS v2 Final
2024-07-01,project_area,SPI-6,1532.6670,0.2132,normal,CHIRPS v2 Final
2025-07-01,project_area,SPI-6,1648.8394,0.6566,normal,CHIRPS v2 Final
1981-08-01,project_area,SPI-6,1343.4287,0.0942,normal,CHIRPS v2 Final
1982-08-01,project_area,SPI-6,848.8788,-1.8930,severe_drought,CHIRPS v2 Final
1983-08-01,project_area,SPI-6,1491.4420,0.5899,normal,CHIRPS v2 Final
1984-08-01,project_area,SPI-6,1352.4532,0.1254,normal,CHIRPS v2 Final
1985-08-01,project_area,SPI-6,1640.5629,1.0574,wet,CHIRPS v2 Final
1986-08-01,project_area,SPI-6,1605.9356,0.9514,normal,CHIRPS v2 Final
1987-08-01,project_area,SPI-6,1088.5545,-0.8529,normal,CHIRPS v2 Final
1988-08-01,project_area,SPI-6,1579.8283,0.8705,normal,CHIRPS v2 Final
1989-08-01,project_area,SPI-6,1363.3426,0.1629,normal,CHIRPS v2 Final
1990-08-01,project_area,SPI-6,1174.6914,-0.5176,normal,CHIRPS v2 Final
1991-08-01,project_area,SPI-6,1020.5247,-1.1307,moderate_dry,CHIRPS v2 Final
1992-08-01,project_area,SPI-6,1326.0799,0.0337,normal,CHIRPS v2 Final
1993-08-01,project_area,SPI-6,1506.7319,0.6392,normal,CHIRPS v2 Final
1994-08-01,project_area,SPI-6,1135.0637,-0.6697,normal,CHIRPS v2 Final
1995-08-01,project_area,SPI-6,1340.8061,0.0851,normal,CHIRPS v2 Final
1996-08-01,project_area,SPI-6,1219.0601,-0.3513,normal,CHIRPS v2 Final
1997-08-01,project_area,SPI-6,682.5755,-2.7416,extreme_drought,CHIRPS v2 Final
1998-08-01,project_area,SPI-6,1745.6016,1.3702,wet,CHIRPS v2 Final
1999-08-01,project_area,SPI-6,1316.3597,-0.0004,normal,CHIRPS v2 Final
2000-08-01,project_area,SPI-6,1489.9817,0.5851,normal,CHIRPS v2 Final
2001-08-01,project_area,SPI-6,1322.9542,0.0228,normal,CHIRPS v2 Final
2002-08-01,project_area,SPI-6,1083.9683,-0.8713,normal,CHIRPS v2 Final
2003-08-01,project_area,SPI-6,895.8320,-1.6747,severe_drought,CHIRPS v2 Final
2004-08-01,project_area,SPI-6,1105.2601,-0.7865,normal,CHIRPS v2 Final
2005-08-01,project_area,SPI-6,1081.6464,-0.8806,normal,CHIRPS v2 Final
2006-08-01,project_area,SPI-6,1262.6749,-0.1917,normal,CHIRPS v2 Final
2007-08-01,project_area,SPI-6,1577.3197,0.8627,normal,CHIRPS v2 Final
2008-08-01,project_area,SPI-6,1505.5981,0.6355,normal,CHIRPS v2 Final
2009-08-01,project_area,SPI-6,1089.2215,-0.8503,normal,CHIRPS v2 Final
2010-08-01,project_area,SPI-6,2123.7561,2.4044,extremely_wet,CHIRPS v2 Final
2011-08-01,project_area,SPI-6,1040.7949,-1.0467,moderate_dry,CHIRPS v2 Final
2012-08-01,project_area,SPI-6,1059.7444,-0.9691,normal,CHIRPS v2 Final
2013-08-01,project_area,SPI-6,1609.6399,0.9628,normal,CHIRPS v2 Final
2014-08-01,project_area,SPI-6,1366.9002,0.1751,normal,CHIRPS v2 Final
2015-08-01,project_area,SPI-6,1068.6115,-0.9331,normal,CHIRPS v2 Final
2016-08-01,project_area,SPI-6,1617.2171,0.9861,normal,CHIRPS v2 Final
2017-08-01,project_area,SPI-6,1433.8126,0.4009,normal,CHIRPS v2 Final
2018-08-01,project_area,SPI-6,1295.7374,-0.0732,normal,CHIRPS v2 Final
2019-08-01,project_area,SPI-6,1002.7111,-1.2055,moderate_dry,CHIRPS v2 Final
2020-08-01,project_area,SPI-6,1736.2179,1.3427,wet,CHIRPS v2 Final
2021-08-01,project_area,SPI-6,1519.0946,0.6788,normal,CHIRPS v2 Final
2022-08-01,project_area,SPI-6,1789.3388,1.4968,wet,CHIRPS v2 Final
2023-08-01,project_area,SPI-6,1200.8907,-0.4189,normal,CHIRPS v2 Final
2024-08-01,project_area,SPI-6,1433.9443,0.4014,normal,CHIRPS v2 Final
2025-08-01,project_area,SPI-6,1667.5368,1.1389,wet,CHIRPS v2 Final
1981-09-01,project_area,SPI-6,1177.5409,0.1911,normal,CHIRPS v2 Final
1982-09-01,project_area,SPI-6,543.6208,-2.0832,extreme_drought,CHIRPS v2 Final
1983-09-01,project_area,SPI-6,1261.9798,0.4239,normal,CHIRPS v2 Final
1984-09-01,project_area,SPI-6,1244.8890,0.3776,normal,CHIRPS v2 Final
1985-09-01,project_area,SPI-6,1493.7386,1.0140,wet,CHIRPS v2 Final
1986-09-01,project_area,SPI-6,1297.5005,0.5187,normal,CHIRPS v2 Final
1987-09-01,project_area,SPI-6,866.0638,-0.7796,normal,CHIRPS v2 Final
1988-09-01,project_area,SPI-6,1495.1323,1.0173,wet,CHIRPS v2 Final
1989-09-01,project_area,SPI-6,1303.2981,0.5340,normal,CHIRPS v2 Final
1990-09-01,project_area,SPI-6,913.1347,-0.6192,normal,CHIRPS v2 Final
1991-09-01,project_area,SPI-6,639.8105,-1.6479,severe_drought,CHIRPS v2 Final
1992-09-01,project_area,SPI-6,1162.2141,0.1477,normal,CHIRPS v2 Final
1993-09-01,project_area,SPI-6,1289.0513,0.4963,normal,CHIRPS v2 Final
1994-09-01,project_area,SPI-6,738.7215,-1.2458,moderate_dry,CHIRPS v2 Final
1995-09-01,project_area,SPI-6,1134.8888,0.0693,normal,CHIRPS v2 Final
1996-09-01,project_area,SPI-6,971.0727,-0.4293,normal,CHIRPS v2 Final
1997-09-01,project_area,SPI-6,545.9511,-2.0721,extreme_drought,CHIRPS v2 Final
1998-09-01,project_area,SPI-6,1665.5487,1.4138,wet,CHIRPS v2 Final
1999-09-01,project_area,SPI-6,1260.4880,0.4198,normal,CHIRPS v2 Final
2000-09-01,project_area,SPI-6,1333.6313,0.6134,normal,CHIRPS v2 Final
2001-09-01,project_area,SPI-6,1223.7185,0.3197,normal,CHIRPS v2 Final
2002-09-01,project_area,SPI-6,793.4804,-1.0390,moderate_dry,CHIRPS v2 Final
2003-09-01,project_area,SPI-6,754.4365,-1.1854,moderate_dry,CHIRPS v2 Final
2004-09-01,project_area,SPI-6,923.7543,-0.5838,normal,CHIRPS v2 Final
2005-09-01,project_area,SPI-6,874.5656,-0.7502,normal,CHIRPS v2 Final
2006-09-01,project_area,SPI-6,965.4123,-0.4475,normal,CHIRPS v2 Final
2007-09-01,project_area,SPI-6,1333.3637,0.6127,normal,CHIRPS v2 Final
2008-09-01,project_area,SPI-6,1263.9985,0.4293,normal,CHIRPS v2 Final
2009-09-01,project_area,SPI-6,769.6913,-1.1276,moderate_dry,CHIRPS v2 Final
2010-09-01,project_area,SPI-6,2214.2383,2.5361,extremely_wet,CHIRPS v2 Final
2011-09-01,project_area,SPI-6,810.8491,-0.9755,normal,CHIRPS v2 Final
2012-09-01,project_area,SPI-6,859.8320,-0.8013,normal,CHIRPS v2 Final
2013-09-01,project_area,SPI-6,1328.1517,0.5991,normal,CHIRPS v2 Final
2014-09-01,project_area,SPI-6,986.4557,-0.3802,normal,CHIRPS v2 Final
2015-09-01,project_area,SPI-6,799.8586,-1.0156,moderate_dry,CHIRPS v2 Final
2016-09-01,project_area,SPI-6,1523.2236,1.0846,wet,CHIRPS v2 Final
2017-09-01,project_area,SPI-6,1305.6266,0.5401,normal,CHIRPS v2 Final
2018-09-01,project_area,SPI-6,1081.1442,-0.0886,normal,CHIRPS v2 Final
2019-09-01,project_area,SPI-6,798.6410,-1.0201,moderate_dry,CHIRPS v2 Final
2020-09-01,project_area,SPI-6,1548.8009,1.1452,wet,CHIRPS v2 Final
2021-09-01,project_area,SPI-6,1528.3917,1.0969,wet,CHIRPS v2 Final
2022-09-01,project_area,SPI-6,1777.3478,1.6598,very_wet,CHIRPS v2 Final
2023-09-01,project_area,SPI-6,888.0146,-0.7041,normal,CHIRPS v2 Final
2024-09-01,project_area,SPI-6,1295.1998,0.5126,normal,CHIRPS v2 Final
2025-09-01,project_area,SPI-6,1581.9486,1.2228,wet,CHIRPS v2 Final
1981-10-01,project_area,SPI-6,1129.1914,0.2230,normal,CHIRPS v2 Final
1982-10-01,project_area,SPI-6,417.0619,-1.8513,severe_drought,CHIRPS v2 Final
1983-10-01,project_area,SPI-6,1333.0921,0.6376,normal,CHIRPS v2 Final
1984-10-01,project_area,SPI-6,1117.8927,0.1986,normal,CHIRPS v2 Final
1985-10-01,project_area,SPI-6,1401.0208,0.7663,normal,CHIRPS v2 Final
1986-10-01,project_area,SPI-6,1316.3446,0.6052,normal,CHIRPS v2 Final
1987-10-01,project_area,SPI-6,659.0370,-0.9765,normal,CHIRPS v2 Final
1988-10-01,project_area,SPI-6,1537.2262,1.0128,wet,CHIRPS v2 Final
1989-10-01,project_area,SPI-6,1412.0028,0.7868,normal,CHIRPS v2 Final
1990-10-01,project_area,SPI-6,872.1429,-0.3782,normal,CHIRPS v2 Final
1991-10-01,project_area,SPI-6,484.3783,-1.5778,severe_drought,CHIRPS v2 Final
1992-10-01,project_area,SPI-6,1160.9432,0.2906,normal,CHIRPS v2 Final
1993-10-01,project_area,SPI-6,1205.6647,0.3839,normal,CHIRPS v2 Final
1994-10-01,project_area,SPI-6,647.2831,-1.0132,moderate_dry,CHIRPS v2 Final
1995-10-01,project_area,SPI-6,1101.6420,0.1633,normal,CHIRPS v2 Final
1996-10-01,project_area,SPI-6,1249.5850,0.4732,normal,CHIRPS v2 Final
1997-10-01,project_area,SPI-6,241.8343,-2.7585,extreme_drought,CHIRPS v2 Final
1998-10-01,project_area,SPI-6,1660.1219,1.2232,wet,CHIRPS v2 Final
1999-10-01,project_area,SPI-6,1444.6214,0.8469,normal,CHIRPS v2 Final
2000-10-01,project_area,SPI-6,1295.7829,0.5650,normal,CHIRPS v2 Final
2001-10-01,project_area,SPI-6,1247.9537,0.4699,normal,CHIRPS v2 Final
2002-10-01,project_area,SPI-6,587.1274,-1.2086,moderate_dry,CHIRPS v2 Final
2003-10-01,project_area,SPI-6,747.7720,-0.7132,normal,CHIRPS v2 Final
2004-10-01,project_area,SPI-6,708.9485,-0.8256,normal,CHIRPS v2 Final
2005-10-01,project_area,SPI-6,814.7274,-0.5285,normal,CHIRPS v2 Final
2006-10-01,project_area,SPI-6,734.8526,-0.7501,normal,CHIRPS v2 Final
2007-10-01,project_area,SPI-6,1273.0310,0.5201,normal,CHIRPS v2 Final
2008-10-01,project_area,SPI-6,1317.3668,0.6071,normal,CHIRPS v2 Final
2009-10-01,project_area,SPI-6,733.3272,-0.7545,normal,CHIRPS v2 Final
2010-10-01,project_area,SPI-6,2352.4199,2.2540,extremely_wet,CHIRPS v2 Final
2011-10-01,project_area,SPI-6,840.3600,-0.4605,normal,CHIRPS v2 Final
2012-10-01,project_area,SPI-6,834.0821,-0.4770,normal,CHIRPS v2 Final
2013-10-01,project_area,SPI-6,1165.3999,0.3000,normal,CHIRPS v2 Final
2014-10-01,project_area,SPI-6,786.2214,-0.6058,normal,CHIRPS v2 Final
2015-10-01,project_area,SPI-6,478.1800,-1.6018,severe_drought,CHIRPS v2 Final
2016-10-01,project_area,SPI-6,1636.6192,1.1838,wet,CHIRPS v2 Final
2017-10-01,project_area,SPI-6,1207.9039,0.3885,normal,CHIRPS v2 Final
2018-10-01,project_area,SPI-6,948.4939,-0.1884,normal,CHIRPS v2 Final
2019-10-01,project_area,SPI-6,566.8326,-1.2777,moderate_dry,CHIRPS v2 Final
2020-10-01,project_area,SPI-6,1333.4851,0.6383,normal,CHIRPS v2 Final
2021-10-01,project_area,SPI-6,1711.5231,1.3083,wet,CHIRPS v2 Final
2022-10-01,project_area,SPI-6,1868.8156,1.5588,very_wet,CHIRPS v2 Final
2023-10-01,project_area,SPI-6,722.0759,-0.7871,normal,CHIRPS v2 Final
2024-10-01,project_area,SPI-6,1142.8458,0.2522,normal,CHIRPS v2 Final
2025-10-01,project_area,SPI-6,1624.2729,1.1629,wet,CHIRPS v2 Final
1981-11-01,project_area,SPI-6,1016.2536,-0.0515,normal,CHIRPS v2 Final
1982-11-01,project_area,SPI-6,405.8064,-2.0069,extreme_drought,CHIRPS v2 Final
1983-11-01,project_area,SPI-6,1062.1426,0.0575,normal,CHIRPS v2 Final
1984-11-01,project_area,SPI-6,1130.0623,0.2131,normal,CHIRPS v2 Final
1985-11-01,project_area,SPI-6,1410.3815,0.7970,normal,CHIRPS v2 Final
1986-11-01,project_area,SPI-6,1386.0154,0.7494,normal,CHIRPS v2 Final
1987-11-01,project_area,SPI-6,631.7053,-1.1318,moderate_dry,CHIRPS v2 Final
1988-11-01,project_area,SPI-6,1499.4134,0.9663,normal,CHIRPS v2 Final
1989-11-01,project_area,SPI-6,1390.3449,0.7579,normal,CHIRPS v2 Final
1990-11-01,project_area,SPI-6,735.6157,-0.8032,normal,CHIRPS v2 Final
1991-11-01,project_area,SPI-6,475.1990,-1.7074,severe_drought,CHIRPS v2 Final
1992-11-01,project_area,SPI-6,1165.5031,0.2919,normal,CHIRPS v2 Final
1993-11-01,project_area,SPI-6,1079.0763,0.0969,normal,CHIRPS v2 Final
1994-11-01,project_area,SPI-6,771.1164,-0.6983,normal,CHIRPS v2 Final
1995-11-01,project_area,SPI-6,1146.3748,0.2496,normal,CHIRPS v2 Final
1996-11-01,project_area,SPI-6,1383.4389,0.7444,normal,CHIRPS v2 Final
1997-11-01,project_area,SPI-6,373.2833,-2.1601,extreme_drought,CHIRPS v2 Final
1998-11-01,project_area,SPI-6,1676.7178,1.2850,wet,CHIRPS v2 Final
1999-11-01,project_area,SPI-6,1416.3977,0.8086,normal,CHIRPS v2 Final
2000-11-01,project_area,SPI-6,1362.4667,0.7030,normal,CHIRPS v2 Final
2001-11-01,project_area,SPI-6,1211.3511,0.3914,normal,CHIRPS v2 Final
2002-11-01,project_area,SPI-6,680.9077,-0.9719,normal,CHIRPS v2 Final
2003-11-01,project_area,SPI-6,919.9683,-0.2914,normal,CHIRPS v2 Final
2004-11-01,project_area,SPI-6,616.6080,-1.1826,moderate_dry,CHIRPS v2 Final
2005-11-01,project_area,SPI-6,998.4338,-0.0947,normal,CHIRPS v2 Final
2006-11-01,project_area,SPI-6,673.5094,-0.9954,normal,CHIRPS v2 Final
2007-11-01,project_area,SPI-6,1240.8154,0.4541,normal,CHIRPS v2 Final
2008-11-01,project_area,SPI-6,1469.1054,0.9094,normal,CHIRPS v2 Final
2009-11-01,project_area,SPI-6,837.3234,-0.5112,normal,CHIRPS v2 Final
2010-11-01,project_area,SPI-6,2322.1193,2.2902,extremely_wet,CHIRPS v2 Final
2011-11-01,project_area,SPI-6,1126.8777,0.2060,normal,CHIRPS v2 Final
2012-11-01,project_area,SPI-6,934.9729,-0.2529,normal,CHIRPS v2 Final
2013-11-01,project_area,SPI-6,1012.6005,-0.0603,normal,CHIRPS v2 Final
2014-11-01,project_area,SPI-6,748.3909,-0.7650,normal,CHIRPS v2 Final
2015-11-01,project_area,SPI-6,390.4351,-2.0781,extreme_drought,CHIRPS v2 Final
2016-11-01,project_area,SPI-6,1465.5404,0.9027,normal,CHIRPS v2 Final
2017-11-01,project_area,SPI-6,1218.5810,0.4069,normal,CHIRPS v2 Final
2018-11-01,project_area,SPI-6,775.5402,-0.6855,normal,CHIRPS v2 Final
2019-11-01,project_area,SPI-6,586.3810,-1.2870,moderate_dry,CHIRPS v2 Final
2020-11-01,project_area,SPI-6,1329.4917,0.6370,normal,CHIRPS v2 Final
2021-11-01,project_area,SPI-6,1712.6552,1.3469,wet,CHIRPS v2 Final
2022-11-01,project_area,SPI-6,1875.8038,1.6179,very_wet,CHIRPS v2 Final
2023-11-01,project_area,SPI-6,848.2554,-0.4813,normal,CHIRPS v2 Final
2024-11-01,project_area,SPI-6,1133.1506,0.2201,normal,CHIRPS v2 Final
2025-11-01,project_area,SPI-6,1611.2583,1.1700,wet,CHIRPS v2 Final
1981-12-01,project_area,SPI-6,1119.7304,-0.1384,normal,CHIRPS v2 Final
1982-12-01,project_area,SPI-6,625.5445,-1.8471,severe_drought,CHIRPS v2 Final
1983-12-01,project_area,SPI-6,1169.0656,0.0012,normal,CHIRPS v2 Final
1984-12-01,project_area,SPI-6,1421.8001,0.6608,normal,CHIRPS v2 Final
1985-12-01,project_area,SPI-6,1480.0341,0.8016,normal,CHIRPS v2 Final
1986-12-01,project_area,SPI-6,1270.2502,0.2757,normal,CHIRPS v2 Final
1987-12-01,project_area,SPI-6,790.0613,-1.1989,moderate_dry,CHIRPS v2 Final
1988-12-01,project_area,SPI-6,1658.1919,1.2111,wet,CHIRPS v2 Final
1989-12-01,project_area,SPI-6,1446.9387,0.7221,normal,CHIRPS v2 Final
1990-12-01,project_area,SPI-6,975.5450,-0.5718,normal,CHIRPS v2 Final
1991-12-01,project_area,SPI-6,769.3247,-1.2751,moderate_dry,CHIRPS v2 Final
1992-12-01,project_area,SPI-6,1356.0969,0.4974,normal,CHIRPS v2 Final
1993-12-01,project_area,SPI-6,1027.4117,-0.4112,normal,CHIRPS v2 Final
1994-12-01,project_area,SPI-6,851.1719,-0.9821,normal,CHIRPS v2 Final
1995-12-01,project_area,SPI-6,1167.5349,-0.0031,normal,CHIRPS v2 Final
1996-12-01,project_area,SPI-6,1433.3046,0.6890,normal,CHIRPS v2 Final
1997-12-01,project_area,SPI-6,655.7690,-1.7198,severe_drought,CHIRPS v2 Final
1998-12-01,project_area,SPI-6,1565.8606,1.0027,wet,CHIRPS v2 Final
1999-12-01,project_area,SPI-6,1539.5532,0.9419,normal,CHIRPS v2 Final
2000-12-01,project_area,SPI-6,1404.3980,0.6180,normal,CHIRPS v2 Final
2001-12-01,project_area,SPI-6,1283.6608,0.3109,normal,CHIRPS v2 Final
2002-12-01,project_area,SPI-6,730.8700,-1.4202,moderate_dry,CHIRPS v2 Final
2003-12-01,project_area,SPI-6,1273.3350,0.2838,normal,CHIRPS v2 Final
2004-12-01,project_area,SPI-6,821.9373,-1.0844,moderate_dry,CHIRPS v2 Final
2005-12-01,project_area,SPI-6,1120.5098,-0.1362,normal,CHIRPS v2 Final
2006-12-01,project_area,SPI-6,705.9265,-1.5172,severe_drought,CHIRPS v2 Final
2007-12-01,project_area,SPI-6,1275.7793,0.2902,normal,CHIRPS v2 Final
2008-12-01,project_area,SPI-6,1632.5470,1.1540,wet,CHIRPS v2 Final
2009-12-01,project_area,SPI-6,990.1750,-0.5259,normal,CHIRPS v2 Final
2010-12-01,project_area,SPI-6,2209.2224,2.3210,extremely_wet,CHIRPS v2 Final
2011-12-01,project_area,SPI-6,1566.5468,1.0043,wet,CHIRPS v2 Final
2012-12-01,project_area,SPI-6,1207.1362,0.1062,normal,CHIRPS v2 Final
2013-12-01,project_area,SPI-6,1159.2709,-0.0262,normal,CHIRPS v2 Final
2014-12-01,project_area,SPI-6,797.2825,-1.1727,moderate_dry,CHIRPS v2 Final
2015-12-01,project_area,SPI-6,731.5986,-1.4174,moderate_dry,CHIRPS v2 Final
2016-12-01,project_area,SPI-6,1510.2314,0.8732,normal,CHIRPS v2 Final
2017-12-01,project_area,SPI-6,1228.6228,0.1646,normal,CHIRPS v2 Final
2018-12-01,project_area,SPI-6,893.9616,-0.8366,normal,CHIRPS v2 Final
2019-12-01,project_area,SPI-6,647.5880,-1.7538,severe_drought,CHIRPS v2 Final
2020-12-01,project_area,SPI-6,1390.5969,0.5838,normal,CHIRPS v2 Final
2021-12-01,project_area,SPI-6,1682.1161,1.2639,wet,CHIRPS v2 Final
2022-12-01,project_area,SPI-6,1761.8784,1.4364,wet,CHIRPS v2 Final
2023-12-01,project_area,SPI-6,945.5904,-0.6672,normal,CHIRPS v2 Final
2024-12-01,project_area,SPI-6,1238.1309,0.1902,normal,CHIRPS v2 Final
2025-12-01,project_area,SPI-6,1705.0111,1.3139,wet,CHIRPS v2 Final
