date,scope,longitude,latitude,brightness_ti4_k,brightness_ti5_k,confidence,source,resolution_m,processing_time_utc
2026-07-31,carbon_project_zone,112.44486398685183,-3.2398727874657975,367.0,298.8699951171875,2,VIIRS-NOAA20,375,2026-08-29T10:25:15.326904+00:00
2026-07-31,carbon_project_zone,112.44824183797469,-3.2398727874657975,367.0,298.8699951171875,2,VIIRS-NOAA20,375,2026-08-29T10:25:15.326906+00:00
2026-07-31,carbon_project_zone,112.44448952803893,-3.2365003352448234,367.0,298.8699951171875,2,VIIRS-NOAA20,375,2026-08-29T10:25:15.326900+00:00
2026-07-31,carbon_project_zone,112.44786736791303,-3.2365003352448234,367.0,298.8699951171875,2,VIIRS-NOAA20,375,2026-08-29T10:25:15.326902+00:00
2026-07-31,carbon_project_zone,112.44411546128657,-3.2331278830238492,367.0,298.8699951171875,2,VIIRS-NOAA20,375,2026-08-29T10:25:15.326896+00:00
2026-07-31,carbon_project_zone,112.44749328992368,-3.2331278830238492,367.0,298.8699951171875,2,VIIRS-NOAA20,375,2026-08-29T10:25:15.326898+00:00
2026-07-31,carbon_project_zone,112.57547989015218,-3.2601075007916425,336.44000244140625,299.79998779296875,1,VIIRS-SNPP,375,2026-08-29T10:24:30.042052+00:00
2026-07-31,carbon_project_zone,112.57510264870052,-3.2567350485706683,336.44000244140625,299.79998779296875,1,VIIRS-SNPP,375,2026-08-29T10:24:30.042045+00:00
2026-07-31,carbon_project_zone,112.57848055624389,-3.2567350485706683,346.7200012207031,300.6099853515625,1,VIIRS-SNPP,375,2026-08-29T10:24:30.042047+00:00
2026-07-31,carbon_project_zone,112.58185846378727,-3.2567350485706683,346.7200012207031,300.6099853515625,1,VIIRS-SNPP,375,2026-08-29T10:24:30.042049+00:00
2026-07-31,carbon_project_zone,112.57472579979617,-3.253362596349694,336.44000244140625,299.79998779296875,1,VIIRS-SNPP,375,2026-08-29T10:24:30.042035+00:00
2026-07-31,carbon_project_zone,112.57810369603189,-3.253362596349694,346.7200012207031,300.6099853515625,1,VIIRS-SNPP,375,2026-08-29T10:24:30.042038+00:00
2026-07-31,carbon_project_zone,112.58148159226761,-3.253362596349694,346.7200012207031,300.6099853515625,1,VIIRS-SNPP,375,2026-08-29T10:24:30.042040+00:00
2026-07-31,carbon_project_zone,112.58485948850333,-3.253362596349694,346.7200012207031,300.6099853515625,1,VIIRS-SNPP,375,2026-08-29T10:24:30.042042+00:00
2026-07-31,carbon_project_zone,112.57097145849272,-3.2499901441287204,338.3699951171875,291.80999755859375,1,VIIRS-NOAA20,375,2026-08-29T10:25:15.326928+00:00
2026-07-31,carbon_project_zone,112.57434934343256,-3.2499901441287204,333.5899963378906,298.1099853515625,1,VIIRS-SNPP,375,2026-08-29T10:24:30.042029+00:00
2026-07-31,carbon_project_zone,112.5777272283724,-3.2499901441287204,333.5899963378906,298.1099853515625,1,VIIRS-SNPP,375,2026-08-29T10:24:30.042031+00:00
2026-07-31,carbon_project_zone,112.58110511331223,-3.2499901441287204,333.5899963378906,298.1099853515625,1,VIIRS-SNPP,375,2026-08-29T10:24:30.042033+00:00
2026-07-31,carbon_project_zone,112.57059540594742,-3.246617691907746,338.3699951171875,291.80999755859375,1,VIIRS-NOAA20,375,2026-08-29T10:25:15.326921+00:00
2026-07-31,carbon_project_zone,112.57397327960314,-3.246617691907746,338.3699951171875,291.80999755859375,1,VIIRS-NOAA20,375,2026-08-29T10:25:15.326923+00:00
2026-07-31,carbon_project_zone,112.57735115325887,-3.246617691907746,338.3699951171875,291.80999755859375,1,VIIRS-NOAA20,375,2026-08-29T10:25:15.326926+00:00
2026-07-31,carbon_project_zone,112.44861670011517,-3.2432452396867717,336.7200012207031,298.3500061035156,1,VIIRS-SNPP,375,2026-08-29T10:24:30.042026+00:00
2026-07-31,carbon_project_zone,112.57021974591795,-3.2432452396867717,338.3699951171875,291.80999755859375,1,VIIRS-NOAA20,375,2026-08-29T10:25:15.326915+00:00
2026-07-31,carbon_project_zone,112.57359760830137,-3.2432452396867717,338.3699951171875,291.80999755859375,1,VIIRS-NOAA20,375,2026-08-29T10:25:15.326917+00:00
2026-07-31,carbon_project_zone,112.57697547068477,-3.2432452396867717,338.3699951171875,291.80999755859375,1,VIIRS-NOAA20,375,2026-08-29T10:25:15.326919+00:00
2026-07-31,carbon_project_zone,112.57322232952072,-3.2398727874657975,311.04998779296875,291.8900146484375,1,VIIRS-NOAA20,375,2026-08-29T10:25:15.326909+00:00
2026-07-31,carbon_project_zone,112.57660018064358,-3.2398727874657975,311.04998779296875,291.8900146484375,1,VIIRS-NOAA20,375,2026-08-29T10:25:15.326911+00:00
2026-07-31,carbon_project_zone,112.44111168816482,-3.2365003352448234,342.0,300.5,1,VIIRS-SNPP,375,2026-08-29T10:24:30.042012+00:00
2026-07-31,carbon_project_zone,112.45124520778712,-3.2365003352448234,348.44000244140625,298.739990234375,1,VIIRS-SNPP,375,2026-08-29T10:24:30.042019+00:00
2026-07-31,carbon_project_zone,112.44073763264947,-3.2331278830238492,342.0,300.5,1,VIIRS-SNPP,375,2026-08-29T10:24:30.042003+00:00
2026-07-31,carbon_project_zone,112.45087111856078,-3.2331278830238492,348.44000244140625,298.739990234375,1,VIIRS-SNPP,375,2026-08-29T10:24:30.042010+00:00
2026-07-31,carbon_project_zone,112.6666004706491,-3.040898106428321,334.42999267578125,299.5400085449219,1,VIIRS-SNPP,375,2026-08-29T10:24:30.041996+00:00
2026-07-31,carbon_project_zone,112.66997767823977,-3.040898106428321,334.42999267578125,299.5400085449219,1,VIIRS-SNPP,375,2026-08-29T10:24:30.041998+00:00
2026-07-31,carbon_project_zone,112.67335488583043,-3.040898106428321,334.42999267578125,299.5400085449219,1,VIIRS-SNPP,375,2026-08-29T10:24:30.042001+00:00
2026-07-31,carbon_project_zone,112.66624837259717,-3.037525654207347,334.42999267578125,299.5400085449219,1,VIIRS-SNPP,375,2026-08-29T10:24:30.041989+00:00
2026-07-31,carbon_project_zone,112.66962556963362,-3.037525654207347,334.42999267578125,299.5400085449219,1,VIIRS-SNPP,375,2026-08-29T10:24:30.041991+00:00
2026-07-31,carbon_project_zone,112.67300276667008,-3.037525654207347,334.42999267578125,299.5400085449219,1,VIIRS-SNPP,375,2026-08-29T10:24:30.041994+00:00
2026-07-31,carbon_project_zone,112.65238792110492,-3.034153201986373,349.989990234375,298.25,1,VIIRS-NOAA20,375,2026-08-29T10:25:15.326887+00:00
2026-07-31,carbon_project_zone,112.65576510759891,-3.034153201986373,347.6000061035156,300.5199890136719,1,VIIRS-SNPP,375,2026-08-29T10:24:30.041980+00:00
2026-07-31,carbon_project_zone,112.6591422940929,-3.034153201986373,347.6000061035156,300.5199890136719,1,VIIRS-SNPP,375,2026-08-29T10:24:30.041982+00:00
2026-07-31,carbon_project_zone,112.66251948058691,-3.034153201986373,347.6000061035156,300.5199890136719,1,VIIRS-SNPP,375,2026-08-29T10:24:30.041985+00:00
2026-07-31,carbon_project_zone,112.66589666708091,-3.034153201986373,336.82000732421875,298.6600036621094,1,VIIRS-SNPP,375,2026-08-29T10:24:30.041987+00:00
2026-07-31,carbon_project_zone,112.64865947427768,-3.0307807497653987,343.9100036621094,298.29998779296875,1,VIIRS-NOAA20,375,2026-08-29T10:25:15.326876+00:00
2026-07-31,carbon_project_zone,112.65203665024099,-3.0307807497653987,347.67999267578125,299.1300048828125,1,VIIRS-SNPP,375,2026-08-29T10:24:30.041968+00:00
2026-07-31,carbon_project_zone,112.65541382620428,-3.0307807497653987,347.67999267578125,299.1300048828125,1,VIIRS-SNPP,375,2026-08-29T10:24:30.041970+00:00
2026-07-31,carbon_project_zone,112.65879100216759,-3.0307807497653987,347.6000061035156,300.5199890136719,1,VIIRS-SNPP,375,2026-08-29T10:24:30.041973+00:00
2026-07-31,carbon_project_zone,112.66216817813091,-3.0307807497653987,347.6000061035156,300.5199890136719,1,VIIRS-SNPP,375,2026-08-29T10:24:30.041975+00:00
2026-07-31,carbon_project_zone,112.66554535409422,-3.0307807497653987,336.82000732421875,298.6600036621094,1,VIIRS-SNPP,375,2026-08-29T10:24:30.041978+00:00
2026-07-31,carbon_project_zone,112.64830860640903,-3.0274082975444245,334.6400146484375,295.3900146484375,1,VIIRS-SNPP,375,2026-08-29T10:24:30.041953+00:00
2026-07-31,carbon_project_zone,112.65168577185342,-3.0274082975444245,347.67999267578125,299.1300048828125,1,VIIRS-SNPP,375,2026-08-29T10:24:30.041956+00:00
2026-07-31,carbon_project_zone,112.6550629372978,-3.0274082975444245,347.67999267578125,299.1300048828125,1,VIIRS-SNPP,375,2026-08-29T10:24:30.041958+00:00
2026-07-31,carbon_project_zone,112.65844010274219,-3.0274082975444245,347.6000061035156,300.5199890136719,1,VIIRS-SNPP,375,2026-08-29T10:24:30.041961+00:00
2026-07-31,carbon_project_zone,112.66181726818658,-3.0274082975444245,347.6000061035156,300.5199890136719,1,VIIRS-SNPP,375,2026-08-29T10:24:30.041963+00:00
2026-07-31,carbon_project_zone,112.66519443363097,-3.0274082975444245,336.82000732421875,298.6600036621094,1,VIIRS-SNPP,375,2026-08-29T10:24:30.041966+00:00
2026-07-31,carbon_project_zone,112.64795813099894,-3.0240358453234504,335.739990234375,296.7300109863281,1,VIIRS-SNPP,375,2026-08-29T10:24:30.041939+00:00
2026-07-31,carbon_project_zone,112.65133528593616,-3.0240358453234504,347.95001220703125,299.6000061035156,1,VIIRS-SNPP,375,2026-08-29T10:24:30.041941+00:00
2026-07-31,carbon_project_zone,112.65471244087338,-3.0240358453234504,347.95001220703125,299.6000061035156,1,VIIRS-SNPP,375,2026-08-29T10:24:30.041944+00:00
2026-07-31,carbon_project_zone,112.65808959581061,-3.0240358453234504,346.6199951171875,299.6499938964844,1,VIIRS-SNPP,375,2026-08-29T10:24:30.041946+00:00
2026-07-31,carbon_project_zone,112.66146675074786,-3.0240358453234504,336.19000244140625,300.0,1,VIIRS-SNPP,375,2026-08-29T10:24:30.041949+00:00
2026-07-31,carbon_project_zone,112.66484390568509,-3.0240358453234504,336.19000244140625,300.0,1,VIIRS-SNPP,375,2026-08-29T10:24:30.041951+00:00
2026-07-31,carbon_project_zone,112.64760804804126,-3.0206633931024762,335.739990234375,296.7300109863281,1,VIIRS-SNPP,375,2026-08-29T10:24:30.041924+00:00
2026-07-31,carbon_project_zone,112.6509851924831,-3.0206633931024762,347.95001220703125,299.6000061035156,1,VIIRS-SNPP,375,2026-08-29T10:24:30.041927+00:00
2026-07-31,carbon_project_zone,112.65436233692493,-3.0206633931024762,347.95001220703125,299.6000061035156,1,VIIRS-SNPP,375,2026-08-29T10:24:30.041932+00:00
2026-07-31,carbon_project_zone,112.65773948136678,-3.0206633931024762,330.5,297.30999755859375,1,VIIRS-SNPP,375,2026-08-29T10:24:30.041936+00:00
2026-07-31,carbon_project_zone,112.64725835752995,-3.017290940881502,339.32000732421875,296.69000244140625,1,VIIRS-NOAA20,375,2026-08-29T10:25:15.326820+00:00
2026-07-31,carbon_project_zone,112.65063549148815,-3.017290940881502,336.1300048828125,296.9800109863281,1,VIIRS-SNPP,375,2026-08-29T10:24:30.041918+00:00
2026-07-31,carbon_project_zone,112.65401262544636,-3.017290940881502,336.1300048828125,296.9800109863281,1,VIIRS-SNPP,375,2026-08-29T10:24:30.041921+00:00
2026-07-31,carbon_project_zone,112.65738975940458,-3.017290940881502,340.1700134277344,296.3999938964844,1,VIIRS-NOAA20,375,2026-08-29T10:25:15.326842+00:00
2026-07-31,carbon_project_zone,112.49278752565976,-2.959959253124941,332.8900146484375,298.5799865722656,1,VIIRS-SNPP,375,2026-08-29T10:24:30.041892+00:00
2026-07-31,carbon_project_zone,112.49616448319628,-2.959959253124941,332.8900146484375,298.5799865722656,1,VIIRS-SNPP,375,2026-08-29T10:24:30.041910+00:00
2026-07-31,carbon_project_zone,112.4995414407328,-2.959959253124941,332.8900146484375,298.5799865722656,1,VIIRS-SNPP,375,2026-08-29T10:24:30.041914+00:00
2026-07-31,project_area,112.67335488583043,-3.040898106428321,334.42999267578125,299.5400085449219,1,VIIRS-SNPP,375,2026-08-29T10:24:30.871360+00:00
2026-07-31,project_area,112.67300276667008,-3.037525654207347,334.42999267578125,299.5400085449219,1,VIIRS-SNPP,375,2026-08-29T10:24:30.871344+00:00
2026-08-01,carbon_project_zone,112.57397327960314,-3.246617691907746,330.260009765625,298.5,1,VIIRS-SNPP,375,2026-08-29T10:24:31.969738+00:00
2026-08-01,carbon_project_zone,112.57735115325887,-3.246617691907746,330.260009765625,298.5,1,VIIRS-SNPP,375,2026-08-29T10:24:31.969740+00:00
2026-08-01,carbon_project_zone,112.58072902691463,-3.246617691907746,330.260009765625,298.5,1,VIIRS-SNPP,375,2026-08-29T10:24:31.969743+00:00
2026-08-01,carbon_project_zone,112.57359760830137,-3.2432452396867717,330.260009765625,298.5,1,VIIRS-SNPP,375,2026-08-29T10:24:31.969725+00:00
2026-08-01,carbon_project_zone,112.57697547068477,-3.2432452396867717,330.260009765625,298.5,1,VIIRS-SNPP,375,2026-08-29T10:24:31.969729+00:00
2026-08-01,carbon_project_zone,112.5803533330682,-3.2432452396867717,330.260009765625,298.5,1,VIIRS-SNPP,375,2026-08-29T10:24:31.969735+00:00
2026-08-01,carbon_project_zone,112.57322232952072,-3.2398727874657975,330.260009765625,298.5,1,VIIRS-SNPP,375,2026-08-29T10:24:31.969699+00:00
2026-08-01,carbon_project_zone,112.57660018064358,-3.2398727874657975,330.260009765625,298.5,1,VIIRS-SNPP,375,2026-08-29T10:24:31.969717+00:00
2026-08-01,carbon_project_zone,112.57997803176646,-3.2398727874657975,330.260009765625,298.5,1,VIIRS-SNPP,375,2026-08-29T10:24:31.969720+00:00
2026-08-01,carbon_project_zone,112.40458729416848,-3.0543879153122178,335.2200012207031,301.8599853515625,1,VIIRS-NOAA20,375,2026-08-29T10:25:17.057484+00:00
2026-08-01,carbon_project_zone,112.4079645440937,-3.0543879153122178,335.2200012207031,301.8599853515625,1,VIIRS-NOAA20,375,2026-08-29T10:25:17.057486+00:00
2026-08-01,carbon_project_zone,112.41134179401892,-3.0543879153122178,335.2200012207031,301.8599853515625,1,VIIRS-NOAA20,375,2026-08-29T10:25:17.057488+00:00
2026-08-01,carbon_project_zone,112.40423445281309,-3.0510154630912436,335.2200012207031,301.8599853515625,1,VIIRS-NOAA20,375,2026-08-29T10:25:17.057477+00:00
2026-08-01,carbon_project_zone,112.40761169213701,-3.0510154630912436,335.2200012207031,301.8599853515625,1,VIIRS-NOAA20,375,2026-08-29T10:25:17.057479+00:00
2026-08-01,carbon_project_zone,112.41098893146095,-3.0510154630912436,335.2200012207031,301.8599853515625,1,VIIRS-NOAA20,375,2026-08-29T10:25:17.057481+00:00
2026-08-01,carbon_project_zone,112.40388200310004,-3.04764301087027,335.2200012207031,301.8599853515625,1,VIIRS-NOAA20,375,2026-08-29T10:25:17.057454+00:00
2026-08-01,carbon_project_zone,112.40725923183446,-3.04764301087027,335.2200012207031,301.8599853515625,1,VIIRS-NOAA20,375,2026-08-29T10:25:17.057471+00:00
2026-08-01,carbon_project_zone,112.41063646056887,-3.04764301087027,335.2200012207031,301.8599853515625,1,VIIRS-NOAA20,375,2026-08-29T10:25:17.057474+00:00
2026-08-01,project_area,112.40458729416848,-3.0543879153122178,335.2200012207031,301.8599853515625,1,VIIRS-NOAA20,375,2026-08-29T10:25:17.768828+00:00
2026-08-01,project_area,112.4079645440937,-3.0543879153122178,335.2200012207031,301.8599853515625,1,VIIRS-NOAA20,375,2026-08-29T10:25:17.768831+00:00
2026-08-01,project_area,112.41134179401892,-3.0543879153122178,335.2200012207031,301.8599853515625,1,VIIRS-NOAA20,375,2026-08-29T10:25:17.768833+00:00
2026-08-01,project_area,112.41098893146095,-3.0510154630912436,335.2200012207031,301.8599853515625,1,VIIRS-NOAA20,375,2026-08-29T10:25:17.768824+00:00
2026-08-01,project_area,112.41063646056887,-3.04764301087027,335.2200012207031,301.8599853515625,1,VIIRS-NOAA20,375,2026-08-29T10:25:17.768807+00:00
2026-08-04,carbon_project_zone,112.39685603772408,-3.202775813035082,367.0,297.510009765625,2,VIIRS-NOAA20,375,2026-08-29T10:25:21.021674+00:00
2026-08-04,carbon_project_zone,112.40023376575823,-3.202775813035082,367.0,297.510009765625,2,VIIRS-NOAA20,375,2026-08-29T10:25:21.021676+00:00
2026-08-04,carbon_project_zone,112.40361149379241,-3.202775813035082,367.0,297.510009765625,2,VIIRS-NOAA20,375,2026-08-29T10:25:21.021678+00:00
2026-08-04,carbon_project_zone,112.39648603577031,-3.1994033608141073,367.0,297.510009765625,2,VIIRS-NOAA20,375,2026-08-29T10:25:21.021668+00:00
2026-08-04,carbon_project_zone,112.39986375268525,-3.1994033608141073,367.0,297.510009765625,2,VIIRS-NOAA20,375,2026-08-29T10:25:21.021670+00:00
2026-08-04,carbon_project_zone,112.40324146960018,-3.1994033608141073,367.0,297.510009765625,2,VIIRS-NOAA20,375,2026-08-29T10:25:21.021672+00:00
2026-08-04,carbon_project_zone,112.39611642565282,-3.196030908593133,367.0,297.510009765625,2,VIIRS-NOAA20,375,2026-08-29T10:25:21.021659+00:00
2026-08-04,carbon_project_zone,112.3994941314603,-3.196030908593133,367.0,297.510009765625,2,VIIRS-NOAA20,375,2026-08-29T10:25:21.021661+00:00
2026-08-04,carbon_project_zone,112.4028718372678,-3.196030908593133,367.0,297.510009765625,2,VIIRS-NOAA20,375,2026-08-29T10:25:21.021663+00:00
2026-08-04,carbon_project_zone,112.39574720736519,-3.1926584563721594,367.0,297.510009765625,2,VIIRS-NOAA20,375,2026-08-29T10:25:21.021614+00:00
2026-08-04,carbon_project_zone,112.399124902077,-3.1926584563721594,367.0,297.510009765625,2,VIIRS-NOAA20,375,2026-08-29T10:25:21.021617+00:00
2026-08-04,carbon_project_zone,112.4025025967888,-3.1926584563721594,367.0,297.510009765625,2,VIIRS-NOAA20,375,2026-08-29T10:25:21.021619+00:00
2026-08-04,carbon_project_zone,112.34434485791706,-3.1859135519302106,367.0,296.07000732421875,2,VIIRS-NOAA20,375,2026-08-29T10:25:21.021601+00:00
2026-08-04,carbon_project_zone,112.34772253047284,-3.1859135519302106,367.0,296.07000732421875,2,VIIRS-NOAA20,375,2026-08-29T10:25:21.021603+00:00
2026-08-04,carbon_project_zone,112.35110020302864,-3.1859135519302106,367.0,296.07000732421875,2,VIIRS-NOAA20,375,2026-08-29T10:25:21.021606+00:00
2026-08-04,carbon_project_zone,112.34397698098573,-3.1825410997092365,367.0,296.07000732421875,2,VIIRS-NOAA20,375,2026-08-29T10:25:21.021595+00:00
2026-08-04,carbon_project_zone,112.34735464248116,-3.1825410997092365,367.0,296.07000732421875,2,VIIRS-NOAA20,375,2026-08-29T10:25:21.021597+00:00
2026-08-04,carbon_project_zone,112.3507323039766,-3.1825410997092365,367.0,296.07000732421875,2,VIIRS-NOAA20,375,2026-08-29T10:25:21.021599+00:00
2026-08-04,carbon_project_zone,112.343609495682,-3.1791686474882628,367.0,296.07000732421875,2,VIIRS-NOAA20,375,2026-08-29T10:25:21.021588+00:00
2026-08-04,carbon_project_zone,112.34698714612884,-3.1791686474882628,367.0,296.07000732421875,2,VIIRS-NOAA20,375,2026-08-29T10:25:21.021590+00:00
2026-08-04,carbon_project_zone,112.3503647965757,-3.1791686474882628,367.0,296.07000732421875,2,VIIRS-NOAA20,375,2026-08-29T10:25:21.021593+00:00
2026-08-04,carbon_project_zone,112.38594579856358,-3.226382978581901,335.1199951171875,298.0,1,VIIRS-NOAA20,375,2026-08-29T10:25:21.021704+00:00
2026-08-04,carbon_project_zone,112.38932360476205,-3.226382978581901,329.510009765625,296.4200134277344,1,VIIRS-NOAA20,375,2026-08-29T10:25:21.021706+00:00
2026-08-04,carbon_project_zone,112.39270141096051,-3.226382978581901,329.510009765625,296.4200134277344,1,VIIRS-NOAA20,375,2026-08-29T10:25:21.021708+00:00
2026-08-04,carbon_project_zone,112.37881750838841,-3.2230105263609268,303.239990234375,293.0,1,VIIRS-NOAA20,375,2026-08-29T10:25:21.021697+00:00
2026-08-04,carbon_project_zone,112.3821953033852,-3.2230105263609268,303.239990234375,293.0,1,VIIRS-NOAA20,375,2026-08-29T10:25:21.021699+00:00
2026-08-04,carbon_project_zone,112.38557309838201,-3.2230105263609268,303.239990234375,293.0,1,VIIRS-NOAA20,375,2026-08-29T10:25:21.021702+00:00
2026-08-04,carbon_project_zone,112.58786781845001,-3.2196380741399526,306.8999938964844,293.2799987792969,1,VIIRS-SNPP,375,2026-08-29T10:24:36.540579+00:00
2026-08-04,carbon_project_zone,112.59124560225692,-3.2196380741399526,306.8999938964844,293.2799987792969,1,VIIRS-SNPP,375,2026-08-29T10:24:36.540581+00:00
2026-08-04,carbon_project_zone,112.58749523124433,-3.2162656219189785,306.8999938964844,293.2799987792969,1,VIIRS-SNPP,375,2026-08-29T10:24:36.540575+00:00
2026-08-04,carbon_project_zone,112.59087300387314,-3.2162656219189785,306.8999938964844,293.2799987792969,1,VIIRS-SNPP,375,2026-08-29T10:24:36.540577+00:00
2026-08-04,carbon_project_zone,112.59425077650197,-3.2162656219189785,311.57000732421875,294.2699890136719,1,VIIRS-NOAA20,375,2026-08-29T10:25:21.021695+00:00
2026-08-04,carbon_project_zone,112.37094630296752,-3.212893169698004,303.44000244140625,292.07000732421875,1,VIIRS-NOAA20,375,2026-08-29T10:25:21.021685+00:00
2026-08-04,carbon_project_zone,112.37432406443,-3.212893169698004,303.44000244140625,292.07000732421875,1,VIIRS-NOAA20,375,2026-08-29T10:25:21.021687+00:00
2026-08-04,carbon_project_zone,112.58712303656664,-3.212893169698004,306.8999938964844,293.2799987792969,1,VIIRS-SNPP,375,2026-08-29T10:24:36.540570+00:00
2026-08-04,carbon_project_zone,112.59050079802913,-3.212893169698004,306.8999938964844,293.2799987792969,1,VIIRS-SNPP,375,2026-08-29T10:24:36.540573+00:00
2026-08-04,carbon_project_zone,112.59387855949161,-3.212893169698004,311.57000732421875,294.2699890136719,1,VIIRS-NOAA20,375,2026-08-29T10:25:21.021691+00:00
2026-08-04,carbon_project_zone,112.37057521470273,-3.20952071747703,303.44000244140625,292.07000732421875,1,VIIRS-NOAA20,375,2026-08-29T10:25:21.021681+00:00
2026-08-04,carbon_project_zone,112.37395296501066,-3.20952071747703,303.44000244140625,292.07000732421875,1,VIIRS-NOAA20,375,2026-08-29T10:25:21.021683+00:00
2026-08-04,carbon_project_zone,112.40624954307528,-3.196030908593133,306.989990234375,291.5400085449219,1,VIIRS-NOAA20,375,2026-08-29T10:25:21.021665+00:00
2026-08-04,carbon_project_zone,112.40588029150061,-3.1926584563721594,306.989990234375,291.5400085449219,1,VIIRS-NOAA20,375,2026-08-29T10:25:21.021653+00:00
2026-08-04,carbon_project_zone,112.39537838090098,-3.189286004151185,334.44000244140625,295.5299987792969,1,VIIRS-NOAA20,375,2026-08-29T10:25:21.021608+00:00
2026-08-04,carbon_project_zone,112.39875606452887,-3.189286004151185,334.44000244140625,295.5299987792969,1,VIIRS-NOAA20,375,2026-08-29T10:25:21.021610+00:00
2026-08-04,carbon_project_zone,112.4021337481568,-3.189286004151185,334.44000244140625,295.5299987792969,1,VIIRS-NOAA20,375,2026-08-29T10:25:21.021612+00:00
2026-08-04,carbon_project_zone,112.52526763272313,-3.172423743046314,333.989990234375,294.1199951171875,1,VIIRS-NOAA20,375,2026-08-29T10:25:21.021579+00:00
2026-08-04,carbon_project_zone,112.52864526110815,-3.172423743046314,333.989990234375,294.1199951171875,1,VIIRS-NOAA20,375,2026-08-29T10:25:21.021581+00:00
2026-08-04,carbon_project_zone,112.53202288949318,-3.172423743046314,333.989990234375,294.1199951171875,1,VIIRS-NOAA20,375,2026-08-29T10:25:21.021583+00:00
2026-08-04,carbon_project_zone,112.5354005178782,-3.172423743046314,333.989990234375,294.1199951171875,1,VIIRS-NOAA20,375,2026-08-29T10:25:21.021585+00:00
2026-08-04,carbon_project_zone,112.52490072754817,-3.16905129082534,333.989990234375,294.1199951171875,1,VIIRS-NOAA20,375,2026-08-29T10:25:21.021570+00:00
2026-08-04,carbon_project_zone,112.52827834491994,-3.16905129082534,333.989990234375,294.1199951171875,1,VIIRS-NOAA20,375,2026-08-29T10:25:21.021573+00:00
2026-08-04,carbon_project_zone,112.53165596229171,-3.16905129082534,333.989990234375,294.1199951171875,1,VIIRS-NOAA20,375,2026-08-29T10:25:21.021575+00:00
2026-08-04,carbon_project_zone,112.53503357966348,-3.16905129082534,333.989990234375,294.1199951171875,1,VIIRS-NOAA20,375,2026-08-29T10:25:21.021577+00:00
2026-08-04,carbon_project_zone,112.52453421461105,-3.1656788386043657,333.989990234375,294.1199951171875,1,VIIRS-NOAA20,375,2026-08-29T10:25:21.021562+00:00
2026-08-04,carbon_project_zone,112.52791182098134,-3.1656788386043657,333.989990234375,294.1199951171875,1,VIIRS-NOAA20,375,2026-08-29T10:25:21.021564+00:00
2026-08-04,carbon_project_zone,112.53128942735164,-3.1656788386043657,333.989990234375,294.1199951171875,1,VIIRS-NOAA20,375,2026-08-29T10:25:21.021566+00:00
2026-08-04,carbon_project_zone,112.53466703372193,-3.1656788386043657,333.989990234375,294.1199951171875,1,VIIRS-NOAA20,375,2026-08-29T10:25:21.021568+00:00
2026-08-04,carbon_project_zone,112.52416809390542,-3.1623063863833916,333.989990234375,294.1199951171875,1,VIIRS-NOAA20,375,2026-08-29T10:25:21.021537+00:00
2026-08-04,carbon_project_zone,112.52754568928601,-3.1623063863833916,333.989990234375,294.1199951171875,1,VIIRS-NOAA20,375,2026-08-29T10:25:21.021553+00:00
2026-08-04,carbon_project_zone,112.5309232846666,-3.1623063863833916,333.989990234375,294.1199951171875,1,VIIRS-NOAA20,375,2026-08-29T10:25:21.021557+00:00
2026-08-04,carbon_project_zone,112.53430088004718,-3.1623063863833916,333.989990234375,294.1199951171875,1,VIIRS-NOAA20,375,2026-08-29T10:25:21.021559+00:00
2026-08-04,carbon_project_zone,112.41366159949321,-3.0442705586492953,301.8599853515625,291.5199890136719,1,VIIRS-SNPP,375,2026-08-29T10:24:36.540564+00:00
2026-08-04,carbon_project_zone,112.41703881764987,-3.0442705586492953,301.8599853515625,291.5199890136719,1,VIIRS-SNPP,375,2026-08-29T10:24:36.540566+00:00
2026-08-04,carbon_project_zone,112.42041603580654,-3.0442705586492953,301.8599853515625,291.5199890136719,1,VIIRS-SNPP,375,2026-08-29T10:24:36.540568+00:00
2026-08-04,carbon_project_zone,112.41330990134854,-3.040898106428321,301.8599853515625,291.5199890136719,1,VIIRS-SNPP,375,2026-08-29T10:24:36.540557+00:00
2026-08-04,carbon_project_zone,112.41668710893923,-3.040898106428321,301.8599853515625,291.5199890136719,1,VIIRS-SNPP,375,2026-08-29T10:24:36.540559+00:00
2026-08-04,carbon_project_zone,112.42006431652992,-3.040898106428321,301.8599853515625,291.5199890136719,1,VIIRS-SNPP,375,2026-08-29T10:24:36.540561+00:00
2026-08-04,carbon_project_zone,112.41295859486321,-3.037525654207347,301.8599853515625,291.5199890136719,1,VIIRS-SNPP,375,2026-08-29T10:24:36.540533+00:00
2026-08-04,carbon_project_zone,112.41633579189966,-3.037525654207347,301.8599853515625,291.5199890136719,1,VIIRS-SNPP,375,2026-08-29T10:24:36.540550+00:00
2026-08-04,carbon_project_zone,112.41971298893613,-3.037525654207347,301.8599853515625,291.5199890136719,1,VIIRS-SNPP,375,2026-08-29T10:24:36.540554+00:00
2026-08-04,project_area,112.53202288949318,-3.172423743046314,333.989990234375,294.1199951171875,1,VIIRS-NOAA20,375,2026-08-29T10:25:21.680844+00:00
2026-08-04,project_area,112.5354005178782,-3.172423743046314,333.989990234375,294.1199951171875,1,VIIRS-NOAA20,375,2026-08-29T10:25:21.680847+00:00
2026-08-04,project_area,112.53165596229171,-3.16905129082534,333.989990234375,294.1199951171875,1,VIIRS-NOAA20,375,2026-08-29T10:25:21.680840+00:00
2026-08-04,project_area,112.53503357966348,-3.16905129082534,333.989990234375,294.1199951171875,1,VIIRS-NOAA20,375,2026-08-29T10:25:21.680842+00:00
2026-08-04,project_area,112.53466703372193,-3.1656788386043657,333.989990234375,294.1199951171875,1,VIIRS-NOAA20,375,2026-08-29T10:25:21.680837+00:00
2026-08-04,project_area,112.5309232846666,-3.1623063863833916,333.989990234375,294.1199951171875,1,VIIRS-NOAA20,375,2026-08-29T10:25:21.680818+00:00
2026-08-04,project_area,112.53430088004718,-3.1623063863833916,333.989990234375,294.1199951171875,1,VIIRS-NOAA20,375,2026-08-29T10:25:21.680834+00:00
2026-08-04,project_area,112.41703881764987,-3.0442705586492953,301.8599853515625,291.5199890136719,1,VIIRS-SNPP,375,2026-08-29T10:24:37.203097+00:00
2026-08-04,project_area,112.42041603580654,-3.0442705586492953,301.8599853515625,291.5199890136719,1,VIIRS-SNPP,375,2026-08-29T10:24:37.203114+00:00
2026-08-05,carbon_project_zone,112.54359222948283,-3.2769697618965137,338.2699890136719,300.29998779296875,1,VIIRS-SNPP,375,2026-08-29T10:24:37.802689+00:00
2026-08-05,carbon_project_zone,112.3619285334044,-3.2230105263609268,330.989990234375,298.760009765625,1,VIIRS-SNPP,375,2026-08-29T10:24:37.802677+00:00
2026-08-05,carbon_project_zone,112.3653063284012,-3.2230105263609268,352.6099853515625,311.489990234375,1,VIIRS-SNPP,375,2026-08-29T10:24:37.802680+00:00
2026-08-05,carbon_project_zone,112.368684123398,-3.2230105263609268,352.6099853515625,311.489990234375,1,VIIRS-SNPP,375,2026-08-29T10:24:37.802682+00:00
2026-08-05,carbon_project_zone,112.3720619183948,-3.2230105263609268,352.6099853515625,311.489990234375,1,VIIRS-SNPP,375,2026-08-29T10:24:37.802684+00:00
2026-08-05,carbon_project_zone,112.37543971339161,-3.2230105263609268,351.8500061035156,304.1499938964844,1,VIIRS-SNPP,375,2026-08-29T10:24:37.802687+00:00
2026-08-05,carbon_project_zone,112.36155630338634,-3.2196380741399526,338.1300048828125,295.1600036621094,1,VIIRS-SNPP,375,2026-08-29T10:24:37.802647+00:00
2026-08-05,carbon_project_zone,112.36493408719325,-3.2196380741399526,352.6099853515625,311.489990234375,1,VIIRS-SNPP,375,2026-08-29T10:24:37.802650+00:00
2026-08-05,carbon_project_zone,112.36831187100017,-3.2196380741399526,352.6099853515625,311.489990234375,1,VIIRS-SNPP,375,2026-08-29T10:24:37.802652+00:00
2026-08-05,carbon_project_zone,112.37168965480711,-3.2196380741399526,352.6099853515625,311.489990234375,1,VIIRS-SNPP,375,2026-08-29T10:24:37.802655+00:00
2026-08-05,carbon_project_zone,112.37506743861401,-3.2196380741399526,344.2099914550781,298.0400085449219,1,VIIRS-NOAA20,375,2026-08-29T10:25:22.392706+00:00
2026-08-05,carbon_project_zone,112.57435668322232,-3.2196380741399526,317.8800048828125,293.3500061035156,1,VIIRS-SNPP,375,2026-08-29T10:24:37.802658+00:00
2026-08-05,carbon_project_zone,112.57773446702925,-3.2196380741399526,328.42999267578125,293.8500061035156,1,VIIRS-SNPP,375,2026-08-29T10:24:37.802660+00:00
2026-08-05,carbon_project_zone,112.58111225083617,-3.2196380741399526,328.42999267578125,293.8500061035156,1,VIIRS-SNPP,375,2026-08-29T10:24:37.802662+00:00
2026-08-05,carbon_project_zone,112.58449003464308,-3.2196380741399526,328.42999267578125,293.8500061035156,1,VIIRS-SNPP,375,2026-08-29T10:24:37.802665+00:00
2026-08-05,carbon_project_zone,112.58786781845001,-3.2196380741399526,342.9700012207031,298.75,1,VIIRS-SNPP,375,2026-08-29T10:24:37.802668+00:00
2026-08-05,carbon_project_zone,112.59124560225692,-3.2196380741399526,342.9700012207031,298.75,1,VIIRS-SNPP,375,2026-08-29T10:24:37.802670+00:00
2026-08-05,carbon_project_zone,112.59462338606384,-3.2196380741399526,339.010009765625,296.4700012207031,1,VIIRS-SNPP,375,2026-08-29T10:24:37.802672+00:00
2026-08-05,carbon_project_zone,112.59800116987077,-3.2196380741399526,339.010009765625,296.4700012207031,1,VIIRS-SNPP,375,2026-08-29T10:24:37.802675+00:00
2026-08-05,carbon_project_zone,112.3611844651137,-3.2162656219189785,338.1300048828125,295.1600036621094,1,VIIRS-SNPP,375,2026-08-29T10:24:37.802600+00:00
2026-08-05,carbon_project_zone,112.36456223774252,-3.2162656219189785,343.29998779296875,294.260009765625,1,VIIRS-SNPP,375,2026-08-29T10:24:37.802603+00:00
2026-08-05,carbon_project_zone,112.36794001037134,-3.2162656219189785,343.29998779296875,294.260009765625,1,VIIRS-SNPP,375,2026-08-29T10:24:37.802606+00:00
2026-08-05,carbon_project_zone,112.37131778300017,-3.2162656219189785,343.29998779296875,294.260009765625,1,VIIRS-SNPP,375,2026-08-29T10:24:37.802608+00:00
2026-08-05,carbon_project_zone,112.37469555562897,-3.2162656219189785,344.2099914550781,298.0400085449219,1,VIIRS-NOAA20,375,2026-08-29T10:25:22.392678+00:00
2026-08-05,carbon_project_zone,112.39158441877305,-3.2162656219189785,330.2300109863281,298.5299987792969,1,VIIRS-NOAA20,375,2026-08-29T10:25:22.392680+00:00
2026-08-05,carbon_project_zone,112.39496219140186,-3.2162656219189785,330.2300109863281,298.5299987792969,1,VIIRS-NOAA20,375,2026-08-29T10:25:22.392683+00:00
2026-08-05,carbon_project_zone,112.39833996403067,-3.2162656219189785,330.2300109863281,298.5299987792969,1,VIIRS-NOAA20,375,2026-08-29T10:25:22.392685+00:00
2026-08-05,carbon_project_zone,112.57398414072905,-3.2162656219189785,317.8800048828125,293.3500061035156,1,VIIRS-SNPP,375,2026-08-29T10:24:37.802610+00:00
2026-08-05,carbon_project_zone,112.57736191335788,-3.2162656219189785,328.42999267578125,293.8500061035156,1,VIIRS-SNPP,375,2026-08-29T10:24:37.802613+00:00
2026-08-05,carbon_project_zone,112.5807396859867,-3.2162656219189785,328.42999267578125,293.8500061035156,1,VIIRS-SNPP,375,2026-08-29T10:24:37.802615+00:00
2026-08-05,carbon_project_zone,112.58411745861551,-3.2162656219189785,328.42999267578125,293.8500061035156,1,VIIRS-SNPP,375,2026-08-29T10:24:37.802618+00:00
2026-08-05,carbon_project_zone,112.58749523124433,-3.2162656219189785,342.9700012207031,298.75,1,VIIRS-SNPP,375,2026-08-29T10:24:37.802620+00:00
2026-08-05,carbon_project_zone,112.59087300387314,-3.2162656219189785,342.9700012207031,298.75,1,VIIRS-SNPP,375,2026-08-29T10:24:37.802622+00:00
2026-08-05,carbon_project_zone,112.59425077650197,-3.2162656219189785,339.010009765625,296.4700012207031,1,VIIRS-SNPP,375,2026-08-29T10:24:37.802643+00:00
2026-08-05,carbon_project_zone,112.59762854913077,-3.2162656219189785,339.010009765625,296.4700012207031,1,VIIRS-SNPP,375,2026-08-29T10:24:37.802645+00:00
2026-08-05,carbon_project_zone,112.36756854150502,-3.212893169698004,344.2099914550781,298.0400085449219,1,VIIRS-NOAA20,375,2026-08-29T10:25:22.392618+00:00
2026-08-05,carbon_project_zone,112.37094630296752,-3.212893169698004,344.2099914550781,298.0400085449219,1,VIIRS-NOAA20,375,2026-08-29T10:25:22.392621+00:00
2026-08-05,carbon_project_zone,112.37432406443,-3.212893169698004,344.2099914550781,298.0400085449219,1,VIIRS-NOAA20,375,2026-08-29T10:25:22.392647+00:00
2026-08-05,carbon_project_zone,112.39121287174244,-3.212893169698004,330.2300109863281,298.5299987792969,1,VIIRS-NOAA20,375,2026-08-29T10:25:22.392650+00:00
2026-08-05,carbon_project_zone,112.39459063320491,-3.212893169698004,338.8999938964844,299.7099914550781,1,VIIRS-NOAA20,375,2026-08-29T10:25:22.392653+00:00
2026-08-05,carbon_project_zone,112.39796839466742,-3.212893169698004,338.8999938964844,299.7099914550781,1,VIIRS-NOAA20,375,2026-08-29T10:25:22.392655+00:00
2026-08-05,carbon_project_zone,112.40134615612989,-3.212893169698004,338.8999938964844,299.7099914550781,1,VIIRS-NOAA20,375,2026-08-29T10:25:22.392657+00:00
2026-08-05,carbon_project_zone,112.57361199071669,-3.212893169698004,317.8800048828125,293.3500061035156,1,VIIRS-SNPP,375,2026-08-29T10:24:37.802581+00:00
2026-08-05,carbon_project_zone,112.57698975217919,-3.212893169698004,328.42999267578125,293.8500061035156,1,VIIRS-SNPP,375,2026-08-29T10:24:37.802584+00:00
2026-08-05,carbon_project_zone,112.58036751364168,-3.212893169698004,328.42999267578125,293.8500061035156,1,VIIRS-SNPP,375,2026-08-29T10:24:37.802586+00:00
2026-08-05,carbon_project_zone,112.58374527510416,-3.212893169698004,328.42999267578125,293.8500061035156,1,VIIRS-SNPP,375,2026-08-29T10:24:37.802588+00:00
2026-08-05,carbon_project_zone,112.58712303656664,-3.212893169698004,328.42999267578125,293.8500061035156,1,VIIRS-SNPP,375,2026-08-29T10:24:37.802591+00:00
2026-08-05,carbon_project_zone,112.59050079802913,-3.212893169698004,338.20001220703125,299.5899963378906,1,VIIRS-SNPP,375,2026-08-29T10:24:37.802593+00:00
2026-08-05,carbon_project_zone,112.59387855949161,-3.212893169698004,339.010009765625,296.4700012207031,1,VIIRS-SNPP,375,2026-08-29T10:24:37.802596+00:00
2026-08-05,carbon_project_zone,112.5972563209541,-3.212893169698004,339.010009765625,296.4700012207031,1,VIIRS-SNPP,375,2026-08-29T10:24:37.802598+00:00
2026-08-05,carbon_project_zone,112.39084171655031,-3.20952071747703,339.19000244140625,303.7200012207031,1,VIIRS-SNPP,375,2026-08-29T10:24:37.802559+00:00
2026-08-05,carbon_project_zone,112.39421946685825,-3.20952071747703,339.19000244140625,303.7200012207031,1,VIIRS-SNPP,375,2026-08-29T10:24:37.802562+00:00
2026-08-05,carbon_project_zone,112.39759721716618,-3.20952071747703,347.57000732421875,303.489990234375,1,VIIRS-SNPP,375,2026-08-29T10:24:37.802564+00:00
2026-08-05,carbon_project_zone,112.40097496747411,-3.20952071747703,347.57000732421875,303.489990234375,1,VIIRS-SNPP,375,2026-08-29T10:24:37.802567+00:00
2026-08-05,carbon_project_zone,112.57324023317874,-3.20952071747703,317.8800048828125,293.3500061035156,1,VIIRS-SNPP,375,2026-08-29T10:24:37.802569+00:00
2026-08-05,carbon_project_zone,112.57661798348668,-3.20952071747703,328.42999267578125,293.8500061035156,1,VIIRS-SNPP,375,2026-08-29T10:24:37.802572+00:00
2026-08-05,carbon_project_zone,112.57999573379462,-3.20952071747703,328.42999267578125,293.8500061035156,1,VIIRS-SNPP,375,2026-08-29T10:24:37.802574+00:00
2026-08-05,carbon_project_zone,112.58337348410255,-3.20952071747703,328.42999267578125,293.8500061035156,1,VIIRS-SNPP,375,2026-08-29T10:24:37.802576+00:00
2026-08-05,carbon_project_zone,112.58675123441047,-3.20952071747703,328.42999267578125,293.8500061035156,1,VIIRS-SNPP,375,2026-08-29T10:24:37.802579+00:00
2026-08-05,carbon_project_zone,112.39047095319026,-3.206148265256056,339.19000244140625,303.7200012207031,1,VIIRS-SNPP,375,2026-08-29T10:24:37.802549+00:00
2026-08-05,carbon_project_zone,112.39384869235542,-3.206148265256056,339.19000244140625,303.7200012207031,1,VIIRS-SNPP,375,2026-08-29T10:24:37.802552+00:00
2026-08-05,carbon_project_zone,112.39722643152056,-3.206148265256056,347.57000732421875,303.489990234375,1,VIIRS-SNPP,375,2026-08-29T10:24:37.802554+00:00
2026-08-05,carbon_project_zone,112.40060417068571,-3.206148265256056,347.57000732421875,303.489990234375,1,VIIRS-SNPP,375,2026-08-29T10:24:37.802557+00:00
2026-08-05,carbon_project_zone,112.57962434643903,-3.206148265256056,305.0400085449219,294.8800048828125,1,VIIRS-NOAA20,375,2026-08-29T10:25:22.392595+00:00
2026-08-05,carbon_project_zone,112.5830020856042,-3.206148265256056,305.0400085449219,294.8800048828125,1,VIIRS-NOAA20,375,2026-08-29T10:25:22.392598+00:00
2026-08-05,carbon_project_zone,112.58637982476935,-3.206148265256056,305.0400085449219,294.8800048828125,1,VIIRS-NOAA20,375,2026-08-29T10:25:22.392600+00:00
2026-08-05,carbon_project_zone,112.39010058165577,-3.202775813035082,339.19000244140625,303.7200012207031,1,VIIRS-SNPP,375,2026-08-29T10:24:37.802524+00:00
2026-08-05,carbon_project_zone,112.39347830968993,-3.202775813035082,339.19000244140625,303.7200012207031,1,VIIRS-SNPP,375,2026-08-29T10:24:37.802540+00:00
2026-08-05,carbon_project_zone,112.39685603772408,-3.202775813035082,347.57000732421875,303.489990234375,1,VIIRS-SNPP,375,2026-08-29T10:24:37.802543+00:00
2026-08-05,carbon_project_zone,112.40023376575823,-3.202775813035082,347.57000732421875,303.489990234375,1,VIIRS-SNPP,375,2026-08-29T10:24:37.802546+00:00
2026-08-06,carbon_project_zone,112.58111225083617,-3.2196380741399526,367.0,317.3500061035156,2,VIIRS-NOAA20,375,2026-08-29T10:25:23.897840+00:00
2026-08-06,carbon_project_zone,112.58449003464308,-3.2196380741399526,367.0,317.3500061035156,2,VIIRS-NOAA20,375,2026-08-29T10:25:23.897842+00:00
2026-08-06,carbon_project_zone,112.58786781845001,-3.2196380741399526,367.0,317.3500061035156,2,VIIRS-NOAA20,375,2026-08-29T10:25:23.897844+00:00
2026-08-06,carbon_project_zone,112.5807396859867,-3.2162656219189785,367.0,317.3500061035156,2,VIIRS-NOAA20,375,2026-08-29T10:25:23.897820+00:00
2026-08-06,carbon_project_zone,112.58411745861551,-3.2162656219189785,367.0,317.3500061035156,2,VIIRS-NOAA20,375,2026-08-29T10:25:23.897823+00:00
2026-08-06,carbon_project_zone,112.58749523124433,-3.2162656219189785,367.0,317.3500061035156,2,VIIRS-NOAA20,375,2026-08-29T10:25:23.897825+00:00
2026-08-06,carbon_project_zone,112.58036751364168,-3.212893169698004,367.0,317.3500061035156,2,VIIRS-NOAA20,375,2026-08-29T10:25:23.897798+00:00
2026-08-06,carbon_project_zone,112.58374527510416,-3.212893169698004,367.0,317.3500061035156,2,VIIRS-NOAA20,375,2026-08-29T10:25:23.897801+00:00
2026-08-06,carbon_project_zone,112.58712303656664,-3.212893169698004,367.0,317.3500061035156,2,VIIRS-NOAA20,375,2026-08-29T10:25:23.897803+00:00
2026-08-06,carbon_project_zone,112.36831187100017,-3.2196380741399526,330.55999755859375,299.3500061035156,1,VIIRS-SNPP,375,2026-08-29T10:24:39.499204+00:00
2026-08-06,carbon_project_zone,112.37168965480711,-3.2196380741399526,330.55999755859375,299.3500061035156,1,VIIRS-SNPP,375,2026-08-29T10:24:39.499206+00:00
2026-08-06,carbon_project_zone,112.37506743861401,-3.2196380741399526,330.55999755859375,299.3500061035156,1,VIIRS-SNPP,375,2026-08-29T10:24:39.499208+00:00
2026-08-06,carbon_project_zone,112.37844522242094,-3.2196380741399526,338.9800109863281,304.0199890136719,1,VIIRS-NOAA20,375,2026-08-29T10:25:23.897836+00:00
2026-08-06,carbon_project_zone,112.57435668322232,-3.2196380741399526,321.1499938964844,296.1700134277344,1,VIIRS-SNPP,375,2026-08-29T10:24:39.499210+00:00
2026-08-06,carbon_project_zone,112.57773446702925,-3.2196380741399526,321.1499938964844,296.1700134277344,1,VIIRS-SNPP,375,2026-08-29T10:24:39.499213+00:00
2026-08-06,carbon_project_zone,112.59124560225692,-3.2196380741399526,339.760009765625,307.2300109863281,1,VIIRS-NOAA20,375,2026-08-29T10:25:23.897846+00:00
2026-08-06,carbon_project_zone,112.36794001037134,-3.2162656219189785,330.55999755859375,299.3500061035156,1,VIIRS-SNPP,375,2026-08-29T10:24:39.499184+00:00
2026-08-06,carbon_project_zone,112.37131778300017,-3.2162656219189785,330.55999755859375,299.3500061035156,1,VIIRS-SNPP,375,2026-08-29T10:24:39.499186+00:00
2026-08-06,carbon_project_zone,112.37469555562897,-3.2162656219189785,330.55999755859375,299.3500061035156,1,VIIRS-SNPP,375,2026-08-29T10:24:39.499188+00:00
2026-08-06,carbon_project_zone,112.37807332825778,-3.2162656219189785,338.9800109863281,304.0199890136719,1,VIIRS-NOAA20,375,2026-08-29T10:25:23.897814+00:00
2026-08-06,carbon_project_zone,112.57398414072905,-3.2162656219189785,331.2699890136719,298.7200012207031,1,VIIRS-SNPP,375,2026-08-29T10:24:39.499191+00:00
2026-08-06,carbon_project_zone,112.57736191335788,-3.2162656219189785,331.2699890136719,298.7200012207031,1,VIIRS-SNPP,375,2026-08-29T10:24:39.499193+00:00
2026-08-06,carbon_project_zone,112.59087300387314,-3.2162656219189785,339.760009765625,307.2300109863281,1,VIIRS-NOAA20,375,2026-08-29T10:25:23.897827+00:00
2026-08-06,carbon_project_zone,112.37432406443,-3.212893169698004,338.9800109863281,304.0199890136719,1,VIIRS-NOAA20,375,2026-08-29T10:25:23.897790+00:00
2026-08-06,carbon_project_zone,112.37770182589249,-3.212893169698004,338.9800109863281,304.0199890136719,1,VIIRS-NOAA20,375,2026-08-29T10:25:23.897792+00:00
2026-08-06,carbon_project_zone,112.57361199071669,-3.212893169698004,331.2699890136719,298.7200012207031,1,VIIRS-SNPP,375,2026-08-29T10:24:39.499172+00:00
2026-08-06,carbon_project_zone,112.57698975217919,-3.212893169698004,331.2699890136719,298.7200012207031,1,VIIRS-SNPP,375,2026-08-29T10:24:39.499174+00:00
2026-08-06,carbon_project_zone,112.59050079802913,-3.212893169698004,339.760009765625,307.2300109863281,1,VIIRS-NOAA20,375,2026-08-29T10:25:23.897805+00:00
2026-08-06,carbon_project_zone,112.57324023317874,-3.20952071747703,311.2900085449219,297.1600036621094,1,VIIRS-SNPP,375,2026-08-29T10:24:39.499161+00:00
2026-08-06,carbon_project_zone,112.57661798348668,-3.20952071747703,311.2900085449219,297.1600036621094,1,VIIRS-SNPP,375,2026-08-29T10:24:39.499163+00:00
2026-08-06,carbon_project_zone,112.57999573379462,-3.20952071747703,354.739990234375,304.3999938964844,1,VIIRS-SNPP,375,2026-08-29T10:24:39.499165+00:00
2026-08-06,carbon_project_zone,112.58337348410255,-3.20952071747703,354.739990234375,304.3999938964844,1,VIIRS-SNPP,375,2026-08-29T10:24:39.499168+00:00
2026-08-06,carbon_project_zone,112.58675123441047,-3.20952071747703,354.739990234375,304.3999938964844,1,VIIRS-SNPP,375,2026-08-29T10:24:39.499170+00:00
2026-08-06,carbon_project_zone,112.57286886810873,-3.206148265256056,311.2900085449219,297.1600036621094,1,VIIRS-SNPP,375,2026-08-29T10:24:39.499150+00:00
2026-08-06,carbon_project_zone,112.57624660727389,-3.206148265256056,311.2900085449219,297.1600036621094,1,VIIRS-SNPP,375,2026-08-29T10:24:39.499153+00:00
2026-08-06,carbon_project_zone,112.57962434643903,-3.206148265256056,331.6499938964844,296.55999755859375,1,VIIRS-SNPP,375,2026-08-29T10:24:39.499155+00:00
2026-08-06,carbon_project_zone,112.5830020856042,-3.206148265256056,331.6499938964844,296.55999755859375,1,VIIRS-SNPP,375,2026-08-29T10:24:39.499157+00:00
2026-08-06,carbon_project_zone,112.58637982476935,-3.206148265256056,331.6499938964844,296.55999755859375,1,VIIRS-SNPP,375,2026-08-29T10:24:39.499159+00:00
2026-08-06,carbon_project_zone,112.67673209342111,-3.040898106428321,339.82000732421875,302.8599853515625,1,VIIRS-SNPP,375,2026-08-29T10:24:39.499144+00:00
2026-08-06,carbon_project_zone,112.68010930101181,-3.040898106428321,339.82000732421875,302.8599853515625,1,VIIRS-SNPP,375,2026-08-29T10:24:39.499146+00:00
2026-08-06,carbon_project_zone,112.68348650860247,-3.040898106428321,339.82000732421875,302.8599853515625,1,VIIRS-SNPP,375,2026-08-29T10:24:39.499148+00:00
2026-08-06,carbon_project_zone,112.67637996370652,-3.037525654207347,339.82000732421875,302.8599853515625,1,VIIRS-SNPP,375,2026-08-29T10:24:39.499137+00:00
2026-08-06,carbon_project_zone,112.679757160743,-3.037525654207347,339.82000732421875,302.8599853515625,1,VIIRS-SNPP,375,2026-08-29T10:24:39.499140+00:00
2026-08-06,carbon_project_zone,112.68313435777944,-3.037525654207347,339.82000732421875,302.8599853515625,1,VIIRS-SNPP,375,2026-08-29T10:24:39.499142+00:00
2026-08-06,carbon_project_zone,112.6760282265629,-3.034153201986373,339.82000732421875,302.8599853515625,1,VIIRS-SNPP,375,2026-08-29T10:24:39.499115+00:00
2026-08-06,carbon_project_zone,112.67940541305691,-3.034153201986373,339.82000732421875,302.8599853515625,1,VIIRS-SNPP,375,2026-08-29T10:24:39.499131+00:00
2026-08-06,carbon_project_zone,112.6827825995509,-3.034153201986373,339.82000732421875,302.8599853515625,1,VIIRS-SNPP,375,2026-08-29T10:24:39.499135+00:00
2026-08-06,carbon_project_zone,112.36756854150502,-3.212893169698004,335.2799987792969,306.3500061035156,0,VIIRS-NOAA20,375,2026-08-29T10:25:23.897786+00:00
2026-08-06,carbon_project_zone,112.37094630296752,-3.212893169698004,335.2799987792969,306.3500061035156,0,VIIRS-NOAA20,375,2026-08-29T10:25:23.897788+00:00
2026-08-06,carbon_project_zone,112.68686371619314,-3.040898106428321,330.239990234375,304.3800048828125,0,VIIRS-NOAA20,375,2026-08-29T10:25:23.897754+00:00
2026-08-06,carbon_project_zone,112.69024092378382,-3.040898106428321,330.239990234375,304.3800048828125,0,VIIRS-NOAA20,375,2026-08-29T10:25:23.897757+00:00
2026-08-06,carbon_project_zone,112.69361813137448,-3.040898106428321,330.239990234375,304.3800048828125,0,VIIRS-NOAA20,375,2026-08-29T10:25:23.897759+00:00
2026-08-06,carbon_project_zone,112.6865115548159,-3.037525654207347,330.239990234375,304.3800048828125,0,VIIRS-NOAA20,375,2026-08-29T10:25:23.897747+00:00
2026-08-06,carbon_project_zone,112.68988875185234,-3.037525654207347,330.239990234375,304.3800048828125,0,VIIRS-NOAA20,375,2026-08-29T10:25:23.897749+00:00
2026-08-06,carbon_project_zone,112.6932659488888,-3.037525654207347,330.239990234375,304.3800048828125,0,VIIRS-NOAA20,375,2026-08-29T10:25:23.897752+00:00
2026-08-06,carbon_project_zone,112.6861597860449,-3.034153201986373,330.239990234375,304.3800048828125,0,VIIRS-NOAA20,375,2026-08-29T10:25:23.897734+00:00
2026-08-06,carbon_project_zone,112.68953697253889,-3.034153201986373,330.239990234375,304.3800048828125,0,VIIRS-NOAA20,375,2026-08-29T10:25:23.897737+00:00
2026-08-06,carbon_project_zone,112.6929141590329,-3.034153201986373,330.239990234375,304.3800048828125,0,VIIRS-NOAA20,375,2026-08-29T10:25:23.897740+00:00
2026-08-06,project_area,112.67673209342111,-3.040898106428321,339.82000732421875,302.8599853515625,1,VIIRS-SNPP,375,2026-08-29T10:24:40.087190+00:00
2026-08-06,project_area,112.68010930101181,-3.040898106428321,339.82000732421875,302.8599853515625,1,VIIRS-SNPP,375,2026-08-29T10:24:40.087192+00:00
2026-08-06,project_area,112.68348650860247,-3.040898106428321,339.82000732421875,302.8599853515625,1,VIIRS-SNPP,375,2026-08-29T10:24:40.087195+00:00
2026-08-06,project_area,112.67637996370652,-3.037525654207347,339.82000732421875,302.8599853515625,1,VIIRS-SNPP,375,2026-08-29T10:24:40.087181+00:00
2026-08-06,project_area,112.679757160743,-3.037525654207347,339.82000732421875,302.8599853515625,1,VIIRS-SNPP,375,2026-08-29T10:24:40.087184+00:00
2026-08-06,project_area,112.68313435777944,-3.037525654207347,339.82000732421875,302.8599853515625,1,VIIRS-SNPP,375,2026-08-29T10:24:40.087187+00:00
2026-08-06,project_area,112.6760282265629,-3.034153201986373,339.82000732421875,302.8599853515625,1,VIIRS-SNPP,375,2026-08-29T10:24:40.087157+00:00
2026-08-06,project_area,112.67940541305691,-3.034153201986373,339.82000732421875,302.8599853515625,1,VIIRS-SNPP,375,2026-08-29T10:24:40.087174+00:00
2026-08-06,project_area,112.6827825995509,-3.034153201986373,339.82000732421875,302.8599853515625,1,VIIRS-SNPP,375,2026-08-29T10:24:40.087178+00:00
2026-08-06,project_area,112.68686371619314,-3.040898106428321,330.239990234375,304.3800048828125,0,VIIRS-NOAA20,375,2026-08-29T10:25:24.627568+00:00
2026-08-06,project_area,112.69024092378382,-3.040898106428321,330.239990234375,304.3800048828125,0,VIIRS-NOAA20,375,2026-08-29T10:25:24.627570+00:00
2026-08-06,project_area,112.69361813137448,-3.040898106428321,330.239990234375,304.3800048828125,0,VIIRS-NOAA20,375,2026-08-29T10:25:24.627572+00:00
2026-08-06,project_area,112.6865115548159,-3.037525654207347,330.239990234375,304.3800048828125,0,VIIRS-NOAA20,375,2026-08-29T10:25:24.627561+00:00
2026-08-06,project_area,112.68988875185234,-3.037525654207347,330.239990234375,304.3800048828125,0,VIIRS-NOAA20,375,2026-08-29T10:25:24.627563+00:00
2026-08-06,project_area,112.6932659488888,-3.037525654207347,330.239990234375,304.3800048828125,0,VIIRS-NOAA20,375,2026-08-29T10:25:24.627565+00:00
2026-08-06,project_area,112.6861597860449,-3.034153201986373,330.239990234375,304.3800048828125,0,VIIRS-NOAA20,375,2026-08-29T10:25:24.627549+00:00
2026-08-06,project_area,112.68953697253889,-3.034153201986373,330.239990234375,304.3800048828125,0,VIIRS-NOAA20,375,2026-08-29T10:25:24.627552+00:00
2026-08-06,project_area,112.6929141590329,-3.034153201986373,330.239990234375,304.3800048828125,0,VIIRS-NOAA20,375,2026-08-29T10:25:24.627554+00:00
2026-08-07,carbon_project_zone,112.3845089189309,-3.1825410997092365,367.0,302.94000244140625,2,VIIRS-SNPP,375,2026-08-29T10:24:40.868228+00:00
2026-08-07,carbon_project_zone,112.38788658042634,-3.1825410997092365,367.0,302.94000244140625,2,VIIRS-SNPP,375,2026-08-29T10:24:40.868230+00:00
2026-08-07,carbon_project_zone,112.39126424192176,-3.1825410997092365,367.0,302.94000244140625,2,VIIRS-SNPP,375,2026-08-29T10:24:40.868232+00:00
2026-08-07,carbon_project_zone,112.38414130104425,-3.1791686474882628,367.0,302.94000244140625,2,VIIRS-SNPP,375,2026-08-29T10:24:40.868220+00:00
2026-08-07,carbon_project_zone,112.38751895149112,-3.1791686474882628,367.0,302.94000244140625,2,VIIRS-SNPP,375,2026-08-29T10:24:40.868222+00:00
2026-08-07,carbon_project_zone,112.39089660193797,-3.1791686474882628,367.0,302.94000244140625,2,VIIRS-SNPP,375,2026-08-29T10:24:40.868224+00:00
2026-08-07,carbon_project_zone,112.38377407492011,-3.175796195267288,367.0,302.94000244140625,2,VIIRS-SNPP,375,2026-08-29T10:24:40.868212+00:00
2026-08-07,carbon_project_zone,112.38715171433016,-3.175796195267288,367.0,302.94000244140625,2,VIIRS-SNPP,375,2026-08-29T10:24:40.868214+00:00
2026-08-07,carbon_project_zone,112.3905293537402,-3.175796195267288,367.0,302.94000244140625,2,VIIRS-SNPP,375,2026-08-29T10:24:40.868216+00:00
2026-08-07,carbon_project_zone,112.57939761089959,-3.1420716730575466,367.0,300.8699951171875,2,VIIRS-SNPP,375,2026-08-29T10:24:40.868203+00:00
2026-08-07,carbon_project_zone,112.58277514058916,-3.1420716730575466,367.0,300.8699951171875,2,VIIRS-SNPP,375,2026-08-29T10:24:40.868207+00:00
2026-08-07,carbon_project_zone,112.58615267027875,-3.1420716730575466,367.0,300.8699951171875,2,VIIRS-SNPP,375,2026-08-29T10:24:40.868210+00:00
2026-08-07,carbon_project_zone,112.57903405021243,-3.138699220836572,367.0,300.8699951171875,2,VIIRS-SNPP,375,2026-08-29T10:24:40.868194+00:00
2026-08-07,carbon_project_zone,112.5824115689947,-3.138699220836572,367.0,300.8699951171875,2,VIIRS-SNPP,375,2026-08-29T10:24:40.868196+00:00
2026-08-07,carbon_project_zone,112.58578908777699,-3.138699220836572,367.0,300.8699951171875,2,VIIRS-SNPP,375,2026-08-29T10:24:40.868198+00:00
2026-08-07,carbon_project_zone,112.57867088190615,-3.1353267686155983,367.0,300.8699951171875,2,VIIRS-SNPP,375,2026-08-29T10:24:40.868184+00:00
2026-08-07,carbon_project_zone,112.58204838979289,-3.1353267686155983,367.0,300.8699951171875,2,VIIRS-SNPP,375,2026-08-29T10:24:40.868187+00:00
2026-08-07,carbon_project_zone,112.58542589767966,-3.1353267686155983,367.0,300.8699951171875,2,VIIRS-SNPP,375,2026-08-29T10:24:40.868189+00:00
2026-08-07,carbon_project_zone,112.39213904095146,-3.0645052719751407,367.0,299.6700134277344,2,VIIRS-SNPP,375,2026-08-29T10:24:40.868175+00:00
2026-08-07,carbon_project_zone,112.39551632275115,-3.0645052719751407,367.0,299.6700134277344,2,VIIRS-SNPP,375,2026-08-29T10:24:40.868177+00:00
2026-08-07,carbon_project_zone,112.39889360455085,-3.0645052719751407,367.0,299.6700134277344,2,VIIRS-SNPP,375,2026-08-29T10:24:40.868180+00:00
2026-08-07,carbon_project_zone,112.3917850671785,-3.0611328197541665,367.0,299.6700134277344,2,VIIRS-SNPP,375,2026-08-29T10:24:40.868168+00:00
2026-08-07,carbon_project_zone,112.3951623383416,-3.0611328197541665,367.0,299.6700134277344,2,VIIRS-SNPP,375,2026-08-29T10:24:40.868170+00:00
2026-08-07,carbon_project_zone,112.3985396095047,-3.0611328197541665,367.0,299.6700134277344,2,VIIRS-SNPP,375,2026-08-29T10:24:40.868172+00:00
2026-08-07,carbon_project_zone,112.39143148501927,-3.057760367533192,367.0,299.6700134277344,2,VIIRS-SNPP,375,2026-08-29T10:24:40.868161+00:00
2026-08-07,carbon_project_zone,112.39480874555754,-3.057760367533192,367.0,299.6700134277344,2,VIIRS-SNPP,375,2026-08-29T10:24:40.868163+00:00
2026-08-07,carbon_project_zone,112.39818600609583,-3.057760367533192,367.0,299.6700134277344,2,VIIRS-SNPP,375,2026-08-29T10:24:40.868166+00:00
2026-08-07,carbon_project_zone,112.57848055624389,-3.2567350485706683,305.510009765625,292.2699890136719,1,VIIRS-NOAA20,375,2026-08-29T10:25:25.558805+00:00
2026-08-07,carbon_project_zone,112.58185846378727,-3.2567350485706683,305.510009765625,292.2699890136719,1,VIIRS-NOAA20,375,2026-08-29T10:25:25.558807+00:00
2026-08-07,carbon_project_zone,112.57810369603189,-3.253362596349694,305.29998779296875,293.260009765625,1,VIIRS-NOAA20,375,2026-08-29T10:25:25.558798+00:00
2026-08-07,carbon_project_zone,112.58148159226761,-3.253362596349694,305.29998779296875,293.260009765625,1,VIIRS-NOAA20,375,2026-08-29T10:25:25.558800+00:00
2026-08-07,carbon_project_zone,112.58485948850333,-3.253362596349694,305.29998779296875,293.260009765625,1,VIIRS-NOAA20,375,2026-08-29T10:25:25.558802+00:00
2026-08-07,carbon_project_zone,112.57773446702925,-3.2196380741399526,315.260009765625,296.1300048828125,1,VIIRS-NOAA20,375,2026-08-29T10:25:25.558792+00:00
2026-08-07,carbon_project_zone,112.58111225083617,-3.2196380741399526,315.260009765625,296.1300048828125,1,VIIRS-NOAA20,375,2026-08-29T10:25:25.558794+00:00
2026-08-07,carbon_project_zone,112.58449003464308,-3.2196380741399526,315.260009765625,296.1300048828125,1,VIIRS-NOAA20,375,2026-08-29T10:25:25.558796+00:00
2026-08-07,carbon_project_zone,112.57398414072905,-3.2162656219189785,309.6600036621094,294.260009765625,1,VIIRS-NOAA20,375,2026-08-29T10:25:25.558781+00:00
2026-08-07,carbon_project_zone,112.57736191335788,-3.2162656219189785,354.0199890136719,314.3800048828125,1,VIIRS-NOAA20,375,2026-08-29T10:25:25.558783+00:00
2026-08-07,carbon_project_zone,112.5807396859867,-3.2162656219189785,354.0199890136719,314.3800048828125,1,VIIRS-NOAA20,375,2026-08-29T10:25:25.558785+00:00
2026-08-07,carbon_project_zone,112.58411745861551,-3.2162656219189785,354.0199890136719,314.3800048828125,1,VIIRS-NOAA20,375,2026-08-29T10:25:25.558787+00:00
2026-08-07,carbon_project_zone,112.58749523124433,-3.2162656219189785,348.0799865722656,312.95001220703125,1,VIIRS-NOAA20,375,2026-08-29T10:25:25.558790+00:00
2026-08-07,carbon_project_zone,112.57361199071669,-3.212893169698004,309.6600036621094,294.260009765625,1,VIIRS-NOAA20,375,2026-08-29T10:25:25.558770+00:00
2026-08-07,carbon_project_zone,112.57698975217919,-3.212893169698004,354.0199890136719,314.3800048828125,1,VIIRS-NOAA20,375,2026-08-29T10:25:25.558772+00:00
2026-08-07,carbon_project_zone,112.58036751364168,-3.212893169698004,354.0199890136719,314.3800048828125,1,VIIRS-NOAA20,375,2026-08-29T10:25:25.558774+00:00
2026-08-07,carbon_project_zone,112.58374527510416,-3.212893169698004,332.2799987792969,298.3299865722656,1,VIIRS-SNPP,375,2026-08-29T10:24:40.868245+00:00
2026-08-07,carbon_project_zone,112.58712303656664,-3.212893169698004,332.2799987792969,298.3299865722656,1,VIIRS-SNPP,375,2026-08-29T10:24:40.868247+00:00
2026-08-07,carbon_project_zone,112.57324023317874,-3.20952071747703,309.6600036621094,294.260009765625,1,VIIRS-NOAA20,375,2026-08-29T10:25:25.558759+00:00
2026-08-07,carbon_project_zone,112.57661798348668,-3.20952071747703,335.1099853515625,303.2200012207031,1,VIIRS-NOAA20,375,2026-08-29T10:25:25.558761+00:00
2026-08-07,carbon_project_zone,112.57999573379462,-3.20952071747703,341.489990234375,302.82000732421875,1,VIIRS-NOAA20,375,2026-08-29T10:25:25.558763+00:00
2026-08-07,carbon_project_zone,112.58337348410255,-3.20952071747703,332.2799987792969,298.3299865722656,1,VIIRS-SNPP,375,2026-08-29T10:24:40.868241+00:00
2026-08-07,carbon_project_zone,112.58675123441047,-3.20952071747703,332.2799987792969,298.3299865722656,1,VIIRS-SNPP,375,2026-08-29T10:24:40.868243+00:00
2026-08-07,carbon_project_zone,112.57962434643903,-3.206148265256056,335.70001220703125,299.2200012207031,1,VIIRS-NOAA20,375,2026-08-29T10:25:25.558752+00:00
2026-08-07,carbon_project_zone,112.5830020856042,-3.206148265256056,332.2799987792969,298.3299865722656,1,VIIRS-SNPP,375,2026-08-29T10:24:40.868237+00:00
2026-08-07,carbon_project_zone,112.58637982476935,-3.206148265256056,332.2799987792969,298.3299865722656,1,VIIRS-SNPP,375,2026-08-29T10:24:40.868239+00:00
2026-08-07,carbon_project_zone,112.38825460114222,-3.1859135519302106,333.20001220703125,301.8999938964844,1,VIIRS-NOAA20,375,2026-08-29T10:25:25.558745+00:00
2026-08-07,carbon_project_zone,112.39163227369801,-3.1859135519302106,333.20001220703125,301.8999938964844,1,VIIRS-NOAA20,375,2026-08-29T10:25:25.558747+00:00
2026-08-07,carbon_project_zone,112.39500994625378,-3.1859135519302106,333.20001220703125,301.8999938964844,1,VIIRS-NOAA20,375,2026-08-29T10:25:25.558749+00:00
2026-08-07,carbon_project_zone,112.3946419034172,-3.1825410997092365,343.6700134277344,297.20001220703125,1,VIIRS-SNPP,375,2026-08-29T10:24:40.868235+00:00
2026-08-07,carbon_project_zone,112.3942742523848,-3.1791686474882628,343.6700134277344,297.20001220703125,1,VIIRS-SNPP,375,2026-08-29T10:24:40.868226+00:00
2026-08-07,carbon_project_zone,112.39390699315025,-3.175796195267288,343.6700134277344,297.20001220703125,1,VIIRS-SNPP,375,2026-08-29T10:24:40.868218+00:00
2026-08-07,carbon_project_zone,112.38340724055206,-3.172423743046314,343.9100036621094,307.4800109863281,1,VIIRS-NOAA20,375,2026-08-29T10:25:25.558710+00:00
2026-08-07,carbon_project_zone,112.3867848689371,-3.172423743046314,343.9100036621094,307.4800109863281,1,VIIRS-NOAA20,375,2026-08-29T10:25:25.558712+00:00
2026-08-07,carbon_project_zone,112.39016249732211,-3.172423743046314,343.9100036621094,307.4800109863281,1,VIIRS-NOAA20,375,2026-08-29T10:25:25.558714+00:00
2026-08-07,carbon_project_zone,112.5763840233653,-3.145444125278521,334.6300048828125,296.7699890136719,1,VIIRS-NOAA20,375,2026-08-29T10:25:25.558701+00:00
2026-08-07,carbon_project_zone,112.57976156397395,-3.145444125278521,334.6300048828125,296.7699890136719,1,VIIRS-NOAA20,375,2026-08-29T10:25:25.558703+00:00
2026-08-07,carbon_project_zone,112.5831391045826,-3.145444125278521,332.989990234375,300.9800109863281,1,VIIRS-NOAA20,375,2026-08-29T10:25:25.558705+00:00
2026-08-07,carbon_project_zone,112.58651664519125,-3.145444125278521,332.989990234375,300.9800109863281,1,VIIRS-NOAA20,375,2026-08-29T10:25:25.558707+00:00
2026-08-07,carbon_project_zone,112.57602008121002,-3.1420716730575466,354.1000061035156,298.9100036621094,1,VIIRS-SNPP,375,2026-08-29T10:24:40.868200+00:00
2026-08-07,carbon_project_zone,112.57565653143014,-3.138699220836572,354.1000061035156,298.9100036621094,1,VIIRS-SNPP,375,2026-08-29T10:24:40.868191+00:00
2026-08-07,carbon_project_zone,112.5752933740194,-3.1353267686155983,354.1000061035156,298.9100036621094,1,VIIRS-SNPP,375,2026-08-29T10:24:40.868182+00:00
2026-08-07,carbon_project_zone,112.4019168806678,-3.0611328197541665,338.2799987792969,304.8999938964844,1,VIIRS-NOAA20,375,2026-08-29T10:25:25.558688+00:00
2026-08-07,carbon_project_zone,112.4015632666341,-3.057760367533192,338.2799987792969,304.8999938964844,1,VIIRS-NOAA20,375,2026-08-29T10:25:25.558681+00:00
2026-08-07,carbon_project_zone,112.39107829446758,-3.0543879153122178,331.75,295.4700012207031,1,VIIRS-SNPP,375,2026-08-29T10:24:40.868137+00:00
2026-08-07,carbon_project_zone,112.3944555443928,-3.0543879153122178,335.82000732421875,296.2699890136719,1,VIIRS-SNPP,375,2026-08-29T10:24:40.868154+00:00
2026-08-07,carbon_project_zone,112.39783279431802,-3.0543879153122178,335.82000732421875,296.2699890136719,1,VIIRS-SNPP,375,2026-08-29T10:24:40.868158+00:00
2026-08-07,carbon_project_zone,112.3974799741652,-3.0510154630912436,331.57000732421875,300.5899963378906,1,VIIRS-NOAA20,375,2026-08-29T10:25:25.558669+00:00
2026-08-07,carbon_project_zone,112.40085721348913,-3.0510154630912436,331.57000732421875,300.5899963378906,1,VIIRS-NOAA20,375,2026-08-29T10:25:25.558672+00:00
2026-08-07,carbon_project_zone,112.40423445281309,-3.0510154630912436,331.57000732421875,300.5899963378906,1,VIIRS-NOAA20,375,2026-08-29T10:25:25.558674+00:00
2026-08-07,carbon_project_zone,112.3971275456312,-3.04764301087027,331.57000732421875,300.5899963378906,1,VIIRS-NOAA20,375,2026-08-29T10:25:25.558662+00:00
2026-08-07,carbon_project_zone,112.4005047743656,-3.04764301087027,331.57000732421875,300.5899963378906,1,VIIRS-NOAA20,375,2026-08-29T10:25:25.558664+00:00
2026-08-07,carbon_project_zone,112.40388200310004,-3.04764301087027,331.57000732421875,300.5899963378906,1,VIIRS-NOAA20,375,2026-08-29T10:25:25.558667+00:00
2026-08-07,carbon_project_zone,112.39677550870991,-3.0442705586492953,331.57000732421875,300.5899963378906,1,VIIRS-NOAA20,375,2026-08-29T10:25:25.558621+00:00
2026-08-07,carbon_project_zone,112.40015272686657,-3.0442705586492953,331.57000732421875,300.5899963378906,1,VIIRS-NOAA20,375,2026-08-29T10:25:25.558655+00:00
2026-08-07,carbon_project_zone,112.40352994502324,-3.0442705586492953,331.57000732421875,300.5899963378906,1,VIIRS-NOAA20,375,2026-08-29T10:25:25.558659+00:00
2026-08-07,project_area,112.57939761089959,-3.1420716730575466,367.0,300.8699951171875,2,VIIRS-SNPP,375,2026-08-29T10:24:41.558830+00:00
2026-08-07,project_area,112.58277514058916,-3.1420716730575466,367.0,300.8699951171875,2,VIIRS-SNPP,375,2026-08-29T10:24:41.558833+00:00
2026-08-07,project_area,112.58615267027875,-3.1420716730575466,367.0,300.8699951171875,2,VIIRS-SNPP,375,2026-08-29T10:24:41.558835+00:00
2026-08-07,project_area,112.57903405021243,-3.138699220836572,367.0,300.8699951171875,2,VIIRS-SNPP,375,2026-08-29T10:24:41.558820+00:00
2026-08-07,project_area,112.5824115689947,-3.138699220836572,367.0,300.8699951171875,2,VIIRS-SNPP,375,2026-08-29T10:24:41.558823+00:00
2026-08-07,project_area,112.58578908777699,-3.138699220836572,367.0,300.8699951171875,2,VIIRS-SNPP,375,2026-08-29T10:24:41.558825+00:00
2026-08-07,project_area,112.57867088190615,-3.1353267686155983,367.0,300.8699951171875,2,VIIRS-SNPP,375,2026-08-29T10:24:41.558809+00:00
2026-08-07,project_area,112.58204838979289,-3.1353267686155983,367.0,300.8699951171875,2,VIIRS-SNPP,375,2026-08-29T10:24:41.558812+00:00
2026-08-07,project_area,112.58542589767966,-3.1353267686155983,367.0,300.8699951171875,2,VIIRS-SNPP,375,2026-08-29T10:24:41.558815+00:00
2026-08-07,project_area,112.5763840233653,-3.145444125278521,334.6300048828125,296.7699890136719,1,VIIRS-NOAA20,375,2026-08-29T10:25:26.314402+00:00
2026-08-07,project_area,112.57976156397395,-3.145444125278521,334.6300048828125,296.7699890136719,1,VIIRS-NOAA20,375,2026-08-29T10:25:26.314404+00:00
2026-08-07,project_area,112.5831391045826,-3.145444125278521,332.989990234375,300.9800109863281,1,VIIRS-NOAA20,375,2026-08-29T10:25:26.314406+00:00
2026-08-07,project_area,112.58651664519125,-3.145444125278521,332.989990234375,300.9800109863281,1,VIIRS-NOAA20,375,2026-08-29T10:25:26.314408+00:00
2026-08-07,project_area,112.57602008121002,-3.1420716730575466,354.1000061035156,298.9100036621094,1,VIIRS-SNPP,375,2026-08-29T10:24:41.558828+00:00
2026-08-07,project_area,112.57565653143014,-3.138699220836572,354.1000061035156,298.9100036621094,1,VIIRS-SNPP,375,2026-08-29T10:24:41.558817+00:00
2026-08-07,project_area,112.5752933740194,-3.1353267686155983,354.1000061035156,298.9100036621094,1,VIIRS-SNPP,375,2026-08-29T10:24:41.558792+00:00
2026-08-07,project_area,112.4019168806678,-3.0611328197541665,338.2799987792969,304.8999938964844,1,VIIRS-NOAA20,375,2026-08-29T10:25:26.314375+00:00
2026-08-08,carbon_project_zone,112.58111225083617,-3.2196380741399526,321.3900146484375,297.17999267578125,1,VIIRS-SNPP,375,2026-08-29T10:24:42.331718+00:00
2026-08-08,carbon_project_zone,112.58449003464308,-3.2196380741399526,321.3900146484375,297.17999267578125,1,VIIRS-SNPP,375,2026-08-29T10:24:42.331720+00:00
2026-08-08,carbon_project_zone,112.57398414072905,-3.2162656219189785,314.5899963378906,296.82000732421875,1,VIIRS-NOAA20,375,2026-08-29T10:25:27.108314+00:00
2026-08-08,carbon_project_zone,112.57736191335788,-3.2162656219189785,324.739990234375,297.5199890136719,1,VIIRS-SNPP,375,2026-08-29T10:24:42.331711+00:00
2026-08-08,carbon_project_zone,112.5807396859867,-3.2162656219189785,324.739990234375,297.5199890136719,1,VIIRS-SNPP,375,2026-08-29T10:24:42.331713+00:00
2026-08-08,carbon_project_zone,112.58411745861551,-3.2162656219189785,321.3900146484375,297.17999267578125,1,VIIRS-SNPP,375,2026-08-29T10:24:42.331715+00:00
2026-08-08,carbon_project_zone,112.58749523124433,-3.2162656219189785,312.6000061035156,297.1199951171875,1,VIIRS-NOAA20,375,2026-08-29T10:25:27.108322+00:00
2026-08-08,carbon_project_zone,112.57361199071669,-3.212893169698004,314.5899963378906,296.82000732421875,1,VIIRS-NOAA20,375,2026-08-29T10:25:27.108303+00:00
2026-08-08,carbon_project_zone,112.57698975217919,-3.212893169698004,324.739990234375,297.5199890136719,1,VIIRS-SNPP,375,2026-08-29T10:24:42.331704+00:00
2026-08-08,carbon_project_zone,112.58036751364168,-3.212893169698004,324.739990234375,297.5199890136719,1,VIIRS-SNPP,375,2026-08-29T10:24:42.331707+00:00
2026-08-08,carbon_project_zone,112.58374527510416,-3.212893169698004,321.3900146484375,297.17999267578125,1,VIIRS-SNPP,375,2026-08-29T10:24:42.331709+00:00
2026-08-08,carbon_project_zone,112.58712303656664,-3.212893169698004,312.6000061035156,297.1199951171875,1,VIIRS-NOAA20,375,2026-08-29T10:25:27.108312+00:00
2026-08-08,carbon_project_zone,112.57324023317874,-3.20952071747703,314.5899963378906,296.82000732421875,1,VIIRS-NOAA20,375,2026-08-29T10:25:27.108292+00:00
2026-08-08,carbon_project_zone,112.57661798348668,-3.20952071747703,305.45001220703125,294.04998779296875,1,VIIRS-SNPP,375,2026-08-29T10:24:42.331698+00:00
2026-08-08,carbon_project_zone,112.57999573379462,-3.20952071747703,305.45001220703125,294.04998779296875,1,VIIRS-SNPP,375,2026-08-29T10:24:42.331700+00:00
2026-08-08,carbon_project_zone,112.58337348410255,-3.20952071747703,305.45001220703125,294.04998779296875,1,VIIRS-SNPP,375,2026-08-29T10:24:42.331702+00:00
2026-08-08,carbon_project_zone,112.58675123441047,-3.20952071747703,312.6000061035156,297.1199951171875,1,VIIRS-NOAA20,375,2026-08-29T10:25:27.108301+00:00
2026-08-08,carbon_project_zone,112.38277542447447,-3.1353267686155983,313.4599914550781,291.9800109863281,1,VIIRS-SNPP,375,2026-08-29T10:24:42.331690+00:00
2026-08-08,carbon_project_zone,112.38615293236123,-3.1353267686155983,313.4599914550781,291.9800109863281,1,VIIRS-SNPP,375,2026-08-29T10:24:42.331693+00:00
2026-08-08,carbon_project_zone,112.38953044024797,-3.1353267686155983,313.4599914550781,291.9800109863281,1,VIIRS-SNPP,375,2026-08-29T10:24:42.331695+00:00
2026-08-08,carbon_project_zone,112.38241327980047,-3.131954316394624,313.4599914550781,291.9800109863281,1,VIIRS-SNPP,375,2026-08-29T10:24:42.331683+00:00
2026-08-08,carbon_project_zone,112.38579077680347,-3.131954316394624,313.4599914550781,291.9800109863281,1,VIIRS-SNPP,375,2026-08-29T10:24:42.331685+00:00
2026-08-08,carbon_project_zone,112.38916827380648,-3.131954316394624,313.4599914550781,291.9800109863281,1,VIIRS-SNPP,375,2026-08-29T10:24:42.331688+00:00
2026-08-08,carbon_project_zone,112.38205152681199,-3.1285818641736496,313.4599914550781,291.9800109863281,1,VIIRS-SNPP,375,2026-08-29T10:24:42.331676+00:00
2026-08-08,carbon_project_zone,112.38542901294299,-3.1285818641736496,313.4599914550781,291.9800109863281,1,VIIRS-SNPP,375,2026-08-29T10:24:42.331678+00:00
2026-08-08,carbon_project_zone,112.38880649907402,-3.1285818641736496,313.4599914550781,291.9800109863281,1,VIIRS-SNPP,375,2026-08-29T10:24:42.331681+00:00
2026-08-08,carbon_project_zone,112.38736331710899,-3.115092055289753,304.4200134277344,291.6499938964844,1,VIIRS-SNPP,375,2026-08-29T10:24:42.331671+00:00
2026-08-08,carbon_project_zone,112.3907407598698,-3.115092055289753,304.4200134277344,291.6499938964844,1,VIIRS-SNPP,375,2026-08-29T10:24:42.331673+00:00
2026-08-08,carbon_project_zone,112.39411820263061,-3.115092055289753,302.989990234375,291.5799865722656,1,VIIRS-NOAA20,375,2026-08-29T10:25:27.108277+00:00
2026-08-08,carbon_project_zone,112.38700350082759,-3.111719603068779,304.4200134277344,291.6499938964844,1,VIIRS-SNPP,375,2026-08-29T10:24:42.331665+00:00
2026-08-08,carbon_project_zone,112.39038093277524,-3.111719603068779,304.4200134277344,291.6499938964844,1,VIIRS-SNPP,375,2026-08-29T10:24:42.331668+00:00
2026-08-08,carbon_project_zone,112.39375836472293,-3.111719603068779,302.989990234375,291.5799865722656,1,VIIRS-NOAA20,375,2026-08-29T10:25:27.108270+00:00
2026-08-08,carbon_project_zone,112.39002149736388,-3.1083471508478047,304.4200134277344,291.6499938964844,1,VIIRS-SNPP,375,2026-08-29T10:24:42.331645+00:00
2026-08-08,carbon_project_zone,112.39339891851019,-3.1083471508478047,302.989990234375,291.5799865722656,1,VIIRS-NOAA20,375,2026-08-29T10:25:27.108262+00:00
2026-08-09,carbon_project_zone,112.37867404068098,-3.1285818641736496,367.0,291.3299865722656,2,VIIRS-NOAA20,375,2026-08-29T10:25:28.244199+00:00
2026-08-09,carbon_project_zone,112.38205152681199,-3.1285818641736496,367.0,291.3299865722656,2,VIIRS-NOAA20,375,2026-08-29T10:25:28.244201+00:00
2026-08-09,carbon_project_zone,112.38542901294299,-3.1285818641736496,367.0,291.3299865722656,2,VIIRS-NOAA20,375,2026-08-29T10:25:28.244203+00:00
2026-08-09,carbon_project_zone,112.37831269023192,-3.1252094119526754,367.0,291.3299865722656,2,VIIRS-NOAA20,375,2026-08-29T10:25:28.244188+00:00
2026-08-09,carbon_project_zone,112.38169016550273,-3.1252094119526754,367.0,291.3299865722656,2,VIIRS-NOAA20,375,2026-08-29T10:25:28.244190+00:00
2026-08-09,carbon_project_zone,112.38506764077353,-3.1252094119526754,367.0,291.3299865722656,2,VIIRS-NOAA20,375,2026-08-29T10:25:28.244193+00:00
2026-08-09,carbon_project_zone,112.37795173144403,-3.1218369597317017,367.0,291.3299865722656,2,VIIRS-NOAA20,375,2026-08-29T10:25:28.244175+00:00
2026-08-09,carbon_project_zone,112.38132919586639,-3.1218369597317017,367.0,291.3299865722656,2,VIIRS-NOAA20,375,2026-08-29T10:25:28.244177+00:00
2026-08-09,carbon_project_zone,112.38470666028876,-3.1218369597317017,367.0,291.3299865722656,2,VIIRS-NOAA20,375,2026-08-29T10:25:28.244180+00:00
2026-08-09,carbon_project_zone,112.38096861789671,-3.1184645075107276,367.0,291.3299865722656,2,VIIRS-NOAA20,375,2026-08-29T10:25:28.244162+00:00
2026-08-09,carbon_project_zone,112.3843460714824,-3.1184645075107276,367.0,291.3299865722656,2,VIIRS-NOAA20,375,2026-08-29T10:25:28.244164+00:00
2026-08-09,carbon_project_zone,112.64401844481263,-3.0510154630912436,367.0,293.94000244140625,2,VIIRS-SNPP,375,2026-08-29T10:24:43.848787+00:00
2026-08-09,carbon_project_zone,112.64739568413657,-3.0510154630912436,367.0,293.94000244140625,2,VIIRS-SNPP,375,2026-08-29T10:24:43.848789+00:00
2026-08-09,carbon_project_zone,112.65077292346051,-3.0510154630912436,367.0,293.94000244140625,2,VIIRS-SNPP,375,2026-08-29T10:24:43.848791+00:00
2026-08-09,carbon_project_zone,112.64366524324357,-3.04764301087027,367.0,293.94000244140625,2,VIIRS-SNPP,375,2026-08-29T10:24:43.848773+00:00
2026-08-09,carbon_project_zone,112.64704247197798,-3.04764301087027,367.0,293.94000244140625,2,VIIRS-SNPP,375,2026-08-29T10:24:43.848776+00:00
2026-08-09,carbon_project_zone,112.65041970071239,-3.04764301087027,367.0,293.94000244140625,2,VIIRS-SNPP,375,2026-08-29T10:24:43.848778+00:00
2026-08-09,carbon_project_zone,112.64331243414621,-3.0442705586492953,367.0,293.94000244140625,2,VIIRS-SNPP,375,2026-08-29T10:24:43.848760+00:00
2026-08-09,carbon_project_zone,112.64668965230288,-3.0442705586492953,367.0,293.94000244140625,2,VIIRS-SNPP,375,2026-08-29T10:24:43.848762+00:00
2026-08-09,carbon_project_zone,112.65006687045953,-3.0442705586492953,367.0,293.94000244140625,2,VIIRS-SNPP,375,2026-08-29T10:24:43.848764+00:00
2026-08-09,carbon_project_zone,112.57547989015218,-3.2601075007916425,326.94000244140625,292.0,1,VIIRS-NOAA20,375,2026-08-29T10:25:28.244272+00:00
2026-08-09,carbon_project_zone,112.40320797764548,-3.229755430802875,343.55999755859375,296.05999755859375,1,VIIRS-SNPP,375,2026-08-29T10:24:43.848913+00:00
2026-08-09,carbon_project_zone,112.4065857950574,-3.229755430802875,343.55999755859375,296.05999755859375,1,VIIRS-SNPP,375,2026-08-29T10:24:43.848916+00:00
2026-08-09,carbon_project_zone,112.40996361246927,-3.229755430802875,343.55999755859375,296.05999755859375,1,VIIRS-SNPP,375,2026-08-29T10:24:43.848918+00:00
2026-08-09,carbon_project_zone,112.41334142988117,-3.229755430802875,331.54998779296875,293.25,1,VIIRS-SNPP,375,2026-08-29T10:24:43.848920+00:00
2026-08-09,carbon_project_zone,112.41671924729307,-3.229755430802875,331.54998779296875,293.25,1,VIIRS-SNPP,375,2026-08-29T10:24:43.848923+00:00
2026-08-09,carbon_project_zone,112.40283482955589,-3.226382978581901,343.55999755859375,296.05999755859375,1,VIIRS-SNPP,375,2026-08-29T10:24:43.848900+00:00
2026-08-09,carbon_project_zone,112.40621263575436,-3.226382978581901,343.55999755859375,296.05999755859375,1,VIIRS-SNPP,375,2026-08-29T10:24:43.848903+00:00
2026-08-09,carbon_project_zone,112.40959044195282,-3.226382978581901,343.55999755859375,296.05999755859375,1,VIIRS-SNPP,375,2026-08-29T10:24:43.848906+00:00
2026-08-09,carbon_project_zone,112.41296824815127,-3.226382978581901,341.25,294.04998779296875,1,VIIRS-SNPP,375,2026-08-29T10:24:43.848908+00:00
2026-08-09,carbon_project_zone,112.41634605434973,-3.226382978581901,341.25,294.04998779296875,1,VIIRS-SNPP,375,2026-08-29T10:24:43.848910+00:00
2026-08-09,carbon_project_zone,112.40246207336601,-3.2230105263609268,343.55999755859375,296.05999755859375,1,VIIRS-SNPP,375,2026-08-29T10:24:43.848889+00:00
2026-08-09,carbon_project_zone,112.40583986836283,-3.2230105263609268,343.55999755859375,296.05999755859375,1,VIIRS-SNPP,375,2026-08-29T10:24:43.848891+00:00
2026-08-09,carbon_project_zone,112.40921766335963,-3.2230105263609268,343.55999755859375,296.05999755859375,1,VIIRS-SNPP,375,2026-08-29T10:24:43.848893+00:00
2026-08-09,carbon_project_zone,112.41259545835642,-3.2230105263609268,341.25,294.04998779296875,1,VIIRS-SNPP,375,2026-08-29T10:24:43.848895+00:00
2026-08-09,carbon_project_zone,112.41597325335323,-3.2230105263609268,341.25,294.04998779296875,1,VIIRS-SNPP,375,2026-08-29T10:24:43.848898+00:00
2026-08-09,carbon_project_zone,112.4054674928763,-3.2196380741399526,334.5199890136719,291.739990234375,1,VIIRS-NOAA20,375,2026-08-29T10:25:28.244236+00:00
2026-08-09,carbon_project_zone,112.40884527668322,-3.2196380741399526,334.5199890136719,291.739990234375,1,VIIRS-NOAA20,375,2026-08-29T10:25:28.244238+00:00
2026-08-09,carbon_project_zone,112.41222306049015,-3.2196380741399526,334.5199890136719,291.739990234375,1,VIIRS-NOAA20,375,2026-08-29T10:25:28.244240+00:00
2026-08-09,carbon_project_zone,112.57435668322232,-3.2196380741399526,302.8900146484375,288.260009765625,1,VIIRS-SNPP,375,2026-08-29T10:24:43.848879+00:00
2026-08-09,carbon_project_zone,112.57773446702925,-3.2196380741399526,302.8900146484375,288.260009765625,1,VIIRS-SNPP,375,2026-08-29T10:24:43.848881+00:00
2026-08-09,carbon_project_zone,112.58111225083617,-3.2196380741399526,303.4700012207031,288.6199951171875,1,VIIRS-SNPP,375,2026-08-29T10:24:43.848884+00:00
2026-08-09,carbon_project_zone,112.58449003464308,-3.2196380741399526,303.4700012207031,288.6199951171875,1,VIIRS-SNPP,375,2026-08-29T10:24:43.848886+00:00
2026-08-09,carbon_project_zone,112.57398414072905,-3.2162656219189785,302.8900146484375,288.260009765625,1,VIIRS-SNPP,375,2026-08-29T10:24:43.848870+00:00
2026-08-09,carbon_project_zone,112.57736191335788,-3.2162656219189785,302.8900146484375,288.260009765625,1,VIIRS-SNPP,375,2026-08-29T10:24:43.848872+00:00
2026-08-09,carbon_project_zone,112.5807396859867,-3.2162656219189785,303.4700012207031,288.6199951171875,1,VIIRS-SNPP,375,2026-08-29T10:24:43.848874+00:00
2026-08-09,carbon_project_zone,112.58411745861551,-3.2162656219189785,303.4700012207031,288.6199951171875,1,VIIRS-SNPP,375,2026-08-29T10:24:43.848876+00:00
2026-08-09,carbon_project_zone,112.58749523124433,-3.2162656219189785,304.2799987792969,293.8800048828125,1,VIIRS-NOAA20,375,2026-08-29T10:25:28.244233+00:00
2026-08-09,carbon_project_zone,112.57361199071669,-3.212893169698004,302.8900146484375,288.260009765625,1,VIIRS-SNPP,375,2026-08-29T10:24:43.848860+00:00
2026-08-09,carbon_project_zone,112.57698975217919,-3.212893169698004,302.8900146484375,288.260009765625,1,VIIRS-SNPP,375,2026-08-29T10:24:43.848862+00:00
2026-08-09,carbon_project_zone,112.58036751364168,-3.212893169698004,303.4700012207031,288.6199951171875,1,VIIRS-SNPP,375,2026-08-29T10:24:43.848865+00:00
2026-08-09,carbon_project_zone,112.58374527510416,-3.212893169698004,303.4700012207031,288.6199951171875,1,VIIRS-SNPP,375,2026-08-29T10:24:43.848867+00:00
2026-08-09,carbon_project_zone,112.58712303656664,-3.212893169698004,304.2799987792969,293.8800048828125,1,VIIRS-NOAA20,375,2026-08-29T10:25:28.244223+00:00
2026-08-09,carbon_project_zone,112.57324023317874,-3.20952071747703,308.1199951171875,293.7799987792969,1,VIIRS-NOAA20,375,2026-08-29T10:25:28.244205+00:00
2026-08-09,carbon_project_zone,112.57661798348668,-3.20952071747703,326.2200012207031,298.4100036621094,1,VIIRS-NOAA20,375,2026-08-29T10:25:28.244208+00:00
2026-08-09,carbon_project_zone,112.57999573379462,-3.20952071747703,326.2200012207031,298.4100036621094,1,VIIRS-NOAA20,375,2026-08-29T10:25:28.244210+00:00
2026-08-09,carbon_project_zone,112.58337348410255,-3.20952071747703,326.2200012207031,298.4100036621094,1,VIIRS-NOAA20,375,2026-08-29T10:25:28.244212+00:00
2026-08-09,carbon_project_zone,112.37228078879149,-3.131954316394624,331.6000061035156,295.3900146484375,1,VIIRS-SNPP,375,2026-08-29T10:24:43.848850+00:00
2026-08-09,carbon_project_zone,112.37565828579449,-3.131954316394624,341.8500061035156,296.8900146484375,1,VIIRS-SNPP,375,2026-08-29T10:24:43.848852+00:00
2026-08-09,carbon_project_zone,112.37903578279747,-3.131954316394624,341.8500061035156,296.8900146484375,1,VIIRS-SNPP,375,2026-08-29T10:24:43.848855+00:00
2026-08-09,carbon_project_zone,112.38241327980047,-3.131954316394624,341.8500061035156,296.8900146484375,1,VIIRS-SNPP,375,2026-08-29T10:24:43.848857+00:00
2026-08-09,carbon_project_zone,112.37529655454995,-3.1285818641736496,341.8500061035156,296.8900146484375,1,VIIRS-SNPP,375,2026-08-29T10:24:43.848839+00:00
2026-08-09,carbon_project_zone,112.38880649907402,-3.1285818641736496,333.4100036621094,295.0799865722656,1,VIIRS-SNPP,375,2026-08-29T10:24:43.848848+00:00
2026-08-09,carbon_project_zone,112.37493521496111,-3.1252094119526754,348.75,297.2799987792969,1,VIIRS-SNPP,375,2026-08-29T10:24:43.848827+00:00
2026-08-09,carbon_project_zone,112.38844511604434,-3.1252094119526754,333.4100036621094,295.0799865722656,1,VIIRS-SNPP,375,2026-08-29T10:24:43.848837+00:00
2026-08-09,carbon_project_zone,112.38808412471111,-3.1218369597317017,333.4100036621094,295.0799865722656,1,VIIRS-SNPP,375,2026-08-29T10:24:43.848825+00:00
2026-08-09,carbon_project_zone,112.38772352506808,-3.1184645075107276,334.4599914550781,280.9100036621094,1,VIIRS-NOAA20,375,2026-08-29T10:25:28.244167+00:00
2026-08-09,carbon_project_zone,112.3911009786538,-3.1184645075107276,334.4599914550781,280.9100036621094,1,VIIRS-NOAA20,375,2026-08-29T10:25:28.244169+00:00
2026-08-09,carbon_project_zone,112.3944784322395,-3.1184645075107276,334.4599914550781,280.9100036621094,1,VIIRS-NOAA20,375,2026-08-29T10:25:28.244171+00:00
2026-08-09,carbon_project_zone,112.3978558858252,-3.1184645075107276,334.4599914550781,280.9100036621094,1,VIIRS-NOAA20,375,2026-08-29T10:25:28.244173+00:00
2026-08-09,carbon_project_zone,112.38398587434821,-3.115092055289753,346.3500061035156,297.6099853515625,1,VIIRS-SNPP,375,2026-08-29T10:24:43.848805+00:00
2026-08-09,carbon_project_zone,112.38736331710899,-3.115092055289753,350.3399963378906,298.3299865722656,1,VIIRS-SNPP,375,2026-08-29T10:24:43.848807+00:00
2026-08-09,carbon_project_zone,112.3907407598698,-3.115092055289753,350.3399963378906,298.3299865722656,1,VIIRS-SNPP,375,2026-08-29T10:24:43.848810+00:00
2026-08-09,carbon_project_zone,112.39411820263061,-3.115092055289753,350.3399963378906,298.3299865722656,1,VIIRS-SNPP,375,2026-08-29T10:24:43.848813+00:00
2026-08-09,carbon_project_zone,112.3974956453914,-3.115092055289753,334.4599914550781,280.9100036621094,1,VIIRS-NOAA20,375,2026-08-29T10:25:28.244160+00:00
2026-08-09,carbon_project_zone,112.38700350082759,-3.111719603068779,350.3399963378906,298.3299865722656,1,VIIRS-SNPP,375,2026-08-29T10:24:43.848799+00:00
2026-08-09,carbon_project_zone,112.39038093277524,-3.111719603068779,350.3399963378906,298.3299865722656,1,VIIRS-SNPP,375,2026-08-29T10:24:43.848801+00:00
2026-08-09,carbon_project_zone,112.39375836472293,-3.111719603068779,350.3399963378906,298.3299865722656,1,VIIRS-SNPP,375,2026-08-29T10:24:43.848803+00:00
2026-08-09,carbon_project_zone,112.3971357966706,-3.111719603068779,334.4599914550781,280.9100036621094,1,VIIRS-NOAA20,375,2026-08-29T10:25:28.244149+00:00
2026-08-09,carbon_project_zone,112.39002149736388,-3.1083471508478047,350.3399963378906,298.3299865722656,1,VIIRS-SNPP,375,2026-08-29T10:24:43.848794+00:00
2026-08-09,carbon_project_zone,112.39339891851019,-3.1083471508478047,350.3399963378906,298.3299865722656,1,VIIRS-SNPP,375,2026-08-29T10:24:43.848796+00:00
2026-08-09,carbon_project_zone,112.3967763396565,-3.1083471508478047,329.5299987792969,291.3800048828125,1,VIIRS-NOAA20,375,2026-08-29T10:25:28.244140+00:00
2026-08-09,carbon_project_zone,112.38628504327272,-3.1049746986268305,326.8699951171875,279.9200134277344,1,VIIRS-NOAA20,375,2026-08-29T10:25:28.244131+00:00
2026-08-09,carbon_project_zone,112.38966245362944,-3.1049746986268305,326.8699951171875,279.9200134277344,1,VIIRS-NOAA20,375,2026-08-29T10:25:28.244133+00:00
2026-08-09,carbon_project_zone,112.6443720388595,-3.0543879153122178,338.8999938964844,289.3800048828125,1,VIIRS-NOAA20,375,2026-08-29T10:25:28.244123+00:00
2026-08-09,carbon_project_zone,112.64774928878472,-3.0543879153122178,338.8999938964844,289.3800048828125,1,VIIRS-NOAA20,375,2026-08-29T10:25:28.244125+00:00
2026-08-09,carbon_project_zone,112.65112653870995,-3.0543879153122178,338.8999938964844,289.3800048828125,1,VIIRS-NOAA20,375,2026-08-29T10:25:28.244127+00:00
2026-08-09,carbon_project_zone,112.65450378863517,-3.0543879153122178,338.8999938964844,289.3800048828125,1,VIIRS-NOAA20,375,2026-08-29T10:25:28.244129+00:00
2026-08-09,carbon_project_zone,112.64064120548869,-3.0510154630912436,341.17999267578125,291.8800048828125,1,VIIRS-SNPP,375,2026-08-29T10:24:43.848785+00:00
2026-08-09,carbon_project_zone,112.65415016278445,-3.0510154630912436,338.8999938964844,289.3800048828125,1,VIIRS-NOAA20,375,2026-08-29T10:25:28.244120+00:00
2026-08-09,carbon_project_zone,112.64028801450914,-3.04764301087027,341.17999267578125,291.8800048828125,1,VIIRS-SNPP,375,2026-08-29T10:24:43.848771+00:00
2026-08-09,carbon_project_zone,112.65379692944681,-3.04764301087027,329.0,290.510009765625,1,VIIRS-SNPP,375,2026-08-29T10:24:43.848780+00:00
2026-08-09,carbon_project_zone,112.65717415818122,-3.04764301087027,329.0,290.510009765625,1,VIIRS-SNPP,375,2026-08-29T10:24:43.848782+00:00
2026-08-09,carbon_project_zone,112.63993521598954,-3.0442705586492953,341.17999267578125,291.8800048828125,1,VIIRS-SNPP,375,2026-08-29T10:24:43.848757+00:00
2026-08-09,carbon_project_zone,112.65344408861618,-3.0442705586492953,329.0,290.510009765625,1,VIIRS-SNPP,375,2026-08-29T10:24:43.848766+00:00
2026-08-09,carbon_project_zone,112.65682130677284,-3.0442705586492953,329.0,290.510009765625,1,VIIRS-SNPP,375,2026-08-29T10:24:43.848768+00:00
2026-08-09,carbon_project_zone,112.6395828099237,-3.040898106428321,337.4800109863281,291.0400085449219,1,VIIRS-SNPP,375,2026-08-29T10:24:43.848742+00:00
2026-08-09,carbon_project_zone,112.64296001751438,-3.040898106428321,348.7699890136719,293.2900085449219,1,VIIRS-SNPP,375,2026-08-29T10:24:43.848744+00:00
2026-08-09,carbon_project_zone,112.64633722510507,-3.040898106428321,348.7699890136719,293.2900085449219,1,VIIRS-SNPP,375,2026-08-29T10:24:43.848747+00:00
2026-08-09,carbon_project_zone,112.64971443269573,-3.040898106428321,348.7699890136719,293.2900085449219,1,VIIRS-SNPP,375,2026-08-29T10:24:43.848749+00:00
2026-08-09,carbon_project_zone,112.6530916402864,-3.040898106428321,329.0,290.510009765625,1,VIIRS-SNPP,375,2026-08-29T10:24:43.848752+00:00
2026-08-09,carbon_project_zone,112.65646884787706,-3.040898106428321,329.0,290.510009765625,1,VIIRS-SNPP,375,2026-08-29T10:24:43.848755+00:00
2026-08-09,carbon_project_zone,112.642607993342,-3.037525654207347,348.7699890136719,293.2900085449219,1,VIIRS-SNPP,375,2026-08-29T10:24:43.848718+00:00
2026-08-09,carbon_project_zone,112.64598519037845,-3.037525654207347,348.7699890136719,293.2900085449219,1,VIIRS-SNPP,375,2026-08-29T10:24:43.848735+00:00
2026-08-09,carbon_project_zone,112.64936238741491,-3.037525654207347,348.7699890136719,293.2900085449219,1,VIIRS-SNPP,375,2026-08-29T10:24:43.848739+00:00
2026-08-09,carbon_project_zone,112.65273958445135,-3.037525654207347,334.510009765625,291.8900146484375,1,VIIRS-NOAA20,375,2026-08-29T10:25:28.244085+00:00
2026-08-09,carbon_project_zone,112.39146158913347,-3.1218369597317017,356.1700134277344,285.8800048828125,0,VIIRS-NOAA20,375,2026-08-29T10:25:28.244184+00:00
2026-08-09,project_area,112.64401844481263,-3.0510154630912436,367.0,293.94000244140625,2,VIIRS-SNPP,375,2026-08-29T10:24:44.659673+00:00
2026-08-09,project_area,112.64739568413657,-3.0510154630912436,367.0,293.94000244140625,2,VIIRS-SNPP,375,2026-08-29T10:24:44.659675+00:00
2026-08-09,project_area,112.65077292346051,-3.0510154630912436,367.0,293.94000244140625,2,VIIRS-SNPP,375,2026-08-29T10:24:44.659678+00:00
2026-08-09,project_area,112.64366524324357,-3.04764301087027,367.0,293.94000244140625,2,VIIRS-SNPP,375,2026-08-29T10:24:44.659663+00:00
2026-08-09,project_area,112.64704247197798,-3.04764301087027,367.0,293.94000244140625,2,VIIRS-SNPP,375,2026-08-29T10:24:44.659666+00:00
2026-08-09,project_area,112.65041970071239,-3.04764301087027,367.0,293.94000244140625,2,VIIRS-SNPP,375,2026-08-29T10:24:44.659668+00:00
2026-08-09,project_area,112.64331243414621,-3.0442705586492953,367.0,293.94000244140625,2,VIIRS-SNPP,375,2026-08-29T10:24:44.659654+00:00
2026-08-09,project_area,112.64668965230288,-3.0442705586492953,367.0,293.94000244140625,2,VIIRS-SNPP,375,2026-08-29T10:24:44.659656+00:00
2026-08-09,project_area,112.65006687045953,-3.0442705586492953,367.0,293.94000244140625,2,VIIRS-SNPP,375,2026-08-29T10:24:44.659658+00:00
2026-08-09,project_area,112.3978558858252,-3.1184645075107276,334.4599914550781,280.9100036621094,1,VIIRS-NOAA20,375,2026-08-29T10:25:28.787976+00:00
2026-08-09,project_area,112.6443720388595,-3.0543879153122178,338.8999938964844,289.3800048828125,1,VIIRS-NOAA20,375,2026-08-29T10:25:28.787971+00:00
2026-08-09,project_area,112.64774928878472,-3.0543879153122178,338.8999938964844,289.3800048828125,1,VIIRS-NOAA20,375,2026-08-29T10:25:28.787974+00:00
2026-08-09,project_area,112.64064120548869,-3.0510154630912436,341.17999267578125,291.8800048828125,1,VIIRS-SNPP,375,2026-08-29T10:24:44.659670+00:00
2026-08-09,project_area,112.64028801450914,-3.04764301087027,341.17999267578125,291.8800048828125,1,VIIRS-SNPP,375,2026-08-29T10:24:44.659661+00:00
2026-08-09,project_area,112.63993521598954,-3.0442705586492953,341.17999267578125,291.8800048828125,1,VIIRS-SNPP,375,2026-08-29T10:24:44.659650+00:00
2026-08-09,project_area,112.6395828099237,-3.040898106428321,337.4800109863281,291.0400085449219,1,VIIRS-SNPP,375,2026-08-29T10:24:44.659615+00:00
2026-08-09,project_area,112.64296001751438,-3.040898106428321,348.7699890136719,293.2900085449219,1,VIIRS-SNPP,375,2026-08-29T10:24:44.659617+00:00
2026-08-09,project_area,112.64633722510507,-3.040898106428321,348.7699890136719,293.2900085449219,1,VIIRS-SNPP,375,2026-08-29T10:24:44.659620+00:00
2026-08-09,project_area,112.64971443269573,-3.040898106428321,348.7699890136719,293.2900085449219,1,VIIRS-SNPP,375,2026-08-29T10:24:44.659622+00:00
2026-08-09,project_area,112.642607993342,-3.037525654207347,348.7699890136719,293.2900085449219,1,VIIRS-SNPP,375,2026-08-29T10:24:44.659593+00:00
2026-08-09,project_area,112.64598519037845,-3.037525654207347,348.7699890136719,293.2900085449219,1,VIIRS-SNPP,375,2026-08-29T10:24:44.659611+00:00
2026-08-10,carbon_project_zone,112.3911009786538,-3.1184645075107276,367.0,306.989990234375,2,VIIRS-SNPP,375,2026-08-29T10:24:47.576209+00:00
2026-08-10,carbon_project_zone,112.3944784322395,-3.1184645075107276,367.0,306.989990234375,2,VIIRS-SNPP,375,2026-08-29T10:24:47.576211+00:00
2026-08-10,carbon_project_zone,112.3978558858252,-3.1184645075107276,367.0,306.989990234375,2,VIIRS-SNPP,375,2026-08-29T10:24:47.576213+00:00
2026-08-10,carbon_project_zone,112.3907407598698,-3.115092055289753,367.0,306.989990234375,2,VIIRS-SNPP,375,2026-08-29T10:24:47.576202+00:00
2026-08-10,carbon_project_zone,112.39411820263061,-3.115092055289753,367.0,306.989990234375,2,VIIRS-SNPP,375,2026-08-29T10:24:47.576204+00:00
2026-08-10,carbon_project_zone,112.3974956453914,-3.115092055289753,367.0,306.989990234375,2,VIIRS-SNPP,375,2026-08-29T10:24:47.576206+00:00
2026-08-10,carbon_project_zone,112.57736191335788,-3.2162656219189785,314.7900085449219,297.7699890136719,1,VIIRS-NOAA20,375,2026-08-29T10:25:29.565222+00:00
2026-08-10,carbon_project_zone,112.5807396859867,-3.2162656219189785,314.7900085449219,297.7699890136719,1,VIIRS-NOAA20,375,2026-08-29T10:25:29.565224+00:00
2026-08-10,carbon_project_zone,112.58411745861551,-3.2162656219189785,314.7900085449219,297.7699890136719,1,VIIRS-NOAA20,375,2026-08-29T10:25:29.565226+00:00
2026-08-10,carbon_project_zone,112.57698975217919,-3.212893169698004,314.7900085449219,297.7699890136719,1,VIIRS-NOAA20,375,2026-08-29T10:25:29.565215+00:00
2026-08-10,carbon_project_zone,112.58036751364168,-3.212893169698004,314.7900085449219,297.7699890136719,1,VIIRS-NOAA20,375,2026-08-29T10:25:29.565218+00:00
2026-08-10,carbon_project_zone,112.58374527510416,-3.212893169698004,314.7900085449219,297.7699890136719,1,VIIRS-NOAA20,375,2026-08-29T10:25:29.565220+00:00
2026-08-10,carbon_project_zone,112.57661798348668,-3.20952071747703,314.7900085449219,297.7699890136719,1,VIIRS-NOAA20,375,2026-08-29T10:25:29.565209+00:00
2026-08-10,carbon_project_zone,112.57999573379462,-3.20952071747703,314.7900085449219,297.7699890136719,1,VIIRS-NOAA20,375,2026-08-29T10:25:29.565211+00:00
2026-08-10,carbon_project_zone,112.58337348410255,-3.20952071747703,314.7900085449219,297.7699890136719,1,VIIRS-NOAA20,375,2026-08-29T10:25:29.565213+00:00
2026-08-10,carbon_project_zone,112.44604363531957,-3.189286004151185,337.32000732421875,300.6300048828125,1,VIIRS-NOAA20,375,2026-08-29T10:25:29.565203+00:00
2026-08-10,carbon_project_zone,112.44942131894746,-3.189286004151185,346.05999755859375,298.82000732421875,1,VIIRS-NOAA20,375,2026-08-29T10:25:29.565205+00:00
2026-08-10,carbon_project_zone,112.45279900257539,-3.189286004151185,346.05999755859375,298.82000732421875,1,VIIRS-NOAA20,375,2026-08-29T10:25:29.565207+00:00
2026-08-10,carbon_project_zone,112.44567503459051,-3.1859135519302106,337.32000732421875,300.6300048828125,1,VIIRS-NOAA20,375,2026-08-29T10:25:29.565197+00:00
2026-08-10,carbon_project_zone,112.44905270714628,-3.1859135519302106,346.05999755859375,298.82000732421875,1,VIIRS-NOAA20,375,2026-08-29T10:25:29.565199+00:00
2026-08-10,carbon_project_zone,112.45243037970207,-3.1859135519302106,346.05999755859375,298.82000732421875,1,VIIRS-NOAA20,375,2026-08-29T10:25:29.565201+00:00
2026-08-10,carbon_project_zone,112.44530682584865,-3.1825410997092365,337.32000732421875,300.6300048828125,1,VIIRS-NOAA20,375,2026-08-29T10:25:29.565191+00:00
2026-08-10,carbon_project_zone,112.44868448734408,-3.1825410997092365,346.05999755859375,298.82000732421875,1,VIIRS-NOAA20,375,2026-08-29T10:25:29.565194+00:00
2026-08-10,carbon_project_zone,112.45206214883953,-3.1825410997092365,346.05999755859375,298.82000732421875,1,VIIRS-NOAA20,375,2026-08-29T10:25:29.565195+00:00
2026-08-10,carbon_project_zone,112.57227901264787,-3.138699220836572,350.2099914550781,298.4599914550781,1,VIIRS-NOAA20,375,2026-08-29T10:25:29.565187+00:00
2026-08-10,carbon_project_zone,112.57565653143014,-3.138699220836572,350.2099914550781,298.4599914550781,1,VIIRS-NOAA20,375,2026-08-29T10:25:29.565189+00:00
2026-08-10,carbon_project_zone,112.56853835824589,-3.1353267686155983,335.2699890136719,302.7300109863281,1,VIIRS-SNPP,375,2026-08-29T10:24:47.576221+00:00
2026-08-10,carbon_project_zone,112.57191586613264,-3.1353267686155983,335.2699890136719,302.7300109863281,1,VIIRS-SNPP,375,2026-08-29T10:24:47.576223+00:00
2026-08-10,carbon_project_zone,112.5752933740194,-3.1353267686155983,335.2699890136719,302.7300109863281,1,VIIRS-SNPP,375,2026-08-29T10:24:47.576225+00:00
2026-08-10,carbon_project_zone,112.56817561496541,-3.131954316394624,335.2699890136719,302.7300109863281,1,VIIRS-SNPP,375,2026-08-29T10:24:47.576215+00:00
2026-08-10,carbon_project_zone,112.57155311196841,-3.131954316394624,335.2699890136719,302.7300109863281,1,VIIRS-SNPP,375,2026-08-29T10:24:47.576217+00:00
2026-08-10,carbon_project_zone,112.57493060897141,-3.131954316394624,335.2699890136719,302.7300109863281,1,VIIRS-SNPP,375,2026-08-29T10:24:47.576219+00:00
2026-08-10,carbon_project_zone,112.5678132640179,-3.1285818641736496,338.9599914550781,297.8699951171875,1,VIIRS-NOAA20,375,2026-08-29T10:25:29.565171+00:00
2026-08-10,carbon_project_zone,112.5711907501489,-3.1285818641736496,338.9599914550781,297.8699951171875,1,VIIRS-NOAA20,375,2026-08-29T10:25:29.565173+00:00
2026-08-10,carbon_project_zone,112.39146158913347,-3.1218369597317017,344.6499938964844,301.79998779296875,1,VIIRS-NOAA20,375,2026-08-29T10:25:29.565163+00:00
2026-08-10,carbon_project_zone,112.39483905355586,-3.1218369597317017,344.6499938964844,301.79998779296875,1,VIIRS-NOAA20,375,2026-08-29T10:25:29.565165+00:00
2026-08-10,carbon_project_zone,112.39821651797821,-3.1218369597317017,344.6499938964844,301.79998779296875,1,VIIRS-NOAA20,375,2026-08-29T10:25:29.565167+00:00
2026-08-10,carbon_project_zone,112.40159398240058,-3.1218369597317017,341.510009765625,301.3299865722656,1,VIIRS-NOAA20,375,2026-08-29T10:25:29.565169+00:00
2026-08-10,carbon_project_zone,112.40123333941088,-3.1184645075107276,341.510009765625,301.3299865722656,1,VIIRS-NOAA20,375,2026-08-29T10:25:29.565161+00:00
2026-08-10,carbon_project_zone,112.4008730881522,-3.115092055289753,341.510009765625,301.3299865722656,1,VIIRS-NOAA20,375,2026-08-29T10:25:29.565153+00:00
2026-08-10,carbon_project_zone,112.60402393135479,-3.0881124375219597,346.3699951171875,302.9100036621094,1,VIIRS-SNPP,375,2026-08-29T10:24:47.576195+00:00
2026-08-10,carbon_project_zone,112.60740128794012,-3.0881124375219597,346.3699951171875,302.9100036621094,1,VIIRS-SNPP,375,2026-08-29T10:24:47.576197+00:00
2026-08-10,carbon_project_zone,112.61077864452547,-3.0881124375219597,346.3699951171875,302.9100036621094,1,VIIRS-SNPP,375,2026-08-29T10:24:47.576199+00:00
2026-08-10,carbon_project_zone,112.61415600111081,-3.0881124375219597,333.9700012207031,297.2799987792969,1,VIIRS-NOAA20,375,2026-08-29T10:25:29.565144+00:00
2026-08-10,carbon_project_zone,112.6036665515371,-3.0847399853009856,346.3699951171875,302.9100036621094,1,VIIRS-SNPP,375,2026-08-29T10:24:47.576188+00:00
2026-08-10,carbon_project_zone,112.60704389740346,-3.0847399853009856,346.3699951171875,302.9100036621094,1,VIIRS-SNPP,375,2026-08-29T10:24:47.576190+00:00
2026-08-10,carbon_project_zone,112.61042124326983,-3.0847399853009856,346.3699951171875,302.9100036621094,1,VIIRS-SNPP,375,2026-08-29T10:24:47.576192+00:00
2026-08-10,carbon_project_zone,112.61379858913621,-3.0847399853009856,333.9700012207031,297.2799987792969,1,VIIRS-NOAA20,375,2026-08-29T10:25:29.565138+00:00
2026-08-10,carbon_project_zone,112.603309564106,-3.081367533080011,346.3699951171875,302.9100036621094,1,VIIRS-SNPP,375,2026-08-29T10:24:47.576181+00:00
2026-08-10,carbon_project_zone,112.60668689926517,-3.081367533080011,346.3699951171875,302.9100036621094,1,VIIRS-SNPP,375,2026-08-29T10:24:47.576183+00:00
2026-08-10,carbon_project_zone,112.61006423442434,-3.081367533080011,346.3699951171875,302.9100036621094,1,VIIRS-SNPP,375,2026-08-29T10:24:47.576185+00:00
2026-08-10,carbon_project_zone,112.61344156958351,-3.081367533080011,333.9700012207031,297.2799987792969,1,VIIRS-NOAA20,375,2026-08-29T10:25:29.565132+00:00
2026-08-10,carbon_project_zone,112.40031350123103,-3.0779950808590373,337.3999938964844,301.4800109863281,1,VIIRS-SNPP,375,2026-08-29T10:24:47.576173+00:00
2026-08-10,carbon_project_zone,112.40369082569475,-3.0779950808590373,337.3999938964844,301.4800109863281,1,VIIRS-SNPP,375,2026-08-29T10:24:47.576176+00:00
2026-08-10,carbon_project_zone,112.40706815015851,-3.0779950808590373,337.3999938964844,301.4800109863281,1,VIIRS-SNPP,375,2026-08-29T10:24:47.576178+00:00
2026-08-10,carbon_project_zone,112.39995793957429,-3.074622628638063,337.3999938964844,301.4800109863281,1,VIIRS-SNPP,375,2026-08-29T10:24:47.576151+00:00
2026-08-10,carbon_project_zone,112.40333525335436,-3.074622628638063,337.3999938964844,301.4800109863281,1,VIIRS-SNPP,375,2026-08-29T10:24:47.576167+00:00
2026-08-10,carbon_project_zone,112.40671256713446,-3.074622628638063,337.3999938964844,301.4800109863281,1,VIIRS-SNPP,375,2026-08-29T10:24:47.576171+00:00
2026-08-10,carbon_project_zone,112.6879225560238,-3.0510154630912436,337.29998779296875,296.1400146484375,1,VIIRS-NOAA20,375,2026-08-29T10:25:29.565121+00:00
2026-08-10,carbon_project_zone,112.69129979534775,-3.0510154630912436,337.29998779296875,296.1400146484375,1,VIIRS-NOAA20,375,2026-08-29T10:25:29.565123+00:00
2026-08-10,carbon_project_zone,112.69467703467168,-3.0510154630912436,337.29998779296875,296.1400146484375,1,VIIRS-NOAA20,375,2026-08-29T10:25:29.565125+00:00
2026-08-10,carbon_project_zone,112.68756921679098,-3.04764301087027,337.29998779296875,296.1400146484375,1,VIIRS-NOAA20,375,2026-08-29T10:25:29.565113+00:00
2026-08-10,carbon_project_zone,112.69094644552538,-3.04764301087027,337.29998779296875,296.1400146484375,1,VIIRS-NOAA20,375,2026-08-29T10:25:29.565116+00:00
2026-08-10,carbon_project_zone,112.6943236742598,-3.04764301087027,337.29998779296875,296.1400146484375,1,VIIRS-NOAA20,375,2026-08-29T10:25:29.565119+00:00
2026-08-10,carbon_project_zone,112.6872162701828,-3.0442705586492953,337.29998779296875,296.1400146484375,1,VIIRS-NOAA20,375,2026-08-29T10:25:29.565091+00:00
2026-08-10,carbon_project_zone,112.69059348833947,-3.0442705586492953,337.29998779296875,296.1400146484375,1,VIIRS-NOAA20,375,2026-08-29T10:25:29.565107+00:00
2026-08-10,carbon_project_zone,112.69397070649613,-3.0442705586492953,337.29998779296875,296.1400146484375,1,VIIRS-NOAA20,375,2026-08-29T10:25:29.565111+00:00
2026-08-10,project_area,112.3978558858252,-3.1184645075107276,367.0,306.989990234375,2,VIIRS-SNPP,375,2026-08-29T10:24:48.174549+00:00
2026-08-10,project_area,112.57227901264787,-3.138699220836572,350.2099914550781,298.4599914550781,1,VIIRS-NOAA20,375,2026-08-29T10:25:30.219094+00:00
2026-08-10,project_area,112.57565653143014,-3.138699220836572,350.2099914550781,298.4599914550781,1,VIIRS-NOAA20,375,2026-08-29T10:25:30.219096+00:00
2026-08-10,project_area,112.56853835824589,-3.1353267686155983,335.2699890136719,302.7300109863281,1,VIIRS-SNPP,375,2026-08-29T10:24:48.174558+00:00
2026-08-10,project_area,112.57191586613264,-3.1353267686155983,335.2699890136719,302.7300109863281,1,VIIRS-SNPP,375,2026-08-29T10:24:48.174561+00:00
2026-08-10,project_area,112.5752933740194,-3.1353267686155983,335.2699890136719,302.7300109863281,1,VIIRS-SNPP,375,2026-08-29T10:24:48.174563+00:00
2026-08-10,project_area,112.56817561496541,-3.131954316394624,335.2699890136719,302.7300109863281,1,VIIRS-SNPP,375,2026-08-29T10:24:48.174551+00:00
2026-08-10,project_area,112.57155311196841,-3.131954316394624,335.2699890136719,302.7300109863281,1,VIIRS-SNPP,375,2026-08-29T10:24:48.174554+00:00
2026-08-10,project_area,112.57493060897141,-3.131954316394624,335.2699890136719,302.7300109863281,1,VIIRS-SNPP,375,2026-08-29T10:24:48.174556+00:00
2026-08-10,project_area,112.5678132640179,-3.1285818641736496,338.9599914550781,297.8699951171875,1,VIIRS-NOAA20,375,2026-08-29T10:25:30.219077+00:00
2026-08-10,project_area,112.5711907501489,-3.1285818641736496,338.9599914550781,297.8699951171875,1,VIIRS-NOAA20,375,2026-08-29T10:25:30.219079+00:00
2026-08-10,project_area,112.39821651797821,-3.1218369597317017,344.6499938964844,301.79998779296875,1,VIIRS-NOAA20,375,2026-08-29T10:25:30.219073+00:00
2026-08-10,project_area,112.40159398240058,-3.1218369597317017,341.510009765625,301.3299865722656,1,VIIRS-NOAA20,375,2026-08-29T10:25:30.219075+00:00
2026-08-10,project_area,112.40123333941088,-3.1184645075107276,341.510009765625,301.3299865722656,1,VIIRS-NOAA20,375,2026-08-29T10:25:30.219071+00:00
2026-08-10,project_area,112.4008730881522,-3.115092055289753,341.510009765625,301.3299865722656,1,VIIRS-NOAA20,375,2026-08-29T10:25:30.219067+00:00
2026-08-10,project_area,112.60402393135479,-3.0881124375219597,346.3699951171875,302.9100036621094,1,VIIRS-SNPP,375,2026-08-29T10:24:48.174547+00:00
2026-08-10,project_area,112.6036665515371,-3.0847399853009856,346.3699951171875,302.9100036621094,1,VIIRS-SNPP,375,2026-08-29T10:24:48.174539+00:00
2026-08-10,project_area,112.60704389740346,-3.0847399853009856,346.3699951171875,302.9100036621094,1,VIIRS-SNPP,375,2026-08-29T10:24:48.174542+00:00
2026-08-10,project_area,112.61042124326983,-3.0847399853009856,346.3699951171875,302.9100036621094,1,VIIRS-SNPP,375,2026-08-29T10:24:48.174544+00:00
2026-08-10,project_area,112.603309564106,-3.081367533080011,346.3699951171875,302.9100036621094,1,VIIRS-SNPP,375,2026-08-29T10:24:48.174517+00:00
2026-08-10,project_area,112.60668689926517,-3.081367533080011,346.3699951171875,302.9100036621094,1,VIIRS-SNPP,375,2026-08-29T10:24:48.174533+00:00
2026-08-10,project_area,112.61006423442434,-3.081367533080011,346.3699951171875,302.9100036621094,1,VIIRS-SNPP,375,2026-08-29T10:24:48.174537+00:00
2026-08-10,project_area,112.61344156958351,-3.081367533080011,333.9700012207031,297.2799987792969,1,VIIRS-NOAA20,375,2026-08-29T10:25:30.219060+00:00
2026-08-10,project_area,112.6879225560238,-3.0510154630912436,337.29998779296875,296.1400146484375,1,VIIRS-NOAA20,375,2026-08-29T10:25:30.219054+00:00
2026-08-10,project_area,112.68756921679098,-3.04764301087027,337.29998779296875,296.1400146484375,1,VIIRS-NOAA20,375,2026-08-29T10:25:30.219049+00:00
2026-08-10,project_area,112.69094644552538,-3.04764301087027,337.29998779296875,296.1400146484375,1,VIIRS-NOAA20,375,2026-08-29T10:25:30.219051+00:00
2026-08-10,project_area,112.6872162701828,-3.0442705586492953,337.29998779296875,296.1400146484375,1,VIIRS-NOAA20,375,2026-08-29T10:25:30.219027+00:00
2026-08-10,project_area,112.69059348833947,-3.0442705586492953,337.29998779296875,296.1400146484375,1,VIIRS-NOAA20,375,2026-08-29T10:25:30.219043+00:00
2026-08-10,project_area,112.69397070649613,-3.0442705586492953,337.29998779296875,296.1400146484375,1,VIIRS-NOAA20,375,2026-08-29T10:25:30.219046+00:00
2026-08-11,carbon_project_zone,112.4283495258147,-3.2432452396867717,333.739990234375,299.95001220703125,1,VIIRS-SNPP,375,2026-08-29T10:24:49.123468+00:00
2026-08-11,carbon_project_zone,112.43172738819811,-3.2432452396867717,333.739990234375,299.95001220703125,1,VIIRS-SNPP,375,2026-08-29T10:24:49.123470+00:00
2026-08-11,carbon_project_zone,112.4279747312375,-3.2398727874657975,345.8800048828125,302.6700134277344,1,VIIRS-SNPP,375,2026-08-29T10:24:49.123463+00:00
2026-08-11,carbon_project_zone,112.43135258236036,-3.2398727874657975,345.8800048828125,302.6700134277344,1,VIIRS-SNPP,375,2026-08-29T10:24:49.123466+00:00
2026-08-11,carbon_project_zone,112.42760032866843,-3.2365003352448234,345.8800048828125,302.6700134277344,1,VIIRS-SNPP,375,2026-08-29T10:24:49.123457+00:00
2026-08-11,carbon_project_zone,112.43097816854254,-3.2365003352448234,345.8800048828125,302.6700134277344,1,VIIRS-SNPP,375,2026-08-29T10:24:49.123459+00:00
2026-08-11,carbon_project_zone,112.43435600841663,-3.2365003352448234,345.8800048828125,302.6700134277344,1,VIIRS-SNPP,375,2026-08-29T10:24:49.123461+00:00
2026-08-11,carbon_project_zone,112.4640086910596,-3.229755430802875,305.45001220703125,291.510009765625,1,VIIRS-SNPP,375,2026-08-29T10:24:49.123451+00:00
2026-08-11,carbon_project_zone,112.4673865084715,-3.229755430802875,305.45001220703125,291.510009765625,1,VIIRS-SNPP,375,2026-08-29T10:24:49.123453+00:00
2026-08-11,carbon_project_zone,112.47076432588341,-3.229755430802875,305.45001220703125,291.510009765625,1,VIIRS-SNPP,375,2026-08-29T10:24:49.123455+00:00
2026-08-11,carbon_project_zone,112.4636353411282,-3.226382978581901,305.45001220703125,291.510009765625,1,VIIRS-SNPP,375,2026-08-29T10:24:49.123445+00:00
2026-08-11,carbon_project_zone,112.46701314732665,-3.226382978581901,305.45001220703125,291.510009765625,1,VIIRS-SNPP,375,2026-08-29T10:24:49.123447+00:00
2026-08-11,carbon_project_zone,112.47039095352511,-3.226382978581901,305.45001220703125,291.510009765625,1,VIIRS-SNPP,375,2026-08-29T10:24:49.123449+00:00
2026-08-11,carbon_project_zone,112.46326238330846,-3.2230105263609268,309.1600036621094,292.29998779296875,1,VIIRS-SNPP,375,2026-08-29T10:24:49.123439+00:00
2026-08-11,carbon_project_zone,112.46664017830527,-3.2230105263609268,309.1600036621094,292.29998779296875,1,VIIRS-SNPP,375,2026-08-29T10:24:49.123441+00:00
2026-08-11,carbon_project_zone,112.47001797330206,-3.2230105263609268,309.1600036621094,292.29998779296875,1,VIIRS-SNPP,375,2026-08-29T10:24:49.123443+00:00
2026-08-11,carbon_project_zone,112.46288981759395,-3.2196380741399526,309.1600036621094,292.29998779296875,1,VIIRS-SNPP,375,2026-08-29T10:24:49.123432+00:00
2026-08-11,carbon_project_zone,112.46626760140087,-3.2196380741399526,309.1600036621094,292.29998779296875,1,VIIRS-SNPP,375,2026-08-29T10:24:49.123435+00:00
2026-08-11,carbon_project_zone,112.46964538520778,-3.2196380741399526,309.1600036621094,292.29998779296875,1,VIIRS-SNPP,375,2026-08-29T10:24:49.123437+00:00
2026-08-11,carbon_project_zone,112.46251764397816,-3.2162656219189785,309.1600036621094,292.29998779296875,1,VIIRS-SNPP,375,2026-08-29T10:24:49.123426+00:00
2026-08-11,carbon_project_zone,112.46589541660697,-3.2162656219189785,309.1600036621094,292.29998779296875,1,VIIRS-SNPP,375,2026-08-29T10:24:49.123428+00:00
2026-08-11,carbon_project_zone,112.46927318923579,-3.2162656219189785,309.1600036621094,292.29998779296875,1,VIIRS-SNPP,375,2026-08-29T10:24:49.123430+00:00
2026-08-11,carbon_project_zone,112.57361199071669,-3.212893169698004,333.7300109863281,301.7300109863281,1,VIIRS-SNPP,375,2026-08-29T10:24:49.123420+00:00
2026-08-11,carbon_project_zone,112.57698975217919,-3.212893169698004,333.7300109863281,301.7300109863281,1,VIIRS-SNPP,375,2026-08-29T10:24:49.123422+00:00
2026-08-11,carbon_project_zone,112.58036751364168,-3.212893169698004,333.7300109863281,301.7300109863281,1,VIIRS-SNPP,375,2026-08-29T10:24:49.123424+00:00
2026-08-11,carbon_project_zone,112.57324023317874,-3.20952071747703,333.7300109863281,301.7300109863281,1,VIIRS-SNPP,375,2026-08-29T10:24:49.123414+00:00
2026-08-11,carbon_project_zone,112.57661798348668,-3.20952071747703,333.7300109863281,301.7300109863281,1,VIIRS-SNPP,375,2026-08-29T10:24:49.123416+00:00
2026-08-11,carbon_project_zone,112.57999573379462,-3.20952071747703,333.7300109863281,301.7300109863281,1,VIIRS-SNPP,375,2026-08-29T10:24:49.123418+00:00
2026-08-11,carbon_project_zone,112.57286886810873,-3.206148265256056,333.7300109863281,301.7300109863281,1,VIIRS-SNPP,375,2026-08-29T10:24:49.123408+00:00
2026-08-11,carbon_project_zone,112.57624660727389,-3.206148265256056,333.7300109863281,301.7300109863281,1,VIIRS-SNPP,375,2026-08-29T10:24:49.123410+00:00
2026-08-11,carbon_project_zone,112.57962434643903,-3.206148265256056,333.7300109863281,301.7300109863281,1,VIIRS-SNPP,375,2026-08-29T10:24:49.123412+00:00
2026-08-11,carbon_project_zone,112.3702635172799,-3.175796195267288,343.20001220703125,297.6199951171875,1,VIIRS-SNPP,375,2026-08-29T10:24:49.123402+00:00
2026-08-11,carbon_project_zone,112.37364115668994,-3.175796195267288,343.20001220703125,297.6199951171875,1,VIIRS-SNPP,375,2026-08-29T10:24:49.123404+00:00
2026-08-11,carbon_project_zone,112.3770187961,-3.175796195267288,343.20001220703125,297.6199951171875,1,VIIRS-SNPP,375,2026-08-29T10:24:49.123406+00:00
2026-08-11,carbon_project_zone,112.36989672701196,-3.172423743046314,343.20001220703125,297.6199951171875,1,VIIRS-SNPP,375,2026-08-29T10:24:49.123395+00:00
2026-08-11,carbon_project_zone,112.37327435539699,-3.172423743046314,343.20001220703125,297.6199951171875,1,VIIRS-SNPP,375,2026-08-29T10:24:49.123398+00:00
2026-08-11,carbon_project_zone,112.37665198378201,-3.172423743046314,343.20001220703125,297.6199951171875,1,VIIRS-SNPP,375,2026-08-29T10:24:49.123400+00:00
2026-08-11,carbon_project_zone,112.3661527110749,-3.16905129082534,349.3399963378906,301.5199890136719,1,VIIRS-SNPP,375,2026-08-29T10:24:49.123387+00:00
2026-08-11,carbon_project_zone,112.36953032844667,-3.16905129082534,349.3399963378906,301.5199890136719,1,VIIRS-SNPP,375,2026-08-29T10:24:49.123389+00:00
2026-08-11,carbon_project_zone,112.37290794581844,-3.16905129082534,349.3399963378906,301.5199890136719,1,VIIRS-SNPP,375,2026-08-29T10:24:49.123391+00:00
2026-08-11,carbon_project_zone,112.37628556319021,-3.16905129082534,343.20001220703125,297.6199951171875,1,VIIRS-SNPP,375,2026-08-29T10:24:49.123393+00:00
2026-08-11,carbon_project_zone,112.36240910883706,-3.1656788386043657,331.510009765625,300.29998779296875,1,VIIRS-SNPP,375,2026-08-29T10:24:49.123378+00:00
2026-08-11,carbon_project_zone,112.36578671520736,-3.1656788386043657,350.6300048828125,302.3999938964844,1,VIIRS-SNPP,375,2026-08-29T10:24:49.123380+00:00
2026-08-11,carbon_project_zone,112.36916432157766,-3.1656788386043657,350.6300048828125,302.3999938964844,1,VIIRS-SNPP,375,2026-08-29T10:24:49.123382+00:00
2026-08-11,carbon_project_zone,112.37254192794794,-3.1656788386043657,350.6300048828125,302.3999938964844,1,VIIRS-SNPP,375,2026-08-29T10:24:49.123384+00:00
2026-08-11,carbon_project_zone,112.36204351563735,-3.1623063863833916,331.510009765625,300.29998779296875,1,VIIRS-SNPP,375,2026-08-29T10:24:49.123366+00:00
2026-08-11,carbon_project_zone,112.36542111101794,-3.1623063863833916,350.6300048828125,302.3999938964844,1,VIIRS-SNPP,375,2026-08-29T10:24:49.123368+00:00
2026-08-11,carbon_project_zone,112.36879870639852,-3.1623063863833916,350.6300048828125,302.3999938964844,1,VIIRS-SNPP,375,2026-08-29T10:24:49.123371+00:00
2026-08-11,carbon_project_zone,112.3721763017791,-3.1623063863833916,350.6300048828125,302.3999938964844,1,VIIRS-SNPP,375,2026-08-29T10:24:49.123373+00:00
2026-08-11,carbon_project_zone,112.37555389715969,-3.1623063863833916,335.57000732421875,299.7200012207031,1,VIIRS-SNPP,375,2026-08-29T10:24:49.123375+00:00
2026-08-11,carbon_project_zone,112.36167831409763,-3.1589339341624174,331.510009765625,300.29998779296875,1,VIIRS-SNPP,375,2026-08-29T10:24:49.123355+00:00
2026-08-11,carbon_project_zone,112.3650558985003,-3.1589339341624174,350.6300048828125,302.3999938964844,1,VIIRS-SNPP,375,2026-08-29T10:24:49.123357+00:00
2026-08-11,carbon_project_zone,112.36843348290294,-3.1589339341624174,350.6300048828125,302.3999938964844,1,VIIRS-SNPP,375,2026-08-29T10:24:49.123359+00:00
2026-08-11,carbon_project_zone,112.3718110673056,-3.1589339341624174,350.6300048828125,302.3999938964844,1,VIIRS-SNPP,375,2026-08-29T10:24:49.123362+00:00
2026-08-11,carbon_project_zone,112.37518865170824,-3.1589339341624174,335.57000732421875,299.7200012207031,1,VIIRS-SNPP,375,2026-08-29T10:24:49.123364+00:00
2026-08-11,carbon_project_zone,112.36469107764808,-3.1555614819414433,348.0400085449219,296.3299865722656,1,VIIRS-SNPP,375,2026-08-29T10:24:49.123346+00:00
2026-08-11,carbon_project_zone,112.36806865108456,-3.1555614819414433,348.0400085449219,296.3299865722656,1,VIIRS-SNPP,375,2026-08-29T10:24:49.123350+00:00
2026-08-11,carbon_project_zone,112.37144622452105,-3.1555614819414433,348.0400085449219,296.3299865722656,1,VIIRS-SNPP,375,2026-08-29T10:24:49.123353+00:00
2026-08-11,carbon_project_zone,112.38398587434821,-3.115092055289753,336.2099914550781,299.2900085449219,1,VIIRS-SNPP,375,2026-08-29T10:24:49.123330+00:00
2026-08-11,carbon_project_zone,112.38736331710899,-3.115092055289753,343.2300109863281,304.3599853515625,1,VIIRS-NOAA20,375,2026-08-29T10:25:30.846954+00:00
2026-08-11,carbon_project_zone,112.38700350082759,-3.111719603068779,343.2300109863281,304.3599853515625,1,VIIRS-NOAA20,375,2026-08-29T10:25:30.846934+00:00
2026-08-11,carbon_project_zone,112.57736191335788,-3.2162656219189785,331.3900146484375,306.0,0,VIIRS-NOAA20,375,2026-08-29T10:25:30.847025+00:00
2026-08-11,carbon_project_zone,112.5807396859867,-3.2162656219189785,331.3900146484375,306.0,0,VIIRS-NOAA20,375,2026-08-29T10:25:30.847027+00:00
2026-08-11,carbon_project_zone,112.58411745861551,-3.2162656219189785,331.3900146484375,306.0,0,VIIRS-NOAA20,375,2026-08-29T10:25:30.847029+00:00
2026-08-11,carbon_project_zone,112.58374527510416,-3.212893169698004,331.3900146484375,306.0,0,VIIRS-NOAA20,375,2026-08-29T10:25:30.847019+00:00
2026-08-11,carbon_project_zone,112.58337348410255,-3.20952071747703,331.3900146484375,306.0,0,VIIRS-NOAA20,375,2026-08-29T10:25:30.847012+00:00
2026-08-11,carbon_project_zone,112.36651909862694,-3.172423743046314,330.6700134277344,300.7099914550781,0,VIIRS-NOAA20,375,2026-08-29T10:25:30.846995+00:00
2026-08-12,carbon_project_zone,112.57848055624389,-3.2567350485706683,310.0,293.57000732421875,1,VIIRS-SNPP,375,2026-08-29T10:24:50.668792+00:00
2026-08-12,carbon_project_zone,112.58185846378727,-3.2567350485706683,310.0,293.57000732421875,1,VIIRS-SNPP,375,2026-08-29T10:24:50.668808+00:00
2026-08-12,carbon_project_zone,112.38783511027995,-3.212893169698004,352.6199951171875,299.3500061035156,1,VIIRS-NOAA20,375,2026-08-29T10:25:32.360269+00:00
2026-08-12,carbon_project_zone,112.39121287174244,-3.212893169698004,352.6199951171875,299.3500061035156,1,VIIRS-NOAA20,375,2026-08-29T10:25:32.360272+00:00
2026-08-12,carbon_project_zone,112.57361199071669,-3.212893169698004,337.6600036621094,298.9800109863281,1,VIIRS-NOAA20,375,2026-08-29T10:25:32.360274+00:00
2026-08-12,carbon_project_zone,112.57698975217919,-3.212893169698004,337.6600036621094,298.9800109863281,1,VIIRS-NOAA20,375,2026-08-29T10:25:32.360277+00:00
2026-08-12,carbon_project_zone,112.58036751364168,-3.212893169698004,337.6600036621094,298.9800109863281,1,VIIRS-NOAA20,375,2026-08-29T10:25:32.360279+00:00
2026-08-12,carbon_project_zone,112.3874639662424,-3.20952071747703,352.6199951171875,299.3500061035156,1,VIIRS-NOAA20,375,2026-08-29T10:25:32.360259+00:00
2026-08-12,carbon_project_zone,112.39084171655031,-3.20952071747703,352.6199951171875,299.3500061035156,1,VIIRS-NOAA20,375,2026-08-29T10:25:32.360261+00:00
2026-08-12,carbon_project_zone,112.57324023317874,-3.20952071747703,337.6600036621094,298.9800109863281,1,VIIRS-NOAA20,375,2026-08-29T10:25:32.360263+00:00
2026-08-12,carbon_project_zone,112.57661798348668,-3.20952071747703,337.6600036621094,298.9800109863281,1,VIIRS-NOAA20,375,2026-08-29T10:25:32.360265+00:00
2026-08-12,carbon_project_zone,112.57999573379462,-3.20952071747703,337.6600036621094,298.9800109863281,1,VIIRS-NOAA20,375,2026-08-29T10:25:32.360267+00:00
2026-08-12,carbon_project_zone,112.3870932140251,-3.206148265256056,352.6199951171875,299.3500061035156,1,VIIRS-NOAA20,375,2026-08-29T10:25:32.360255+00:00
2026-08-12,carbon_project_zone,112.39047095319026,-3.206148265256056,352.6199951171875,299.3500061035156,1,VIIRS-NOAA20,375,2026-08-29T10:25:32.360257+00:00
2026-08-12,carbon_project_zone,112.38121446086545,-3.152189029720469,341.57000732421875,298.989990234375,1,VIIRS-NOAA20,375,2026-08-29T10:25:32.360250+00:00
2026-08-12,carbon_project_zone,112.38459202334755,-3.152189029720469,341.57000732421875,298.989990234375,1,VIIRS-NOAA20,375,2026-08-29T10:25:32.360252+00:00
2026-08-12,carbon_project_zone,112.35382995629608,-3.148816577499495,339.80999755859375,299.239990234375,1,VIIRS-NOAA20,375,2026-08-29T10:25:32.360239+00:00
2026-08-12,carbon_project_zone,112.35720750783557,-3.148816577499495,339.80999755859375,299.239990234375,1,VIIRS-NOAA20,375,2026-08-29T10:25:32.360242+00:00
2026-08-12,carbon_project_zone,112.36058505937505,-3.148816577499495,339.80999755859375,299.239990234375,1,VIIRS-NOAA20,375,2026-08-29T10:25:32.360244+00:00
2026-08-12,carbon_project_zone,112.380850368612,-3.148816577499495,341.57000732421875,298.989990234375,1,VIIRS-NOAA20,375,2026-08-29T10:25:32.360246+00:00
2026-08-12,carbon_project_zone,112.38422792015149,-3.148816577499495,341.57000732421875,298.989990234375,1,VIIRS-NOAA20,375,2026-08-29T10:25:32.360248+00:00
2026-08-12,carbon_project_zone,112.35346634319464,-3.145444125278521,339.80999755859375,299.239990234375,1,VIIRS-NOAA20,375,2026-08-29T10:25:32.360231+00:00
2026-08-12,carbon_project_zone,112.35684388380328,-3.145444125278521,339.80999755859375,299.239990234375,1,VIIRS-NOAA20,375,2026-08-29T10:25:32.360234+00:00
2026-08-12,carbon_project_zone,112.36022142441192,-3.145444125278521,339.80999755859375,299.239990234375,1,VIIRS-NOAA20,375,2026-08-29T10:25:32.360236+00:00
2026-08-12,carbon_project_zone,112.35648065138753,-3.1420716730575466,343.6600036621094,301.79998779296875,1,VIIRS-NOAA20,375,2026-08-29T10:25:32.360210+00:00
2026-08-12,carbon_project_zone,112.3598581810771,-3.1420716730575466,343.6600036621094,301.79998779296875,1,VIIRS-NOAA20,375,2026-08-29T10:25:32.360227+00:00
2026-08-12,carbon_project_zone,112.57736191335788,-3.2162656219189785,331.2300109863281,304.510009765625,0,VIIRS-NOAA20,375,2026-08-29T10:25:32.360284+00:00
2026-08-12,carbon_project_zone,112.5807396859867,-3.2162656219189785,331.2300109863281,304.510009765625,0,VIIRS-NOAA20,375,2026-08-29T10:25:32.360286+00:00
2026-08-12,carbon_project_zone,112.58411745861551,-3.2162656219189785,331.2300109863281,304.510009765625,0,VIIRS-NOAA20,375,2026-08-29T10:25:32.360288+00:00
2026-08-12,carbon_project_zone,112.58374527510416,-3.212893169698004,331.2300109863281,304.510009765625,0,VIIRS-NOAA20,375,2026-08-29T10:25:32.360281+00:00
2026-08-13,carbon_project_zone,112.57736191335788,-3.2162656219189785,305.6499938964844,291.9100036621094,1,VIIRS-SNPP,375,2026-08-29T10:24:52.040937+00:00
2026-08-13,carbon_project_zone,112.5807396859867,-3.2162656219189785,305.6499938964844,291.9100036621094,1,VIIRS-SNPP,375,2026-08-29T10:24:52.040940+00:00
2026-08-13,carbon_project_zone,112.58411745861551,-3.2162656219189785,305.6499938964844,291.9100036621094,1,VIIRS-SNPP,375,2026-08-29T10:24:52.040942+00:00
2026-08-13,carbon_project_zone,112.57698975217919,-3.212893169698004,305.6499938964844,291.9100036621094,1,VIIRS-SNPP,375,2026-08-29T10:24:52.040930+00:00
2026-08-13,carbon_project_zone,112.58036751364168,-3.212893169698004,305.6499938964844,291.9100036621094,1,VIIRS-SNPP,375,2026-08-29T10:24:52.040933+00:00
2026-08-13,carbon_project_zone,112.58374527510416,-3.212893169698004,305.6499938964844,291.9100036621094,1,VIIRS-SNPP,375,2026-08-29T10:24:52.040935+00:00
2026-08-13,carbon_project_zone,112.38715171433016,-3.175796195267288,308.4800109863281,289.6300048828125,1,VIIRS-SNPP,375,2026-08-29T10:24:52.040925+00:00
2026-08-13,carbon_project_zone,112.3905293537402,-3.175796195267288,308.4800109863281,289.6300048828125,1,VIIRS-SNPP,375,2026-08-29T10:24:52.040928+00:00
2026-08-13,carbon_project_zone,112.3867848689371,-3.172423743046314,308.4800109863281,289.6300048828125,1,VIIRS-SNPP,375,2026-08-29T10:24:52.040920+00:00
2026-08-13,carbon_project_zone,112.39016249732211,-3.172423743046314,308.4800109863281,289.6300048828125,1,VIIRS-SNPP,375,2026-08-29T10:24:52.040923+00:00
2026-08-13,carbon_project_zone,112.35008880258599,-3.145444125278521,303.29998779296875,290.1499938964844,1,VIIRS-SNPP,375,2026-08-29T10:24:52.040918+00:00
2026-08-13,carbon_project_zone,112.68898492953167,-3.0611328197541665,330.3299865722656,289.1099853515625,1,VIIRS-SNPP,375,2026-08-29T10:24:52.040911+00:00
2026-08-13,carbon_project_zone,112.69236220069477,-3.0611328197541665,330.3299865722656,289.1099853515625,1,VIIRS-SNPP,375,2026-08-29T10:24:52.040913+00:00
2026-08-13,carbon_project_zone,112.69573947185788,-3.0611328197541665,330.3299865722656,289.1099853515625,1,VIIRS-SNPP,375,2026-08-29T10:24:52.040916+00:00
2026-08-13,carbon_project_zone,112.69911674302098,-3.0611328197541665,338.010009765625,296.4100036621094,1,VIIRS-NOAA20,375,2026-08-29T10:25:33.657649+00:00
2026-08-13,carbon_project_zone,112.688630412388,-3.057760367533192,330.3299865722656,289.1099853515625,1,VIIRS-SNPP,375,2026-08-29T10:24:52.040901+00:00
2026-08-13,carbon_project_zone,112.69200767292628,-3.057760367533192,337.2200012207031,287.7900085449219,1,VIIRS-SNPP,375,2026-08-29T10:24:52.040904+00:00
2026-08-13,carbon_project_zone,112.69538493346457,-3.057760367533192,337.2200012207031,287.7900085449219,1,VIIRS-SNPP,375,2026-08-29T10:24:52.040906+00:00
2026-08-13,carbon_project_zone,112.69876219400285,-3.057760367533192,337.2200012207031,287.7900085449219,1,VIIRS-SNPP,375,2026-08-29T10:24:52.040909+00:00
2026-08-13,carbon_project_zone,112.70213945454113,-3.057760367533192,335.5799865722656,295.1600036621094,1,VIIRS-NOAA20,375,2026-08-29T10:25:33.657618+00:00
2026-08-13,carbon_project_zone,112.68827628788743,-3.0543879153122178,330.3299865722656,289.1099853515625,1,VIIRS-SNPP,375,2026-08-29T10:24:52.040890+00:00
2026-08-13,carbon_project_zone,112.69165353781264,-3.0543879153122178,342.2799987792969,286.1600036621094,1,VIIRS-SNPP,375,2026-08-29T10:24:52.040892+00:00
2026-08-13,carbon_project_zone,112.69503078773786,-3.0543879153122178,342.2799987792969,286.1600036621094,1,VIIRS-SNPP,375,2026-08-29T10:24:52.040894+00:00
2026-08-13,carbon_project_zone,112.69840803766311,-3.0543879153122178,342.2799987792969,286.1600036621094,1,VIIRS-SNPP,375,2026-08-29T10:24:52.040897+00:00
2026-08-13,carbon_project_zone,112.70178528758834,-3.0543879153122178,342.2799987792969,286.1600036621094,1,VIIRS-SNPP,375,2026-08-29T10:24:52.040899+00:00
2026-08-13,carbon_project_zone,112.6879225560238,-3.0510154630912436,330.3299865722656,289.1099853515625,1,VIIRS-SNPP,375,2026-08-29T10:24:52.040877+00:00
2026-08-13,carbon_project_zone,112.69129979534775,-3.0510154630912436,342.2799987792969,286.1600036621094,1,VIIRS-SNPP,375,2026-08-29T10:24:52.040880+00:00
2026-08-13,carbon_project_zone,112.69467703467168,-3.0510154630912436,342.2799987792969,286.1600036621094,1,VIIRS-SNPP,375,2026-08-29T10:24:52.040882+00:00
2026-08-13,carbon_project_zone,112.69805427399562,-3.0510154630912436,342.2799987792969,286.1600036621094,1,VIIRS-SNPP,375,2026-08-29T10:24:52.040885+00:00
2026-08-13,carbon_project_zone,112.70143151331956,-3.0510154630912436,342.2799987792969,286.1600036621094,1,VIIRS-SNPP,375,2026-08-29T10:24:52.040887+00:00
2026-08-13,carbon_project_zone,112.68756921679098,-3.04764301087027,328.5199890136719,285.8900146484375,1,VIIRS-SNPP,375,2026-08-29T10:24:52.040864+00:00
2026-08-13,carbon_project_zone,112.69094644552538,-3.04764301087027,342.2799987792969,286.1600036621094,1,VIIRS-SNPP,375,2026-08-29T10:24:52.040867+00:00
2026-08-13,carbon_project_zone,112.6943236742598,-3.04764301087027,342.2799987792969,286.1600036621094,1,VIIRS-SNPP,375,2026-08-29T10:24:52.040870+00:00
2026-08-13,carbon_project_zone,112.69770090299421,-3.04764301087027,342.2799987792969,286.1600036621094,1,VIIRS-SNPP,375,2026-08-29T10:24:52.040872+00:00
2026-08-13,carbon_project_zone,112.70107813172864,-3.04764301087027,342.2799987792969,286.1600036621094,1,VIIRS-SNPP,375,2026-08-29T10:24:52.040875+00:00
2026-08-13,carbon_project_zone,112.6872162701828,-3.0442705586492953,328.5199890136719,285.8900146484375,1,VIIRS-SNPP,375,2026-08-29T10:24:52.040835+00:00
2026-08-13,carbon_project_zone,112.69059348833947,-3.0442705586492953,342.2799987792969,286.1600036621094,1,VIIRS-SNPP,375,2026-08-29T10:24:52.040852+00:00
2026-08-13,carbon_project_zone,112.69397070649613,-3.0442705586492953,342.2799987792969,286.1600036621094,1,VIIRS-SNPP,375,2026-08-29T10:24:52.040855+00:00
2026-08-13,carbon_project_zone,112.6973479246528,-3.0442705586492953,342.2799987792969,286.1600036621094,1,VIIRS-SNPP,375,2026-08-29T10:24:52.040859+00:00
2026-08-13,carbon_project_zone,112.70072514280946,-3.0442705586492953,342.2799987792969,286.1600036621094,1,VIIRS-SNPP,375,2026-08-29T10:24:52.040862+00:00
2026-08-13,project_area,112.6879225560238,-3.0510154630912436,330.3299865722656,289.1099853515625,1,VIIRS-SNPP,375,2026-08-29T10:24:52.604459+00:00
2026-08-13,project_area,112.68756921679098,-3.04764301087027,328.5199890136719,285.8900146484375,1,VIIRS-SNPP,375,2026-08-29T10:24:52.604453+00:00
2026-08-13,project_area,112.69094644552538,-3.04764301087027,342.2799987792969,286.1600036621094,1,VIIRS-SNPP,375,2026-08-29T10:24:52.604456+00:00
2026-08-13,project_area,112.6872162701828,-3.0442705586492953,328.5199890136719,285.8900146484375,1,VIIRS-SNPP,375,2026-08-29T10:24:52.604430+00:00
2026-08-13,project_area,112.69059348833947,-3.0442705586492953,342.2799987792969,286.1600036621094,1,VIIRS-SNPP,375,2026-08-29T10:24:52.604447+00:00
2026-08-13,project_area,112.69397070649613,-3.0442705586492953,342.2799987792969,286.1600036621094,1,VIIRS-SNPP,375,2026-08-29T10:24:52.604450+00:00
2026-08-14,carbon_project_zone,112.34369730167761,-3.148816577499495,303.989990234375,290.8900146484375,1,VIIRS-SNPP,375,2026-08-29T10:24:53.201938+00:00
2026-08-14,carbon_project_zone,112.73262509539731,-2.9936837753346826,331.1700134277344,288.8299865722656,1,VIIRS-SNPP,375,2026-08-29T10:24:53.201930+00:00
2026-08-14,carbon_project_zone,112.73600215629956,-2.9936837753346826,331.1700134277344,288.8299865722656,1,VIIRS-SNPP,375,2026-08-29T10:24:53.201933+00:00
2026-08-14,carbon_project_zone,112.7393792172018,-2.9936837753346826,331.1700134277344,288.8299865722656,1,VIIRS-SNPP,375,2026-08-29T10:24:53.201935+00:00
2026-08-14,carbon_project_zone,112.73227827411134,-2.990311323113709,331.1700134277344,288.8299865722656,1,VIIRS-SNPP,375,2026-08-29T10:24:53.201922+00:00
2026-08-14,carbon_project_zone,112.73565532462408,-2.990311323113709,331.1700134277344,288.8299865722656,1,VIIRS-SNPP,375,2026-08-29T10:24:53.201925+00:00
2026-08-14,carbon_project_zone,112.73903237513682,-2.990311323113709,331.1700134277344,288.8299865722656,1,VIIRS-SNPP,375,2026-08-29T10:24:53.201928+00:00
2026-08-14,carbon_project_zone,112.73193184552312,-2.9869388708927342,331.1700134277344,288.8299865722656,1,VIIRS-SNPP,375,2026-08-29T10:24:53.201901+00:00
2026-08-14,carbon_project_zone,112.73530888565811,-2.9869388708927342,331.1700134277344,288.8299865722656,1,VIIRS-SNPP,375,2026-08-29T10:24:53.201916+00:00
2026-08-14,carbon_project_zone,112.7386859257931,-2.9869388708927342,331.1700134277344,288.8299865722656,1,VIIRS-SNPP,375,2026-08-29T10:24:53.201920+00:00
2026-08-15,carbon_project_zone,112.44486398685183,-3.2398727874657975,332.8999938964844,300.5299987792969,1,VIIRS-SNPP,375,2026-08-29T10:24:54.610015+00:00
2026-08-15,carbon_project_zone,112.44824183797469,-3.2398727874657975,332.8999938964844,300.5299987792969,1,VIIRS-SNPP,375,2026-08-29T10:24:54.610018+00:00
2026-08-15,carbon_project_zone,112.44111168816482,-3.2365003352448234,332.8999938964844,300.5299987792969,1,VIIRS-SNPP,375,2026-08-29T10:24:54.610008+00:00
2026-08-15,carbon_project_zone,112.44448952803893,-3.2365003352448234,332.8999938964844,300.5299987792969,1,VIIRS-SNPP,375,2026-08-29T10:24:54.610010+00:00
2026-08-15,carbon_project_zone,112.44786736791303,-3.2365003352448234,332.8999938964844,300.5299987792969,1,VIIRS-SNPP,375,2026-08-29T10:24:54.610013+00:00
2026-08-15,carbon_project_zone,112.44073763264947,-3.2331278830238492,348.260009765625,300.8500061035156,1,VIIRS-SNPP,375,2026-08-29T10:24:54.610000+00:00
2026-08-15,carbon_project_zone,112.44411546128657,-3.2331278830238492,348.260009765625,300.8500061035156,1,VIIRS-SNPP,375,2026-08-29T10:24:54.610003+00:00
2026-08-15,carbon_project_zone,112.44749328992368,-3.2331278830238492,348.260009765625,300.8500061035156,1,VIIRS-SNPP,375,2026-08-29T10:24:54.610005+00:00
2026-08-15,carbon_project_zone,112.44036396917635,-3.229755430802875,348.260009765625,300.8500061035156,1,VIIRS-SNPP,375,2026-08-29T10:24:54.609991+00:00
2026-08-15,carbon_project_zone,112.44374178658825,-3.229755430802875,348.260009765625,300.8500061035156,1,VIIRS-SNPP,375,2026-08-29T10:24:54.609995+00:00
2026-08-15,carbon_project_zone,112.44711960400014,-3.229755430802875,348.260009765625,300.8500061035156,1,VIIRS-SNPP,375,2026-08-29T10:24:54.609998+00:00
2026-08-15,carbon_project_zone,112.34068371108022,-3.152189029720469,341.75,299.1199951171875,1,VIIRS-SNPP,375,2026-08-29T10:24:54.609975+00:00
2026-08-16,carbon_project_zone,112.42915521718004,-3.189286004151185,367.0,294.25,2,VIIRS-NOAA20,375,2026-08-29T10:25:37.631470+00:00
2026-08-16,carbon_project_zone,112.43253290080793,-3.189286004151185,367.0,294.25,2,VIIRS-NOAA20,375,2026-08-29T10:25:37.631472+00:00
2026-08-16,carbon_project_zone,112.43591058443586,-3.189286004151185,367.0,294.25,2,VIIRS-NOAA20,375,2026-08-29T10:25:37.631474+00:00
2026-08-16,carbon_project_zone,112.4287866718116,-3.1859135519302106,367.0,294.25,2,VIIRS-NOAA20,375,2026-08-29T10:25:37.631460+00:00
2026-08-16,carbon_project_zone,112.43216434436738,-3.1859135519302106,367.0,294.25,2,VIIRS-NOAA20,375,2026-08-29T10:25:37.631462+00:00
2026-08-16,carbon_project_zone,112.43554201692316,-3.1859135519302106,367.0,294.25,2,VIIRS-NOAA20,375,2026-08-29T10:25:37.631464+00:00
2026-08-16,carbon_project_zone,112.4284185183715,-3.1825410997092365,367.0,294.25,2,VIIRS-NOAA20,375,2026-08-29T10:25:37.631451+00:00
2026-08-16,carbon_project_zone,112.43179617986692,-3.1825410997092365,367.0,294.25,2,VIIRS-NOAA20,375,2026-08-29T10:25:37.631453+00:00
2026-08-16,carbon_project_zone,112.43517384136237,-3.1825410997092365,367.0,294.25,2,VIIRS-NOAA20,375,2026-08-29T10:25:37.631455+00:00
2026-08-16,carbon_project_zone,112.56564739697218,-3.1083471508478047,367.0,298.7699890136719,2,VIIRS-NOAA20,375,2026-08-29T10:25:37.631402+00:00
2026-08-16,carbon_project_zone,112.56902481811849,-3.1083471508478047,367.0,298.7699890136719,2,VIIRS-NOAA20,375,2026-08-29T10:25:37.631404+00:00
2026-08-16,carbon_project_zone,112.56528779217922,-3.1049746986268305,367.0,298.7699890136719,2,VIIRS-NOAA20,375,2026-08-29T10:25:37.631395+00:00
2026-08-16,carbon_project_zone,112.56866520253595,-3.1049746986268305,367.0,298.7699890136719,2,VIIRS-NOAA20,375,2026-08-29T10:25:37.631398+00:00
2026-08-16,carbon_project_zone,112.564928579669,-3.1016022464058564,367.0,298.7699890136719,2,VIIRS-NOAA20,375,2026-08-29T10:25:37.631391+00:00
2026-08-16,carbon_project_zone,112.56830597924791,-3.1016022464058564,367.0,298.7699890136719,2,VIIRS-NOAA20,375,2026-08-29T10:25:37.631393+00:00
2026-08-16,carbon_project_zone,112.50629535580582,-2.959959253124941,367.0,301.0199890136719,2,VIIRS-NOAA20,375,2026-08-29T10:25:37.631291+00:00
2026-08-16,carbon_project_zone,112.50967231334232,-2.959959253124941,367.0,301.0199890136719,2,VIIRS-NOAA20,375,2026-08-29T10:25:37.631308+00:00
2026-08-16,carbon_project_zone,112.4137150035526,-3.2331278830238492,330.5799865722656,297.8500061035156,1,VIIRS-SNPP,375,2026-08-29T10:24:56.105990+00:00
2026-08-16,carbon_project_zone,112.4170928321897,-3.2331278830238492,330.5799865722656,297.8500061035156,1,VIIRS-SNPP,375,2026-08-29T10:24:56.105992+00:00
2026-08-16,carbon_project_zone,112.42047066082681,-3.2331278830238492,330.5799865722656,297.8500061035156,1,VIIRS-SNPP,375,2026-08-29T10:24:56.105995+00:00
2026-08-16,carbon_project_zone,112.41334142988117,-3.229755430802875,330.5799865722656,297.8500061035156,1,VIIRS-SNPP,375,2026-08-29T10:24:56.105983+00:00
2026-08-16,carbon_project_zone,112.41671924729307,-3.229755430802875,330.5799865722656,297.8500061035156,1,VIIRS-SNPP,375,2026-08-29T10:24:56.105985+00:00
2026-08-16,carbon_project_zone,112.42009706470496,-3.229755430802875,330.5799865722656,297.8500061035156,1,VIIRS-SNPP,375,2026-08-29T10:24:56.105988+00:00
2026-08-16,carbon_project_zone,112.3848288735154,-3.2162656219189785,338.489990234375,298.44000244140625,1,VIIRS-SNPP,375,2026-08-29T10:24:56.105975+00:00
2026-08-16,carbon_project_zone,112.38820664614424,-3.2162656219189785,338.489990234375,298.44000244140625,1,VIIRS-SNPP,375,2026-08-29T10:24:56.105978+00:00
2026-08-16,carbon_project_zone,112.39158441877305,-3.2162656219189785,338.489990234375,298.44000244140625,1,VIIRS-SNPP,375,2026-08-29T10:24:56.105981+00:00
2026-08-16,carbon_project_zone,112.39496219140186,-3.2162656219189785,340.3500061035156,296.75,1,VIIRS-NOAA20,375,2026-08-29T10:25:37.631571+00:00
2026-08-16,carbon_project_zone,112.39833996403067,-3.2162656219189785,330.67999267578125,295.8599853515625,1,VIIRS-NOAA20,375,2026-08-29T10:25:37.631573+00:00
2026-08-16,carbon_project_zone,112.40171773665948,-3.2162656219189785,330.67999267578125,295.8599853515625,1,VIIRS-NOAA20,375,2026-08-29T10:25:37.631575+00:00
2026-08-16,carbon_project_zone,112.38445734881746,-3.212893169698004,338.489990234375,298.44000244140625,1,VIIRS-SNPP,375,2026-08-29T10:24:56.105968+00:00
2026-08-16,carbon_project_zone,112.38783511027995,-3.212893169698004,338.489990234375,298.44000244140625,1,VIIRS-SNPP,375,2026-08-29T10:24:56.105971+00:00
2026-08-16,carbon_project_zone,112.39121287174244,-3.212893169698004,338.489990234375,298.44000244140625,1,VIIRS-SNPP,375,2026-08-29T10:24:56.105973+00:00
2026-08-16,carbon_project_zone,112.39459063320491,-3.212893169698004,340.3500061035156,296.75,1,VIIRS-NOAA20,375,2026-08-29T10:25:37.631560+00:00
2026-08-16,carbon_project_zone,112.39796839466742,-3.212893169698004,330.67999267578125,295.8599853515625,1,VIIRS-NOAA20,375,2026-08-29T10:25:37.631562+00:00
2026-08-16,carbon_project_zone,112.40134615612989,-3.212893169698004,330.67999267578125,295.8599853515625,1,VIIRS-NOAA20,375,2026-08-29T10:25:37.631565+00:00
2026-08-16,carbon_project_zone,112.38408621593446,-3.20952071747703,304.29998779296875,290.55999755859375,1,VIIRS-NOAA20,375,2026-08-29T10:25:37.631543+00:00
2026-08-16,carbon_project_zone,112.3874639662424,-3.20952071747703,304.29998779296875,290.55999755859375,1,VIIRS-NOAA20,375,2026-08-29T10:25:37.631545+00:00
2026-08-16,carbon_project_zone,112.39084171655031,-3.20952071747703,304.29998779296875,290.55999755859375,1,VIIRS-NOAA20,375,2026-08-29T10:25:37.631547+00:00
2026-08-16,carbon_project_zone,112.39421946685825,-3.20952071747703,330.67999267578125,295.8599853515625,1,VIIRS-NOAA20,375,2026-08-29T10:25:37.631550+00:00
2026-08-16,carbon_project_zone,112.39759721716618,-3.20952071747703,330.67999267578125,295.8599853515625,1,VIIRS-NOAA20,375,2026-08-29T10:25:37.631552+00:00
2026-08-16,carbon_project_zone,112.40097496747411,-3.20952071747703,330.67999267578125,295.8599853515625,1,VIIRS-NOAA20,375,2026-08-29T10:25:37.631554+00:00
2026-08-16,carbon_project_zone,112.38371547485993,-3.206148265256056,304.29998779296875,290.55999755859375,1,VIIRS-NOAA20,375,2026-08-29T10:25:37.631536+00:00
2026-08-16,carbon_project_zone,112.3870932140251,-3.206148265256056,304.29998779296875,290.55999755859375,1,VIIRS-NOAA20,375,2026-08-29T10:25:37.631539+00:00
2026-08-16,carbon_project_zone,112.39047095319026,-3.206148265256056,304.29998779296875,290.55999755859375,1,VIIRS-NOAA20,375,2026-08-29T10:25:37.631541+00:00
2026-08-16,carbon_project_zone,112.38334512558745,-3.202775813035082,304.29998779296875,290.55999755859375,1,VIIRS-NOAA20,375,2026-08-29T10:25:37.631529+00:00
2026-08-16,carbon_project_zone,112.38672285362162,-3.202775813035082,304.29998779296875,290.55999755859375,1,VIIRS-NOAA20,375,2026-08-29T10:25:37.631532+00:00
2026-08-16,carbon_project_zone,112.39010058165577,-3.202775813035082,304.29998779296875,290.55999755859375,1,VIIRS-NOAA20,375,2026-08-29T10:25:37.631534+00:00
2026-08-16,carbon_project_zone,112.38635288502553,-3.1994033608141073,303.19000244140625,290.7300109863281,1,VIIRS-NOAA20,375,2026-08-29T10:25:37.631519+00:00
2026-08-16,carbon_project_zone,112.38973060194046,-3.1994033608141073,303.19000244140625,290.7300109863281,1,VIIRS-NOAA20,375,2026-08-29T10:25:37.631521+00:00
2026-08-16,carbon_project_zone,112.43364092183455,-3.1994033608141073,334.4700012207031,298.0199890136719,1,VIIRS-SNPP,375,2026-08-29T10:24:56.105956+00:00
2026-08-16,carbon_project_zone,112.43701863874949,-3.1994033608141073,345.45001220703125,298.7900085449219,1,VIIRS-SNPP,375,2026-08-29T10:24:56.105959+00:00
2026-08-16,carbon_project_zone,112.44039635566442,-3.1994033608141073,345.45001220703125,298.7900085449219,1,VIIRS-SNPP,375,2026-08-29T10:24:56.105961+00:00
2026-08-16,carbon_project_zone,112.44377407257934,-3.1994033608141073,345.45001220703125,298.7900085449219,1,VIIRS-SNPP,375,2026-08-29T10:24:56.105964+00:00
2026-08-16,carbon_project_zone,112.44715178949427,-3.1994033608141073,337.8299865722656,299.6499938964844,1,VIIRS-SNPP,375,2026-08-29T10:24:56.105966+00:00
2026-08-16,carbon_project_zone,112.42651577792016,-3.196030908593133,338.0400085449219,296.17999267578125,1,VIIRS-NOAA20,375,2026-08-29T10:25:37.631501+00:00
2026-08-16,carbon_project_zone,112.42989348372764,-3.196030908593133,341.4800109863281,297.29998779296875,1,VIIRS-SNPP,375,2026-08-29T10:24:56.105942+00:00
2026-08-16,carbon_project_zone,112.43327118953512,-3.196030908593133,355.5299987792969,300.75,1,VIIRS-SNPP,375,2026-08-29T10:24:56.105944+00:00
2026-08-16,carbon_project_zone,112.4366488953426,-3.196030908593133,355.5299987792969,300.75,1,VIIRS-SNPP,375,2026-08-29T10:24:56.105947+00:00
2026-08-16,carbon_project_zone,112.44002660115008,-3.196030908593133,355.5299987792969,300.75,1,VIIRS-SNPP,375,2026-08-29T10:24:56.105949+00:00
2026-08-16,carbon_project_zone,112.44340430695756,-3.196030908593133,345.45001220703125,298.7900085449219,1,VIIRS-SNPP,375,2026-08-29T10:24:56.105952+00:00
2026-08-16,carbon_project_zone,112.44678201276504,-3.196030908593133,337.8299865722656,299.6499938964844,1,VIIRS-SNPP,375,2026-08-29T10:24:56.105954+00:00
2026-08-16,carbon_project_zone,112.45015971857251,-3.196030908593133,339.67999267578125,299.2799987792969,1,VIIRS-NOAA20,375,2026-08-29T10:25:37.631517+00:00
2026-08-16,carbon_project_zone,112.42614645977145,-3.1926584563721594,338.0400085449219,296.17999267578125,1,VIIRS-NOAA20,375,2026-08-29T10:25:37.631484+00:00
2026-08-16,carbon_project_zone,112.42952415448325,-3.1926584563721594,341.4800109863281,297.29998779296875,1,VIIRS-SNPP,375,2026-08-29T10:24:56.105927+00:00
2026-08-16,carbon_project_zone,112.43290184919506,-3.1926584563721594,357.3999938964844,301.32000732421875,1,VIIRS-SNPP,375,2026-08-29T10:24:56.105929+00:00
2026-08-16,carbon_project_zone,112.43627954390686,-3.1926584563721594,357.3999938964844,301.32000732421875,1,VIIRS-SNPP,375,2026-08-29T10:24:56.105932+00:00
2026-08-16,carbon_project_zone,112.43965723861866,-3.1926584563721594,357.3999938964844,301.32000732421875,1,VIIRS-SNPP,375,2026-08-29T10:24:56.105935+00:00
2026-08-16,carbon_project_zone,112.44303493333048,-3.1926584563721594,345.45001220703125,298.7900085449219,1,VIIRS-SNPP,375,2026-08-29T10:24:56.105937+00:00
2026-08-16,carbon_project_zone,112.44641262804228,-3.1926584563721594,337.8299865722656,299.6499938964844,1,VIIRS-SNPP,375,2026-08-29T10:24:56.105939+00:00
2026-08-16,carbon_project_zone,112.44979032275408,-3.1926584563721594,339.67999267578125,299.2799987792969,1,VIIRS-NOAA20,375,2026-08-29T10:25:37.631499+00:00
2026-08-16,carbon_project_zone,112.42577753355214,-3.189286004151185,338.0400085449219,296.17999267578125,1,VIIRS-NOAA20,375,2026-08-29T10:25:37.631468+00:00
2026-08-16,carbon_project_zone,112.43928826806376,-3.189286004151185,357.3999938964844,301.32000732421875,1,VIIRS-SNPP,375,2026-08-29T10:24:56.105920+00:00
2026-08-16,carbon_project_zone,112.44266595169167,-3.189286004151185,336.54998779296875,298.6600036621094,1,VIIRS-SNPP,375,2026-08-29T10:24:56.105922+00:00
2026-08-16,carbon_project_zone,112.44604363531957,-3.189286004151185,336.54998779296875,298.6600036621094,1,VIIRS-SNPP,375,2026-08-29T10:24:56.105925+00:00
2026-08-16,carbon_project_zone,112.44942131894746,-3.189286004151185,339.67999267578125,299.2799987792969,1,VIIRS-NOAA20,375,2026-08-29T10:25:37.631482+00:00
2026-08-16,carbon_project_zone,112.42540899925582,-3.1859135519302106,335.94000244140625,304.5899963378906,1,VIIRS-NOAA20,375,2026-08-29T10:25:37.631457+00:00
2026-08-16,carbon_project_zone,112.43891968947894,-3.1859135519302106,343.9100036621094,297.1099853515625,1,VIIRS-NOAA20,375,2026-08-29T10:25:37.631466+00:00
2026-08-16,carbon_project_zone,112.33429291671965,-3.1555614819414433,337.82000732421875,294.94000244140625,1,VIIRS-NOAA20,375,2026-08-29T10:25:37.631447+00:00
2026-08-16,carbon_project_zone,112.33767049015614,-3.1555614819414433,337.82000732421875,294.94000244140625,1,VIIRS-NOAA20,375,2026-08-29T10:25:37.631449+00:00
2026-08-16,carbon_project_zone,112.57337080636286,-3.148816577499495,339.7900085449219,297.4700012207031,1,VIIRS-NOAA20,375,2026-08-29T10:25:37.631440+00:00
2026-08-16,carbon_project_zone,112.57674835790235,-3.148816577499495,339.7900085449219,297.4700012207031,1,VIIRS-NOAA20,375,2026-08-29T10:25:37.631442+00:00
2026-08-16,carbon_project_zone,112.58012590944183,-3.148816577499495,339.7900085449219,297.4700012207031,1,VIIRS-NOAA20,375,2026-08-29T10:25:37.631445+00:00
2026-08-16,carbon_project_zone,112.57300648275667,-3.145444125278521,339.7900085449219,297.4700012207031,1,VIIRS-NOAA20,375,2026-08-29T10:25:37.631431+00:00
2026-08-16,carbon_project_zone,112.5763840233653,-3.145444125278521,340.8399963378906,297.4700012207031,1,VIIRS-NOAA20,375,2026-08-29T10:25:37.631434+00:00
2026-08-16,carbon_project_zone,112.57976156397395,-3.145444125278521,340.8399963378906,297.4700012207031,1,VIIRS-NOAA20,375,2026-08-29T10:25:37.631436+00:00
2026-08-16,carbon_project_zone,112.5831391045826,-3.145444125278521,340.8399963378906,297.4700012207031,1,VIIRS-NOAA20,375,2026-08-29T10:25:37.631438+00:00
2026-08-16,carbon_project_zone,112.57264255152045,-3.1420716730575466,339.7900085449219,297.4700012207031,1,VIIRS-NOAA20,375,2026-08-29T10:25:37.631423+00:00
2026-08-16,carbon_project_zone,112.57602008121002,-3.1420716730575466,340.8399963378906,297.4700012207031,1,VIIRS-NOAA20,375,2026-08-29T10:25:37.631425+00:00
2026-08-16,carbon_project_zone,112.57939761089959,-3.1420716730575466,340.8399963378906,297.4700012207031,1,VIIRS-NOAA20,375,2026-08-29T10:25:37.631427+00:00
2026-08-16,carbon_project_zone,112.58277514058916,-3.1420716730575466,340.8399963378906,297.4700012207031,1,VIIRS-NOAA20,375,2026-08-29T10:25:37.631429+00:00
2026-08-16,carbon_project_zone,112.6717911361898,-3.1218369597317017,345.7799987792969,301.07000732421875,1,VIIRS-SNPP,375,2026-08-29T10:24:56.105901+00:00
2026-08-16,carbon_project_zone,112.67516860061215,-3.1218369597317017,345.7799987792969,301.07000732421875,1,VIIRS-SNPP,375,2026-08-29T10:24:56.105904+00:00
2026-08-16,carbon_project_zone,112.67142962626659,-3.1184645075107276,345.7799987792969,301.07000732421875,1,VIIRS-SNPP,375,2026-08-29T10:24:56.105896+00:00
2026-08-16,carbon_project_zone,112.67480707985229,-3.1184645075107276,345.7799987792969,301.07000732421875,1,VIIRS-SNPP,375,2026-08-29T10:24:56.105898+00:00
2026-08-16,carbon_project_zone,112.67106850901605,-3.115092055289753,345.7799987792969,301.07000732421875,1,VIIRS-SNPP,375,2026-08-29T10:24:56.105891+00:00
2026-08-16,carbon_project_zone,112.67444595177685,-3.115092055289753,345.7799987792969,301.07000732421875,1,VIIRS-SNPP,375,2026-08-29T10:24:56.105894+00:00
2026-08-16,carbon_project_zone,112.56600739405413,-3.111719603068779,343.2200012207031,299.0799865722656,1,VIIRS-NOAA20,375,2026-08-29T10:25:37.631408+00:00
2026-08-16,carbon_project_zone,112.5693848260018,-3.111719603068779,348.2099914550781,297.6199951171875,1,VIIRS-NOAA20,375,2026-08-29T10:25:37.631410+00:00
2026-08-16,carbon_project_zone,112.57276225794946,-3.111719603068779,348.2099914550781,297.6199951171875,1,VIIRS-NOAA20,375,2026-08-29T10:25:37.631412+00:00
2026-08-16,carbon_project_zone,112.5724022392648,-3.1083471508478047,337.010009765625,298.29998779296875,1,VIIRS-SNPP,375,2026-08-29T10:24:56.105889+00:00
2026-08-16,carbon_project_zone,112.57204261289267,-3.1049746986268305,337.010009765625,298.29998779296875,1,VIIRS-SNPP,375,2026-08-29T10:24:56.105882+00:00
2026-08-16,carbon_project_zone,112.46698399188062,-3.1016022464058564,336.42999267578125,299.07000732421875,1,VIIRS-NOAA20,375,2026-08-29T10:25:37.631384+00:00
2026-08-16,carbon_project_zone,112.47036139145953,-3.1016022464058564,333.7900085449219,300.1600036621094,1,VIIRS-SNPP,375,2026-08-29T10:24:56.105867+00:00
2026-08-16,carbon_project_zone,112.47373879103844,-3.1016022464058564,333.7900085449219,300.1600036621094,1,VIIRS-SNPP,375,2026-08-29T10:24:56.105870+00:00
2026-08-16,carbon_project_zone,112.46662548386226,-3.098229794184882,336.42999267578125,299.07000732421875,1,VIIRS-NOAA20,375,2026-08-29T10:25:37.631378+00:00
2026-08-16,carbon_project_zone,112.47000287267512,-3.098229794184882,333.7900085449219,300.1600036621094,1,VIIRS-SNPP,375,2026-08-29T10:24:56.105862+00:00
2026-08-16,carbon_project_zone,112.47338026148799,-3.098229794184882,333.7900085449219,300.1600036621094,1,VIIRS-SNPP,375,2026-08-29T10:24:56.105865+00:00
2026-08-16,carbon_project_zone,112.4054745627183,-3.094857341963908,336.0299987792969,301.55999755859375,1,VIIRS-SNPP,375,2026-08-29T10:24:56.105849+00:00
2026-08-16,carbon_project_zone,112.40885194077688,-3.094857341963908,336.0299987792969,301.55999755859375,1,VIIRS-SNPP,375,2026-08-29T10:24:56.105852+00:00
2026-08-16,carbon_project_zone,112.41222931883547,-3.094857341963908,336.0299987792969,301.55999755859375,1,VIIRS-SNPP,375,2026-08-29T10:24:56.105854+00:00
2026-08-16,carbon_project_zone,112.46626736777284,-3.094857341963908,336.42999267578125,299.07000732421875,1,VIIRS-NOAA20,375,2026-08-29T10:25:37.631372+00:00
2026-08-16,carbon_project_zone,112.46964474583142,-3.094857341963908,333.7900085449219,300.1600036621094,1,VIIRS-SNPP,375,2026-08-29T10:24:56.105857+00:00
2026-08-16,carbon_project_zone,112.47302212389,-3.094857341963908,333.7900085449219,300.1600036621094,1,VIIRS-SNPP,375,2026-08-29T10:24:56.105860+00:00
2026-08-16,carbon_project_zone,112.40511703191672,-3.091484889742934,341.5799865722656,300.5400085449219,1,VIIRS-SNPP,375,2026-08-29T10:24:56.105842+00:00
2026-08-16,carbon_project_zone,112.4084943992328,-3.091484889742934,341.5799865722656,300.5400085449219,1,VIIRS-SNPP,375,2026-08-29T10:24:56.105845+00:00
2026-08-16,carbon_project_zone,112.41187176654888,-3.091484889742934,341.5799865722656,300.5400085449219,1,VIIRS-SNPP,375,2026-08-29T10:24:56.105847+00:00
2026-08-16,carbon_project_zone,112.40475989281977,-3.0881124375219597,341.5799865722656,300.5400085449219,1,VIIRS-SNPP,375,2026-08-29T10:24:56.105835+00:00
2026-08-16,carbon_project_zone,112.40813724940512,-3.0881124375219597,341.5799865722656,300.5400085449219,1,VIIRS-SNPP,375,2026-08-29T10:24:56.105837+00:00
2026-08-16,carbon_project_zone,112.41151460599046,-3.0881124375219597,341.5799865722656,300.5400085449219,1,VIIRS-SNPP,375,2026-08-29T10:24:56.105839+00:00
2026-08-16,carbon_project_zone,112.3951623383416,-3.0611328197541665,333.989990234375,300.239990234375,1,VIIRS-NOAA20,375,2026-08-29T10:25:37.631343+00:00
2026-08-16,carbon_project_zone,112.3985396095047,-3.0611328197541665,333.989990234375,300.239990234375,1,VIIRS-NOAA20,375,2026-08-29T10:25:37.631345+00:00
2026-08-16,carbon_project_zone,112.4019168806678,-3.0611328197541665,345.0,299.6700134277344,1,VIIRS-NOAA20,375,2026-08-29T10:25:37.631347+00:00
2026-08-16,carbon_project_zone,112.40529415183093,-3.0611328197541665,345.0,299.6700134277344,1,VIIRS-NOAA20,375,2026-08-29T10:25:37.631350+00:00
2026-08-16,carbon_project_zone,112.39480874555754,-3.057760367533192,333.989990234375,300.239990234375,1,VIIRS-NOAA20,375,2026-08-29T10:25:37.631331+00:00
2026-08-16,carbon_project_zone,112.39818600609583,-3.057760367533192,333.989990234375,300.239990234375,1,VIIRS-NOAA20,375,2026-08-29T10:25:37.631336+00:00
2026-08-16,carbon_project_zone,112.4015632666341,-3.057760367533192,330.8800048828125,299.8599853515625,1,VIIRS-SNPP,375,2026-08-29T10:24:56.105830+00:00
2026-08-16,carbon_project_zone,112.40494052717239,-3.057760367533192,330.8800048828125,299.8599853515625,1,VIIRS-SNPP,375,2026-08-29T10:24:56.105832+00:00
2026-08-16,carbon_project_zone,112.40121004424326,-3.0543879153122178,330.8800048828125,299.8599853515625,1,VIIRS-SNPP,375,2026-08-29T10:24:56.105825+00:00
2026-08-16,carbon_project_zone,112.40458729416848,-3.0543879153122178,330.8800048828125,299.8599853515625,1,VIIRS-SNPP,375,2026-08-29T10:24:56.105827+00:00
2026-08-16,carbon_project_zone,112.40085721348913,-3.0510154630912436,330.8800048828125,299.8599853515625,1,VIIRS-SNPP,375,2026-08-29T10:24:56.105805+00:00
2026-08-16,carbon_project_zone,112.40423445281309,-3.0510154630912436,330.8800048828125,299.8599853515625,1,VIIRS-SNPP,375,2026-08-29T10:24:56.105821+00:00
2026-08-16,carbon_project_zone,112.65495269464556,-2.9936837753346826,340.5199890136719,297.010009765625,1,VIIRS-NOAA20,375,2026-08-29T10:25:37.631326+00:00
2026-08-16,carbon_project_zone,112.65832975554783,-2.9936837753346826,340.5199890136719,297.010009765625,1,VIIRS-NOAA20,375,2026-08-29T10:25:37.631329+00:00
2026-08-16,carbon_project_zone,112.65460611231829,-2.990311323113709,340.5199890136719,297.010009765625,1,VIIRS-NOAA20,375,2026-08-29T10:25:37.631321+00:00
2026-08-16,carbon_project_zone,112.65798316283104,-2.990311323113709,340.5199890136719,297.010009765625,1,VIIRS-NOAA20,375,2026-08-29T10:25:37.631324+00:00
2026-08-16,carbon_project_zone,112.6542599224182,-2.9869388708927342,340.5199890136719,297.010009765625,1,VIIRS-NOAA20,375,2026-08-29T10:25:37.631317+00:00
2026-08-16,carbon_project_zone,112.65763696255321,-2.9869388708927342,340.5199890136719,297.010009765625,1,VIIRS-NOAA20,375,2026-08-29T10:25:37.631319+00:00
2026-08-16,carbon_project_zone,112.51304927087882,-2.959959253124941,350.1600036621094,300.2900085449219,1,VIIRS-NOAA20,375,2026-08-29T10:25:37.631312+00:00
2026-08-16,carbon_project_zone,112.51642622841536,-2.959959253124941,338.3299865722656,298.9599914550781,1,VIIRS-NOAA20,375,2026-08-29T10:25:37.631314+00:00
2026-08-16,project_area,112.56564739697218,-3.1083471508478047,367.0,298.7699890136719,2,VIIRS-NOAA20,375,2026-08-29T10:25:38.260569+00:00
2026-08-16,project_area,112.56902481811849,-3.1083471508478047,367.0,298.7699890136719,2,VIIRS-NOAA20,375,2026-08-29T10:25:38.260572+00:00
2026-08-16,project_area,112.56528779217922,-3.1049746986268305,367.0,298.7699890136719,2,VIIRS-NOAA20,375,2026-08-29T10:25:38.260562+00:00
2026-08-16,project_area,112.56866520253595,-3.1049746986268305,367.0,298.7699890136719,2,VIIRS-NOAA20,375,2026-08-29T10:25:38.260564+00:00
2026-08-16,project_area,112.564928579669,-3.1016022464058564,367.0,298.7699890136719,2,VIIRS-NOAA20,375,2026-08-29T10:25:38.260557+00:00
2026-08-16,project_area,112.56830597924791,-3.1016022464058564,367.0,298.7699890136719,2,VIIRS-NOAA20,375,2026-08-29T10:25:38.260559+00:00
2026-08-16,project_area,112.57337080636286,-3.148816577499495,339.7900085449219,297.4700012207031,1,VIIRS-NOAA20,375,2026-08-29T10:25:38.260603+00:00
2026-08-16,project_area,112.57674835790235,-3.148816577499495,339.7900085449219,297.4700012207031,1,VIIRS-NOAA20,375,2026-08-29T10:25:38.260605+00:00
2026-08-16,project_area,112.58012590944183,-3.148816577499495,339.7900085449219,297.4700012207031,1,VIIRS-NOAA20,375,2026-08-29T10:25:38.260608+00:00
2026-08-16,project_area,112.57300648275667,-3.145444125278521,339.7900085449219,297.4700012207031,1,VIIRS-NOAA20,375,2026-08-29T10:25:38.260594+00:00
2026-08-16,project_area,112.5763840233653,-3.145444125278521,340.8399963378906,297.4700012207031,1,VIIRS-NOAA20,375,2026-08-29T10:25:38.260596+00:00
2026-08-16,project_area,112.57976156397395,-3.145444125278521,340.8399963378906,297.4700012207031,1,VIIRS-NOAA20,375,2026-08-29T10:25:38.260598+00:00
2026-08-16,project_area,112.5831391045826,-3.145444125278521,340.8399963378906,297.4700012207031,1,VIIRS-NOAA20,375,2026-08-29T10:25:38.260601+00:00
2026-08-16,project_area,112.57264255152045,-3.1420716730575466,339.7900085449219,297.4700012207031,1,VIIRS-NOAA20,375,2026-08-29T10:25:38.260584+00:00
2026-08-16,project_area,112.57602008121002,-3.1420716730575466,340.8399963378906,297.4700012207031,1,VIIRS-NOAA20,375,2026-08-29T10:25:38.260587+00:00
2026-08-16,project_area,112.57939761089959,-3.1420716730575466,340.8399963378906,297.4700012207031,1,VIIRS-NOAA20,375,2026-08-29T10:25:38.260589+00:00
2026-08-16,project_area,112.58277514058916,-3.1420716730575466,340.8399963378906,297.4700012207031,1,VIIRS-NOAA20,375,2026-08-29T10:25:38.260591+00:00
2026-08-16,project_area,112.56600739405413,-3.111719603068779,343.2200012207031,299.0799865722656,1,VIIRS-NOAA20,375,2026-08-29T10:25:38.260577+00:00
2026-08-16,project_area,112.5693848260018,-3.111719603068779,348.2099914550781,297.6199951171875,1,VIIRS-NOAA20,375,2026-08-29T10:25:38.260579+00:00
2026-08-16,project_area,112.57276225794946,-3.111719603068779,348.2099914550781,297.6199951171875,1,VIIRS-NOAA20,375,2026-08-29T10:25:38.260582+00:00
2026-08-16,project_area,112.5724022392648,-3.1083471508478047,337.010009765625,298.29998779296875,1,VIIRS-SNPP,375,2026-08-29T10:24:56.794158+00:00
2026-08-16,project_area,112.57204261289267,-3.1049746986268305,337.010009765625,298.29998779296875,1,VIIRS-SNPP,375,2026-08-29T10:24:56.794151+00:00
2026-08-16,project_area,112.4019168806678,-3.0611328197541665,345.0,299.6700134277344,1,VIIRS-NOAA20,375,2026-08-29T10:25:38.260550+00:00
2026-08-16,project_area,112.40529415183093,-3.0611328197541665,345.0,299.6700134277344,1,VIIRS-NOAA20,375,2026-08-29T10:25:38.260554+00:00
2026-08-16,project_area,112.40494052717239,-3.057760367533192,330.8800048828125,299.8599853515625,1,VIIRS-SNPP,375,2026-08-29T10:24:56.794137+00:00
2026-08-16,project_area,112.40458729416848,-3.0543879153122178,330.8800048828125,299.8599853515625,1,VIIRS-SNPP,375,2026-08-29T10:24:56.794119+00:00
2026-08-17,carbon_project_zone,112.57848055624389,-3.2567350485706683,303.7300109863281,291.67999267578125,1,VIIRS-NOAA20,375,2026-08-29T10:25:39.139301+00:00
2026-08-17,carbon_project_zone,112.58185846378727,-3.2567350485706683,303.7300109863281,291.67999267578125,1,VIIRS-NOAA20,375,2026-08-29T10:25:39.139303+00:00
2026-08-17,carbon_project_zone,112.57810369603189,-3.253362596349694,303.7300109863281,291.67999267578125,1,VIIRS-NOAA20,375,2026-08-29T10:25:39.139294+00:00
2026-08-17,carbon_project_zone,112.58148159226761,-3.253362596349694,303.7300109863281,291.67999267578125,1,VIIRS-NOAA20,375,2026-08-29T10:25:39.139296+00:00
2026-08-17,carbon_project_zone,112.58485948850333,-3.253362596349694,303.7300109863281,291.67999267578125,1,VIIRS-NOAA20,375,2026-08-29T10:25:39.139299+00:00
2026-08-17,carbon_project_zone,112.44036396917635,-3.229755430802875,337.9100036621094,298.3500061035156,1,VIIRS-SNPP,375,2026-08-29T10:24:57.855041+00:00
2026-08-17,carbon_project_zone,112.44374178658825,-3.229755430802875,335.5299987792969,305.8299865722656,1,VIIRS-NOAA20,375,2026-08-29T10:25:39.139290+00:00
2026-08-17,carbon_project_zone,112.44711960400014,-3.229755430802875,335.5299987792969,305.8299865722656,1,VIIRS-NOAA20,375,2026-08-29T10:25:39.139292+00:00
2026-08-17,carbon_project_zone,112.43661289154049,-3.226382978581901,337.9100036621094,298.3500061035156,1,VIIRS-SNPP,375,2026-08-29T10:24:57.855037+00:00
2026-08-17,carbon_project_zone,112.43999069773896,-3.226382978581901,337.9100036621094,298.3500061035156,1,VIIRS-SNPP,375,2026-08-29T10:24:57.855039+00:00
2026-08-17,carbon_project_zone,112.44336850393742,-3.226382978581901,341.739990234375,304.2300109863281,1,VIIRS-NOAA20,375,2026-08-29T10:25:39.139283+00:00
2026-08-17,carbon_project_zone,112.44674631013588,-3.226382978581901,335.5299987792969,305.8299865722656,1,VIIRS-NOAA20,375,2026-08-29T10:25:39.139285+00:00
2026-08-17,carbon_project_zone,112.43624002333404,-3.2230105263609268,337.9100036621094,298.3500061035156,1,VIIRS-SNPP,375,2026-08-29T10:24:57.855033+00:00
2026-08-17,carbon_project_zone,112.43961781833085,-3.2230105263609268,337.9100036621094,298.3500061035156,1,VIIRS-SNPP,375,2026-08-29T10:24:57.855035+00:00
2026-08-17,carbon_project_zone,112.44299561332764,-3.2230105263609268,341.739990234375,304.2300109863281,1,VIIRS-NOAA20,375,2026-08-29T10:25:39.139276+00:00
2026-08-17,carbon_project_zone,112.41411512734635,-3.206148265256056,301.8999938964844,291.0400085449219,1,VIIRS-NOAA20,375,2026-08-29T10:25:39.139263+00:00
2026-08-17,carbon_project_zone,112.4174928665115,-3.206148265256056,301.8999938964844,291.0400085449219,1,VIIRS-NOAA20,375,2026-08-29T10:25:39.139265+00:00
2026-08-17,carbon_project_zone,112.42087060567668,-3.206148265256056,301.8999938964844,291.0400085449219,1,VIIRS-NOAA20,375,2026-08-29T10:25:39.139267+00:00
2026-08-17,carbon_project_zone,112.42424834484183,-3.206148265256056,301.8999938964844,291.0400085449219,1,VIIRS-NOAA20,375,2026-08-29T10:25:39.139269+00:00
2026-08-17,carbon_project_zone,112.41374467789487,-3.202775813035082,301.8999938964844,291.0400085449219,1,VIIRS-NOAA20,375,2026-08-29T10:25:39.139254+00:00
2026-08-17,carbon_project_zone,112.41712240592902,-3.202775813035082,301.8999938964844,291.0400085449219,1,VIIRS-NOAA20,375,2026-08-29T10:25:39.139257+00:00
2026-08-17,carbon_project_zone,112.42050013396317,-3.202775813035082,301.8999938964844,291.0400085449219,1,VIIRS-NOAA20,375,2026-08-29T10:25:39.139259+00:00
2026-08-17,carbon_project_zone,112.42387786199733,-3.202775813035082,301.8999938964844,291.0400085449219,1,VIIRS-NOAA20,375,2026-08-29T10:25:39.139261+00:00
2026-08-17,carbon_project_zone,112.41337462034497,-3.1994033608141073,301.8999938964844,291.0400085449219,1,VIIRS-NOAA20,375,2026-08-29T10:25:39.139246+00:00
2026-08-17,carbon_project_zone,112.4167523372599,-3.1994033608141073,301.8999938964844,291.0400085449219,1,VIIRS-NOAA20,375,2026-08-29T10:25:39.139248+00:00
2026-08-17,carbon_project_zone,112.42013005417485,-3.1994033608141073,301.8999938964844,291.0400085449219,1,VIIRS-NOAA20,375,2026-08-29T10:25:39.139250+00:00
2026-08-17,carbon_project_zone,112.42350777108976,-3.1994033608141073,301.8999938964844,291.0400085449219,1,VIIRS-NOAA20,375,2026-08-29T10:25:39.139252+00:00
2026-08-17,carbon_project_zone,112.41300495469022,-3.196030908593133,301.8999938964844,291.0400085449219,1,VIIRS-NOAA20,375,2026-08-29T10:25:39.139235+00:00
2026-08-17,carbon_project_zone,112.41638266049772,-3.196030908593133,331.45001220703125,299.75,1,VIIRS-NOAA20,375,2026-08-29T10:25:39.139237+00:00
2026-08-17,carbon_project_zone,112.4197603663052,-3.196030908593133,335.1499938964844,299.7900085449219,1,VIIRS-NOAA20,375,2026-08-29T10:25:39.139239+00:00
2026-08-17,carbon_project_zone,112.42313807211268,-3.196030908593133,335.1499938964844,299.7900085449219,1,VIIRS-NOAA20,375,2026-08-29T10:25:39.139242+00:00
2026-08-17,carbon_project_zone,112.42651577792016,-3.196030908593133,335.1499938964844,299.7900085449219,1,VIIRS-NOAA20,375,2026-08-29T10:25:39.139244+00:00
2026-08-17,carbon_project_zone,112.41601337563603,-3.1926584563721594,331.45001220703125,299.75,1,VIIRS-NOAA20,375,2026-08-29T10:25:39.139226+00:00
2026-08-17,carbon_project_zone,112.41939107034784,-3.1926584563721594,335.1499938964844,299.7900085449219,1,VIIRS-NOAA20,375,2026-08-29T10:25:39.139229+00:00
2026-08-17,carbon_project_zone,112.42276876505964,-3.1926584563721594,335.1499938964844,299.7900085449219,1,VIIRS-NOAA20,375,2026-08-29T10:25:39.139231+00:00
2026-08-17,carbon_project_zone,112.42614645977145,-3.1926584563721594,335.1499938964844,299.7900085449219,1,VIIRS-NOAA20,375,2026-08-29T10:25:39.139233+00:00
2026-08-17,carbon_project_zone,112.5866324399961,-3.115092055289753,341.6000061035156,301.9800109863281,1,VIIRS-SNPP,375,2026-08-29T10:24:57.855029+00:00
2026-08-17,carbon_project_zone,112.59000988275689,-3.115092055289753,341.6000061035156,301.9800109863281,1,VIIRS-SNPP,375,2026-08-29T10:24:57.855031+00:00
2026-08-17,carbon_project_zone,112.57951712184479,-3.111719603068779,351.489990234375,306.3900146484375,1,VIIRS-NOAA20,375,2026-08-29T10:25:39.139213+00:00
2026-08-17,carbon_project_zone,112.58289455379249,-3.111719603068779,351.489990234375,306.3900146484375,1,VIIRS-NOAA20,375,2026-08-29T10:25:39.139215+00:00
2026-08-17,carbon_project_zone,112.58627198574014,-3.111719603068779,341.6000061035156,301.9800109863281,1,VIIRS-SNPP,375,2026-08-29T10:24:57.855025+00:00
2026-08-17,carbon_project_zone,112.58964941768781,-3.111719603068779,341.6000061035156,301.9800109863281,1,VIIRS-SNPP,375,2026-08-29T10:24:57.855027+00:00
2026-08-17,carbon_project_zone,112.5724022392648,-3.1083471508478047,345.3699951171875,301.4800109863281,1,VIIRS-NOAA20,375,2026-08-29T10:25:39.139200+00:00
2026-08-17,carbon_project_zone,112.57577966041111,-3.1083471508478047,345.3699951171875,301.4800109863281,1,VIIRS-NOAA20,375,2026-08-29T10:25:39.139203+00:00
2026-08-17,carbon_project_zone,112.57915708155741,-3.1083471508478047,353.2900085449219,300.489990234375,1,VIIRS-SNPP,375,2026-08-29T10:24:57.855018+00:00
2026-08-17,carbon_project_zone,112.58253450270374,-3.1083471508478047,353.2900085449219,300.489990234375,1,VIIRS-SNPP,375,2026-08-29T10:24:57.855020+00:00
2026-08-17,carbon_project_zone,112.58591192385005,-3.1083471508478047,353.2900085449219,300.489990234375,1,VIIRS-SNPP,375,2026-08-29T10:24:57.855022+00:00
2026-08-17,carbon_project_zone,112.58928934499636,-3.1083471508478047,345.80999755859375,304.55999755859375,1,VIIRS-NOAA20,375,2026-08-29T10:25:39.139211+00:00
2026-08-17,carbon_project_zone,112.39303986398617,-3.1049746986268305,339.8500061035156,299.6700134277344,1,VIIRS-SNPP,375,2026-08-29T10:24:57.855002+00:00
2026-08-17,carbon_project_zone,112.39641727434291,-3.1049746986268305,339.8500061035156,299.6700134277344,1,VIIRS-SNPP,375,2026-08-29T10:24:57.855004+00:00
2026-08-17,carbon_project_zone,112.39979468469963,-3.1049746986268305,339.8500061035156,299.6700134277344,1,VIIRS-SNPP,375,2026-08-29T10:24:57.855006+00:00
2026-08-17,carbon_project_zone,112.57204261289267,-3.1049746986268305,340.5899963378906,298.4200134277344,1,VIIRS-SNPP,375,2026-08-29T10:24:57.855008+00:00
2026-08-17,carbon_project_zone,112.5754200232494,-3.1049746986268305,340.5899963378906,298.4200134277344,1,VIIRS-SNPP,375,2026-08-29T10:24:57.855010+00:00
2026-08-17,carbon_project_zone,112.57879743360613,-3.1049746986268305,353.2900085449219,300.489990234375,1,VIIRS-SNPP,375,2026-08-29T10:24:57.855012+00:00
2026-08-17,carbon_project_zone,112.58217484396286,-3.1049746986268305,353.2900085449219,300.489990234375,1,VIIRS-SNPP,375,2026-08-29T10:24:57.855014+00:00
2026-08-17,carbon_project_zone,112.58555225431958,-3.1049746986268305,353.2900085449219,300.489990234375,1,VIIRS-SNPP,375,2026-08-29T10:24:57.855016+00:00
2026-08-17,carbon_project_zone,112.39268120114461,-3.1016022464058564,339.8500061035156,299.6700134277344,1,VIIRS-SNPP,375,2026-08-29T10:24:57.854978+00:00
2026-08-17,carbon_project_zone,112.39605860072352,-3.1016022464058564,339.8500061035156,299.6700134277344,1,VIIRS-SNPP,375,2026-08-29T10:24:57.854980+00:00
2026-08-17,carbon_project_zone,112.39943600030243,-3.1016022464058564,339.8500061035156,299.6700134277344,1,VIIRS-SNPP,375,2026-08-29T10:24:57.854982+00:00
2026-08-17,carbon_project_zone,112.40619079946025,-3.1016022464058564,331.5299987792969,300.29998779296875,1,VIIRS-SNPP,375,2026-08-29T10:24:57.854984+00:00
2026-08-17,carbon_project_zone,112.40956819903917,-3.1016022464058564,331.5299987792969,300.29998779296875,1,VIIRS-SNPP,375,2026-08-29T10:24:57.854986+00:00
2026-08-17,carbon_project_zone,112.41294559861807,-3.1016022464058564,331.5299987792969,300.29998779296875,1,VIIRS-SNPP,375,2026-08-29T10:24:57.854988+00:00
2026-08-17,carbon_project_zone,112.57168337882683,-3.1016022464058564,340.5899963378906,298.4200134277344,1,VIIRS-SNPP,375,2026-08-29T10:24:57.854990+00:00
2026-08-17,carbon_project_zone,112.57506077840574,-3.1016022464058564,340.5899963378906,298.4200134277344,1,VIIRS-SNPP,375,2026-08-29T10:24:57.854993+00:00
2026-08-17,carbon_project_zone,112.57843817798464,-3.1016022464058564,353.2900085449219,300.489990234375,1,VIIRS-SNPP,375,2026-08-29T10:24:57.854995+00:00
2026-08-17,carbon_project_zone,112.58181557756356,-3.1016022464058564,353.2900085449219,300.489990234375,1,VIIRS-SNPP,375,2026-08-29T10:24:57.854997+00:00
2026-08-17,carbon_project_zone,112.58519297714247,-3.1016022464058564,353.2900085449219,300.489990234375,1,VIIRS-SNPP,375,2026-08-29T10:24:57.854999+00:00
2026-08-17,carbon_project_zone,112.39570031879215,-3.098229794184882,335.05999755859375,305.3299865722656,1,VIIRS-NOAA20,375,2026-08-29T10:25:39.139147+00:00
2026-08-17,carbon_project_zone,112.399077707605,-3.098229794184882,335.05999755859375,305.3299865722656,1,VIIRS-NOAA20,375,2026-08-29T10:25:39.139149+00:00
2026-08-17,carbon_project_zone,112.40583248523073,-3.098229794184882,331.5299987792969,300.29998779296875,1,VIIRS-SNPP,375,2026-08-29T10:24:57.854965+00:00
2026-08-17,carbon_project_zone,112.4092098740436,-3.098229794184882,331.5299987792969,300.29998779296875,1,VIIRS-SNPP,375,2026-08-29T10:24:57.854967+00:00
2026-08-17,carbon_project_zone,112.41258726285646,-3.098229794184882,331.5299987792969,300.29998779296875,1,VIIRS-SNPP,375,2026-08-29T10:24:57.854969+00:00
2026-08-17,carbon_project_zone,112.57132453706102,-3.098229794184882,340.5899963378906,298.4200134277344,1,VIIRS-SNPP,375,2026-08-29T10:24:57.854971+00:00
2026-08-17,carbon_project_zone,112.57470192587387,-3.098229794184882,340.5899963378906,298.4200134277344,1,VIIRS-SNPP,375,2026-08-29T10:24:57.854973+00:00
2026-08-17,carbon_project_zone,112.57807931468673,-3.098229794184882,340.5899963378906,298.4200134277344,1,VIIRS-SNPP,375,2026-08-29T10:24:57.854975+00:00
2026-08-17,carbon_project_zone,112.4054745627183,-3.094857341963908,331.5299987792969,300.29998779296875,1,VIIRS-SNPP,375,2026-08-29T10:24:57.854958+00:00
2026-08-17,carbon_project_zone,112.40885194077688,-3.094857341963908,331.5299987792969,300.29998779296875,1,VIIRS-SNPP,375,2026-08-29T10:24:57.854960+00:00
2026-08-17,carbon_project_zone,112.41222931883547,-3.094857341963908,331.5299987792969,300.29998779296875,1,VIIRS-SNPP,375,2026-08-29T10:24:57.854963+00:00
2026-08-17,carbon_project_zone,112.4015632666341,-3.057760367533192,341.510009765625,300.9100036621094,1,VIIRS-SNPP,375,2026-08-29T10:24:57.854951+00:00
2026-08-17,carbon_project_zone,112.40494052717239,-3.057760367533192,341.510009765625,300.9100036621094,1,VIIRS-SNPP,375,2026-08-29T10:24:57.854953+00:00
2026-08-17,carbon_project_zone,112.40831778771067,-3.057760367533192,341.510009765625,300.9100036621094,1,VIIRS-SNPP,375,2026-08-29T10:24:57.854956+00:00
2026-08-17,carbon_project_zone,112.41169504824894,-3.057760367533192,336.3699951171875,301.80999755859375,1,VIIRS-NOAA20,375,2026-08-29T10:25:39.139140+00:00
2026-08-17,carbon_project_zone,112.40121004424326,-3.0543879153122178,341.510009765625,300.9100036621094,1,VIIRS-SNPP,375,2026-08-29T10:24:57.854944+00:00
2026-08-17,carbon_project_zone,112.40458729416848,-3.0543879153122178,341.510009765625,300.9100036621094,1,VIIRS-SNPP,375,2026-08-29T10:24:57.854946+00:00
2026-08-17,carbon_project_zone,112.4079645440937,-3.0543879153122178,341.510009765625,300.9100036621094,1,VIIRS-SNPP,375,2026-08-29T10:24:57.854949+00:00
2026-08-17,carbon_project_zone,112.41134179401892,-3.0543879153122178,336.3699951171875,301.80999755859375,1,VIIRS-NOAA20,375,2026-08-29T10:25:39.139133+00:00
2026-08-17,carbon_project_zone,112.40085721348913,-3.0510154630912436,341.510009765625,300.9100036621094,1,VIIRS-SNPP,375,2026-08-29T10:24:57.854919+00:00
2026-08-17,carbon_project_zone,112.40423445281309,-3.0510154630912436,341.510009765625,300.9100036621094,1,VIIRS-SNPP,375,2026-08-29T10:24:57.854937+00:00
2026-08-17,carbon_project_zone,112.40761169213701,-3.0510154630912436,341.510009765625,300.9100036621094,1,VIIRS-SNPP,375,2026-08-29T10:24:57.854941+00:00
2026-08-17,carbon_project_zone,112.41098893146095,-3.0510154630912436,336.3699951171875,301.80999755859375,1,VIIRS-NOAA20,375,2026-08-29T10:25:39.139126+00:00
2026-08-17,project_area,112.57951712184479,-3.111719603068779,351.489990234375,306.3900146484375,1,VIIRS-NOAA20,375,2026-08-29T10:25:39.744737+00:00
2026-08-17,project_area,112.5724022392648,-3.1083471508478047,345.3699951171875,301.4800109863281,1,VIIRS-NOAA20,375,2026-08-29T10:25:39.744732+00:00
2026-08-17,project_area,112.57577966041111,-3.1083471508478047,345.3699951171875,301.4800109863281,1,VIIRS-NOAA20,375,2026-08-29T10:25:39.744735+00:00
2026-08-17,project_area,112.57204261289267,-3.1049746986268305,340.5899963378906,298.4200134277344,1,VIIRS-SNPP,375,2026-08-29T10:24:58.455597+00:00
2026-08-17,project_area,112.40619079946025,-3.1016022464058564,331.5299987792969,300.29998779296875,1,VIIRS-SNPP,375,2026-08-29T10:24:58.455589+00:00
2026-08-17,project_area,112.40956819903917,-3.1016022464058564,331.5299987792969,300.29998779296875,1,VIIRS-SNPP,375,2026-08-29T10:24:58.455592+00:00
2026-08-17,project_area,112.41294559861807,-3.1016022464058564,331.5299987792969,300.29998779296875,1,VIIRS-SNPP,375,2026-08-29T10:24:58.455595+00:00
2026-08-17,project_area,112.40583248523073,-3.098229794184882,331.5299987792969,300.29998779296875,1,VIIRS-SNPP,375,2026-08-29T10:24:58.455580+00:00
2026-08-17,project_area,112.4092098740436,-3.098229794184882,331.5299987792969,300.29998779296875,1,VIIRS-SNPP,375,2026-08-29T10:24:58.455583+00:00
2026-08-17,project_area,112.41258726285646,-3.098229794184882,331.5299987792969,300.29998779296875,1,VIIRS-SNPP,375,2026-08-29T10:24:58.455586+00:00
2026-08-17,project_area,112.40494052717239,-3.057760367533192,341.510009765625,300.9100036621094,1,VIIRS-SNPP,375,2026-08-29T10:24:58.455574+00:00
2026-08-17,project_area,112.40831778771067,-3.057760367533192,341.510009765625,300.9100036621094,1,VIIRS-SNPP,375,2026-08-29T10:24:58.455577+00:00
2026-08-17,project_area,112.41169504824894,-3.057760367533192,336.3699951171875,301.80999755859375,1,VIIRS-NOAA20,375,2026-08-29T10:25:39.744718+00:00
2026-08-17,project_area,112.40458729416848,-3.0543879153122178,341.510009765625,300.9100036621094,1,VIIRS-SNPP,375,2026-08-29T10:24:58.455552+00:00
2026-08-17,project_area,112.4079645440937,-3.0543879153122178,341.510009765625,300.9100036621094,1,VIIRS-SNPP,375,2026-08-29T10:24:58.455569+00:00
2026-08-17,project_area,112.41134179401892,-3.0543879153122178,336.3699951171875,301.80999755859375,1,VIIRS-NOAA20,375,2026-08-29T10:25:39.744711+00:00
2026-08-17,project_area,112.41098893146095,-3.0510154630912436,336.3699951171875,301.80999755859375,1,VIIRS-NOAA20,375,2026-08-29T10:25:39.744684+00:00
2026-08-18,carbon_project_zone,112.5675887095304,-3.094857341963908,367.0,296.6400146484375,2,VIIRS-SNPP,375,2026-08-29T10:24:59.201211+00:00
2026-08-18,carbon_project_zone,112.57096608758899,-3.094857341963908,367.0,296.6400146484375,2,VIIRS-SNPP,375,2026-08-29T10:24:59.201213+00:00
2026-08-18,carbon_project_zone,112.57434346564757,-3.094857341963908,367.0,296.6400146484375,2,VIIRS-SNPP,375,2026-08-29T10:24:59.201215+00:00
2026-08-18,carbon_project_zone,112.56723066308845,-3.091484889742934,367.0,296.6400146484375,2,VIIRS-SNPP,375,2026-08-29T10:24:59.201195+00:00
2026-08-18,carbon_project_zone,112.57060803040451,-3.091484889742934,367.0,296.6400146484375,2,VIIRS-SNPP,375,2026-08-29T10:24:59.201198+00:00
2026-08-18,carbon_project_zone,112.5739853977206,-3.091484889742934,367.0,296.6400146484375,2,VIIRS-SNPP,375,2026-08-29T10:24:59.201201+00:00
2026-08-18,carbon_project_zone,112.56687300891606,-3.0881124375219597,367.0,296.6400146484375,2,VIIRS-SNPP,375,2026-08-29T10:24:59.201182+00:00
2026-08-18,carbon_project_zone,112.5702503655014,-3.0881124375219597,367.0,296.6400146484375,2,VIIRS-SNPP,375,2026-08-29T10:24:59.201185+00:00
2026-08-18,carbon_project_zone,112.57362772208674,-3.0881124375219597,367.0,296.6400146484375,2,VIIRS-SNPP,375,2026-08-29T10:24:59.201187+00:00
2026-08-18,carbon_project_zone,112.56651574700703,-3.0847399853009856,367.0,296.6400146484375,2,VIIRS-SNPP,375,2026-08-29T10:24:59.201174+00:00
2026-08-18,carbon_project_zone,112.5698930928734,-3.0847399853009856,367.0,296.6400146484375,2,VIIRS-SNPP,375,2026-08-29T10:24:59.201176+00:00
2026-08-18,carbon_project_zone,112.57327043873975,-3.0847399853009856,367.0,296.6400146484375,2,VIIRS-SNPP,375,2026-08-29T10:24:59.201178+00:00
2026-08-18,carbon_project_zone,112.63672621369267,-3.0779950808590373,367.0,303.17999267578125,2,VIIRS-SNPP,375,2026-08-29T10:24:59.201158+00:00
2026-08-18,carbon_project_zone,112.64010353815641,-3.0779950808590373,367.0,303.17999267578125,2,VIIRS-SNPP,375,2026-08-29T10:24:59.201160+00:00
2026-08-18,carbon_project_zone,112.64348086262015,-3.0779950808590373,367.0,303.17999267578125,2,VIIRS-SNPP,375,2026-08-29T10:24:59.201162+00:00
2026-08-18,carbon_project_zone,112.63636990417953,-3.074622628638063,367.0,303.17999267578125,2,VIIRS-SNPP,375,2026-08-29T10:24:59.201147+00:00
2026-08-18,carbon_project_zone,112.63974721795961,-3.074622628638063,367.0,303.17999267578125,2,VIIRS-SNPP,375,2026-08-29T10:24:59.201149+00:00
2026-08-18,carbon_project_zone,112.64312453173967,-3.074622628638063,367.0,303.17999267578125,2,VIIRS-SNPP,375,2026-08-29T10:24:59.201151+00:00
2026-08-18,carbon_project_zone,112.64650184551977,-3.074622628638063,367.0,302.8399963378906,2,VIIRS-SNPP,375,2026-08-29T10:24:59.201154+00:00
2026-08-18,carbon_project_zone,112.63601398715208,-3.071250176417089,367.0,303.17999267578125,2,VIIRS-SNPP,375,2026-08-29T10:24:59.201127+00:00
2026-08-18,carbon_project_zone,112.63939129026026,-3.071250176417089,367.0,303.17999267578125,2,VIIRS-SNPP,375,2026-08-29T10:24:59.201129+00:00
2026-08-18,carbon_project_zone,112.64276859336843,-3.071250176417089,367.0,303.17999267578125,2,VIIRS-SNPP,375,2026-08-29T10:24:59.201131+00:00
2026-08-18,carbon_project_zone,112.64614589647663,-3.071250176417089,367.0,301.6000061035156,2,VIIRS-SNPP,375,2026-08-29T10:24:59.201134+00:00
2026-08-18,carbon_project_zone,112.6495231995848,-3.071250176417089,367.0,301.6000061035156,2,VIIRS-SNPP,375,2026-08-29T10:24:59.201136+00:00
2026-08-18,carbon_project_zone,112.65290050269297,-3.071250176417089,367.0,301.6000061035156,2,VIIRS-SNPP,375,2026-08-29T10:24:59.201138+00:00
2026-08-18,carbon_project_zone,112.63565846260413,-3.0678777241961144,367.0,310.0299987792969,2,VIIRS-SNPP,375,2026-08-29T10:24:59.201106+00:00
2026-08-18,carbon_project_zone,112.63903575505219,-3.0678777241961144,367.0,310.0299987792969,2,VIIRS-SNPP,375,2026-08-29T10:24:59.201108+00:00
2026-08-18,carbon_project_zone,112.64241304750024,-3.0678777241961144,367.0,302.8399963378906,2,VIIRS-SNPP,375,2026-08-29T10:24:59.201111+00:00
2026-08-18,carbon_project_zone,112.6457903399483,-3.0678777241961144,367.0,301.6000061035156,2,VIIRS-SNPP,375,2026-08-29T10:24:59.201113+00:00
2026-08-18,carbon_project_zone,112.64916763239634,-3.0678777241961144,367.0,301.6000061035156,2,VIIRS-SNPP,375,2026-08-29T10:24:59.201115+00:00
2026-08-18,carbon_project_zone,112.65254492484439,-3.0678777241961144,367.0,301.6000061035156,2,VIIRS-SNPP,375,2026-08-29T10:24:59.201117+00:00
2026-08-18,carbon_project_zone,112.6353033305295,-3.0645052719751407,367.0,310.0299987792969,2,VIIRS-SNPP,375,2026-08-29T10:24:59.201085+00:00
2026-08-18,carbon_project_zone,112.6386806123292,-3.0645052719751407,367.0,310.0299987792969,2,VIIRS-SNPP,375,2026-08-29T10:24:59.201087+00:00
2026-08-18,carbon_project_zone,112.64205789412887,-3.0645052719751407,367.0,302.8399963378906,2,VIIRS-SNPP,375,2026-08-29T10:24:59.201090+00:00
2026-08-18,carbon_project_zone,112.64543517592858,-3.0645052719751407,367.0,301.6000061035156,2,VIIRS-SNPP,375,2026-08-29T10:24:59.201092+00:00
2026-08-18,carbon_project_zone,112.64881245772828,-3.0645052719751407,367.0,301.6000061035156,2,VIIRS-SNPP,375,2026-08-29T10:24:59.201094+00:00
2026-08-18,carbon_project_zone,112.65218973952797,-3.0645052719751407,367.0,301.6000061035156,2,VIIRS-SNPP,375,2026-08-29T10:24:59.201096+00:00
2026-08-18,carbon_project_zone,112.57547989015218,-3.2601075007916425,301.2200012207031,277.6499938964844,1,VIIRS-NOAA20,375,2026-08-29T10:25:40.556174+00:00
2026-08-18,carbon_project_zone,112.57848055624389,-3.2567350485706683,335.8500061035156,298.8399963378906,1,VIIRS-SNPP,375,2026-08-29T10:24:59.201287+00:00
2026-08-18,carbon_project_zone,112.58185846378727,-3.2567350485706683,335.8500061035156,298.8399963378906,1,VIIRS-SNPP,375,2026-08-29T10:24:59.201289+00:00
2026-08-18,carbon_project_zone,112.44448952803893,-3.2365003352448234,342.3999938964844,297.0899963378906,1,VIIRS-SNPP,375,2026-08-29T10:24:59.201279+00:00
2026-08-18,carbon_project_zone,112.44786736791303,-3.2365003352448234,342.3999938964844,297.0899963378906,1,VIIRS-SNPP,375,2026-08-29T10:24:59.201282+00:00
2026-08-18,carbon_project_zone,112.45124520778712,-3.2365003352448234,342.3999938964844,297.0899963378906,1,VIIRS-SNPP,375,2026-08-29T10:24:59.201284+00:00
2026-08-18,carbon_project_zone,112.44073763264947,-3.2331278830238492,329.79998779296875,297.5400085449219,1,VIIRS-SNPP,375,2026-08-29T10:24:59.201269+00:00
2026-08-18,carbon_project_zone,112.44411546128657,-3.2331278830238492,342.3999938964844,297.0899963378906,1,VIIRS-SNPP,375,2026-08-29T10:24:59.201272+00:00
2026-08-18,carbon_project_zone,112.44749328992368,-3.2331278830238492,342.3999938964844,297.0899963378906,1,VIIRS-SNPP,375,2026-08-29T10:24:59.201274+00:00
2026-08-18,carbon_project_zone,112.45087111856078,-3.2331278830238492,342.3999938964844,297.0899963378906,1,VIIRS-SNPP,375,2026-08-29T10:24:59.201277+00:00
2026-08-18,carbon_project_zone,112.44036396917635,-3.229755430802875,329.79998779296875,297.5400085449219,1,VIIRS-SNPP,375,2026-08-29T10:24:59.201260+00:00
2026-08-18,carbon_project_zone,112.44374178658825,-3.229755430802875,342.3999938964844,297.0899963378906,1,VIIRS-SNPP,375,2026-08-29T10:24:59.201262+00:00
2026-08-18,carbon_project_zone,112.44711960400014,-3.229755430802875,342.3999938964844,297.0899963378906,1,VIIRS-SNPP,375,2026-08-29T10:24:59.201264+00:00
2026-08-18,carbon_project_zone,112.45049742141202,-3.229755430802875,342.3999938964844,297.0899963378906,1,VIIRS-SNPP,375,2026-08-29T10:24:59.201267+00:00
2026-08-18,carbon_project_zone,112.43999069773896,-3.226382978581901,329.79998779296875,297.5400085449219,1,VIIRS-SNPP,375,2026-08-29T10:24:59.201252+00:00
2026-08-18,carbon_project_zone,112.44336850393742,-3.226382978581901,329.79998779296875,297.5400085449219,1,VIIRS-SNPP,375,2026-08-29T10:24:59.201255+00:00
2026-08-18,carbon_project_zone,112.44674631013588,-3.226382978581901,329.79998779296875,297.5400085449219,1,VIIRS-SNPP,375,2026-08-29T10:24:59.201257+00:00
2026-08-18,carbon_project_zone,112.45012411633435,-3.226382978581901,353.6700134277344,305.3999938964844,1,VIIRS-NOAA20,375,2026-08-29T10:25:40.556156+00:00
2026-08-18,carbon_project_zone,112.42013005417485,-3.1994033608141073,333.69000244140625,296.19000244140625,1,VIIRS-SNPP,375,2026-08-29T10:24:59.201245+00:00
2026-08-18,carbon_project_zone,112.42350777108976,-3.1994033608141073,333.69000244140625,296.19000244140625,1,VIIRS-SNPP,375,2026-08-29T10:24:59.201247+00:00
2026-08-18,carbon_project_zone,112.4268854880047,-3.1994033608141073,333.69000244140625,296.19000244140625,1,VIIRS-SNPP,375,2026-08-29T10:24:59.201250+00:00
2026-08-18,carbon_project_zone,112.4197603663052,-3.196030908593133,333.69000244140625,296.19000244140625,1,VIIRS-SNPP,375,2026-08-29T10:24:59.201239+00:00
2026-08-18,carbon_project_zone,112.42313807211268,-3.196030908593133,333.69000244140625,296.19000244140625,1,VIIRS-SNPP,375,2026-08-29T10:24:59.201241+00:00
2026-08-18,carbon_project_zone,112.42651577792016,-3.196030908593133,333.69000244140625,296.19000244140625,1,VIIRS-SNPP,375,2026-08-29T10:24:59.201243+00:00
2026-08-18,carbon_project_zone,112.41939107034784,-3.1926584563721594,333.69000244140625,296.19000244140625,1,VIIRS-SNPP,375,2026-08-29T10:24:59.201232+00:00
2026-08-18,carbon_project_zone,112.42276876505964,-3.1926584563721594,333.69000244140625,296.19000244140625,1,VIIRS-SNPP,375,2026-08-29T10:24:59.201234+00:00
2026-08-18,carbon_project_zone,112.42614645977145,-3.1926584563721594,333.69000244140625,296.19000244140625,1,VIIRS-SNPP,375,2026-08-29T10:24:59.201236+00:00
2026-08-18,carbon_project_zone,112.47072030219088,-3.1049746986268305,335.0,304.3500061035156,1,VIIRS-NOAA20,375,2026-08-29T10:25:40.556131+00:00
2026-08-18,carbon_project_zone,112.4740977125476,-3.1049746986268305,335.0,304.3500061035156,1,VIIRS-NOAA20,375,2026-08-29T10:25:40.556134+00:00
2026-08-18,carbon_project_zone,112.47747512290434,-3.1049746986268305,335.0,304.3500061035156,1,VIIRS-NOAA20,375,2026-08-29T10:25:40.556136+00:00
2026-08-18,carbon_project_zone,112.47036139145953,-3.1016022464058564,338.4599914550781,303.42999267578125,1,VIIRS-NOAA20,375,2026-08-29T10:25:40.556124+00:00
2026-08-18,carbon_project_zone,112.47373879103844,-3.1016022464058564,338.4599914550781,303.42999267578125,1,VIIRS-NOAA20,375,2026-08-29T10:25:40.556127+00:00
2026-08-18,carbon_project_zone,112.47711619061734,-3.1016022464058564,338.4599914550781,303.42999267578125,1,VIIRS-NOAA20,375,2026-08-29T10:25:40.556129+00:00
2026-08-18,carbon_project_zone,112.47000287267512,-3.098229794184882,338.4599914550781,303.42999267578125,1,VIIRS-NOAA20,375,2026-08-29T10:25:40.556108+00:00
2026-08-18,carbon_project_zone,112.47338026148799,-3.098229794184882,338.4599914550781,303.42999267578125,1,VIIRS-NOAA20,375,2026-08-29T10:25:40.556111+00:00
2026-08-18,carbon_project_zone,112.47675765030084,-3.098229794184882,338.4599914550781,303.42999267578125,1,VIIRS-NOAA20,375,2026-08-29T10:25:40.556113+00:00
2026-08-18,carbon_project_zone,112.56794714824814,-3.098229794184882,350.32000732421875,295.7900085449219,1,VIIRS-SNPP,375,2026-08-29T10:24:59.201223+00:00
2026-08-18,carbon_project_zone,112.57132453706102,-3.098229794184882,350.32000732421875,295.7900085449219,1,VIIRS-SNPP,375,2026-08-29T10:24:59.201225+00:00
2026-08-18,carbon_project_zone,112.57470192587387,-3.098229794184882,350.32000732421875,295.7900085449219,1,VIIRS-SNPP,375,2026-08-29T10:24:59.201227+00:00
2026-08-18,carbon_project_zone,112.57807931468673,-3.098229794184882,345.67999267578125,296.20001220703125,1,VIIRS-SNPP,375,2026-08-29T10:24:59.201230+00:00
2026-08-18,carbon_project_zone,112.5814567034996,-3.098229794184882,342.5,302.9200134277344,1,VIIRS-NOAA20,375,2026-08-29T10:25:40.556120+00:00
2026-08-18,carbon_project_zone,112.58483409231246,-3.098229794184882,331.8500061035156,299.4700012207031,1,VIIRS-NOAA20,375,2026-08-29T10:25:40.556122+00:00
2026-08-18,carbon_project_zone,112.46964474583142,-3.094857341963908,338.4599914550781,303.42999267578125,1,VIIRS-NOAA20,375,2026-08-29T10:25:40.556090+00:00
2026-08-18,carbon_project_zone,112.47302212389,-3.094857341963908,338.4599914550781,303.42999267578125,1,VIIRS-NOAA20,375,2026-08-29T10:25:40.556092+00:00
2026-08-18,carbon_project_zone,112.47639950194859,-3.094857341963908,338.4599914550781,303.42999267578125,1,VIIRS-NOAA20,375,2026-08-29T10:25:40.556095+00:00
2026-08-18,carbon_project_zone,112.57772084370615,-3.094857341963908,348.92999267578125,297.9599914550781,1,VIIRS-SNPP,375,2026-08-29T10:24:59.201217+00:00
2026-08-18,carbon_project_zone,112.58109822176475,-3.094857341963908,330.8800048828125,295.3999938964844,1,VIIRS-SNPP,375,2026-08-29T10:24:59.201219+00:00
2026-08-18,carbon_project_zone,112.58447559982334,-3.094857341963908,330.8800048828125,295.3999938964844,1,VIIRS-SNPP,375,2026-08-29T10:24:59.201221+00:00
2026-08-18,carbon_project_zone,112.57736276503668,-3.091484889742934,348.92999267578125,297.9599914550781,1,VIIRS-SNPP,375,2026-08-29T10:24:59.201204+00:00
2026-08-18,carbon_project_zone,112.58074013235276,-3.091484889742934,330.8800048828125,295.3999938964844,1,VIIRS-SNPP,375,2026-08-29T10:24:59.201206+00:00
2026-08-18,carbon_project_zone,112.58411749966885,-3.091484889742934,330.8800048828125,295.3999938964844,1,VIIRS-SNPP,375,2026-08-29T10:24:59.201208+00:00
2026-08-18,carbon_project_zone,112.57700507867207,-3.0881124375219597,348.92999267578125,297.9599914550781,1,VIIRS-SNPP,375,2026-08-29T10:24:59.201189+00:00
2026-08-18,carbon_project_zone,112.58038243525742,-3.0881124375219597,330.8800048828125,295.3999938964844,1,VIIRS-SNPP,375,2026-08-29T10:24:59.201191+00:00
2026-08-18,carbon_project_zone,112.58375979184277,-3.0881124375219597,330.8800048828125,295.3999938964844,1,VIIRS-SNPP,375,2026-08-29T10:24:59.201193+00:00
2026-08-18,carbon_project_zone,112.57664778460612,-3.0847399853009856,329.3399963378906,297.0400085449219,1,VIIRS-SNPP,375,2026-08-29T10:24:59.201180+00:00
2026-08-18,carbon_project_zone,112.63370558053853,-3.081367533080011,334.5,295.0899963378906,1,VIIRS-SNPP,375,2026-08-29T10:24:59.201167+00:00
2026-08-18,carbon_project_zone,112.6370829156977,-3.081367533080011,334.5,295.0899963378906,1,VIIRS-SNPP,375,2026-08-29T10:24:59.201170+00:00
2026-08-18,carbon_project_zone,112.64046025085686,-3.081367533080011,334.5,295.0899963378906,1,VIIRS-SNPP,375,2026-08-29T10:24:59.201172+00:00
2026-08-18,carbon_project_zone,112.63334888922894,-3.0779950808590373,343.6099853515625,297.29998779296875,1,VIIRS-SNPP,375,2026-08-29T10:24:59.201156+00:00
2026-08-18,carbon_project_zone,112.6468581870839,-3.0779950808590373,347.0799865722656,297.0400085449219,1,VIIRS-SNPP,375,2026-08-29T10:24:59.201165+00:00
2026-08-18,carbon_project_zone,112.62961527661939,-3.074622628638063,344.3900146484375,295.4100036621094,1,VIIRS-SNPP,375,2026-08-29T10:24:59.201142+00:00
2026-08-18,carbon_project_zone,112.63299259039945,-3.074622628638063,344.3900146484375,295.4100036621094,1,VIIRS-SNPP,375,2026-08-29T10:24:59.201144+00:00
2026-08-18,carbon_project_zone,112.64987915929983,-3.074622628638063,343.44000244140625,301.82000732421875,1,VIIRS-NOAA20,375,2026-08-29T10:25:40.556061+00:00
2026-08-18,carbon_project_zone,112.62925938093572,-3.071250176417089,344.3900146484375,295.4100036621094,1,VIIRS-SNPP,375,2026-08-29T10:24:59.201122+00:00
2026-08-18,carbon_project_zone,112.6326366840439,-3.071250176417089,344.3900146484375,295.4100036621094,1,VIIRS-SNPP,375,2026-08-29T10:24:59.201124+00:00
2026-08-18,carbon_project_zone,112.65627780580115,-3.071250176417089,347.1000061035156,296.3699951171875,1,VIIRS-SNPP,375,2026-08-29T10:24:59.201140+00:00
2026-08-18,carbon_project_zone,112.62890387770803,-3.0678777241961144,344.3900146484375,295.4100036621094,1,VIIRS-SNPP,375,2026-08-29T10:24:59.201101+00:00
2026-08-18,carbon_project_zone,112.63228117015608,-3.0678777241961144,344.3900146484375,295.4100036621094,1,VIIRS-SNPP,375,2026-08-29T10:24:59.201104+00:00
2026-08-18,carbon_project_zone,112.65592221729246,-3.0678777241961144,347.1000061035156,296.3699951171875,1,VIIRS-SNPP,375,2026-08-29T10:24:59.201120+00:00
2026-08-18,carbon_project_zone,112.65556702132766,-3.0645052719751407,347.1000061035156,296.3699951171875,1,VIIRS-SNPP,375,2026-08-29T10:24:59.201099+00:00
2026-08-18,carbon_project_zone,112.65894430312736,-3.0645052719751407,334.54998779296875,300.6300048828125,1,VIIRS-NOAA20,375,2026-08-29T10:25:40.556012+00:00
2026-08-18,carbon_project_zone,112.66232158492706,-3.0645052719751407,334.54998779296875,300.6300048828125,1,VIIRS-NOAA20,375,2026-08-29T10:25:40.556015+00:00
2026-08-18,carbon_project_zone,112.63832586208511,-3.0611328197541665,354.3500061035156,310.6199951171875,1,VIIRS-SNPP,375,2026-08-29T10:24:59.201072+00:00
2026-08-18,carbon_project_zone,112.64170313324821,-3.0611328197541665,354.3500061035156,310.6199951171875,1,VIIRS-SNPP,375,2026-08-29T10:24:59.201075+00:00
2026-08-18,carbon_project_zone,112.64508040441132,-3.0611328197541665,354.3500061035156,310.6199951171875,1,VIIRS-SNPP,375,2026-08-29T10:24:59.201077+00:00
2026-08-18,carbon_project_zone,112.64845767557443,-3.0611328197541665,351.80999755859375,295.7699890136719,1,VIIRS-SNPP,375,2026-08-29T10:24:59.201080+00:00
2026-08-18,carbon_project_zone,112.65183494673752,-3.0611328197541665,351.80999755859375,295.7699890136719,1,VIIRS-SNPP,375,2026-08-29T10:24:59.201082+00:00
2026-08-18,carbon_project_zone,112.65521221790063,-3.0611328197541665,334.54998779296875,300.6300048828125,1,VIIRS-NOAA20,375,2026-08-29T10:25:40.555989+00:00
2026-08-18,carbon_project_zone,112.65858948906373,-3.0611328197541665,334.54998779296875,300.6300048828125,1,VIIRS-NOAA20,375,2026-08-29T10:25:40.555991+00:00
2026-08-18,carbon_project_zone,112.66196676022683,-3.0611328197541665,334.54998779296875,300.6300048828125,1,VIIRS-NOAA20,375,2026-08-29T10:25:40.555993+00:00
2026-08-18,carbon_project_zone,112.64134876485205,-3.057760367533192,344.3999938964844,303.010009765625,1,VIIRS-NOAA20,375,2026-08-29T10:25:40.555975+00:00
2026-08-18,carbon_project_zone,112.64472602539036,-3.057760367533192,351.80999755859375,295.7699890136719,1,VIIRS-SNPP,375,2026-08-29T10:24:59.201048+00:00
2026-08-18,carbon_project_zone,112.64810328592863,-3.057760367533192,351.80999755859375,295.7699890136719,1,VIIRS-SNPP,375,2026-08-29T10:24:59.201063+00:00
2026-08-18,carbon_project_zone,112.6514805464669,-3.057760367533192,351.80999755859375,295.7699890136719,1,VIIRS-SNPP,375,2026-08-29T10:24:59.201066+00:00
2026-08-18,carbon_project_zone,112.3974799741652,-3.0510154630912436,334.4100036621094,304.2200012207031,1,VIIRS-NOAA20,375,2026-08-29T10:25:40.555966+00:00
2026-08-18,carbon_project_zone,112.40085721348913,-3.0510154630912436,340.4800109863281,308.1600036621094,1,VIIRS-NOAA20,375,2026-08-29T10:25:40.555968+00:00
2026-08-18,carbon_project_zone,112.40423445281309,-3.0510154630912436,340.4800109863281,308.1600036621094,1,VIIRS-NOAA20,375,2026-08-29T10:25:40.555971+00:00
2026-08-18,carbon_project_zone,112.40761169213701,-3.0510154630912436,340.4800109863281,308.1600036621094,1,VIIRS-NOAA20,375,2026-08-29T10:25:40.555973+00:00
2026-08-18,carbon_project_zone,112.3971275456312,-3.04764301087027,334.4100036621094,304.2200012207031,1,VIIRS-NOAA20,375,2026-08-29T10:25:40.555951+00:00
2026-08-18,carbon_project_zone,112.4005047743656,-3.04764301087027,340.4800109863281,308.1600036621094,1,VIIRS-NOAA20,375,2026-08-29T10:25:40.555953+00:00
2026-08-18,carbon_project_zone,112.40388200310004,-3.04764301087027,340.4800109863281,308.1600036621094,1,VIIRS-NOAA20,375,2026-08-29T10:25:40.555955+00:00
2026-08-18,carbon_project_zone,112.40725923183446,-3.04764301087027,340.4800109863281,308.1600036621094,1,VIIRS-NOAA20,375,2026-08-29T10:25:40.555958+00:00
2026-08-18,carbon_project_zone,112.68419198805655,-3.04764301087027,331.2699890136719,298.6400146484375,1,VIIRS-NOAA20,375,2026-08-29T10:25:40.555960+00:00
2026-08-18,carbon_project_zone,112.68756921679098,-3.04764301087027,331.2699890136719,298.6400146484375,1,VIIRS-NOAA20,375,2026-08-29T10:25:40.555962+00:00
2026-08-18,carbon_project_zone,112.69094644552538,-3.04764301087027,331.2699890136719,298.6400146484375,1,VIIRS-NOAA20,375,2026-08-29T10:25:40.555964+00:00
2026-08-18,carbon_project_zone,112.39677550870991,-3.0442705586492953,334.4100036621094,304.2200012207031,1,VIIRS-NOAA20,375,2026-08-29T10:25:40.555935+00:00
2026-08-18,carbon_project_zone,112.40015272686657,-3.0442705586492953,340.4800109863281,308.1600036621094,1,VIIRS-NOAA20,375,2026-08-29T10:25:40.555937+00:00
2026-08-18,carbon_project_zone,112.40352994502324,-3.0442705586492953,340.4800109863281,308.1600036621094,1,VIIRS-NOAA20,375,2026-08-29T10:25:40.555939+00:00
2026-08-18,carbon_project_zone,112.4069071631799,-3.0442705586492953,340.4800109863281,308.1600036621094,1,VIIRS-NOAA20,375,2026-08-29T10:25:40.555942+00:00
2026-08-18,carbon_project_zone,112.68383905202614,-3.0442705586492953,331.2699890136719,298.6400146484375,1,VIIRS-NOAA20,375,2026-08-29T10:25:40.555944+00:00
2026-08-18,carbon_project_zone,112.6872162701828,-3.0442705586492953,331.2699890136719,298.6400146484375,1,VIIRS-NOAA20,375,2026-08-29T10:25:40.555946+00:00
2026-08-18,carbon_project_zone,112.69059348833947,-3.0442705586492953,331.2699890136719,298.6400146484375,1,VIIRS-NOAA20,375,2026-08-29T10:25:40.555949+00:00
2026-08-18,carbon_project_zone,112.68348650860247,-3.040898106428321,331.2699890136719,298.6400146484375,1,VIIRS-NOAA20,375,2026-08-29T10:25:40.555912+00:00
2026-08-18,carbon_project_zone,112.68686371619314,-3.040898106428321,331.2699890136719,298.6400146484375,1,VIIRS-NOAA20,375,2026-08-29T10:25:40.555929+00:00
2026-08-18,carbon_project_zone,112.69024092378382,-3.040898106428321,331.2699890136719,298.6400146484375,1,VIIRS-NOAA20,375,2026-08-29T10:25:40.555932+00:00
2026-08-18,carbon_project_zone,112.6319260487298,-3.0645052719751407,304.80999755859375,323.0299987792969,0,VIIRS-NOAA20,375,2026-08-29T10:25:40.555995+00:00
2026-08-18,carbon_project_zone,112.634948590922,-3.0611328197541665,208.0,308.2200012207031,0,VIIRS-SNPP,375,2026-08-29T10:24:59.201070+00:00
2026-08-18,project_area,112.56651574700703,-3.0847399853009856,367.0,296.6400146484375,2,VIIRS-SNPP,375,2026-08-29T10:24:59.668269+00:00
2026-08-18,project_area,112.63565846260413,-3.0678777241961144,367.0,310.0299987792969,2,VIIRS-SNPP,375,2026-08-29T10:24:59.668254+00:00
2026-08-18,project_area,112.6353033305295,-3.0645052719751407,367.0,310.0299987792969,2,VIIRS-SNPP,375,2026-08-29T10:24:59.668241+00:00
2026-08-18,project_area,112.6386806123292,-3.0645052719751407,367.0,310.0299987792969,2,VIIRS-SNPP,375,2026-08-29T10:24:59.668244+00:00
2026-08-18,project_area,112.64205789412887,-3.0645052719751407,367.0,302.8399963378906,2,VIIRS-SNPP,375,2026-08-29T10:24:59.668246+00:00
2026-08-18,project_area,112.6468581870839,-3.0779950808590373,347.0799865722656,297.0400085449219,1,VIIRS-SNPP,375,2026-08-29T10:24:59.668266+00:00
2026-08-18,project_area,112.62961527661939,-3.074622628638063,344.3900146484375,295.4100036621094,1,VIIRS-SNPP,375,2026-08-29T10:24:59.668264+00:00
2026-08-18,project_area,112.62925938093572,-3.071250176417089,344.3900146484375,295.4100036621094,1,VIIRS-SNPP,375,2026-08-29T10:24:59.668257+00:00
2026-08-18,project_area,112.6326366840439,-3.071250176417089,344.3900146484375,295.4100036621094,1,VIIRS-SNPP,375,2026-08-29T10:24:59.668259+00:00
2026-08-18,project_area,112.65627780580115,-3.071250176417089,347.1000061035156,296.3699951171875,1,VIIRS-SNPP,375,2026-08-29T10:24:59.668261+00:00
2026-08-18,project_area,112.62890387770803,-3.0678777241961144,344.3900146484375,295.4100036621094,1,VIIRS-SNPP,375,2026-08-29T10:24:59.668249+00:00
2026-08-18,project_area,112.63228117015608,-3.0678777241961144,344.3900146484375,295.4100036621094,1,VIIRS-SNPP,375,2026-08-29T10:24:59.668252+00:00
2026-08-18,project_area,112.63832586208511,-3.0611328197541665,354.3500061035156,310.6199951171875,1,VIIRS-SNPP,375,2026-08-29T10:24:59.668232+00:00
2026-08-18,project_area,112.64170313324821,-3.0611328197541665,354.3500061035156,310.6199951171875,1,VIIRS-SNPP,375,2026-08-29T10:24:59.668235+00:00
2026-08-18,project_area,112.64508040441132,-3.0611328197541665,354.3500061035156,310.6199951171875,1,VIIRS-SNPP,375,2026-08-29T10:24:59.668238+00:00
2026-08-18,project_area,112.64134876485205,-3.057760367533192,344.3999938964844,303.010009765625,1,VIIRS-NOAA20,375,2026-08-29T10:25:41.128330+00:00
2026-08-18,project_area,112.64472602539036,-3.057760367533192,351.80999755859375,295.7699890136719,1,VIIRS-SNPP,375,2026-08-29T10:24:59.668208+00:00
2026-08-18,project_area,112.64810328592863,-3.057760367533192,351.80999755859375,295.7699890136719,1,VIIRS-SNPP,375,2026-08-29T10:24:59.668225+00:00
2026-08-18,project_area,112.68419198805655,-3.04764301087027,331.2699890136719,298.6400146484375,1,VIIRS-NOAA20,375,2026-08-29T10:25:41.128324+00:00
2026-08-18,project_area,112.68756921679098,-3.04764301087027,331.2699890136719,298.6400146484375,1,VIIRS-NOAA20,375,2026-08-29T10:25:41.128326+00:00
2026-08-18,project_area,112.69094644552538,-3.04764301087027,331.2699890136719,298.6400146484375,1,VIIRS-NOAA20,375,2026-08-29T10:25:41.128328+00:00
2026-08-18,project_area,112.68383905202614,-3.0442705586492953,331.2699890136719,298.6400146484375,1,VIIRS-NOAA20,375,2026-08-29T10:25:41.128317+00:00
2026-08-18,project_area,112.6872162701828,-3.0442705586492953,331.2699890136719,298.6400146484375,1,VIIRS-NOAA20,375,2026-08-29T10:25:41.128319+00:00
2026-08-18,project_area,112.69059348833947,-3.0442705586492953,331.2699890136719,298.6400146484375,1,VIIRS-NOAA20,375,2026-08-29T10:25:41.128321+00:00
2026-08-18,project_area,112.68348650860247,-3.040898106428321,331.2699890136719,298.6400146484375,1,VIIRS-NOAA20,375,2026-08-29T10:25:41.128294+00:00
2026-08-18,project_area,112.68686371619314,-3.040898106428321,331.2699890136719,298.6400146484375,1,VIIRS-NOAA20,375,2026-08-29T10:25:41.128310+00:00
2026-08-18,project_area,112.69024092378382,-3.040898106428321,331.2699890136719,298.6400146484375,1,VIIRS-NOAA20,375,2026-08-29T10:25:41.128314+00:00
2026-08-18,project_area,112.6319260487298,-3.0645052719751407,304.80999755859375,323.0299987792969,0,VIIRS-NOAA20,375,2026-08-29T10:25:41.128339+00:00
2026-08-18,project_area,112.634948590922,-3.0611328197541665,208.0,308.2200012207031,0,VIIRS-SNPP,375,2026-08-29T10:24:59.668229+00:00
2026-08-19,carbon_project_zone,112.39411820263061,-3.115092055289753,367.0,302.8399963378906,2,VIIRS-NOAA20,375,2026-08-29T10:25:41.807608+00:00
2026-08-19,carbon_project_zone,112.3974956453914,-3.115092055289753,367.0,300.0,2,VIIRS-NOAA20,375,2026-08-29T10:25:41.807610+00:00
2026-08-19,carbon_project_zone,112.4008730881522,-3.115092055289753,367.0,300.0,2,VIIRS-NOAA20,375,2026-08-29T10:25:41.807612+00:00
2026-08-19,carbon_project_zone,112.40425053091299,-3.115092055289753,367.0,300.0,2,VIIRS-NOAA20,375,2026-08-29T10:25:41.807614+00:00
2026-08-19,carbon_project_zone,112.39375836472293,-3.111719603068779,367.0,302.8399963378906,2,VIIRS-NOAA20,375,2026-08-29T10:25:41.807599+00:00
2026-08-19,carbon_project_zone,112.3971357966706,-3.111719603068779,367.0,300.0,2,VIIRS-NOAA20,375,2026-08-29T10:25:41.807601+00:00
2026-08-19,carbon_project_zone,112.40051322861827,-3.111719603068779,367.0,300.0,2,VIIRS-NOAA20,375,2026-08-29T10:25:41.807603+00:00
2026-08-19,carbon_project_zone,112.40389066056593,-3.111719603068779,367.0,300.0,2,VIIRS-NOAA20,375,2026-08-29T10:25:41.807606+00:00
2026-08-19,carbon_project_zone,112.39339891851019,-3.1083471508478047,367.0,302.8399963378906,2,VIIRS-NOAA20,375,2026-08-29T10:25:41.807590+00:00
2026-08-19,carbon_project_zone,112.3967763396565,-3.1083471508478047,367.0,300.0,2,VIIRS-NOAA20,375,2026-08-29T10:25:41.807592+00:00
2026-08-19,carbon_project_zone,112.40015376080281,-3.1083471508478047,367.0,300.0,2,VIIRS-NOAA20,375,2026-08-29T10:25:41.807595+00:00
2026-08-19,carbon_project_zone,112.40353118194912,-3.1083471508478047,367.0,300.0,2,VIIRS-NOAA20,375,2026-08-29T10:25:41.807597+00:00
2026-08-19,carbon_project_zone,112.62997156476521,-3.0779950808590373,367.0,303.05999755859375,2,VIIRS-SNPP,375,2026-08-29T10:25:00.629953+00:00
2026-08-19,carbon_project_zone,112.63334888922894,-3.0779950808590373,367.0,303.05999755859375,2,VIIRS-SNPP,375,2026-08-29T10:25:00.629955+00:00
2026-08-19,carbon_project_zone,112.63672621369267,-3.0779950808590373,367.0,303.05999755859375,2,VIIRS-SNPP,375,2026-08-29T10:25:00.629957+00:00
2026-08-19,carbon_project_zone,112.64010353815641,-3.0779950808590373,367.0,301.6499938964844,2,VIIRS-NOAA20,375,2026-08-29T10:25:41.807567+00:00
2026-08-19,carbon_project_zone,112.64348086262015,-3.0779950808590373,367.0,301.6499938964844,2,VIIRS-NOAA20,375,2026-08-29T10:25:41.807569+00:00
2026-08-19,carbon_project_zone,112.62961527661939,-3.074622628638063,367.0,303.05999755859375,2,VIIRS-SNPP,375,2026-08-29T10:25:00.629945+00:00
2026-08-19,carbon_project_zone,112.63299259039945,-3.074622628638063,367.0,303.05999755859375,2,VIIRS-SNPP,375,2026-08-29T10:25:00.629947+00:00
2026-08-19,carbon_project_zone,112.63636990417953,-3.074622628638063,367.0,303.05999755859375,2,VIIRS-SNPP,375,2026-08-29T10:25:00.629949+00:00
2026-08-19,carbon_project_zone,112.63974721795961,-3.074622628638063,367.0,301.6499938964844,2,VIIRS-NOAA20,375,2026-08-29T10:25:41.807558+00:00
2026-08-19,carbon_project_zone,112.64312453173967,-3.074622628638063,367.0,301.6499938964844,2,VIIRS-NOAA20,375,2026-08-29T10:25:41.807560+00:00
2026-08-19,carbon_project_zone,112.62925938093572,-3.071250176417089,367.0,303.05999755859375,2,VIIRS-SNPP,375,2026-08-29T10:25:00.629937+00:00
2026-08-19,carbon_project_zone,112.6326366840439,-3.071250176417089,367.0,303.05999755859375,2,VIIRS-SNPP,375,2026-08-29T10:25:00.629939+00:00
2026-08-19,carbon_project_zone,112.63601398715208,-3.071250176417089,367.0,303.05999755859375,2,VIIRS-SNPP,375,2026-08-29T10:25:00.629941+00:00
2026-08-19,carbon_project_zone,112.63939129026026,-3.071250176417089,367.0,301.6499938964844,2,VIIRS-NOAA20,375,2026-08-29T10:25:41.807549+00:00
2026-08-19,carbon_project_zone,112.64276859336843,-3.071250176417089,367.0,301.6499938964844,2,VIIRS-NOAA20,375,2026-08-29T10:25:41.807551+00:00
2026-08-19,carbon_project_zone,112.69538493346457,-3.057760367533192,367.0,298.32000732421875,2,VIIRS-NOAA20,375,2026-08-29T10:25:41.807534+00:00
2026-08-19,carbon_project_zone,112.69876219400285,-3.057760367533192,367.0,298.32000732421875,2,VIIRS-NOAA20,375,2026-08-29T10:25:41.807536+00:00
2026-08-19,carbon_project_zone,112.70213945454113,-3.057760367533192,367.0,298.32000732421875,2,VIIRS-NOAA20,375,2026-08-29T10:25:41.807538+00:00
2026-08-19,carbon_project_zone,112.70551671507941,-3.057760367533192,367.0,296.69000244140625,2,VIIRS-NOAA20,375,2026-08-29T10:25:41.807541+00:00
2026-08-19,carbon_project_zone,112.70889397561768,-3.057760367533192,367.0,296.69000244140625,2,VIIRS-NOAA20,375,2026-08-29T10:25:41.807543+00:00
2026-08-19,carbon_project_zone,112.69503078773786,-3.0543879153122178,367.0,298.32000732421875,2,VIIRS-NOAA20,375,2026-08-29T10:25:41.807523+00:00
2026-08-19,carbon_project_zone,112.69840803766311,-3.0543879153122178,367.0,298.32000732421875,2,VIIRS-NOAA20,375,2026-08-29T10:25:41.807525+00:00
2026-08-19,carbon_project_zone,112.70178528758834,-3.0543879153122178,367.0,298.32000732421875,2,VIIRS-NOAA20,375,2026-08-29T10:25:41.807527+00:00
2026-08-19,carbon_project_zone,112.70516253751356,-3.0543879153122178,367.0,296.69000244140625,2,VIIRS-NOAA20,375,2026-08-29T10:25:41.807530+00:00
2026-08-19,carbon_project_zone,112.70853978743878,-3.0543879153122178,367.0,296.69000244140625,2,VIIRS-NOAA20,375,2026-08-29T10:25:41.807532+00:00
2026-08-19,carbon_project_zone,112.69467703467168,-3.0510154630912436,367.0,298.32000732421875,2,VIIRS-NOAA20,375,2026-08-29T10:25:41.807512+00:00
2026-08-19,carbon_project_zone,112.69805427399562,-3.0510154630912436,367.0,293.17999267578125,2,VIIRS-SNPP,375,2026-08-29T10:25:00.629910+00:00
2026-08-19,carbon_project_zone,112.70143151331956,-3.0510154630912436,367.0,293.17999267578125,2,VIIRS-SNPP,375,2026-08-29T10:25:00.629912+00:00
2026-08-19,carbon_project_zone,112.7048087526435,-3.0510154630912436,367.0,296.69000244140625,2,VIIRS-NOAA20,375,2026-08-29T10:25:41.807519+00:00
2026-08-19,carbon_project_zone,112.70818599196743,-3.0510154630912436,367.0,296.69000244140625,2,VIIRS-NOAA20,375,2026-08-29T10:25:41.807521+00:00
2026-08-19,carbon_project_zone,112.69770090299421,-3.04764301087027,367.0,293.17999267578125,2,VIIRS-SNPP,375,2026-08-29T10:25:00.629901+00:00
2026-08-19,carbon_project_zone,112.70107813172864,-3.04764301087027,367.0,293.17999267578125,2,VIIRS-SNPP,375,2026-08-29T10:25:00.629903+00:00
2026-08-19,carbon_project_zone,112.6973479246528,-3.0442705586492953,367.0,293.17999267578125,2,VIIRS-SNPP,375,2026-08-29T10:25:00.629892+00:00
2026-08-19,carbon_project_zone,112.70072514280946,-3.0442705586492953,367.0,293.17999267578125,2,VIIRS-SNPP,375,2026-08-29T10:25:00.629894+00:00
2026-08-19,carbon_project_zone,112.69699533896517,-3.040898106428321,367.0,293.17999267578125,2,VIIRS-SNPP,375,2026-08-29T10:25:00.629888+00:00
2026-08-19,carbon_project_zone,112.70037254655584,-3.040898106428321,367.0,293.17999267578125,2,VIIRS-SNPP,375,2026-08-29T10:25:00.629890+00:00
2026-08-19,carbon_project_zone,112.57848055624389,-3.2567350485706683,308.94000244140625,293.9800109863281,1,VIIRS-NOAA20,375,2026-08-29T10:25:41.807616+00:00
2026-08-19,carbon_project_zone,112.58185846378727,-3.2567350485706683,308.94000244140625,293.9800109863281,1,VIIRS-NOAA20,375,2026-08-29T10:25:41.807618+00:00
2026-08-19,carbon_project_zone,112.39002149736388,-3.1083471508478047,330.07000732421875,294.3999938964844,1,VIIRS-SNPP,375,2026-08-29T10:25:00.629978+00:00
2026-08-19,carbon_project_zone,112.38628504327272,-3.1049746986268305,330.07000732421875,294.3999938964844,1,VIIRS-SNPP,375,2026-08-29T10:25:00.629972+00:00
2026-08-19,carbon_project_zone,112.38966245362944,-3.1049746986268305,330.07000732421875,294.3999938964844,1,VIIRS-SNPP,375,2026-08-29T10:25:00.629974+00:00
2026-08-19,carbon_project_zone,112.39303986398617,-3.1049746986268305,330.07000732421875,294.3999938964844,1,VIIRS-SNPP,375,2026-08-29T10:25:00.629976+00:00
2026-08-19,carbon_project_zone,112.39641727434291,-3.1049746986268305,340.30999755859375,298.32000732421875,1,VIIRS-NOAA20,375,2026-08-29T10:25:41.807586+00:00
2026-08-19,carbon_project_zone,112.39979468469963,-3.1049746986268305,340.30999755859375,298.32000732421875,1,VIIRS-NOAA20,375,2026-08-29T10:25:41.807588+00:00
2026-08-19,carbon_project_zone,112.38592640198678,-3.1016022464058564,330.07000732421875,294.3999938964844,1,VIIRS-SNPP,375,2026-08-29T10:25:00.629966+00:00
2026-08-19,carbon_project_zone,112.38930380156569,-3.1016022464058564,330.07000732421875,294.3999938964844,1,VIIRS-SNPP,375,2026-08-29T10:25:00.629968+00:00
2026-08-19,carbon_project_zone,112.39268120114461,-3.1016022464058564,330.07000732421875,294.3999938964844,1,VIIRS-SNPP,375,2026-08-29T10:25:00.629970+00:00
2026-08-19,carbon_project_zone,112.39605860072352,-3.1016022464058564,340.30999755859375,298.32000732421875,1,VIIRS-NOAA20,375,2026-08-29T10:25:41.807580+00:00
2026-08-19,carbon_project_zone,112.39943600030243,-3.1016022464058564,340.30999755859375,298.32000732421875,1,VIIRS-NOAA20,375,2026-08-29T10:25:41.807582+00:00
2026-08-19,carbon_project_zone,112.38556815235356,-3.098229794184882,330.07000732421875,294.3999938964844,1,VIIRS-SNPP,375,2026-08-29T10:25:00.629959+00:00
2026-08-19,carbon_project_zone,112.38894554116641,-3.098229794184882,330.07000732421875,294.3999938964844,1,VIIRS-SNPP,375,2026-08-29T10:25:00.629961+00:00
2026-08-19,carbon_project_zone,112.39232292997929,-3.098229794184882,330.07000732421875,294.3999938964844,1,VIIRS-SNPP,375,2026-08-29T10:25:00.629964+00:00
2026-08-19,carbon_project_zone,112.63370558053853,-3.081367533080011,352.5400085449219,299.2099914550781,1,VIIRS-NOAA20,375,2026-08-29T10:25:41.807571+00:00
2026-08-19,carbon_project_zone,112.6370829156977,-3.081367533080011,352.5400085449219,299.2099914550781,1,VIIRS-NOAA20,375,2026-08-29T10:25:41.807573+00:00
2026-08-19,carbon_project_zone,112.64046025085686,-3.081367533080011,352.5400085449219,299.2099914550781,1,VIIRS-NOAA20,375,2026-08-29T10:25:41.807575+00:00
2026-08-19,carbon_project_zone,112.62659424030146,-3.0779950808590373,348.1499938964844,295.9100036621094,1,VIIRS-SNPP,375,2026-08-29T10:25:00.629951+00:00
2026-08-19,carbon_project_zone,112.6262379628393,-3.074622628638063,348.1499938964844,295.9100036621094,1,VIIRS-SNPP,375,2026-08-29T10:25:00.629943+00:00
2026-08-19,carbon_project_zone,112.62588207782753,-3.071250176417089,348.1499938964844,295.9100036621094,1,VIIRS-SNPP,375,2026-08-29T10:25:00.629935+00:00
2026-08-19,carbon_project_zone,112.62890387770803,-3.0678777241961144,337.7699890136719,290.8699951171875,1,VIIRS-SNPP,375,2026-08-29T10:25:00.629929+00:00
2026-08-19,carbon_project_zone,112.63228117015608,-3.0678777241961144,337.7699890136719,290.8699951171875,1,VIIRS-SNPP,375,2026-08-29T10:25:00.629931+00:00
2026-08-19,carbon_project_zone,112.63565846260413,-3.0678777241961144,337.7699890136719,290.8699951171875,1,VIIRS-SNPP,375,2026-08-29T10:25:00.629933+00:00
2026-08-19,carbon_project_zone,112.62854876693011,-3.0645052719751407,337.7699890136719,290.8699951171875,1,VIIRS-SNPP,375,2026-08-29T10:25:00.629922+00:00
2026-08-19,carbon_project_zone,112.6319260487298,-3.0645052719751407,337.7699890136719,290.8699951171875,1,VIIRS-SNPP,375,2026-08-29T10:25:00.629925+00:00
2026-08-19,carbon_project_zone,112.6353033305295,-3.0645052719751407,337.7699890136719,290.8699951171875,1,VIIRS-SNPP,375,2026-08-29T10:25:00.629927+00:00
2026-08-19,carbon_project_zone,112.69165353781264,-3.0543879153122178,346.4599914550781,292.95001220703125,1,VIIRS-SNPP,375,2026-08-29T10:25:00.629914+00:00
2026-08-19,carbon_project_zone,112.69129979534775,-3.0510154630912436,346.4599914550781,292.95001220703125,1,VIIRS-SNPP,375,2026-08-29T10:25:00.629905+00:00
2026-08-19,carbon_project_zone,112.69094644552538,-3.04764301087027,346.4599914550781,292.95001220703125,1,VIIRS-SNPP,375,2026-08-29T10:25:00.629896+00:00
2026-08-19,carbon_project_zone,112.6943236742598,-3.04764301087027,346.4599914550781,292.95001220703125,1,VIIRS-SNPP,375,2026-08-29T10:25:00.629899+00:00
2026-08-19,carbon_project_zone,112.65867674070958,-2.9970562275556567,331.8299865722656,293.4700012207031,1,VIIRS-SNPP,375,2026-08-29T10:25:00.629881+00:00
2026-08-19,carbon_project_zone,112.66205381201311,-2.9970562275556567,331.8299865722656,293.4700012207031,1,VIIRS-SNPP,375,2026-08-29T10:25:00.629883+00:00
2026-08-19,carbon_project_zone,112.66543088331662,-2.9970562275556567,331.8299865722656,293.4700012207031,1,VIIRS-SNPP,375,2026-08-29T10:25:00.629885+00:00
2026-08-19,carbon_project_zone,112.65832975554783,-2.9936837753346826,331.8299865722656,293.4700012207031,1,VIIRS-SNPP,375,2026-08-29T10:25:00.629874+00:00
2026-08-19,carbon_project_zone,112.66170681645008,-2.9936837753346826,331.8299865722656,293.4700012207031,1,VIIRS-SNPP,375,2026-08-29T10:25:00.629877+00:00
2026-08-19,carbon_project_zone,112.66508387735232,-2.9936837753346826,331.8299865722656,293.4700012207031,1,VIIRS-SNPP,375,2026-08-29T10:25:00.629879+00:00
2026-08-19,carbon_project_zone,112.65798316283104,-2.990311323113709,331.8299865722656,293.4700012207031,1,VIIRS-SNPP,375,2026-08-29T10:25:00.629868+00:00
2026-08-19,carbon_project_zone,112.66136021334378,-2.990311323113709,331.8299865722656,293.4700012207031,1,VIIRS-SNPP,375,2026-08-29T10:25:00.629870+00:00
2026-08-19,carbon_project_zone,112.66473726385652,-2.990311323113709,331.8299865722656,293.4700012207031,1,VIIRS-SNPP,375,2026-08-29T10:25:00.629872+00:00
2026-08-19,carbon_project_zone,112.65763696255321,-2.9869388708927342,308.4599914550781,292.7200012207031,1,VIIRS-SNPP,375,2026-08-29T10:25:00.629844+00:00
2026-08-19,carbon_project_zone,112.6610140026882,-2.9869388708927342,308.4599914550781,292.7200012207031,1,VIIRS-SNPP,375,2026-08-29T10:25:00.629861+00:00
2026-08-19,carbon_project_zone,112.6643910428232,-2.9869388708927342,308.4599914550781,292.7200012207031,1,VIIRS-SNPP,375,2026-08-29T10:25:00.629865+00:00
2026-08-19,project_area,112.4008730881522,-3.115092055289753,367.0,300.0,2,VIIRS-NOAA20,375,2026-08-29T10:25:42.353010+00:00
2026-08-19,project_area,112.40425053091299,-3.115092055289753,367.0,300.0,2,VIIRS-NOAA20,375,2026-08-29T10:25:42.353013+00:00
2026-08-19,project_area,112.40051322861827,-3.111719603068779,367.0,300.0,2,VIIRS-NOAA20,375,2026-08-29T10:25:42.353005+00:00
2026-08-19,project_area,112.40389066056593,-3.111719603068779,367.0,300.0,2,VIIRS-NOAA20,375,2026-08-29T10:25:42.353008+00:00
2026-08-19,project_area,112.40353118194912,-3.1083471508478047,367.0,300.0,2,VIIRS-NOAA20,375,2026-08-29T10:25:42.353002+00:00
2026-08-19,project_area,112.62961527661939,-3.074622628638063,367.0,303.05999755859375,2,VIIRS-SNPP,375,2026-08-29T10:25:01.250692+00:00
2026-08-19,project_area,112.62925938093572,-3.071250176417089,367.0,303.05999755859375,2,VIIRS-SNPP,375,2026-08-29T10:25:01.250684+00:00
2026-08-19,project_area,112.6326366840439,-3.071250176417089,367.0,303.05999755859375,2,VIIRS-SNPP,375,2026-08-29T10:25:01.250687+00:00
2026-08-19,project_area,112.62659424030146,-3.0779950808590373,348.1499938964844,295.9100036621094,1,VIIRS-SNPP,375,2026-08-29T10:25:01.250694+00:00
2026-08-19,project_area,112.6262379628393,-3.074622628638063,348.1499938964844,295.9100036621094,1,VIIRS-SNPP,375,2026-08-29T10:25:01.250689+00:00
2026-08-19,project_area,112.62588207782753,-3.071250176417089,348.1499938964844,295.9100036621094,1,VIIRS-SNPP,375,2026-08-29T10:25:01.250681+00:00
2026-08-19,project_area,112.62890387770803,-3.0678777241961144,337.7699890136719,290.8699951171875,1,VIIRS-SNPP,375,2026-08-29T10:25:01.250673+00:00
2026-08-19,project_area,112.63228117015608,-3.0678777241961144,337.7699890136719,290.8699951171875,1,VIIRS-SNPP,375,2026-08-29T10:25:01.250676+00:00
2026-08-19,project_area,112.63565846260413,-3.0678777241961144,337.7699890136719,290.8699951171875,1,VIIRS-SNPP,375,2026-08-29T10:25:01.250678+00:00
2026-08-19,project_area,112.62854876693011,-3.0645052719751407,337.7699890136719,290.8699951171875,1,VIIRS-SNPP,375,2026-08-29T10:25:01.250666+00:00
2026-08-19,project_area,112.6319260487298,-3.0645052719751407,337.7699890136719,290.8699951171875,1,VIIRS-SNPP,375,2026-08-29T10:25:01.250668+00:00
2026-08-19,project_area,112.6353033305295,-3.0645052719751407,337.7699890136719,290.8699951171875,1,VIIRS-SNPP,375,2026-08-29T10:25:01.250671+00:00
2026-08-19,project_area,112.69094644552538,-3.04764301087027,346.4599914550781,292.95001220703125,1,VIIRS-SNPP,375,2026-08-29T10:25:01.250663+00:00
2026-08-19,project_area,112.66543088331662,-2.9970562275556567,331.8299865722656,293.4700012207031,1,VIIRS-SNPP,375,2026-08-29T10:25:01.250659+00:00
2026-08-19,project_area,112.66508387735232,-2.9936837753346826,331.8299865722656,293.4700012207031,1,VIIRS-SNPP,375,2026-08-29T10:25:01.250620+00:00
2026-08-20,carbon_project_zone,112.56817561496541,-3.131954316394624,367.0,305.2799987792969,2,VIIRS-SNPP,375,2026-08-29T10:25:02.099347+00:00
2026-08-20,carbon_project_zone,112.57155311196841,-3.131954316394624,367.0,305.2799987792969,2,VIIRS-SNPP,375,2026-08-29T10:25:02.099350+00:00
2026-08-20,carbon_project_zone,112.57493060897141,-3.131954316394624,367.0,305.2799987792969,2,VIIRS-SNPP,375,2026-08-29T10:25:02.099352+00:00
2026-08-20,carbon_project_zone,112.5678132640179,-3.1285818641736496,367.0,305.2799987792969,2,VIIRS-SNPP,375,2026-08-29T10:25:02.099335+00:00
2026-08-20,carbon_project_zone,112.5711907501489,-3.1285818641736496,367.0,305.2799987792969,2,VIIRS-SNPP,375,2026-08-29T10:25:02.099337+00:00
2026-08-20,carbon_project_zone,112.57456823627993,-3.1285818641736496,367.0,305.2799987792969,2,VIIRS-SNPP,375,2026-08-29T10:25:02.099339+00:00
2026-08-20,carbon_project_zone,112.56745130539701,-3.1252094119526754,367.0,296.79998779296875,2,VIIRS-NOAA20,375,2026-08-29T10:25:42.984714+00:00
2026-08-20,carbon_project_zone,112.57082878066782,-3.1252094119526754,367.0,296.6700134277344,2,VIIRS-NOAA20,375,2026-08-29T10:25:42.984717+00:00
2026-08-20,carbon_project_zone,112.57420625593862,-3.1252094119526754,367.0,296.6700134277344,2,VIIRS-NOAA20,375,2026-08-29T10:25:42.984719+00:00
2026-08-20,carbon_project_zone,112.57758373120943,-3.1252094119526754,367.0,296.6700134277344,2,VIIRS-NOAA20,375,2026-08-29T10:25:42.984721+00:00
2026-08-20,carbon_project_zone,112.56708973909647,-3.1218369597317017,367.0,296.79998779296875,2,VIIRS-NOAA20,375,2026-08-29T10:25:42.984701+00:00
2026-08-20,carbon_project_zone,112.57046720351885,-3.1218369597317017,367.0,296.6700134277344,2,VIIRS-NOAA20,375,2026-08-29T10:25:42.984703+00:00
2026-08-20,carbon_project_zone,112.5738446679412,-3.1218369597317017,367.0,296.6700134277344,2,VIIRS-NOAA20,375,2026-08-29T10:25:42.984705+00:00
2026-08-20,carbon_project_zone,112.57722213236357,-3.1218369597317017,367.0,296.6700134277344,2,VIIRS-NOAA20,375,2026-08-29T10:25:42.984707+00:00
2026-08-20,carbon_project_zone,112.5701060186957,-3.1184645075107276,367.0,296.6700134277344,2,VIIRS-NOAA20,375,2026-08-29T10:25:42.984690+00:00
2026-08-20,carbon_project_zone,112.5734834722814,-3.1184645075107276,367.0,296.6700134277344,2,VIIRS-NOAA20,375,2026-08-29T10:25:42.984692+00:00
2026-08-20,carbon_project_zone,112.57686092586708,-3.1184645075107276,367.0,296.6700134277344,2,VIIRS-NOAA20,375,2026-08-29T10:25:42.984694+00:00
2026-08-20,carbon_project_zone,112.56974522619211,-3.115092055289753,367.0,296.6700134277344,2,VIIRS-NOAA20,375,2026-08-29T10:25:42.984677+00:00
2026-08-20,carbon_project_zone,112.57312266895289,-3.115092055289753,367.0,296.6700134277344,2,VIIRS-NOAA20,375,2026-08-29T10:25:42.984679+00:00
2026-08-20,carbon_project_zone,112.5765001117137,-3.115092055289753,367.0,296.6700134277344,2,VIIRS-NOAA20,375,2026-08-29T10:25:42.984681+00:00
2026-08-20,carbon_project_zone,112.43627954390686,-3.1926584563721594,338.1700134277344,298.6499938964844,1,VIIRS-NOAA20,375,2026-08-29T10:25:42.984786+00:00
2026-08-20,carbon_project_zone,112.43965723861866,-3.1926584563721594,340.4800109863281,300.9700012207031,1,VIIRS-SNPP,375,2026-08-29T10:25:02.099394+00:00
2026-08-20,carbon_project_zone,112.44303493333048,-3.1926584563721594,340.4800109863281,300.9700012207031,1,VIIRS-SNPP,375,2026-08-29T10:25:02.099397+00:00
2026-08-20,carbon_project_zone,112.44641262804228,-3.1926584563721594,355.9100036621094,298.82000732421875,1,VIIRS-NOAA20,375,2026-08-29T10:25:42.984792+00:00
2026-08-20,carbon_project_zone,112.44979032275408,-3.1926584563721594,355.9100036621094,298.82000732421875,1,VIIRS-NOAA20,375,2026-08-29T10:25:42.984794+00:00
2026-08-20,carbon_project_zone,112.43591058443586,-3.189286004151185,338.1700134277344,298.6499938964844,1,VIIRS-NOAA20,375,2026-08-29T10:25:42.984775+00:00
2026-08-20,carbon_project_zone,112.43928826806376,-3.189286004151185,355.9700012207031,305.9700012207031,1,VIIRS-SNPP,375,2026-08-29T10:25:02.099387+00:00
2026-08-20,carbon_project_zone,112.44266595169167,-3.189286004151185,355.9700012207031,305.9700012207031,1,VIIRS-SNPP,375,2026-08-29T10:25:02.099390+00:00
2026-08-20,carbon_project_zone,112.44604363531957,-3.189286004151185,355.9100036621094,298.82000732421875,1,VIIRS-NOAA20,375,2026-08-29T10:25:42.984781+00:00
2026-08-20,carbon_project_zone,112.44942131894746,-3.189286004151185,355.9100036621094,298.82000732421875,1,VIIRS-NOAA20,375,2026-08-29T10:25:42.984784+00:00
2026-08-20,carbon_project_zone,112.43554201692316,-3.1859135519302106,355.9200134277344,301.4100036621094,1,VIIRS-NOAA20,375,2026-08-29T10:25:42.984764+00:00
2026-08-20,carbon_project_zone,112.43891968947894,-3.1859135519302106,355.9700012207031,305.9700012207031,1,VIIRS-SNPP,375,2026-08-29T10:25:02.099380+00:00
2026-08-20,carbon_project_zone,112.44229736203474,-3.1859135519302106,355.9700012207031,305.9700012207031,1,VIIRS-SNPP,375,2026-08-29T10:25:02.099382+00:00
2026-08-20,carbon_project_zone,112.44567503459051,-3.1859135519302106,355.9100036621094,298.82000732421875,1,VIIRS-NOAA20,375,2026-08-29T10:25:42.984771+00:00
2026-08-20,carbon_project_zone,112.44905270714628,-3.1859135519302106,355.9100036621094,298.82000732421875,1,VIIRS-NOAA20,375,2026-08-29T10:25:42.984773+00:00
2026-08-20,carbon_project_zone,112.43517384136237,-3.1825410997092365,355.9200134277344,301.4100036621094,1,VIIRS-NOAA20,375,2026-08-29T10:25:42.984753+00:00
2026-08-20,carbon_project_zone,112.43855150285779,-3.1825410997092365,355.9700012207031,305.9700012207031,1,VIIRS-SNPP,375,2026-08-29T10:25:02.099375+00:00
2026-08-20,carbon_project_zone,112.44192916435323,-3.1825410997092365,355.9700012207031,305.9700012207031,1,VIIRS-SNPP,375,2026-08-29T10:25:02.099377+00:00
2026-08-20,carbon_project_zone,112.44530682584865,-3.1825410997092365,355.9100036621094,298.82000732421875,1,VIIRS-NOAA20,375,2026-08-29T10:25:42.984760+00:00
2026-08-20,carbon_project_zone,112.44868448734408,-3.1825410997092365,355.9100036621094,298.82000732421875,1,VIIRS-NOAA20,375,2026-08-29T10:25:42.984762+00:00
2026-08-20,carbon_project_zone,112.43480605774708,-3.1791686474882628,355.9200134277344,301.4100036621094,1,VIIRS-NOAA20,375,2026-08-29T10:25:42.984747+00:00
2026-08-20,carbon_project_zone,112.43818370819395,-3.1791686474882628,355.9200134277344,301.4100036621094,1,VIIRS-NOAA20,375,2026-08-29T10:25:42.984749+00:00
2026-08-20,carbon_project_zone,112.44156135864078,-3.1791686474882628,355.9200134277344,301.4100036621094,1,VIIRS-NOAA20,375,2026-08-29T10:25:42.984751+00:00
2026-08-20,carbon_project_zone,112.5689014938656,-3.138699220836572,335.19000244140625,304.2799987792969,1,VIIRS-SNPP,375,2026-08-29T10:25:02.099367+00:00
2026-08-20,carbon_project_zone,112.57227901264787,-3.138699220836572,335.19000244140625,304.2799987792969,1,VIIRS-SNPP,375,2026-08-29T10:25:02.099370+00:00
2026-08-20,carbon_project_zone,112.57565653143014,-3.138699220836572,335.19000244140625,304.2799987792969,1,VIIRS-SNPP,375,2026-08-29T10:25:02.099372+00:00
2026-08-20,carbon_project_zone,112.56178334247238,-3.1353267686155983,337.5199890136719,304.4700012207031,1,VIIRS-SNPP,375,2026-08-29T10:25:02.099355+00:00
2026-08-20,carbon_project_zone,112.56516085035913,-3.1353267686155983,355.45001220703125,305.8599853515625,1,VIIRS-SNPP,375,2026-08-29T10:25:02.099357+00:00
2026-08-20,carbon_project_zone,112.56853835824589,-3.1353267686155983,355.45001220703125,305.8599853515625,1,VIIRS-SNPP,375,2026-08-29T10:25:02.099360+00:00
2026-08-20,carbon_project_zone,112.57191586613264,-3.1353267686155983,355.45001220703125,305.8599853515625,1,VIIRS-SNPP,375,2026-08-29T10:25:02.099362+00:00
2026-08-20,carbon_project_zone,112.5752933740194,-3.1353267686155983,335.19000244140625,304.2799987792969,1,VIIRS-SNPP,375,2026-08-29T10:25:02.099365+00:00
2026-08-20,carbon_project_zone,112.56142062095942,-3.131954316394624,337.5199890136719,304.4700012207031,1,VIIRS-SNPP,375,2026-08-29T10:25:02.099342+00:00
2026-08-20,carbon_project_zone,112.56479811796241,-3.131954316394624,355.45001220703125,305.8599853515625,1,VIIRS-SNPP,375,2026-08-29T10:25:02.099345+00:00
2026-08-20,carbon_project_zone,112.56105829175586,-3.1285818641736496,337.5199890136719,304.4700012207031,1,VIIRS-SNPP,375,2026-08-29T10:25:02.099330+00:00
2026-08-20,carbon_project_zone,112.56443577788687,-3.1285818641736496,355.45001220703125,305.8599853515625,1,VIIRS-SNPP,375,2026-08-29T10:25:02.099332+00:00
2026-08-20,carbon_project_zone,112.5606963548554,-3.1252094119526754,356.1400146484375,295.3500061035156,1,VIIRS-NOAA20,375,2026-08-29T10:25:42.984709+00:00
2026-08-20,carbon_project_zone,112.5640738301262,-3.1252094119526754,344.0299987792969,299.3699951171875,1,VIIRS-SNPP,375,2026-08-29T10:25:02.099321+00:00
2026-08-20,carbon_project_zone,112.56033481025173,-3.1218369597317017,356.1400146484375,295.3500061035156,1,VIIRS-NOAA20,375,2026-08-29T10:25:42.984696+00:00
2026-08-20,carbon_project_zone,112.56371227467409,-3.1218369597317017,343.0,300.6300048828125,1,VIIRS-SNPP,375,2026-08-29T10:25:02.099310+00:00
2026-08-20,carbon_project_zone,112.5599736579386,-3.1184645075107276,341.05999755859375,296.0299987792969,1,VIIRS-NOAA20,375,2026-08-29T10:25:42.984683+00:00
2026-08-20,carbon_project_zone,112.5633511115243,-3.1184645075107276,343.0,300.6300048828125,1,VIIRS-SNPP,375,2026-08-29T10:25:02.099300+00:00
2026-08-20,carbon_project_zone,112.56672856511,-3.1184645075107276,351.989990234375,306.9100036621094,1,VIIRS-SNPP,375,2026-08-29T10:25:02.099303+00:00
2026-08-20,carbon_project_zone,112.5596128979097,-3.115092055289753,341.05999755859375,296.0299987792969,1,VIIRS-NOAA20,375,2026-08-29T10:25:42.984670+00:00
2026-08-20,carbon_project_zone,112.5629903406705,-3.115092055289753,341.2300109863281,307.7699890136719,1,VIIRS-SNPP,375,2026-08-29T10:25:02.099287+00:00
2026-08-20,carbon_project_zone,112.5663677834313,-3.115092055289753,351.989990234375,306.9100036621094,1,VIIRS-SNPP,375,2026-08-29T10:25:02.099290+00:00
2026-08-20,carbon_project_zone,112.56262996210644,-3.111719603068779,333.0899963378906,294.3800048828125,1,VIIRS-NOAA20,375,2026-08-29T10:25:42.984663+00:00
2026-08-20,carbon_project_zone,112.56600739405413,-3.111719603068779,333.0899963378906,294.3800048828125,1,VIIRS-NOAA20,375,2026-08-29T10:25:42.984665+00:00
2026-08-20,carbon_project_zone,112.5693848260018,-3.111719603068779,345.0299987792969,303.0400085449219,1,VIIRS-SNPP,375,2026-08-29T10:25:02.099280+00:00
2026-08-20,carbon_project_zone,112.57276225794946,-3.111719603068779,345.0299987792969,303.0400085449219,1,VIIRS-SNPP,375,2026-08-29T10:25:02.099283+00:00
2026-08-20,carbon_project_zone,112.57613968989713,-3.111719603068779,345.0299987792969,303.0400085449219,1,VIIRS-SNPP,375,2026-08-29T10:25:02.099285+00:00
2026-08-20,carbon_project_zone,112.56902481811849,-3.1083471508478047,345.0299987792969,303.0400085449219,1,VIIRS-SNPP,375,2026-08-29T10:25:02.099273+00:00
2026-08-20,carbon_project_zone,112.5724022392648,-3.1083471508478047,345.0299987792969,303.0400085449219,1,VIIRS-SNPP,375,2026-08-29T10:25:02.099276+00:00
2026-08-20,carbon_project_zone,112.57577966041111,-3.1083471508478047,345.0299987792969,303.0400085449219,1,VIIRS-SNPP,375,2026-08-29T10:25:02.099278+00:00
2026-08-20,carbon_project_zone,112.56866520253595,-3.1049746986268305,345.0299987792969,303.0400085449219,1,VIIRS-SNPP,375,2026-08-29T10:25:02.099266+00:00
2026-08-20,carbon_project_zone,112.57204261289267,-3.1049746986268305,345.0299987792969,303.0400085449219,1,VIIRS-SNPP,375,2026-08-29T10:25:02.099269+00:00
2026-08-20,carbon_project_zone,112.5754200232494,-3.1049746986268305,345.0299987792969,303.0400085449219,1,VIIRS-SNPP,375,2026-08-29T10:25:02.099271+00:00
2026-08-20,carbon_project_zone,112.47373879103844,-3.1016022464058564,335.19000244140625,304.5199890136719,1,VIIRS-SNPP,375,2026-08-29T10:25:02.099262+00:00
2026-08-20,carbon_project_zone,112.47711619061734,-3.1016022464058564,335.19000244140625,304.5199890136719,1,VIIRS-SNPP,375,2026-08-29T10:25:02.099264+00:00
2026-08-20,carbon_project_zone,112.47338026148799,-3.098229794184882,335.19000244140625,304.5199890136719,1,VIIRS-SNPP,375,2026-08-29T10:25:02.099257+00:00
2026-08-20,carbon_project_zone,112.47675765030084,-3.098229794184882,335.19000244140625,304.5199890136719,1,VIIRS-SNPP,375,2026-08-29T10:25:02.099259+00:00
2026-08-20,carbon_project_zone,112.47302212389,-3.094857341963908,335.19000244140625,304.5199890136719,1,VIIRS-SNPP,375,2026-08-29T10:25:02.099252+00:00
2026-08-20,carbon_project_zone,112.47639950194859,-3.094857341963908,335.19000244140625,304.5199890136719,1,VIIRS-SNPP,375,2026-08-29T10:25:02.099255+00:00
2026-08-20,carbon_project_zone,112.62695091022019,-3.081367533080011,335.95001220703125,296.7699890136719,1,VIIRS-NOAA20,375,2026-08-29T10:25:42.984653+00:00
2026-08-20,carbon_project_zone,112.63032824537936,-3.081367533080011,335.95001220703125,296.7699890136719,1,VIIRS-NOAA20,375,2026-08-29T10:25:42.984655+00:00
2026-08-20,carbon_project_zone,112.63370558053853,-3.081367533080011,335.95001220703125,296.7699890136719,1,VIIRS-NOAA20,375,2026-08-29T10:25:42.984657+00:00
2026-08-20,carbon_project_zone,112.6370829156977,-3.081367533080011,335.92999267578125,296.6600036621094,1,VIIRS-NOAA20,375,2026-08-29T10:25:42.984659+00:00
2026-08-20,carbon_project_zone,112.64046025085686,-3.081367533080011,335.92999267578125,296.6600036621094,1,VIIRS-NOAA20,375,2026-08-29T10:25:42.984661+00:00
2026-08-20,carbon_project_zone,112.62659424030146,-3.0779950808590373,335.95001220703125,296.7699890136719,1,VIIRS-NOAA20,375,2026-08-29T10:25:42.984642+00:00
2026-08-20,carbon_project_zone,112.62997156476521,-3.0779950808590373,338.0799865722656,303.3699951171875,1,VIIRS-SNPP,375,2026-08-29T10:25:02.099248+00:00
2026-08-20,carbon_project_zone,112.63334888922894,-3.0779950808590373,338.0799865722656,303.3699951171875,1,VIIRS-SNPP,375,2026-08-29T10:25:02.099250+00:00
2026-08-20,carbon_project_zone,112.63672621369267,-3.0779950808590373,335.92999267578125,296.6600036621094,1,VIIRS-NOAA20,375,2026-08-29T10:25:42.984649+00:00
2026-08-20,carbon_project_zone,112.64010353815641,-3.0779950808590373,335.92999267578125,296.6600036621094,1,VIIRS-NOAA20,375,2026-08-29T10:25:42.984651+00:00
2026-08-20,carbon_project_zone,112.6262379628393,-3.074622628638063,336.0899963378906,292.8900146484375,1,VIIRS-NOAA20,375,2026-08-29T10:25:42.984617+00:00
2026-08-20,carbon_project_zone,112.62961527661939,-3.074622628638063,338.0799865722656,303.3699951171875,1,VIIRS-SNPP,375,2026-08-29T10:25:02.099243+00:00
2026-08-20,carbon_project_zone,112.63299259039945,-3.074622628638063,338.0799865722656,303.3699951171875,1,VIIRS-SNPP,375,2026-08-29T10:25:02.099245+00:00
2026-08-20,carbon_project_zone,112.63636990417953,-3.074622628638063,335.92999267578125,296.6600036621094,1,VIIRS-NOAA20,375,2026-08-29T10:25:42.984638+00:00
2026-08-20,carbon_project_zone,112.63974721795961,-3.074622628638063,335.92999267578125,296.6600036621094,1,VIIRS-NOAA20,375,2026-08-29T10:25:42.984640+00:00
2026-08-20,carbon_project_zone,112.62588207782753,-3.071250176417089,336.0899963378906,292.8900146484375,1,VIIRS-NOAA20,375,2026-08-29T10:25:42.984611+00:00
2026-08-20,carbon_project_zone,112.62925938093572,-3.071250176417089,338.0799865722656,303.3699951171875,1,VIIRS-SNPP,375,2026-08-29T10:25:02.099238+00:00
2026-08-20,carbon_project_zone,112.6326366840439,-3.071250176417089,338.0799865722656,303.3699951171875,1,VIIRS-SNPP,375,2026-08-29T10:25:02.099240+00:00
2026-08-20,carbon_project_zone,112.62552658525998,-3.0678777241961144,353.7900085449219,301.04998779296875,1,VIIRS-SNPP,375,2026-08-29T10:25:02.099231+00:00
2026-08-20,carbon_project_zone,112.62890387770803,-3.0678777241961144,353.7900085449219,301.04998779296875,1,VIIRS-SNPP,375,2026-08-29T10:25:02.099233+00:00
2026-08-20,carbon_project_zone,112.63228117015608,-3.0678777241961144,341.1700134277344,304.1499938964844,1,VIIRS-SNPP,375,2026-08-29T10:25:02.099236+00:00
2026-08-20,carbon_project_zone,112.62517148513041,-3.0645052719751407,353.7900085449219,301.04998779296875,1,VIIRS-SNPP,375,2026-08-29T10:25:02.099224+00:00
2026-08-20,carbon_project_zone,112.62854876693011,-3.0645052719751407,353.7900085449219,301.04998779296875,1,VIIRS-SNPP,375,2026-08-29T10:25:02.099226+00:00
2026-08-20,carbon_project_zone,112.6319260487298,-3.0645052719751407,341.1700134277344,304.1499938964844,1,VIIRS-SNPP,375,2026-08-29T10:25:02.099229+00:00
2026-08-20,carbon_project_zone,112.62481677743268,-3.0611328197541665,353.7900085449219,301.04998779296875,1,VIIRS-SNPP,375,2026-08-29T10:25:02.099217+00:00
2026-08-20,carbon_project_zone,112.6281940485958,-3.0611328197541665,353.7900085449219,301.04998779296875,1,VIIRS-SNPP,375,2026-08-29T10:25:02.099220+00:00
2026-08-20,carbon_project_zone,112.6315713197589,-3.0611328197541665,341.1700134277344,304.1499938964844,1,VIIRS-SNPP,375,2026-08-29T10:25:02.099222+00:00
2026-08-20,carbon_project_zone,112.69911674302098,-3.0611328197541665,333.7799987792969,296.1499938964844,1,VIIRS-NOAA20,375,2026-08-29T10:25:42.984592+00:00
2026-08-20,carbon_project_zone,112.7024940141841,-3.0611328197541665,333.7799987792969,296.1499938964844,1,VIIRS-NOAA20,375,2026-08-29T10:25:42.984594+00:00
2026-08-20,carbon_project_zone,112.7058712853472,-3.0611328197541665,333.7799987792969,296.1499938964844,1,VIIRS-NOAA20,375,2026-08-29T10:25:42.984596+00:00
2026-08-20,carbon_project_zone,112.69538493346457,-3.057760367533192,348.739990234375,303.3900146484375,1,VIIRS-SNPP,375,2026-08-29T10:25:02.099210+00:00
2026-08-20,carbon_project_zone,112.69876219400285,-3.057760367533192,348.739990234375,303.3900146484375,1,VIIRS-SNPP,375,2026-08-29T10:25:02.099213+00:00
2026-08-20,carbon_project_zone,112.70213945454113,-3.057760367533192,348.739990234375,303.3900146484375,1,VIIRS-SNPP,375,2026-08-29T10:25:02.099215+00:00
2026-08-20,carbon_project_zone,112.70551671507941,-3.057760367533192,333.7799987792969,296.1499938964844,1,VIIRS-NOAA20,375,2026-08-29T10:25:42.984590+00:00
2026-08-20,carbon_project_zone,112.69503078773786,-3.0543879153122178,348.739990234375,303.3900146484375,1,VIIRS-SNPP,375,2026-08-29T10:25:02.099203+00:00
2026-08-20,carbon_project_zone,112.69840803766311,-3.0543879153122178,348.739990234375,303.3900146484375,1,VIIRS-SNPP,375,2026-08-29T10:25:02.099205+00:00
2026-08-20,carbon_project_zone,112.70178528758834,-3.0543879153122178,348.739990234375,303.3900146484375,1,VIIRS-SNPP,375,2026-08-29T10:25:02.099208+00:00
2026-08-20,carbon_project_zone,112.70516253751356,-3.0543879153122178,333.7799987792969,296.1499938964844,1,VIIRS-NOAA20,375,2026-08-29T10:25:42.984583+00:00
2026-08-20,carbon_project_zone,112.69467703467168,-3.0510154630912436,348.739990234375,303.3900146484375,1,VIIRS-SNPP,375,2026-08-29T10:25:02.099196+00:00
2026-08-20,carbon_project_zone,112.69805427399562,-3.0510154630912436,348.739990234375,303.3900146484375,1,VIIRS-SNPP,375,2026-08-29T10:25:02.099198+00:00
2026-08-20,carbon_project_zone,112.70143151331956,-3.0510154630912436,348.739990234375,303.3900146484375,1,VIIRS-SNPP,375,2026-08-29T10:25:02.099201+00:00
2026-08-20,carbon_project_zone,112.63353355704032,-3.04764301087027,330.4700012207031,299.6400146484375,1,VIIRS-SNPP,375,2026-08-29T10:25:02.099189+00:00
2026-08-20,carbon_project_zone,112.63691078577473,-3.04764301087027,330.4700012207031,299.6400146484375,1,VIIRS-SNPP,375,2026-08-29T10:25:02.099191+00:00
2026-08-20,carbon_project_zone,112.64028801450914,-3.04764301087027,330.4700012207031,299.6400146484375,1,VIIRS-SNPP,375,2026-08-29T10:25:02.099194+00:00
2026-08-20,carbon_project_zone,112.62980356151957,-3.0442705586492953,340.9700012207031,296.55999755859375,1,VIIRS-SNPP,375,2026-08-29T10:25:02.099180+00:00
2026-08-20,carbon_project_zone,112.63318077967622,-3.0442705586492953,341.82000732421875,296.3599853515625,1,VIIRS-SNPP,375,2026-08-29T10:25:02.099182+00:00
2026-08-20,carbon_project_zone,112.63655799783288,-3.0442705586492953,341.82000732421875,296.3599853515625,1,VIIRS-SNPP,375,2026-08-29T10:25:02.099184+00:00
2026-08-20,carbon_project_zone,112.63993521598954,-3.0442705586492953,341.82000732421875,296.3599853515625,1,VIIRS-SNPP,375,2026-08-29T10:25:02.099187+00:00
2026-08-20,carbon_project_zone,112.6294511871517,-3.040898106428321,340.9700012207031,296.55999755859375,1,VIIRS-SNPP,375,2026-08-29T10:25:02.099170+00:00
2026-08-20,carbon_project_zone,112.63282839474236,-3.040898106428321,341.82000732421875,296.3599853515625,1,VIIRS-SNPP,375,2026-08-29T10:25:02.099172+00:00
2026-08-20,carbon_project_zone,112.63620560233304,-3.040898106428321,341.82000732421875,296.3599853515625,1,VIIRS-SNPP,375,2026-08-29T10:25:02.099175+00:00
2026-08-20,carbon_project_zone,112.6395828099237,-3.040898106428321,341.82000732421875,296.3599853515625,1,VIIRS-SNPP,375,2026-08-29T10:25:02.099177+00:00
2026-08-20,carbon_project_zone,112.6290992051962,-3.037525654207347,334.3299865722656,294.989990234375,1,VIIRS-NOAA20,375,2026-08-29T10:25:42.984552+00:00
2026-08-20,carbon_project_zone,112.63247640223264,-3.037525654207347,341.82000732421875,296.3599853515625,1,VIIRS-SNPP,375,2026-08-29T10:25:02.099162+00:00
2026-08-20,carbon_project_zone,112.63585359926908,-3.037525654207347,341.82000732421875,296.3599853515625,1,VIIRS-SNPP,375,2026-08-29T10:25:02.099165+00:00
2026-08-20,carbon_project_zone,112.63923079630554,-3.037525654207347,341.82000732421875,296.3599853515625,1,VIIRS-SNPP,375,2026-08-29T10:25:02.099167+00:00
2026-08-20,carbon_project_zone,112.62874761564694,-3.034153201986373,334.3299865722656,294.989990234375,1,VIIRS-NOAA20,375,2026-08-29T10:25:42.984544+00:00
2026-08-20,carbon_project_zone,112.63212480214094,-3.034153201986373,330.1099853515625,295.29998779296875,1,VIIRS-SNPP,375,2026-08-29T10:25:02.099155+00:00
2026-08-20,carbon_project_zone,112.63550198863493,-3.034153201986373,330.1099853515625,295.29998779296875,1,VIIRS-SNPP,375,2026-08-29T10:25:02.099157+00:00
2026-08-20,carbon_project_zone,112.63887917512892,-3.034153201986373,330.1099853515625,295.29998779296875,1,VIIRS-SNPP,375,2026-08-29T10:25:02.099160+00:00
2026-08-20,carbon_project_zone,112.63177359446112,-3.0307807497653987,329.30999755859375,293.79998779296875,1,VIIRS-NOAA20,375,2026-08-29T10:25:42.984537+00:00
2026-08-20,carbon_project_zone,112.63515077042443,-3.0307807497653987,329.30999755859375,293.79998779296875,1,VIIRS-NOAA20,375,2026-08-29T10:25:42.984540+00:00
2026-08-20,carbon_project_zone,112.63852794638774,-3.0307807497653987,329.30999755859375,293.79998779296875,1,VIIRS-NOAA20,375,2026-08-29T10:25:42.984542+00:00
2026-08-20,carbon_project_zone,112.66846093825457,-2.9936837753346826,345.25,305.8299865722656,1,VIIRS-SNPP,375,2026-08-29T10:25:02.099150+00:00
2026-08-20,carbon_project_zone,112.67183799915682,-2.9936837753346826,345.25,305.8299865722656,1,VIIRS-SNPP,375,2026-08-29T10:25:02.099153+00:00
2026-08-20,carbon_project_zone,112.67521506005907,-2.9936837753346826,331.42999267578125,297.07000732421875,1,VIIRS-NOAA20,375,2026-08-29T10:25:42.984535+00:00
2026-08-20,carbon_project_zone,112.66136021334378,-2.990311323113709,337.3299865722656,301.8399963378906,1,VIIRS-SNPP,375,2026-08-29T10:25:02.099138+00:00
2026-08-20,carbon_project_zone,112.66473726385652,-2.990311323113709,337.3299865722656,301.8399963378906,1,VIIRS-SNPP,375,2026-08-29T10:25:02.099140+00:00
2026-08-20,carbon_project_zone,112.66811431436926,-2.990311323113709,345.25,305.8299865722656,1,VIIRS-SNPP,375,2026-08-29T10:25:02.099143+00:00
2026-08-20,carbon_project_zone,112.67149136488199,-2.990311323113709,345.25,305.8299865722656,1,VIIRS-SNPP,375,2026-08-29T10:25:02.099145+00:00
2026-08-20,carbon_project_zone,112.67486841539476,-2.990311323113709,331.42999267578125,297.07000732421875,1,VIIRS-NOAA20,375,2026-08-29T10:25:42.984527+00:00
2026-08-20,carbon_project_zone,112.6610140026882,-2.9869388708927342,337.3299865722656,301.8399963378906,1,VIIRS-SNPP,375,2026-08-29T10:25:02.099128+00:00
2026-08-20,carbon_project_zone,112.6643910428232,-2.9869388708927342,337.3299865722656,301.8399963378906,1,VIIRS-SNPP,375,2026-08-29T10:25:02.099131+00:00
2026-08-20,carbon_project_zone,112.66776808295819,-2.9869388708927342,345.25,305.8299865722656,1,VIIRS-SNPP,375,2026-08-29T10:25:02.099133+00:00
2026-08-20,carbon_project_zone,112.6711451230932,-2.9869388708927342,345.25,305.8299865722656,1,VIIRS-SNPP,375,2026-08-29T10:25:02.099136+00:00
2026-08-20,carbon_project_zone,112.6745221632282,-2.9869388708927342,331.42999267578125,297.07000732421875,1,VIIRS-NOAA20,375,2026-08-29T10:25:42.984520+00:00
2026-08-20,carbon_project_zone,112.66066818447733,-2.98356641867176,337.3299865722656,301.8399963378906,1,VIIRS-SNPP,375,2026-08-29T10:25:02.099101+00:00
2026-08-20,carbon_project_zone,112.66404521424634,-2.98356641867176,337.3299865722656,301.8399963378906,1,VIIRS-SNPP,375,2026-08-29T10:25:02.099118+00:00
2026-08-20,carbon_project_zone,112.66742224401536,-2.98356641867176,341.3699951171875,300.55999755859375,1,VIIRS-SNPP,375,2026-08-29T10:25:02.099122+00:00
2026-08-20,carbon_project_zone,112.67079927378437,-2.98356641867176,341.3699951171875,300.55999755859375,1,VIIRS-SNPP,375,2026-08-29T10:25:02.099125+00:00
2026-08-20,carbon_project_zone,112.42159380104786,-3.2432452396867717,334.6099853515625,309.3299865722656,0,VIIRS-SNPP,375,2026-08-29T10:25:02.099410+00:00
2026-08-20,carbon_project_zone,112.4249716634313,-3.2432452396867717,334.6099853515625,309.3299865722656,0,VIIRS-SNPP,375,2026-08-29T10:25:02.099413+00:00
2026-08-20,carbon_project_zone,112.42121902899176,-3.2398727874657975,334.6099853515625,309.3299865722656,0,VIIRS-SNPP,375,2026-08-29T10:25:02.099406+00:00
2026-08-20,carbon_project_zone,112.42459688011463,-3.2398727874657975,334.6099853515625,309.3299865722656,0,VIIRS-SNPP,375,2026-08-29T10:25:02.099408+00:00
2026-08-20,carbon_project_zone,112.42084464892024,-3.2365003352448234,334.6099853515625,309.3299865722656,0,VIIRS-SNPP,375,2026-08-29T10:25:02.099401+00:00
2026-08-20,carbon_project_zone,112.42422248879434,-3.2365003352448234,334.6099853515625,309.3299865722656,0,VIIRS-SNPP,375,2026-08-29T10:25:02.099403+00:00
2026-08-20,carbon_project_zone,112.66508387735232,-2.9936837753346826,330.5400085449219,304.3399963378906,0,VIIRS-SNPP,375,2026-08-29T10:25:02.099148+00:00
2026-08-20,project_area,112.56817561496541,-3.131954316394624,367.0,305.2799987792969,2,VIIRS-SNPP,375,2026-08-29T10:25:02.670177+00:00
2026-08-20,project_area,112.57155311196841,-3.131954316394624,367.0,305.2799987792969,2,VIIRS-SNPP,375,2026-08-29T10:25:02.670180+00:00
2026-08-20,project_area,112.57493060897141,-3.131954316394624,367.0,305.2799987792969,2,VIIRS-SNPP,375,2026-08-29T10:25:02.670182+00:00
2026-08-20,project_area,112.5678132640179,-3.1285818641736496,367.0,305.2799987792969,2,VIIRS-SNPP,375,2026-08-29T10:25:02.670165+00:00
2026-08-20,project_area,112.5711907501489,-3.1285818641736496,367.0,305.2799987792969,2,VIIRS-SNPP,375,2026-08-29T10:25:02.670168+00:00
2026-08-20,project_area,112.57456823627993,-3.1285818641736496,367.0,305.2799987792969,2,VIIRS-SNPP,375,2026-08-29T10:25:02.670170+00:00
2026-08-20,project_area,112.56745130539701,-3.1252094119526754,367.0,296.79998779296875,2,VIIRS-NOAA20,375,2026-08-29T10:25:43.642368+00:00
2026-08-20,project_area,112.57082878066782,-3.1252094119526754,367.0,296.6700134277344,2,VIIRS-NOAA20,375,2026-08-29T10:25:43.642370+00:00
2026-08-20,project_area,112.57420625593862,-3.1252094119526754,367.0,296.6700134277344,2,VIIRS-NOAA20,375,2026-08-29T10:25:43.642373+00:00
2026-08-20,project_area,112.57758373120943,-3.1252094119526754,367.0,296.6700134277344,2,VIIRS-NOAA20,375,2026-08-29T10:25:43.642375+00:00
2026-08-20,project_area,112.56708973909647,-3.1218369597317017,367.0,296.79998779296875,2,VIIRS-NOAA20,375,2026-08-29T10:25:43.642353+00:00
2026-08-20,project_area,112.57046720351885,-3.1218369597317017,367.0,296.6700134277344,2,VIIRS-NOAA20,375,2026-08-29T10:25:43.642356+00:00
2026-08-20,project_area,112.5738446679412,-3.1218369597317017,367.0,296.6700134277344,2,VIIRS-NOAA20,375,2026-08-29T10:25:43.642358+00:00
2026-08-20,project_area,112.57722213236357,-3.1218369597317017,367.0,296.6700134277344,2,VIIRS-NOAA20,375,2026-08-29T10:25:43.642361+00:00
2026-08-20,project_area,112.5701060186957,-3.1184645075107276,367.0,296.6700134277344,2,VIIRS-NOAA20,375,2026-08-29T10:25:43.642341+00:00
2026-08-20,project_area,112.5734834722814,-3.1184645075107276,367.0,296.6700134277344,2,VIIRS-NOAA20,375,2026-08-29T10:25:43.642344+00:00
2026-08-20,project_area,112.57686092586708,-3.1184645075107276,367.0,296.6700134277344,2,VIIRS-NOAA20,375,2026-08-29T10:25:43.642346+00:00
2026-08-20,project_area,112.56974522619211,-3.115092055289753,367.0,296.6700134277344,2,VIIRS-NOAA20,375,2026-08-29T10:25:43.642327+00:00
2026-08-20,project_area,112.57312266895289,-3.115092055289753,367.0,296.6700134277344,2,VIIRS-NOAA20,375,2026-08-29T10:25:43.642330+00:00
2026-08-20,project_area,112.5765001117137,-3.115092055289753,367.0,296.6700134277344,2,VIIRS-NOAA20,375,2026-08-29T10:25:43.642332+00:00
2026-08-20,project_area,112.5689014938656,-3.138699220836572,335.19000244140625,304.2799987792969,1,VIIRS-SNPP,375,2026-08-29T10:25:02.670197+00:00
2026-08-20,project_area,112.57227901264787,-3.138699220836572,335.19000244140625,304.2799987792969,1,VIIRS-SNPP,375,2026-08-29T10:25:02.670199+00:00
2026-08-20,project_area,112.57565653143014,-3.138699220836572,335.19000244140625,304.2799987792969,1,VIIRS-SNPP,375,2026-08-29T10:25:02.670202+00:00
2026-08-20,project_area,112.56178334247238,-3.1353267686155983,337.5199890136719,304.4700012207031,1,VIIRS-SNPP,375,2026-08-29T10:25:02.670184+00:00
2026-08-20,project_area,112.56516085035913,-3.1353267686155983,355.45001220703125,305.8599853515625,1,VIIRS-SNPP,375,2026-08-29T10:25:02.670187+00:00
2026-08-20,project_area,112.56853835824589,-3.1353267686155983,355.45001220703125,305.8599853515625,1,VIIRS-SNPP,375,2026-08-29T10:25:02.670189+00:00
2026-08-20,project_area,112.57191586613264,-3.1353267686155983,355.45001220703125,305.8599853515625,1,VIIRS-SNPP,375,2026-08-29T10:25:02.670191+00:00
2026-08-20,project_area,112.5752933740194,-3.1353267686155983,335.19000244140625,304.2799987792969,1,VIIRS-SNPP,375,2026-08-29T10:25:02.670194+00:00
2026-08-20,project_area,112.56142062095942,-3.131954316394624,337.5199890136719,304.4700012207031,1,VIIRS-SNPP,375,2026-08-29T10:25:02.670173+00:00
2026-08-20,project_area,112.56479811796241,-3.131954316394624,355.45001220703125,305.8599853515625,1,VIIRS-SNPP,375,2026-08-29T10:25:02.670175+00:00
2026-08-20,project_area,112.56105829175586,-3.1285818641736496,337.5199890136719,304.4700012207031,1,VIIRS-SNPP,375,2026-08-29T10:25:02.670161+00:00
2026-08-20,project_area,112.56443577788687,-3.1285818641736496,355.45001220703125,305.8599853515625,1,VIIRS-SNPP,375,2026-08-29T10:25:02.670163+00:00
2026-08-20,project_area,112.5606963548554,-3.1252094119526754,356.1400146484375,295.3500061035156,1,VIIRS-NOAA20,375,2026-08-29T10:25:43.642363+00:00
2026-08-20,project_area,112.5640738301262,-3.1252094119526754,344.0299987792969,299.3699951171875,1,VIIRS-SNPP,375,2026-08-29T10:25:02.670151+00:00
2026-08-20,project_area,112.56033481025173,-3.1218369597317017,356.1400146484375,295.3500061035156,1,VIIRS-NOAA20,375,2026-08-29T10:25:43.642349+00:00
2026-08-20,project_area,112.56371227467409,-3.1218369597317017,343.0,300.6300048828125,1,VIIRS-SNPP,375,2026-08-29T10:25:02.670142+00:00
2026-08-20,project_area,112.5599736579386,-3.1184645075107276,341.05999755859375,296.0299987792969,1,VIIRS-NOAA20,375,2026-08-29T10:25:43.642334+00:00
2026-08-20,project_area,112.5633511115243,-3.1184645075107276,343.0,300.6300048828125,1,VIIRS-SNPP,375,2026-08-29T10:25:02.670132+00:00
2026-08-20,project_area,112.56672856511,-3.1184645075107276,351.989990234375,306.9100036621094,1,VIIRS-SNPP,375,2026-08-29T10:25:02.670135+00:00
2026-08-20,project_area,112.5596128979097,-3.115092055289753,341.05999755859375,296.0299987792969,1,VIIRS-NOAA20,375,2026-08-29T10:25:43.642320+00:00
2026-08-20,project_area,112.5629903406705,-3.115092055289753,341.2300109863281,307.7699890136719,1,VIIRS-SNPP,375,2026-08-29T10:25:02.670120+00:00
2026-08-20,project_area,112.5663677834313,-3.115092055289753,351.989990234375,306.9100036621094,1,VIIRS-SNPP,375,2026-08-29T10:25:02.670122+00:00
2026-08-20,project_area,112.56262996210644,-3.111719603068779,333.0899963378906,294.3800048828125,1,VIIRS-NOAA20,375,2026-08-29T10:25:43.642313+00:00
2026-08-20,project_area,112.56600739405413,-3.111719603068779,333.0899963378906,294.3800048828125,1,VIIRS-NOAA20,375,2026-08-29T10:25:43.642316+00:00
2026-08-20,project_area,112.5693848260018,-3.111719603068779,345.0299987792969,303.0400085449219,1,VIIRS-SNPP,375,2026-08-29T10:25:02.670113+00:00
2026-08-20,project_area,112.57276225794946,-3.111719603068779,345.0299987792969,303.0400085449219,1,VIIRS-SNPP,375,2026-08-29T10:25:02.670115+00:00
2026-08-20,project_area,112.57613968989713,-3.111719603068779,345.0299987792969,303.0400085449219,1,VIIRS-SNPP,375,2026-08-29T10:25:02.670118+00:00
2026-08-20,project_area,112.56902481811849,-3.1083471508478047,345.0299987792969,303.0400085449219,1,VIIRS-SNPP,375,2026-08-29T10:25:02.670106+00:00
2026-08-20,project_area,112.5724022392648,-3.1083471508478047,345.0299987792969,303.0400085449219,1,VIIRS-SNPP,375,2026-08-29T10:25:02.670109+00:00
2026-08-20,project_area,112.57577966041111,-3.1083471508478047,345.0299987792969,303.0400085449219,1,VIIRS-SNPP,375,2026-08-29T10:25:02.670111+00:00
2026-08-20,project_area,112.56866520253595,-3.1049746986268305,345.0299987792969,303.0400085449219,1,VIIRS-SNPP,375,2026-08-29T10:25:02.670101+00:00
2026-08-20,project_area,112.57204261289267,-3.1049746986268305,345.0299987792969,303.0400085449219,1,VIIRS-SNPP,375,2026-08-29T10:25:02.670103+00:00
2026-08-20,project_area,112.62659424030146,-3.0779950808590373,335.95001220703125,296.7699890136719,1,VIIRS-NOAA20,375,2026-08-29T10:25:43.642311+00:00
2026-08-20,project_area,112.6262379628393,-3.074622628638063,336.0899963378906,292.8900146484375,1,VIIRS-NOAA20,375,2026-08-29T10:25:43.642306+00:00
2026-08-20,project_area,112.62961527661939,-3.074622628638063,338.0799865722656,303.3699951171875,1,VIIRS-SNPP,375,2026-08-29T10:25:02.670098+00:00
2026-08-20,project_area,112.62588207782753,-3.071250176417089,336.0899963378906,292.8900146484375,1,VIIRS-NOAA20,375,2026-08-29T10:25:43.642299+00:00
2026-08-20,project_area,112.62925938093572,-3.071250176417089,338.0799865722656,303.3699951171875,1,VIIRS-SNPP,375,2026-08-29T10:25:02.670094+00:00
2026-08-20,project_area,112.6326366840439,-3.071250176417089,338.0799865722656,303.3699951171875,1,VIIRS-SNPP,375,2026-08-29T10:25:02.670096+00:00
2026-08-20,project_area,112.62552658525998,-3.0678777241961144,353.7900085449219,301.04998779296875,1,VIIRS-SNPP,375,2026-08-29T10:25:02.670087+00:00
2026-08-20,project_area,112.62890387770803,-3.0678777241961144,353.7900085449219,301.04998779296875,1,VIIRS-SNPP,375,2026-08-29T10:25:02.670089+00:00
2026-08-20,project_area,112.63228117015608,-3.0678777241961144,341.1700134277344,304.1499938964844,1,VIIRS-SNPP,375,2026-08-29T10:25:02.670092+00:00
2026-08-20,project_area,112.62517148513041,-3.0645052719751407,353.7900085449219,301.04998779296875,1,VIIRS-SNPP,375,2026-08-29T10:25:02.670079+00:00
2026-08-20,project_area,112.62854876693011,-3.0645052719751407,353.7900085449219,301.04998779296875,1,VIIRS-SNPP,375,2026-08-29T10:25:02.670082+00:00
2026-08-20,project_area,112.6319260487298,-3.0645052719751407,341.1700134277344,304.1499938964844,1,VIIRS-SNPP,375,2026-08-29T10:25:02.670084+00:00
2026-08-20,project_area,112.62481677743268,-3.0611328197541665,353.7900085449219,301.04998779296875,1,VIIRS-SNPP,375,2026-08-29T10:25:02.670072+00:00
2026-08-20,project_area,112.6281940485958,-3.0611328197541665,353.7900085449219,301.04998779296875,1,VIIRS-SNPP,375,2026-08-29T10:25:02.670074+00:00
2026-08-20,project_area,112.6315713197589,-3.0611328197541665,341.1700134277344,304.1499938964844,1,VIIRS-SNPP,375,2026-08-29T10:25:02.670077+00:00
2026-08-20,project_area,112.63353355704032,-3.04764301087027,330.4700012207031,299.6400146484375,1,VIIRS-SNPP,375,2026-08-29T10:25:02.670065+00:00
2026-08-20,project_area,112.63691078577473,-3.04764301087027,330.4700012207031,299.6400146484375,1,VIIRS-SNPP,375,2026-08-29T10:25:02.670067+00:00
2026-08-20,project_area,112.64028801450914,-3.04764301087027,330.4700012207031,299.6400146484375,1,VIIRS-SNPP,375,2026-08-29T10:25:02.670069+00:00
2026-08-20,project_area,112.62980356151957,-3.0442705586492953,340.9700012207031,296.55999755859375,1,VIIRS-SNPP,375,2026-08-29T10:25:02.670054+00:00
2026-08-20,project_area,112.63318077967622,-3.0442705586492953,341.82000732421875,296.3599853515625,1,VIIRS-SNPP,375,2026-08-29T10:25:02.670057+00:00
2026-08-20,project_area,112.63655799783288,-3.0442705586492953,341.82000732421875,296.3599853515625,1,VIIRS-SNPP,375,2026-08-29T10:25:02.670060+00:00
2026-08-20,project_area,112.63993521598954,-3.0442705586492953,341.82000732421875,296.3599853515625,1,VIIRS-SNPP,375,2026-08-29T10:25:02.670062+00:00
2026-08-20,project_area,112.6294511871517,-3.040898106428321,340.9700012207031,296.55999755859375,1,VIIRS-SNPP,375,2026-08-29T10:25:02.670045+00:00
2026-08-20,project_area,112.63282839474236,-3.040898106428321,341.82000732421875,296.3599853515625,1,VIIRS-SNPP,375,2026-08-29T10:25:02.670047+00:00
2026-08-20,project_area,112.63620560233304,-3.040898106428321,341.82000732421875,296.3599853515625,1,VIIRS-SNPP,375,2026-08-29T10:25:02.670050+00:00
2026-08-20,project_area,112.6395828099237,-3.040898106428321,341.82000732421875,296.3599853515625,1,VIIRS-SNPP,375,2026-08-29T10:25:02.670052+00:00
2026-08-20,project_area,112.6290992051962,-3.037525654207347,334.3299865722656,294.989990234375,1,VIIRS-NOAA20,375,2026-08-29T10:25:43.642257+00:00
2026-08-20,project_area,112.63247640223264,-3.037525654207347,341.82000732421875,296.3599853515625,1,VIIRS-SNPP,375,2026-08-29T10:25:02.670038+00:00
2026-08-20,project_area,112.63585359926908,-3.037525654207347,341.82000732421875,296.3599853515625,1,VIIRS-SNPP,375,2026-08-29T10:25:02.670040+00:00
2026-08-20,project_area,112.63923079630554,-3.037525654207347,341.82000732421875,296.3599853515625,1,VIIRS-SNPP,375,2026-08-29T10:25:02.670042+00:00
2026-08-20,project_area,112.62874761564694,-3.034153201986373,334.3299865722656,294.989990234375,1,VIIRS-NOAA20,375,2026-08-29T10:25:43.642247+00:00
2026-08-20,project_area,112.63212480214094,-3.034153201986373,330.1099853515625,295.29998779296875,1,VIIRS-SNPP,375,2026-08-29T10:25:02.670031+00:00
2026-08-20,project_area,112.63550198863493,-3.034153201986373,330.1099853515625,295.29998779296875,1,VIIRS-SNPP,375,2026-08-29T10:25:02.670033+00:00
2026-08-20,project_area,112.63887917512892,-3.034153201986373,330.1099853515625,295.29998779296875,1,VIIRS-SNPP,375,2026-08-29T10:25:02.670035+00:00
2026-08-20,project_area,112.63177359446112,-3.0307807497653987,329.30999755859375,293.79998779296875,1,VIIRS-NOAA20,375,2026-08-29T10:25:43.642240+00:00
2026-08-20,project_area,112.63515077042443,-3.0307807497653987,329.30999755859375,293.79998779296875,1,VIIRS-NOAA20,375,2026-08-29T10:25:43.642243+00:00
2026-08-20,project_area,112.63852794638774,-3.0307807497653987,329.30999755859375,293.79998779296875,1,VIIRS-NOAA20,375,2026-08-29T10:25:43.642245+00:00
2026-08-20,project_area,112.66846093825457,-2.9936837753346826,345.25,305.8299865722656,1,VIIRS-SNPP,375,2026-08-29T10:25:02.670026+00:00
2026-08-20,project_area,112.67183799915682,-2.9936837753346826,345.25,305.8299865722656,1,VIIRS-SNPP,375,2026-08-29T10:25:02.670028+00:00
2026-08-20,project_area,112.67521506005907,-2.9936837753346826,331.42999267578125,297.07000732421875,1,VIIRS-NOAA20,375,2026-08-29T10:25:43.642238+00:00
2026-08-20,project_area,112.66811431436926,-2.990311323113709,345.25,305.8299865722656,1,VIIRS-SNPP,375,2026-08-29T10:25:02.670018+00:00
2026-08-20,project_area,112.67149136488199,-2.990311323113709,345.25,305.8299865722656,1,VIIRS-SNPP,375,2026-08-29T10:25:02.670021+00:00
2026-08-20,project_area,112.67486841539476,-2.990311323113709,331.42999267578125,297.07000732421875,1,VIIRS-NOAA20,375,2026-08-29T10:25:43.642230+00:00
2026-08-20,project_area,112.66776808295819,-2.9869388708927342,345.25,305.8299865722656,1,VIIRS-SNPP,375,2026-08-29T10:25:02.670012+00:00
2026-08-20,project_area,112.6711451230932,-2.9869388708927342,345.25,305.8299865722656,1,VIIRS-SNPP,375,2026-08-29T10:25:02.670015+00:00
2026-08-20,project_area,112.6745221632282,-2.9869388708927342,331.42999267578125,297.07000732421875,1,VIIRS-NOAA20,375,2026-08-29T10:25:43.642223+00:00
2026-08-20,project_area,112.66742224401536,-2.98356641867176,341.3699951171875,300.55999755859375,1,VIIRS-SNPP,375,2026-08-29T10:25:02.669992+00:00
2026-08-20,project_area,112.67079927378437,-2.98356641867176,341.3699951171875,300.55999755859375,1,VIIRS-SNPP,375,2026-08-29T10:25:02.670009+00:00
2026-08-20,project_area,112.66508387735232,-2.9936837753346826,330.5400085449219,304.3399963378906,0,VIIRS-SNPP,375,2026-08-29T10:25:02.670023+00:00
2026-08-21,carbon_project_zone,112.41608504172672,-3.1623063863833916,367.0,301.2200012207031,2,VIIRS-NOAA20,375,2026-08-29T10:25:44.437838+00:00
2026-08-21,carbon_project_zone,112.4194626371073,-3.1623063863833916,367.0,301.2200012207031,2,VIIRS-NOAA20,375,2026-08-29T10:25:44.437840+00:00
2026-08-21,carbon_project_zone,112.42284023248789,-3.1623063863833916,367.0,301.2200012207031,2,VIIRS-NOAA20,375,2026-08-29T10:25:44.437843+00:00
2026-08-21,carbon_project_zone,112.41571966454006,-3.1589339341624174,367.0,301.2200012207031,2,VIIRS-NOAA20,375,2026-08-29T10:25:44.437825+00:00
2026-08-21,carbon_project_zone,112.4190972489427,-3.1589339341624174,367.0,301.2200012207031,2,VIIRS-NOAA20,375,2026-08-29T10:25:44.437828+00:00
2026-08-21,carbon_project_zone,112.42247483334536,-3.1589339341624174,367.0,301.2200012207031,2,VIIRS-NOAA20,375,2026-08-29T10:25:44.437830+00:00
2026-08-21,carbon_project_zone,112.39846681201298,-3.1555614819414433,367.0,345.739990234375,2,VIIRS-SNPP,375,2026-08-29T10:25:03.213814+00:00
2026-08-21,carbon_project_zone,112.40184438544946,-3.1555614819414433,367.0,345.739990234375,2,VIIRS-SNPP,375,2026-08-29T10:25:03.213816+00:00
2026-08-21,carbon_project_zone,112.40522195888596,-3.1555614819414433,367.0,345.739990234375,2,VIIRS-SNPP,375,2026-08-29T10:25:03.213818+00:00
2026-08-21,carbon_project_zone,112.41535467919543,-3.1555614819414433,367.0,301.2200012207031,2,VIIRS-NOAA20,375,2026-08-29T10:25:44.437807+00:00
2026-08-21,carbon_project_zone,112.41873225263193,-3.1555614819414433,367.0,301.2200012207031,2,VIIRS-NOAA20,375,2026-08-29T10:25:44.437809+00:00
2026-08-21,carbon_project_zone,112.42210982606842,-3.1555614819414433,367.0,301.2200012207031,2,VIIRS-NOAA20,375,2026-08-29T10:25:44.437811+00:00
2026-08-21,carbon_project_zone,112.39810227327598,-3.152189029720469,367.0,345.739990234375,2,VIIRS-SNPP,375,2026-08-29T10:25:03.213797+00:00
2026-08-21,carbon_project_zone,112.40147983575807,-3.152189029720469,367.0,345.739990234375,2,VIIRS-SNPP,375,2026-08-29T10:25:03.213799+00:00
2026-08-21,carbon_project_zone,112.40485739824018,-3.152189029720469,367.0,345.739990234375,2,VIIRS-SNPP,375,2026-08-29T10:25:03.213802+00:00
2026-08-21,carbon_project_zone,112.39773812630943,-3.148816577499495,367.0,345.739990234375,2,VIIRS-SNPP,375,2026-08-29T10:25:03.213783+00:00
2026-08-21,carbon_project_zone,112.40111567784892,-3.148816577499495,367.0,329.17999267578125,2,VIIRS-SNPP,375,2026-08-29T10:25:03.213785+00:00
2026-08-21,carbon_project_zone,112.40449322938842,-3.148816577499495,367.0,329.17999267578125,2,VIIRS-SNPP,375,2026-08-29T10:25:03.213788+00:00
2026-08-21,carbon_project_zone,112.40787078092791,-3.148816577499495,367.0,329.17999267578125,2,VIIRS-SNPP,375,2026-08-29T10:25:03.213790+00:00
2026-08-21,carbon_project_zone,112.40075191171569,-3.145444125278521,367.0,329.17999267578125,2,VIIRS-SNPP,375,2026-08-29T10:25:03.213772+00:00
2026-08-21,carbon_project_zone,112.40412945232434,-3.145444125278521,367.0,329.17999267578125,2,VIIRS-SNPP,375,2026-08-29T10:25:03.213774+00:00
2026-08-21,carbon_project_zone,112.40750699293298,-3.145444125278521,367.0,329.17999267578125,2,VIIRS-SNPP,375,2026-08-29T10:25:03.213777+00:00
2026-08-21,carbon_project_zone,112.5738446679412,-3.1218369597317017,367.0,305.4599914550781,2,VIIRS-SNPP,375,2026-08-29T10:25:03.213732+00:00
2026-08-21,carbon_project_zone,112.57722213236357,-3.1218369597317017,367.0,305.4599914550781,2,VIIRS-SNPP,375,2026-08-29T10:25:03.213734+00:00
2026-08-21,carbon_project_zone,112.58059959678593,-3.1218369597317017,367.0,305.4599914550781,2,VIIRS-SNPP,375,2026-08-29T10:25:03.213736+00:00
2026-08-21,carbon_project_zone,112.5734834722814,-3.1184645075107276,367.0,305.4599914550781,2,VIIRS-SNPP,375,2026-08-29T10:25:03.213712+00:00
2026-08-21,carbon_project_zone,112.57686092586708,-3.1184645075107276,367.0,305.4599914550781,2,VIIRS-SNPP,375,2026-08-29T10:25:03.213714+00:00
2026-08-21,carbon_project_zone,112.58023837945278,-3.1184645075107276,367.0,305.4599914550781,2,VIIRS-SNPP,375,2026-08-29T10:25:03.213716+00:00
2026-08-21,carbon_project_zone,112.44036396917635,-3.229755430802875,344.8800048828125,301.1000061035156,1,VIIRS-SNPP,375,2026-08-29T10:25:03.213942+00:00
2026-08-21,carbon_project_zone,112.43323508534203,-3.226382978581901,347.5299987792969,304.1600036621094,1,VIIRS-SNPP,375,2026-08-29T10:25:03.213935+00:00
2026-08-21,carbon_project_zone,112.43661289154049,-3.226382978581901,347.5299987792969,304.1600036621094,1,VIIRS-SNPP,375,2026-08-29T10:25:03.213937+00:00
2026-08-21,carbon_project_zone,112.43999069773896,-3.226382978581901,347.5299987792969,304.1600036621094,1,VIIRS-SNPP,375,2026-08-29T10:25:03.213939+00:00
2026-08-21,carbon_project_zone,112.43286222833723,-3.2230105263609268,347.5299987792969,304.1600036621094,1,VIIRS-SNPP,375,2026-08-29T10:25:03.213928+00:00
2026-08-21,carbon_project_zone,112.43624002333404,-3.2230105263609268,347.5299987792969,304.1600036621094,1,VIIRS-SNPP,375,2026-08-29T10:25:03.213931+00:00
2026-08-21,carbon_project_zone,112.43961781833085,-3.2230105263609268,347.5299987792969,304.1600036621094,1,VIIRS-SNPP,375,2026-08-29T10:25:03.213933+00:00
2026-08-21,carbon_project_zone,112.43248976333166,-3.2196380741399526,347.5299987792969,304.1600036621094,1,VIIRS-SNPP,375,2026-08-29T10:25:03.213922+00:00
2026-08-21,carbon_project_zone,112.43586754713859,-3.2196380741399526,347.5299987792969,304.1600036621094,1,VIIRS-SNPP,375,2026-08-29T10:25:03.213924+00:00
2026-08-21,carbon_project_zone,112.43924533094551,-3.2196380741399526,347.5299987792969,304.1600036621094,1,VIIRS-SNPP,375,2026-08-29T10:25:03.213926+00:00
2026-08-21,carbon_project_zone,112.43965723861866,-3.1926584563721594,341.6600036621094,302.8999938964844,1,VIIRS-SNPP,375,2026-08-29T10:25:03.213915+00:00
2026-08-21,carbon_project_zone,112.44303493333048,-3.1926584563721594,341.6600036621094,302.8999938964844,1,VIIRS-SNPP,375,2026-08-29T10:25:03.213917+00:00
2026-08-21,carbon_project_zone,112.44641262804228,-3.1926584563721594,341.6600036621094,302.8999938964844,1,VIIRS-SNPP,375,2026-08-29T10:25:03.213919+00:00
2026-08-21,carbon_project_zone,112.43928826806376,-3.189286004151185,341.6600036621094,302.8999938964844,1,VIIRS-SNPP,375,2026-08-29T10:25:03.213909+00:00
2026-08-21,carbon_project_zone,112.44266595169167,-3.189286004151185,341.6600036621094,302.8999938964844,1,VIIRS-SNPP,375,2026-08-29T10:25:03.213911+00:00
2026-08-21,carbon_project_zone,112.44604363531957,-3.189286004151185,341.6600036621094,302.8999938964844,1,VIIRS-SNPP,375,2026-08-29T10:25:03.213913+00:00
2026-08-21,carbon_project_zone,112.43891968947894,-3.1859135519302106,341.6600036621094,302.8999938964844,1,VIIRS-SNPP,375,2026-08-29T10:25:03.213902+00:00
2026-08-21,carbon_project_zone,112.44229736203474,-3.1859135519302106,341.6600036621094,302.8999938964844,1,VIIRS-SNPP,375,2026-08-29T10:25:03.213904+00:00
2026-08-21,carbon_project_zone,112.44567503459051,-3.1859135519302106,341.6600036621094,302.8999938964844,1,VIIRS-SNPP,375,2026-08-29T10:25:03.213906+00:00
2026-08-21,carbon_project_zone,112.38076365059739,-3.1791686474882628,334.20001220703125,304.0199890136719,1,VIIRS-SNPP,375,2026-08-29T10:25:03.213895+00:00
2026-08-21,carbon_project_zone,112.38414130104425,-3.1791686474882628,334.20001220703125,304.0199890136719,1,VIIRS-SNPP,375,2026-08-29T10:25:03.213897+00:00
2026-08-21,carbon_project_zone,112.38751895149112,-3.1791686474882628,334.20001220703125,304.0199890136719,1,VIIRS-SNPP,375,2026-08-29T10:25:03.213899+00:00
2026-08-21,carbon_project_zone,112.38039643551004,-3.175796195267288,334.20001220703125,304.0199890136719,1,VIIRS-SNPP,375,2026-08-29T10:25:03.213888+00:00
2026-08-21,carbon_project_zone,112.38377407492011,-3.175796195267288,334.20001220703125,304.0199890136719,1,VIIRS-SNPP,375,2026-08-29T10:25:03.213891+00:00
2026-08-21,carbon_project_zone,112.38715171433016,-3.175796195267288,334.20001220703125,304.0199890136719,1,VIIRS-SNPP,375,2026-08-29T10:25:03.213893+00:00
2026-08-21,carbon_project_zone,112.4276833872508,-3.175796195267288,331.489990234375,299.8699951171875,1,VIIRS-NOAA20,375,2026-08-29T10:25:44.437894+00:00
2026-08-21,carbon_project_zone,112.43106102666083,-3.175796195267288,331.489990234375,299.8699951171875,1,VIIRS-NOAA20,375,2026-08-29T10:25:44.437897+00:00
2026-08-21,carbon_project_zone,112.4344386660709,-3.175796195267288,331.489990234375,299.8699951171875,1,VIIRS-NOAA20,375,2026-08-29T10:25:44.437899+00:00
2026-08-21,carbon_project_zone,112.42056115278734,-3.172423743046314,332.8599853515625,300.8699951171875,1,VIIRS-NOAA20,375,2026-08-29T10:25:44.437877+00:00
2026-08-21,carbon_project_zone,112.42393878117237,-3.172423743046314,332.8599853515625,300.8699951171875,1,VIIRS-NOAA20,375,2026-08-29T10:25:44.437880+00:00
2026-08-21,carbon_project_zone,112.42731640955739,-3.172423743046314,332.8599853515625,300.8699951171875,1,VIIRS-NOAA20,375,2026-08-29T10:25:44.437882+00:00
2026-08-21,carbon_project_zone,112.43069403794242,-3.172423743046314,331.489990234375,299.8699951171875,1,VIIRS-NOAA20,375,2026-08-29T10:25:44.437885+00:00
2026-08-21,carbon_project_zone,112.43407166632744,-3.172423743046314,331.489990234375,299.8699951171875,1,VIIRS-NOAA20,375,2026-08-29T10:25:44.437887+00:00
2026-08-21,carbon_project_zone,112.41006173690792,-3.16905129082534,306.6199951171875,291.8999938964844,1,VIIRS-NOAA20,375,2026-08-29T10:25:44.437859+00:00
2026-08-21,carbon_project_zone,112.4134393542797,-3.16905129082534,338.1099853515625,303.260009765625,1,VIIRS-SNPP,375,2026-08-29T10:25:03.213877+00:00
2026-08-21,carbon_project_zone,112.41681697165147,-3.16905129082534,341.29998779296875,307.7799987792969,1,VIIRS-SNPP,375,2026-08-29T10:25:03.213880+00:00
2026-08-21,carbon_project_zone,112.42019458902325,-3.16905129082534,352.6199951171875,304.6600036621094,1,VIIRS-SNPP,375,2026-08-29T10:25:03.213882+00:00
2026-08-21,carbon_project_zone,112.42357220639502,-3.16905129082534,352.6199951171875,304.6600036621094,1,VIIRS-SNPP,375,2026-08-29T10:25:03.213884+00:00
2026-08-21,carbon_project_zone,112.42694982376678,-3.16905129082534,352.6199951171875,304.6600036621094,1,VIIRS-SNPP,375,2026-08-29T10:25:03.213886+00:00
2026-08-21,carbon_project_zone,112.43032744113856,-3.16905129082534,331.489990234375,299.8699951171875,1,VIIRS-NOAA20,375,2026-08-29T10:25:44.437873+00:00
2026-08-21,carbon_project_zone,112.43370505851033,-3.16905129082534,331.489990234375,299.8699951171875,1,VIIRS-NOAA20,375,2026-08-29T10:25:44.437875+00:00
2026-08-21,carbon_project_zone,112.40969559802114,-3.1656788386043657,334.489990234375,301.8599853515625,1,VIIRS-SNPP,375,2026-08-29T10:25:03.213865+00:00
2026-08-21,carbon_project_zone,112.41307320439144,-3.1656788386043657,338.1099853515625,303.260009765625,1,VIIRS-SNPP,375,2026-08-29T10:25:03.213867+00:00
2026-08-21,carbon_project_zone,112.41645081076173,-3.1656788386043657,342.75,306.82000732421875,1,VIIRS-SNPP,375,2026-08-29T10:25:03.213869+00:00
2026-08-21,carbon_project_zone,112.41982841713202,-3.1656788386043657,352.6199951171875,304.6600036621094,1,VIIRS-SNPP,375,2026-08-29T10:25:03.213871+00:00
2026-08-21,carbon_project_zone,112.42320602350232,-3.1656788386043657,352.6199951171875,304.6600036621094,1,VIIRS-SNPP,375,2026-08-29T10:25:03.213873+00:00
2026-08-21,carbon_project_zone,112.4265836298726,-3.1656788386043657,352.6199951171875,304.6600036621094,1,VIIRS-SNPP,375,2026-08-29T10:25:03.213875+00:00
2026-08-21,carbon_project_zone,112.40595225558496,-3.1623063863833916,344.8500061035156,300.6400146484375,1,VIIRS-SNPP,375,2026-08-29T10:25:03.213849+00:00
2026-08-21,carbon_project_zone,112.40932985096555,-3.1623063863833916,344.8500061035156,300.6400146484375,1,VIIRS-SNPP,375,2026-08-29T10:25:03.213851+00:00
2026-08-21,carbon_project_zone,112.41270744634613,-3.1623063863833916,344.8500061035156,300.6400146484375,1,VIIRS-SNPP,375,2026-08-29T10:25:03.213854+00:00
2026-08-21,carbon_project_zone,112.42621782786847,-3.1623063863833916,352.6199951171875,304.6600036621094,1,VIIRS-SNPP,375,2026-08-29T10:25:03.213863+00:00
2026-08-21,carbon_project_zone,112.3988317425268,-3.1589339341624174,350.54998779296875,304.4700012207031,1,VIIRS-SNPP,375,2026-08-29T10:25:03.213832+00:00
2026-08-21,carbon_project_zone,112.40220932692945,-3.1589339341624174,350.54998779296875,304.4700012207031,1,VIIRS-SNPP,375,2026-08-29T10:25:03.213834+00:00
2026-08-21,carbon_project_zone,112.4055869113321,-3.1589339341624174,350.54998779296875,304.4700012207031,1,VIIRS-SNPP,375,2026-08-29T10:25:03.213836+00:00
2026-08-21,carbon_project_zone,112.40896449573475,-3.1589339341624174,347.75,302.6600036621094,1,VIIRS-SNPP,375,2026-08-29T10:25:03.213838+00:00
2026-08-21,carbon_project_zone,112.41234208013739,-3.1589339341624174,352.7099914550781,302.7099914550781,1,VIIRS-SNPP,375,2026-08-29T10:25:03.213840+00:00
2026-08-21,carbon_project_zone,112.40859953232246,-3.1555614819414433,352.8699951171875,306.6000061035156,1,VIIRS-SNPP,375,2026-08-29T10:25:03.213820+00:00
2026-08-21,carbon_project_zone,112.41197710575894,-3.1555614819414433,352.7099914550781,302.7099914550781,1,VIIRS-SNPP,375,2026-08-29T10:25:03.213823+00:00
2026-08-21,carbon_project_zone,112.39472471079385,-3.152189029720469,332.2300109863281,291.7799987792969,1,VIIRS-NOAA20,375,2026-08-29T10:25:44.437774+00:00
2026-08-21,carbon_project_zone,112.40823496072227,-3.152189029720469,353.2699890136719,319.8299865722656,1,VIIRS-SNPP,375,2026-08-29T10:25:03.213804+00:00
2026-08-21,carbon_project_zone,112.41161252320438,-3.152189029720469,352.7099914550781,302.7099914550781,1,VIIRS-SNPP,375,2026-08-29T10:25:03.213806+00:00
2026-08-21,carbon_project_zone,112.41499008568648,-3.152189029720469,352.7099914550781,302.7099914550781,1,VIIRS-SNPP,375,2026-08-29T10:25:03.213809+00:00
2026-08-21,carbon_project_zone,112.4183676481686,-3.152189029720469,352.7099914550781,302.7099914550781,1,VIIRS-SNPP,375,2026-08-29T10:25:03.213811+00:00
2026-08-21,carbon_project_zone,112.42174521065068,-3.152189029720469,342.4599914550781,298.4200134277344,1,VIIRS-NOAA20,375,2026-08-29T10:25:44.437793+00:00
2026-08-21,carbon_project_zone,112.39436057476993,-3.148816577499495,332.2300109863281,291.7799987792969,1,VIIRS-NOAA20,375,2026-08-29T10:25:44.437759+00:00
2026-08-21,carbon_project_zone,112.4112483324674,-3.148816577499495,350.1700134277344,304.7200012207031,1,VIIRS-SNPP,375,2026-08-29T10:25:03.213792+00:00
2026-08-21,carbon_project_zone,112.4146258840069,-3.148816577499495,350.1700134277344,304.7200012207031,1,VIIRS-SNPP,375,2026-08-29T10:25:03.213794+00:00
2026-08-21,carbon_project_zone,112.41800343554638,-3.148816577499495,302.3599853515625,291.7099914550781,1,VIIRS-NOAA20,375,2026-08-29T10:25:44.437772+00:00
2026-08-21,carbon_project_zone,112.3939968304984,-3.145444125278521,332.2300109863281,291.7799987792969,1,VIIRS-NOAA20,375,2026-08-29T10:25:44.437746+00:00
2026-08-21,carbon_project_zone,112.39737437110705,-3.145444125278521,344.04998779296875,301.17999267578125,1,VIIRS-SNPP,375,2026-08-29T10:25:03.213770+00:00
2026-08-21,carbon_project_zone,112.41088453354162,-3.145444125278521,345.3399963378906,298.010009765625,1,VIIRS-SNPP,375,2026-08-29T10:25:03.213779+00:00
2026-08-21,carbon_project_zone,112.41426207415029,-3.145444125278521,331.45001220703125,294.70001220703125,1,VIIRS-SNPP,375,2026-08-29T10:25:03.213781+00:00
2026-08-21,carbon_project_zone,112.38350088890415,-3.1420716730575466,304.1700134277344,292.1199951171875,1,VIIRS-NOAA20,375,2026-08-29T10:25:44.437733+00:00
2026-08-21,carbon_project_zone,112.38687841859372,-3.1420716730575466,304.1700134277344,292.1199951171875,1,VIIRS-NOAA20,375,2026-08-29T10:25:44.437735+00:00
2026-08-21,carbon_project_zone,112.3902559482833,-3.1420716730575466,304.1700134277344,292.1199951171875,1,VIIRS-NOAA20,375,2026-08-29T10:25:44.437737+00:00
2026-08-21,carbon_project_zone,112.40376606704162,-3.1420716730575466,333.5199890136719,296.25,1,VIIRS-SNPP,375,2026-08-29T10:25:03.213763+00:00
2026-08-21,carbon_project_zone,112.40714359673119,-3.1420716730575466,333.5199890136719,296.25,1,VIIRS-SNPP,375,2026-08-29T10:25:03.213765+00:00
2026-08-21,carbon_project_zone,112.41052112642076,-3.1420716730575466,333.5199890136719,296.25,1,VIIRS-SNPP,375,2026-08-29T10:25:03.213768+00:00
2026-08-21,carbon_project_zone,112.38313796084026,-3.138699220836572,304.1700134277344,292.1199951171875,1,VIIRS-NOAA20,375,2026-08-29T10:25:44.437719+00:00
2026-08-21,carbon_project_zone,112.38651547962253,-3.138699220836572,304.1700134277344,292.1199951171875,1,VIIRS-NOAA20,375,2026-08-29T10:25:44.437721+00:00
2026-08-21,carbon_project_zone,112.3898929984048,-3.138699220836572,304.1700134277344,292.1199951171875,1,VIIRS-NOAA20,375,2026-08-29T10:25:44.437724+00:00
2026-08-21,carbon_project_zone,112.40340307353392,-3.138699220836572,346.5,294.1099853515625,1,VIIRS-NOAA20,375,2026-08-29T10:25:44.437726+00:00
2026-08-21,carbon_project_zone,112.4067805923162,-3.138699220836572,346.5,294.1099853515625,1,VIIRS-NOAA20,375,2026-08-29T10:25:44.437728+00:00
2026-08-21,carbon_project_zone,112.41015811109847,-3.138699220836572,346.5,294.1099853515625,1,VIIRS-NOAA20,375,2026-08-29T10:25:44.437731+00:00
2026-08-21,carbon_project_zone,112.38277542447447,-3.1353267686155983,304.1700134277344,292.1199951171875,1,VIIRS-NOAA20,375,2026-08-29T10:25:44.437713+00:00
2026-08-21,carbon_project_zone,112.38615293236123,-3.1353267686155983,304.1700134277344,292.1199951171875,1,VIIRS-NOAA20,375,2026-08-29T10:25:44.437715+00:00
2026-08-21,carbon_project_zone,112.38953044024797,-3.1353267686155983,304.1700134277344,292.1199951171875,1,VIIRS-NOAA20,375,2026-08-29T10:25:44.437717+00:00
2026-08-21,carbon_project_zone,112.5678132640179,-3.1285818641736496,339.5,302.260009765625,1,VIIRS-SNPP,375,2026-08-29T10:25:03.213757+00:00
2026-08-21,carbon_project_zone,112.5711907501489,-3.1285818641736496,339.5,302.260009765625,1,VIIRS-SNPP,375,2026-08-29T10:25:03.213759+00:00
2026-08-21,carbon_project_zone,112.57456823627993,-3.1285818641736496,339.5,302.260009765625,1,VIIRS-SNPP,375,2026-08-29T10:25:03.213761+00:00
2026-08-21,carbon_project_zone,112.5573188795846,-3.1252094119526754,348.0400085449219,304.8900146484375,1,VIIRS-SNPP,375,2026-08-29T10:25:03.213741+00:00
2026-08-21,carbon_project_zone,112.5606963548554,-3.1252094119526754,348.0400085449219,304.8900146484375,1,VIIRS-SNPP,375,2026-08-29T10:25:03.213744+00:00
2026-08-21,carbon_project_zone,112.5640738301262,-3.1252094119526754,348.0400085449219,304.8900146484375,1,VIIRS-SNPP,375,2026-08-29T10:25:03.213746+00:00
2026-08-21,carbon_project_zone,112.56745130539701,-3.1252094119526754,339.5,302.260009765625,1,VIIRS-SNPP,375,2026-08-29T10:25:03.213748+00:00
2026-08-21,carbon_project_zone,112.57082878066782,-3.1252094119526754,339.5,302.260009765625,1,VIIRS-SNPP,375,2026-08-29T10:25:03.213750+00:00
2026-08-21,carbon_project_zone,112.57420625593862,-3.1252094119526754,339.5,302.260009765625,1,VIIRS-SNPP,375,2026-08-29T10:25:03.213752+00:00
2026-08-21,carbon_project_zone,112.57758373120943,-3.1252094119526754,306.3800048828125,290.25,1,VIIRS-SNPP,375,2026-08-29T10:25:03.213755+00:00
2026-08-21,carbon_project_zone,112.55695734582937,-3.1218369597317017,348.5400085449219,302.3299865722656,1,VIIRS-SNPP,375,2026-08-29T10:25:03.213721+00:00
2026-08-21,carbon_project_zone,112.56033481025173,-3.1218369597317017,348.5400085449219,302.3299865722656,1,VIIRS-SNPP,375,2026-08-29T10:25:03.213723+00:00
2026-08-21,carbon_project_zone,112.56371227467409,-3.1218369597317017,348.5400085449219,302.3299865722656,1,VIIRS-SNPP,375,2026-08-29T10:25:03.213725+00:00
2026-08-21,carbon_project_zone,112.56708973909647,-3.1218369597317017,339.5,302.260009765625,1,VIIRS-SNPP,375,2026-08-29T10:25:03.213727+00:00
2026-08-21,carbon_project_zone,112.57046720351885,-3.1218369597317017,339.5,302.260009765625,1,VIIRS-SNPP,375,2026-08-29T10:25:03.213730+00:00
2026-08-21,carbon_project_zone,112.5839770612083,-3.1218369597317017,348.32000732421875,305.3900146484375,1,VIIRS-SNPP,375,2026-08-29T10:25:03.213739+00:00
2026-08-21,carbon_project_zone,112.55659620435291,-3.1184645075107276,348.5400085449219,302.3299865722656,1,VIIRS-SNPP,375,2026-08-29T10:25:03.213700+00:00
2026-08-21,carbon_project_zone,112.5599736579386,-3.1184645075107276,348.5400085449219,302.3299865722656,1,VIIRS-SNPP,375,2026-08-29T10:25:03.213702+00:00
2026-08-21,carbon_project_zone,112.5633511115243,-3.1184645075107276,348.5400085449219,302.3299865722656,1,VIIRS-SNPP,375,2026-08-29T10:25:03.213705+00:00
2026-08-21,carbon_project_zone,112.56672856511,-3.1184645075107276,339.2099914550781,302.67999267578125,1,VIIRS-SNPP,375,2026-08-29T10:25:03.213707+00:00
2026-08-21,carbon_project_zone,112.5701060186957,-3.1184645075107276,345.9700012207031,304.4700012207031,1,VIIRS-SNPP,375,2026-08-29T10:25:03.213709+00:00
2026-08-21,carbon_project_zone,112.58361583303848,-3.1184645075107276,348.32000732421875,305.3900146484375,1,VIIRS-SNPP,375,2026-08-29T10:25:03.213718+00:00
2026-08-21,carbon_project_zone,112.5663677834313,-3.115092055289753,302.3500061035156,291.5,1,VIIRS-SNPP,375,2026-08-29T10:25:03.213686+00:00
2026-08-21,carbon_project_zone,112.56974522619211,-3.115092055289753,348.2200012207031,303.4100036621094,1,VIIRS-SNPP,375,2026-08-29T10:25:03.213688+00:00
2026-08-21,carbon_project_zone,112.57312266895289,-3.115092055289753,348.2200012207031,303.4100036621094,1,VIIRS-SNPP,375,2026-08-29T10:25:03.213690+00:00
2026-08-21,carbon_project_zone,112.5765001117137,-3.115092055289753,348.2200012207031,303.4100036621094,1,VIIRS-SNPP,375,2026-08-29T10:25:03.213693+00:00
2026-08-21,carbon_project_zone,112.57987755447449,-3.115092055289753,341.4700012207031,306.07000732421875,1,VIIRS-SNPP,375,2026-08-29T10:25:03.213695+00:00
2026-08-21,carbon_project_zone,112.5832549972353,-3.115092055289753,338.9700012207031,305.5,1,VIIRS-SNPP,375,2026-08-29T10:25:03.213698+00:00
2026-08-21,carbon_project_zone,112.56600739405413,-3.111719603068779,344.7099914550781,298.20001220703125,1,VIIRS-NOAA20,375,2026-08-29T10:25:44.437611+00:00
2026-08-21,carbon_project_zone,112.5693848260018,-3.111719603068779,348.2200012207031,303.4100036621094,1,VIIRS-SNPP,375,2026-08-29T10:25:03.213674+00:00
2026-08-21,carbon_project_zone,112.57276225794946,-3.111719603068779,348.2200012207031,303.4100036621094,1,VIIRS-SNPP,375,2026-08-29T10:25:03.213677+00:00
2026-08-21,carbon_project_zone,112.57613968989713,-3.111719603068779,348.2200012207031,303.4100036621094,1,VIIRS-SNPP,375,2026-08-29T10:25:03.213679+00:00
2026-08-21,carbon_project_zone,112.57951712184479,-3.111719603068779,338.2799987792969,304.2099914550781,1,VIIRS-SNPP,375,2026-08-29T10:25:03.213682+00:00
2026-08-21,carbon_project_zone,112.58289455379249,-3.111719603068779,338.2799987792969,304.2099914550781,1,VIIRS-SNPP,375,2026-08-29T10:25:03.213684+00:00
2026-08-21,carbon_project_zone,112.56564739697218,-3.1083471508478047,344.7099914550781,298.20001220703125,1,VIIRS-NOAA20,375,2026-08-29T10:25:44.437601+00:00
2026-08-21,carbon_project_zone,112.56902481811849,-3.1083471508478047,348.2200012207031,303.4100036621094,1,VIIRS-SNPP,375,2026-08-29T10:25:03.213665+00:00
2026-08-21,carbon_project_zone,112.5724022392648,-3.1083471508478047,348.2200012207031,303.4100036621094,1,VIIRS-SNPP,375,2026-08-29T10:25:03.213667+00:00
2026-08-21,carbon_project_zone,112.57577966041111,-3.1083471508478047,348.2200012207031,303.4100036621094,1,VIIRS-SNPP,375,2026-08-29T10:25:03.213670+00:00
2026-08-21,carbon_project_zone,112.57915708155741,-3.1083471508478047,334.70001220703125,303.989990234375,1,VIIRS-SNPP,375,2026-08-29T10:25:03.213672+00:00
2026-08-21,carbon_project_zone,112.56866520253595,-3.1049746986268305,344.25,306.1199951171875,1,VIIRS-SNPP,375,2026-08-29T10:25:03.213656+00:00
2026-08-21,carbon_project_zone,112.57204261289267,-3.1049746986268305,344.25,306.1199951171875,1,VIIRS-SNPP,375,2026-08-29T10:25:03.213658+00:00
2026-08-21,carbon_project_zone,112.5754200232494,-3.1049746986268305,344.25,306.1199951171875,1,VIIRS-SNPP,375,2026-08-29T10:25:03.213660+00:00
2026-08-21,carbon_project_zone,112.57879743360613,-3.1049746986268305,334.70001220703125,303.989990234375,1,VIIRS-SNPP,375,2026-08-29T10:25:03.213663+00:00
2026-08-21,carbon_project_zone,112.56830597924791,-3.1016022464058564,344.25,306.1199951171875,1,VIIRS-SNPP,375,2026-08-29T10:25:03.213649+00:00
2026-08-21,carbon_project_zone,112.57168337882683,-3.1016022464058564,344.25,306.1199951171875,1,VIIRS-SNPP,375,2026-08-29T10:25:03.213652+00:00
2026-08-21,carbon_project_zone,112.57506077840574,-3.1016022464058564,344.25,306.1199951171875,1,VIIRS-SNPP,375,2026-08-29T10:25:03.213654+00:00
2026-08-21,carbon_project_zone,112.57843817798464,-3.1016022464058564,343.4700012207031,303.510009765625,1,VIIRS-NOAA20,375,2026-08-29T10:25:44.437590+00:00
2026-08-21,carbon_project_zone,112.47338026148799,-3.098229794184882,342.42999267578125,302.29998779296875,1,VIIRS-NOAA20,375,2026-08-29T10:25:44.437569+00:00
2026-08-21,carbon_project_zone,112.47675765030084,-3.098229794184882,342.42999267578125,302.29998779296875,1,VIIRS-NOAA20,375,2026-08-29T10:25:44.437571+00:00
2026-08-21,carbon_project_zone,112.4801350391137,-3.098229794184882,342.42999267578125,302.29998779296875,1,VIIRS-NOAA20,375,2026-08-29T10:25:44.437574+00:00
2026-08-21,carbon_project_zone,112.56794714824814,-3.098229794184882,344.1600036621094,301.6199951171875,1,VIIRS-SNPP,375,2026-08-29T10:25:03.213642+00:00
2026-08-21,carbon_project_zone,112.57132453706102,-3.098229794184882,344.1600036621094,301.6199951171875,1,VIIRS-SNPP,375,2026-08-29T10:25:03.213644+00:00
2026-08-21,carbon_project_zone,112.57470192587387,-3.098229794184882,344.1600036621094,301.6199951171875,1,VIIRS-SNPP,375,2026-08-29T10:25:03.213647+00:00
2026-08-21,carbon_project_zone,112.57807931468673,-3.098229794184882,343.4700012207031,303.510009765625,1,VIIRS-NOAA20,375,2026-08-29T10:25:44.437582+00:00
2026-08-21,carbon_project_zone,112.46964474583142,-3.094857341963908,338.6400146484375,309.94000244140625,1,VIIRS-SNPP,375,2026-08-29T10:25:03.213620+00:00
2026-08-21,carbon_project_zone,112.47302212389,-3.094857341963908,338.6400146484375,309.94000244140625,1,VIIRS-SNPP,375,2026-08-29T10:25:03.213636+00:00
2026-08-21,carbon_project_zone,112.47639950194859,-3.094857341963908,338.6400146484375,309.94000244140625,1,VIIRS-SNPP,375,2026-08-29T10:25:03.213639+00:00
2026-08-21,carbon_project_zone,112.47977688000718,-3.094857341963908,342.42999267578125,302.29998779296875,1,VIIRS-NOAA20,375,2026-08-29T10:25:44.437567+00:00
2026-08-21,carbon_project_zone,112.4692870109222,-3.091484889742934,338.6400146484375,309.94000244140625,1,VIIRS-SNPP,375,2026-08-29T10:25:03.213612+00:00
2026-08-21,carbon_project_zone,112.47266437823826,-3.091484889742934,338.6400146484375,309.94000244140625,1,VIIRS-SNPP,375,2026-08-29T10:25:03.213615+00:00
2026-08-21,carbon_project_zone,112.47604174555434,-3.091484889742934,338.6400146484375,309.94000244140625,1,VIIRS-SNPP,375,2026-08-29T10:25:03.213617+00:00
2026-08-21,carbon_project_zone,112.47941911287043,-3.091484889742934,342.42999267578125,302.29998779296875,1,VIIRS-NOAA20,375,2026-08-29T10:25:44.437560+00:00
2026-08-21,carbon_project_zone,112.46892966794123,-3.0881124375219597,338.6400146484375,309.94000244140625,1,VIIRS-SNPP,375,2026-08-29T10:25:03.213605+00:00
2026-08-21,carbon_project_zone,112.47230702452656,-3.0881124375219597,338.6400146484375,309.94000244140625,1,VIIRS-SNPP,375,2026-08-29T10:25:03.213608+00:00
2026-08-21,carbon_project_zone,112.47568438111189,-3.0881124375219597,338.6400146484375,309.94000244140625,1,VIIRS-SNPP,375,2026-08-29T10:25:03.213610+00:00
2026-08-21,carbon_project_zone,112.49825591067943,-3.0779950808590373,353.3299865722656,301.45001220703125,1,VIIRS-NOAA20,375,2026-08-29T10:25:44.437549+00:00
2026-08-21,carbon_project_zone,112.50163323514316,-3.0779950808590373,353.3299865722656,301.45001220703125,1,VIIRS-NOAA20,375,2026-08-29T10:25:44.437551+00:00
2026-08-21,carbon_project_zone,112.50501055960689,-3.0779950808590373,353.3299865722656,301.45001220703125,1,VIIRS-NOAA20,375,2026-08-29T10:25:44.437554+00:00
2026-08-21,carbon_project_zone,112.49452272541639,-3.074622628638063,333.9800109863281,302.5400085449219,1,VIIRS-SNPP,375,2026-08-29T10:25:03.213595+00:00
2026-08-21,carbon_project_zone,112.49790003919647,-3.074622628638063,348.20001220703125,304.3699951171875,1,VIIRS-SNPP,375,2026-08-29T10:25:03.213598+00:00
2026-08-21,carbon_project_zone,112.50127735297653,-3.074622628638063,348.20001220703125,304.3699951171875,1,VIIRS-SNPP,375,2026-08-29T10:25:03.213601+00:00
2026-08-21,carbon_project_zone,112.50465466675661,-3.074622628638063,348.20001220703125,304.3699951171875,1,VIIRS-SNPP,375,2026-08-29T10:25:03.213603+00:00
2026-08-21,carbon_project_zone,112.49416725660852,-3.071250176417089,333.9800109863281,302.5400085449219,1,VIIRS-SNPP,375,2026-08-29T10:25:03.213585+00:00
2026-08-21,carbon_project_zone,112.49754455971669,-3.071250176417089,348.20001220703125,304.3699951171875,1,VIIRS-SNPP,375,2026-08-29T10:25:03.213587+00:00
2026-08-21,carbon_project_zone,112.50092186282487,-3.071250176417089,348.20001220703125,304.3699951171875,1,VIIRS-SNPP,375,2026-08-29T10:25:03.213590+00:00
2026-08-21,carbon_project_zone,112.50429916593305,-3.071250176417089,348.20001220703125,304.3699951171875,1,VIIRS-SNPP,375,2026-08-29T10:25:03.213592+00:00
2026-08-21,carbon_project_zone,112.61877200036386,-3.0678777241961144,350.2900085449219,306.70001220703125,1,VIIRS-SNPP,375,2026-08-29T10:25:03.213576+00:00
2026-08-21,carbon_project_zone,112.62214929281191,-3.0678777241961144,350.2900085449219,306.70001220703125,1,VIIRS-SNPP,375,2026-08-29T10:25:03.213578+00:00
2026-08-21,carbon_project_zone,112.62552658525998,-3.0678777241961144,350.2900085449219,306.70001220703125,1,VIIRS-SNPP,375,2026-08-29T10:25:03.213580+00:00
2026-08-21,carbon_project_zone,112.61166235793164,-3.0645052719751407,331.5299987792969,298.6499938964844,1,VIIRS-NOAA20,375,2026-08-29T10:25:44.437518+00:00
2026-08-21,carbon_project_zone,112.61503963973134,-3.0645052719751407,348.2799987792969,306.0899963378906,1,VIIRS-SNPP,375,2026-08-29T10:25:03.213564+00:00
2026-08-21,carbon_project_zone,112.61841692153102,-3.0645052719751407,350.2900085449219,306.70001220703125,1,VIIRS-SNPP,375,2026-08-29T10:25:03.213566+00:00
2026-08-21,carbon_project_zone,112.62179420333071,-3.0645052719751407,350.2900085449219,306.70001220703125,1,VIIRS-SNPP,375,2026-08-29T10:25:03.213568+00:00
2026-08-21,carbon_project_zone,112.62517148513041,-3.0645052719751407,350.2900085449219,306.70001220703125,1,VIIRS-SNPP,375,2026-08-29T10:25:03.213571+00:00
2026-08-21,carbon_project_zone,112.61130769278027,-3.0611328197541665,331.5299987792969,298.6499938964844,1,VIIRS-NOAA20,375,2026-08-29T10:25:44.437508+00:00
2026-08-21,carbon_project_zone,112.61468496394338,-3.0611328197541665,348.2799987792969,306.0899963378906,1,VIIRS-SNPP,375,2026-08-29T10:25:03.213551+00:00
2026-08-21,carbon_project_zone,112.61806223510649,-3.0611328197541665,352.92999267578125,304.5199890136719,1,VIIRS-SNPP,375,2026-08-29T10:25:03.213554+00:00
2026-08-21,carbon_project_zone,112.62143950626958,-3.0611328197541665,352.92999267578125,304.5199890136719,1,VIIRS-SNPP,375,2026-08-29T10:25:03.213556+00:00
2026-08-21,carbon_project_zone,112.62481677743268,-3.0611328197541665,352.92999267578125,304.5199890136719,1,VIIRS-SNPP,375,2026-08-29T10:25:03.213559+00:00
2026-08-21,carbon_project_zone,112.61095342000755,-3.057760367533192,331.5299987792969,298.6499938964844,1,VIIRS-NOAA20,375,2026-08-29T10:25:44.437501+00:00
2026-08-21,carbon_project_zone,112.61433068054582,-3.057760367533192,348.2799987792969,306.0899963378906,1,VIIRS-SNPP,375,2026-08-29T10:25:03.213542+00:00
2026-08-21,carbon_project_zone,112.61770794108409,-3.057760367533192,352.92999267578125,304.5199890136719,1,VIIRS-SNPP,375,2026-08-29T10:25:03.213544+00:00
2026-08-21,carbon_project_zone,112.62108520162238,-3.057760367533192,352.92999267578125,304.5199890136719,1,VIIRS-SNPP,375,2026-08-29T10:25:03.213546+00:00
2026-08-21,carbon_project_zone,112.62446246216065,-3.057760367533192,352.92999267578125,304.5199890136719,1,VIIRS-SNPP,375,2026-08-29T10:25:03.213549+00:00
2026-08-21,carbon_project_zone,112.61397678953247,-3.0543879153122178,344.8999938964844,304.94000244140625,1,VIIRS-SNPP,375,2026-08-29T10:25:03.213528+00:00
2026-08-21,carbon_project_zone,112.6173540394577,-3.0543879153122178,352.92999267578125,304.5199890136719,1,VIIRS-SNPP,375,2026-08-29T10:25:03.213531+00:00
2026-08-21,carbon_project_zone,112.62073128938292,-3.0543879153122178,352.92999267578125,304.5199890136719,1,VIIRS-SNPP,375,2026-08-29T10:25:03.213533+00:00
2026-08-21,carbon_project_zone,112.62410853930814,-3.0543879153122178,352.92999267578125,304.5199890136719,1,VIIRS-SNPP,375,2026-08-29T10:25:03.213535+00:00
2026-08-21,carbon_project_zone,112.63015632830592,-3.04764301087027,342.67999267578125,306.6300048828125,1,VIIRS-SNPP,375,2026-08-29T10:25:03.213517+00:00
2026-08-21,carbon_project_zone,112.63353355704032,-3.04764301087027,342.67999267578125,306.6300048828125,1,VIIRS-SNPP,375,2026-08-29T10:25:03.213519+00:00
2026-08-21,carbon_project_zone,112.63691078577473,-3.04764301087027,342.67999267578125,306.6300048828125,1,VIIRS-SNPP,375,2026-08-29T10:25:03.213521+00:00
2026-08-21,carbon_project_zone,112.62980356151957,-3.0442705586492953,342.67999267578125,306.6300048828125,1,VIIRS-SNPP,375,2026-08-29T10:25:03.213505+00:00
2026-08-21,carbon_project_zone,112.63318077967622,-3.0442705586492953,342.67999267578125,306.6300048828125,1,VIIRS-SNPP,375,2026-08-29T10:25:03.213507+00:00
2026-08-21,carbon_project_zone,112.63655799783288,-3.0442705586492953,342.67999267578125,306.6300048828125,1,VIIRS-SNPP,375,2026-08-29T10:25:03.213509+00:00
2026-08-21,carbon_project_zone,112.6294511871517,-3.040898106428321,341.20001220703125,299.6499938964844,1,VIIRS-NOAA20,375,2026-08-29T10:25:44.437464+00:00
2026-08-21,carbon_project_zone,112.63282839474236,-3.040898106428321,341.20001220703125,299.6499938964844,1,VIIRS-NOAA20,375,2026-08-29T10:25:44.437481+00:00
2026-08-21,carbon_project_zone,112.63620560233304,-3.040898106428321,341.20001220703125,299.6499938964844,1,VIIRS-NOAA20,375,2026-08-29T10:25:44.437485+00:00
2026-08-21,carbon_project_zone,112.3845089189309,-3.1825410997092365,331.7099914550781,302.79998779296875,0,VIIRS-NOAA20,375,2026-08-29T10:25:44.437906+00:00
2026-08-21,carbon_project_zone,112.38788658042634,-3.1825410997092365,331.7099914550781,302.79998779296875,0,VIIRS-NOAA20,375,2026-08-29T10:25:44.437909+00:00
2026-08-21,carbon_project_zone,112.62890387770803,-3.0678777241961144,333.2699890136719,306.4800109863281,0,VIIRS-SNPP,375,2026-08-29T10:25:03.213583+00:00
2026-08-21,carbon_project_zone,112.62854876693011,-3.0645052719751407,333.2699890136719,306.4800109863281,0,VIIRS-SNPP,375,2026-08-29T10:25:03.213573+00:00
2026-08-21,carbon_project_zone,112.6281940485958,-3.0611328197541665,333.2699890136719,306.4800109863281,0,VIIRS-SNPP,375,2026-08-29T10:25:03.213561+00:00
2026-08-21,carbon_project_zone,112.64028801450914,-3.04764301087027,334.05999755859375,306.04998779296875,0,VIIRS-SNPP,375,2026-08-29T10:25:03.213524+00:00
2026-08-21,carbon_project_zone,112.64366524324357,-3.04764301087027,334.05999755859375,306.04998779296875,0,VIIRS-SNPP,375,2026-08-29T10:25:03.213526+00:00
2026-08-21,carbon_project_zone,112.63993521598954,-3.0442705586492953,334.05999755859375,306.04998779296875,0,VIIRS-SNPP,375,2026-08-29T10:25:03.213512+00:00
2026-08-21,carbon_project_zone,112.64331243414621,-3.0442705586492953,334.05999755859375,306.04998779296875,0,VIIRS-SNPP,375,2026-08-29T10:25:03.213514+00:00
2026-08-21,carbon_project_zone,112.6395828099237,-3.040898106428321,334.05999755859375,306.04998779296875,0,VIIRS-SNPP,375,2026-08-29T10:25:03.213499+00:00
2026-08-21,carbon_project_zone,112.64296001751438,-3.040898106428321,334.05999755859375,306.04998779296875,0,VIIRS-SNPP,375,2026-08-29T10:25:03.213502+00:00
2026-08-21,carbon_project_zone,112.63585359926908,-3.037525654207347,330.5,304.3299865722656,0,VIIRS-SNPP,375,2026-08-29T10:25:03.213474+00:00
2026-08-21,carbon_project_zone,112.63923079630554,-3.037525654207347,330.5,304.3299865722656,0,VIIRS-SNPP,375,2026-08-29T10:25:03.213491+00:00
2026-08-21,carbon_project_zone,112.642607993342,-3.037525654207347,330.5,304.3299865722656,0,VIIRS-SNPP,375,2026-08-29T10:25:03.213494+00:00
2026-08-21,project_area,112.41608504172672,-3.1623063863833916,367.0,301.2200012207031,2,VIIRS-NOAA20,375,2026-08-29T10:25:45.077778+00:00
2026-08-21,project_area,112.4194626371073,-3.1623063863833916,367.0,301.2200012207031,2,VIIRS-NOAA20,375,2026-08-29T10:25:45.077780+00:00
2026-08-21,project_area,112.42284023248789,-3.1623063863833916,367.0,301.2200012207031,2,VIIRS-NOAA20,375,2026-08-29T10:25:45.077782+00:00
2026-08-21,project_area,112.41571966454006,-3.1589339341624174,367.0,301.2200012207031,2,VIIRS-NOAA20,375,2026-08-29T10:25:45.077767+00:00
2026-08-21,project_area,112.4190972489427,-3.1589339341624174,367.0,301.2200012207031,2,VIIRS-NOAA20,375,2026-08-29T10:25:45.077769+00:00
2026-08-21,project_area,112.42247483334536,-3.1589339341624174,367.0,301.2200012207031,2,VIIRS-NOAA20,375,2026-08-29T10:25:45.077771+00:00
2026-08-21,project_area,112.40522195888596,-3.1555614819414433,367.0,345.739990234375,2,VIIRS-SNPP,375,2026-08-29T10:25:04.108434+00:00
2026-08-21,project_area,112.41535467919543,-3.1555614819414433,367.0,301.2200012207031,2,VIIRS-NOAA20,375,2026-08-29T10:25:45.077754+00:00
2026-08-21,project_area,112.41873225263193,-3.1555614819414433,367.0,301.2200012207031,2,VIIRS-NOAA20,375,2026-08-29T10:25:45.077756+00:00
2026-08-21,project_area,112.42210982606842,-3.1555614819414433,367.0,301.2200012207031,2,VIIRS-NOAA20,375,2026-08-29T10:25:45.077758+00:00
2026-08-21,project_area,112.40485739824018,-3.152189029720469,367.0,345.739990234375,2,VIIRS-SNPP,375,2026-08-29T10:25:04.108423+00:00
2026-08-21,project_area,112.40111567784892,-3.148816577499495,367.0,329.17999267578125,2,VIIRS-SNPP,375,2026-08-29T10:25:04.108412+00:00
2026-08-21,project_area,112.40449322938842,-3.148816577499495,367.0,329.17999267578125,2,VIIRS-SNPP,375,2026-08-29T10:25:04.108414+00:00
2026-08-21,project_area,112.40787078092791,-3.148816577499495,367.0,329.17999267578125,2,VIIRS-SNPP,375,2026-08-29T10:25:04.108417+00:00
2026-08-21,project_area,112.40075191171569,-3.145444125278521,367.0,329.17999267578125,2,VIIRS-SNPP,375,2026-08-29T10:25:04.108401+00:00
2026-08-21,project_area,112.40412945232434,-3.145444125278521,367.0,329.17999267578125,2,VIIRS-SNPP,375,2026-08-29T10:25:04.108403+00:00
2026-08-21,project_area,112.40750699293298,-3.145444125278521,367.0,329.17999267578125,2,VIIRS-SNPP,375,2026-08-29T10:25:04.108406+00:00
2026-08-21,project_area,112.5738446679412,-3.1218369597317017,367.0,305.4599914550781,2,VIIRS-SNPP,375,2026-08-29T10:25:04.108362+00:00
2026-08-21,project_area,112.57722213236357,-3.1218369597317017,367.0,305.4599914550781,2,VIIRS-SNPP,375,2026-08-29T10:25:04.108364+00:00
2026-08-21,project_area,112.58059959678593,-3.1218369597317017,367.0,305.4599914550781,2,VIIRS-SNPP,375,2026-08-29T10:25:04.108367+00:00
2026-08-21,project_area,112.5734834722814,-3.1184645075107276,367.0,305.4599914550781,2,VIIRS-SNPP,375,2026-08-29T10:25:04.108340+00:00
2026-08-21,project_area,112.57686092586708,-3.1184645075107276,367.0,305.4599914550781,2,VIIRS-SNPP,375,2026-08-29T10:25:04.108343+00:00
2026-08-21,project_area,112.58023837945278,-3.1184645075107276,367.0,305.4599914550781,2,VIIRS-SNPP,375,2026-08-29T10:25:04.108346+00:00
2026-08-21,project_area,112.43106102666083,-3.175796195267288,331.489990234375,299.8699951171875,1,VIIRS-NOAA20,375,2026-08-29T10:25:45.077803+00:00
2026-08-21,project_area,112.42731640955739,-3.172423743046314,332.8599853515625,300.8699951171875,1,VIIRS-NOAA20,375,2026-08-29T10:25:45.077797+00:00
2026-08-21,project_area,112.43069403794242,-3.172423743046314,331.489990234375,299.8699951171875,1,VIIRS-NOAA20,375,2026-08-29T10:25:45.077799+00:00
2026-08-21,project_area,112.43407166632744,-3.172423743046314,331.489990234375,299.8699951171875,1,VIIRS-NOAA20,375,2026-08-29T10:25:45.077801+00:00
2026-08-21,project_area,112.42357220639502,-3.16905129082534,352.6199951171875,304.6600036621094,1,VIIRS-SNPP,375,2026-08-29T10:25:04.108481+00:00
2026-08-21,project_area,112.42694982376678,-3.16905129082534,352.6199951171875,304.6600036621094,1,VIIRS-SNPP,375,2026-08-29T10:25:04.108484+00:00
2026-08-21,project_area,112.43032744113856,-3.16905129082534,331.489990234375,299.8699951171875,1,VIIRS-NOAA20,375,2026-08-29T10:25:45.077793+00:00
2026-08-21,project_area,112.43370505851033,-3.16905129082534,331.489990234375,299.8699951171875,1,VIIRS-NOAA20,375,2026-08-29T10:25:45.077795+00:00
2026-08-21,project_area,112.42320602350232,-3.1656788386043657,352.6199951171875,304.6600036621094,1,VIIRS-SNPP,375,2026-08-29T10:25:04.108477+00:00
2026-08-21,project_area,112.4265836298726,-3.1656788386043657,352.6199951171875,304.6600036621094,1,VIIRS-SNPP,375,2026-08-29T10:25:04.108479+00:00
2026-08-21,project_area,112.40932985096555,-3.1623063863833916,344.8500061035156,300.6400146484375,1,VIIRS-SNPP,375,2026-08-29T10:25:04.108462+00:00
2026-08-21,project_area,112.41270744634613,-3.1623063863833916,344.8500061035156,300.6400146484375,1,VIIRS-SNPP,375,2026-08-29T10:25:04.108465+00:00
2026-08-21,project_area,112.42621782786847,-3.1623063863833916,352.6199951171875,304.6600036621094,1,VIIRS-SNPP,375,2026-08-29T10:25:04.108474+00:00
2026-08-21,project_area,112.4055869113321,-3.1589339341624174,350.54998779296875,304.4700012207031,1,VIIRS-SNPP,375,2026-08-29T10:25:04.108448+00:00
2026-08-21,project_area,112.40896449573475,-3.1589339341624174,347.75,302.6600036621094,1,VIIRS-SNPP,375,2026-08-29T10:25:04.108451+00:00
2026-08-21,project_area,112.41234208013739,-3.1589339341624174,352.7099914550781,302.7099914550781,1,VIIRS-SNPP,375,2026-08-29T10:25:04.108453+00:00
2026-08-21,project_area,112.40859953232246,-3.1555614819414433,352.8699951171875,306.6000061035156,1,VIIRS-SNPP,375,2026-08-29T10:25:04.108436+00:00
2026-08-21,project_area,112.41197710575894,-3.1555614819414433,352.7099914550781,302.7099914550781,1,VIIRS-SNPP,375,2026-08-29T10:25:04.108439+00:00
2026-08-21,project_area,112.40823496072227,-3.152189029720469,353.2699890136719,319.8299865722656,1,VIIRS-SNPP,375,2026-08-29T10:25:04.108425+00:00
2026-08-21,project_area,112.41161252320438,-3.152189029720469,352.7099914550781,302.7099914550781,1,VIIRS-SNPP,375,2026-08-29T10:25:04.108427+00:00
2026-08-21,project_area,112.41499008568648,-3.152189029720469,352.7099914550781,302.7099914550781,1,VIIRS-SNPP,375,2026-08-29T10:25:04.108429+00:00
2026-08-21,project_area,112.4183676481686,-3.152189029720469,352.7099914550781,302.7099914550781,1,VIIRS-SNPP,375,2026-08-29T10:25:04.108431+00:00
2026-08-21,project_area,112.42174521065068,-3.152189029720469,342.4599914550781,298.4200134277344,1,VIIRS-NOAA20,375,2026-08-29T10:25:45.077745+00:00
2026-08-21,project_area,112.4112483324674,-3.148816577499495,350.1700134277344,304.7200012207031,1,VIIRS-SNPP,375,2026-08-29T10:25:04.108419+00:00
2026-08-21,project_area,112.4146258840069,-3.148816577499495,350.1700134277344,304.7200012207031,1,VIIRS-SNPP,375,2026-08-29T10:25:04.108421+00:00
2026-08-21,project_area,112.41800343554638,-3.148816577499495,302.3599853515625,291.7099914550781,1,VIIRS-NOAA20,375,2026-08-29T10:25:45.077731+00:00
2026-08-21,project_area,112.41088453354162,-3.145444125278521,345.3399963378906,298.010009765625,1,VIIRS-SNPP,375,2026-08-29T10:25:04.108408+00:00
2026-08-21,project_area,112.41426207415029,-3.145444125278521,331.45001220703125,294.70001220703125,1,VIIRS-SNPP,375,2026-08-29T10:25:04.108410+00:00
2026-08-21,project_area,112.40376606704162,-3.1420716730575466,333.5199890136719,296.25,1,VIIRS-SNPP,375,2026-08-29T10:25:04.108394+00:00
2026-08-21,project_area,112.40714359673119,-3.1420716730575466,333.5199890136719,296.25,1,VIIRS-SNPP,375,2026-08-29T10:25:04.108397+00:00
2026-08-21,project_area,112.41052112642076,-3.1420716730575466,333.5199890136719,296.25,1,VIIRS-SNPP,375,2026-08-29T10:25:04.108399+00:00
2026-08-21,project_area,112.40340307353392,-3.138699220836572,346.5,294.1099853515625,1,VIIRS-NOAA20,375,2026-08-29T10:25:45.077700+00:00
2026-08-21,project_area,112.4067805923162,-3.138699220836572,346.5,294.1099853515625,1,VIIRS-NOAA20,375,2026-08-29T10:25:45.077702+00:00
2026-08-21,project_area,112.41015811109847,-3.138699220836572,346.5,294.1099853515625,1,VIIRS-NOAA20,375,2026-08-29T10:25:45.077704+00:00
2026-08-21,project_area,112.5678132640179,-3.1285818641736496,339.5,302.260009765625,1,VIIRS-SNPP,375,2026-08-29T10:25:04.108387+00:00
2026-08-21,project_area,112.5711907501489,-3.1285818641736496,339.5,302.260009765625,1,VIIRS-SNPP,375,2026-08-29T10:25:04.108390+00:00
2026-08-21,project_area,112.57456823627993,-3.1285818641736496,339.5,302.260009765625,1,VIIRS-SNPP,375,2026-08-29T10:25:04.108392+00:00
2026-08-21,project_area,112.5573188795846,-3.1252094119526754,348.0400085449219,304.8900146484375,1,VIIRS-SNPP,375,2026-08-29T10:25:04.108372+00:00
2026-08-21,project_area,112.5606963548554,-3.1252094119526754,348.0400085449219,304.8900146484375,1,VIIRS-SNPP,375,2026-08-29T10:25:04.108374+00:00
2026-08-21,project_area,112.5640738301262,-3.1252094119526754,348.0400085449219,304.8900146484375,1,VIIRS-SNPP,375,2026-08-29T10:25:04.108376+00:00
2026-08-21,project_area,112.56745130539701,-3.1252094119526754,339.5,302.260009765625,1,VIIRS-SNPP,375,2026-08-29T10:25:04.108379+00:00
2026-08-21,project_area,112.57082878066782,-3.1252094119526754,339.5,302.260009765625,1,VIIRS-SNPP,375,2026-08-29T10:25:04.108381+00:00
2026-08-21,project_area,112.57420625593862,-3.1252094119526754,339.5,302.260009765625,1,VIIRS-SNPP,375,2026-08-29T10:25:04.108383+00:00
2026-08-21,project_area,112.57758373120943,-3.1252094119526754,306.3800048828125,290.25,1,VIIRS-SNPP,375,2026-08-29T10:25:04.108385+00:00
2026-08-21,project_area,112.55695734582937,-3.1218369597317017,348.5400085449219,302.3299865722656,1,VIIRS-SNPP,375,2026-08-29T10:25:04.108351+00:00
2026-08-21,project_area,112.56033481025173,-3.1218369597317017,348.5400085449219,302.3299865722656,1,VIIRS-SNPP,375,2026-08-29T10:25:04.108353+00:00
2026-08-21,project_area,112.56371227467409,-3.1218369597317017,348.5400085449219,302.3299865722656,1,VIIRS-SNPP,375,2026-08-29T10:25:04.108356+00:00
2026-08-21,project_area,112.56708973909647,-3.1218369597317017,339.5,302.260009765625,1,VIIRS-SNPP,375,2026-08-29T10:25:04.108358+00:00
2026-08-21,project_area,112.57046720351885,-3.1218369597317017,339.5,302.260009765625,1,VIIRS-SNPP,375,2026-08-29T10:25:04.108360+00:00
2026-08-21,project_area,112.5839770612083,-3.1218369597317017,348.32000732421875,305.3900146484375,1,VIIRS-SNPP,375,2026-08-29T10:25:04.108369+00:00
2026-08-21,project_area,112.55659620435291,-3.1184645075107276,348.5400085449219,302.3299865722656,1,VIIRS-SNPP,375,2026-08-29T10:25:04.108327+00:00
2026-08-21,project_area,112.5599736579386,-3.1184645075107276,348.5400085449219,302.3299865722656,1,VIIRS-SNPP,375,2026-08-29T10:25:04.108329+00:00
2026-08-21,project_area,112.5633511115243,-3.1184645075107276,348.5400085449219,302.3299865722656,1,VIIRS-SNPP,375,2026-08-29T10:25:04.108332+00:00
2026-08-21,project_area,112.56672856511,-3.1184645075107276,339.2099914550781,302.67999267578125,1,VIIRS-SNPP,375,2026-08-29T10:25:04.108335+00:00
2026-08-21,project_area,112.5701060186957,-3.1184645075107276,345.9700012207031,304.4700012207031,1,VIIRS-SNPP,375,2026-08-29T10:25:04.108337+00:00
2026-08-21,project_area,112.58361583303848,-3.1184645075107276,348.32000732421875,305.3900146484375,1,VIIRS-SNPP,375,2026-08-29T10:25:04.108348+00:00
2026-08-21,project_area,112.5663677834313,-3.115092055289753,302.3500061035156,291.5,1,VIIRS-SNPP,375,2026-08-29T10:25:04.108311+00:00
2026-08-21,project_area,112.56974522619211,-3.115092055289753,348.2200012207031,303.4100036621094,1,VIIRS-SNPP,375,2026-08-29T10:25:04.108313+00:00
2026-08-21,project_area,112.57312266895289,-3.115092055289753,348.2200012207031,303.4100036621094,1,VIIRS-SNPP,375,2026-08-29T10:25:04.108316+00:00
2026-08-21,project_area,112.5765001117137,-3.115092055289753,348.2200012207031,303.4100036621094,1,VIIRS-SNPP,375,2026-08-29T10:25:04.108319+00:00
2026-08-21,project_area,112.57987755447449,-3.115092055289753,341.4700012207031,306.07000732421875,1,VIIRS-SNPP,375,2026-08-29T10:25:04.108321+00:00
2026-08-21,project_area,112.5832549972353,-3.115092055289753,338.9700012207031,305.5,1,VIIRS-SNPP,375,2026-08-29T10:25:04.108324+00:00
2026-08-21,project_area,112.56600739405413,-3.111719603068779,344.7099914550781,298.20001220703125,1,VIIRS-NOAA20,375,2026-08-29T10:25:45.077599+00:00
2026-08-21,project_area,112.5693848260018,-3.111719603068779,348.2200012207031,303.4100036621094,1,VIIRS-SNPP,375,2026-08-29T10:25:04.108300+00:00
2026-08-21,project_area,112.57276225794946,-3.111719603068779,348.2200012207031,303.4100036621094,1,VIIRS-SNPP,375,2026-08-29T10:25:04.108303+00:00
2026-08-21,project_area,112.57613968989713,-3.111719603068779,348.2200012207031,303.4100036621094,1,VIIRS-SNPP,375,2026-08-29T10:25:04.108306+00:00
2026-08-21,project_area,112.57951712184479,-3.111719603068779,338.2799987792969,304.2099914550781,1,VIIRS-SNPP,375,2026-08-29T10:25:04.108308+00:00
2026-08-21,project_area,112.56564739697218,-3.1083471508478047,344.7099914550781,298.20001220703125,1,VIIRS-NOAA20,375,2026-08-29T10:25:45.077589+00:00
2026-08-21,project_area,112.56902481811849,-3.1083471508478047,348.2200012207031,303.4100036621094,1,VIIRS-SNPP,375,2026-08-29T10:25:04.108292+00:00
2026-08-21,project_area,112.5724022392648,-3.1083471508478047,348.2200012207031,303.4100036621094,1,VIIRS-SNPP,375,2026-08-29T10:25:04.108295+00:00
2026-08-21,project_area,112.57577966041111,-3.1083471508478047,348.2200012207031,303.4100036621094,1,VIIRS-SNPP,375,2026-08-29T10:25:04.108298+00:00
2026-08-21,project_area,112.56866520253595,-3.1049746986268305,344.25,306.1199951171875,1,VIIRS-SNPP,375,2026-08-29T10:25:04.108287+00:00
2026-08-21,project_area,112.57204261289267,-3.1049746986268305,344.25,306.1199951171875,1,VIIRS-SNPP,375,2026-08-29T10:25:04.108290+00:00
2026-08-21,project_area,112.56830597924791,-3.1016022464058564,344.25,306.1199951171875,1,VIIRS-SNPP,375,2026-08-29T10:25:04.108285+00:00
2026-08-21,project_area,112.49825591067943,-3.0779950808590373,353.3299865722656,301.45001220703125,1,VIIRS-NOAA20,375,2026-08-29T10:25:45.077576+00:00
2026-08-21,project_area,112.50163323514316,-3.0779950808590373,353.3299865722656,301.45001220703125,1,VIIRS-NOAA20,375,2026-08-29T10:25:45.077578+00:00
2026-08-21,project_area,112.50501055960689,-3.0779950808590373,353.3299865722656,301.45001220703125,1,VIIRS-NOAA20,375,2026-08-29T10:25:45.077580+00:00
2026-08-21,project_area,112.49790003919647,-3.074622628638063,348.20001220703125,304.3699951171875,1,VIIRS-SNPP,375,2026-08-29T10:25:04.108277+00:00
2026-08-21,project_area,112.50127735297653,-3.074622628638063,348.20001220703125,304.3699951171875,1,VIIRS-SNPP,375,2026-08-29T10:25:04.108279+00:00
2026-08-21,project_area,112.50465466675661,-3.074622628638063,348.20001220703125,304.3699951171875,1,VIIRS-SNPP,375,2026-08-29T10:25:04.108282+00:00
2026-08-21,project_area,112.49416725660852,-3.071250176417089,333.9800109863281,302.5400085449219,1,VIIRS-SNPP,375,2026-08-29T10:25:04.108266+00:00
2026-08-21,project_area,112.49754455971669,-3.071250176417089,348.20001220703125,304.3699951171875,1,VIIRS-SNPP,375,2026-08-29T10:25:04.108268+00:00
2026-08-21,project_area,112.50092186282487,-3.071250176417089,348.20001220703125,304.3699951171875,1,VIIRS-SNPP,375,2026-08-29T10:25:04.108271+00:00
2026-08-21,project_area,112.50429916593305,-3.071250176417089,348.20001220703125,304.3699951171875,1,VIIRS-SNPP,375,2026-08-29T10:25:04.108274+00:00
2026-08-21,project_area,112.61877200036386,-3.0678777241961144,350.2900085449219,306.70001220703125,1,VIIRS-SNPP,375,2026-08-29T10:25:04.108255+00:00
2026-08-21,project_area,112.62214929281191,-3.0678777241961144,350.2900085449219,306.70001220703125,1,VIIRS-SNPP,375,2026-08-29T10:25:04.108258+00:00
2026-08-21,project_area,112.62552658525998,-3.0678777241961144,350.2900085449219,306.70001220703125,1,VIIRS-SNPP,375,2026-08-29T10:25:04.108260+00:00
2026-08-21,project_area,112.61166235793164,-3.0645052719751407,331.5299987792969,298.6499938964844,1,VIIRS-NOAA20,375,2026-08-29T10:25:45.077547+00:00
2026-08-21,project_area,112.61503963973134,-3.0645052719751407,348.2799987792969,306.0899963378906,1,VIIRS-SNPP,375,2026-08-29T10:25:04.108241+00:00
2026-08-21,project_area,112.61841692153102,-3.0645052719751407,350.2900085449219,306.70001220703125,1,VIIRS-SNPP,375,2026-08-29T10:25:04.108244+00:00
2026-08-21,project_area,112.62179420333071,-3.0645052719751407,350.2900085449219,306.70001220703125,1,VIIRS-SNPP,375,2026-08-29T10:25:04.108246+00:00
2026-08-21,project_area,112.62517148513041,-3.0645052719751407,350.2900085449219,306.70001220703125,1,VIIRS-SNPP,375,2026-08-29T10:25:04.108249+00:00
2026-08-21,project_area,112.61130769278027,-3.0611328197541665,331.5299987792969,298.6499938964844,1,VIIRS-NOAA20,375,2026-08-29T10:25:45.077536+00:00
2026-08-21,project_area,112.61468496394338,-3.0611328197541665,348.2799987792969,306.0899963378906,1,VIIRS-SNPP,375,2026-08-29T10:25:04.108228+00:00
2026-08-21,project_area,112.61806223510649,-3.0611328197541665,352.92999267578125,304.5199890136719,1,VIIRS-SNPP,375,2026-08-29T10:25:04.108230+00:00
2026-08-21,project_area,112.62143950626958,-3.0611328197541665,352.92999267578125,304.5199890136719,1,VIIRS-SNPP,375,2026-08-29T10:25:04.108233+00:00
2026-08-21,project_area,112.62481677743268,-3.0611328197541665,352.92999267578125,304.5199890136719,1,VIIRS-SNPP,375,2026-08-29T10:25:04.108236+00:00
2026-08-21,project_area,112.61095342000755,-3.057760367533192,331.5299987792969,298.6499938964844,1,VIIRS-NOAA20,375,2026-08-29T10:25:45.077529+00:00
2026-08-21,project_area,112.61433068054582,-3.057760367533192,348.2799987792969,306.0899963378906,1,VIIRS-SNPP,375,2026-08-29T10:25:04.108216+00:00
2026-08-21,project_area,112.61770794108409,-3.057760367533192,352.92999267578125,304.5199890136719,1,VIIRS-SNPP,375,2026-08-29T10:25:04.108219+00:00
2026-08-21,project_area,112.62108520162238,-3.057760367533192,352.92999267578125,304.5199890136719,1,VIIRS-SNPP,375,2026-08-29T10:25:04.108222+00:00
2026-08-21,project_area,112.62446246216065,-3.057760367533192,352.92999267578125,304.5199890136719,1,VIIRS-SNPP,375,2026-08-29T10:25:04.108225+00:00
2026-08-21,project_area,112.6173540394577,-3.0543879153122178,352.92999267578125,304.5199890136719,1,VIIRS-SNPP,375,2026-08-29T10:25:04.108208+00:00
2026-08-21,project_area,112.62073128938292,-3.0543879153122178,352.92999267578125,304.5199890136719,1,VIIRS-SNPP,375,2026-08-29T10:25:04.108211+00:00
2026-08-21,project_area,112.62410853930814,-3.0543879153122178,352.92999267578125,304.5199890136719,1,VIIRS-SNPP,375,2026-08-29T10:25:04.108214+00:00
2026-08-21,project_area,112.63015632830592,-3.04764301087027,342.67999267578125,306.6300048828125,1,VIIRS-SNPP,375,2026-08-29T10:25:04.108195+00:00
2026-08-21,project_area,112.63353355704032,-3.04764301087027,342.67999267578125,306.6300048828125,1,VIIRS-SNPP,375,2026-08-29T10:25:04.108198+00:00
2026-08-21,project_area,112.63691078577473,-3.04764301087027,342.67999267578125,306.6300048828125,1,VIIRS-SNPP,375,2026-08-29T10:25:04.108200+00:00
2026-08-21,project_area,112.62980356151957,-3.0442705586492953,342.67999267578125,306.6300048828125,1,VIIRS-SNPP,375,2026-08-29T10:25:04.108181+00:00
2026-08-21,project_area,112.63318077967622,-3.0442705586492953,342.67999267578125,306.6300048828125,1,VIIRS-SNPP,375,2026-08-29T10:25:04.108184+00:00
2026-08-21,project_area,112.63655799783288,-3.0442705586492953,342.67999267578125,306.6300048828125,1,VIIRS-SNPP,375,2026-08-29T10:25:04.108187+00:00
2026-08-21,project_area,112.6294511871517,-3.040898106428321,341.20001220703125,299.6499938964844,1,VIIRS-NOAA20,375,2026-08-29T10:25:45.077491+00:00
2026-08-21,project_area,112.63282839474236,-3.040898106428321,341.20001220703125,299.6499938964844,1,VIIRS-NOAA20,375,2026-08-29T10:25:45.077508+00:00
2026-08-21,project_area,112.63620560233304,-3.040898106428321,341.20001220703125,299.6499938964844,1,VIIRS-NOAA20,375,2026-08-29T10:25:45.077512+00:00
2026-08-21,project_area,112.62890387770803,-3.0678777241961144,333.2699890136719,306.4800109863281,0,VIIRS-SNPP,375,2026-08-29T10:25:04.108263+00:00
2026-08-21,project_area,112.62854876693011,-3.0645052719751407,333.2699890136719,306.4800109863281,0,VIIRS-SNPP,375,2026-08-29T10:25:04.108252+00:00
2026-08-21,project_area,112.6281940485958,-3.0611328197541665,333.2699890136719,306.4800109863281,0,VIIRS-SNPP,375,2026-08-29T10:25:04.108238+00:00
2026-08-21,project_area,112.64028801450914,-3.04764301087027,334.05999755859375,306.04998779296875,0,VIIRS-SNPP,375,2026-08-29T10:25:04.108203+00:00
2026-08-21,project_area,112.64366524324357,-3.04764301087027,334.05999755859375,306.04998779296875,0,VIIRS-SNPP,375,2026-08-29T10:25:04.108206+00:00
2026-08-21,project_area,112.63993521598954,-3.0442705586492953,334.05999755859375,306.04998779296875,0,VIIRS-SNPP,375,2026-08-29T10:25:04.108189+00:00
2026-08-21,project_area,112.64331243414621,-3.0442705586492953,334.05999755859375,306.04998779296875,0,VIIRS-SNPP,375,2026-08-29T10:25:04.108192+00:00
2026-08-21,project_area,112.6395828099237,-3.040898106428321,334.05999755859375,306.04998779296875,0,VIIRS-SNPP,375,2026-08-29T10:25:04.108175+00:00
2026-08-21,project_area,112.64296001751438,-3.040898106428321,334.05999755859375,306.04998779296875,0,VIIRS-SNPP,375,2026-08-29T10:25:04.108178+00:00
2026-08-21,project_area,112.63585359926908,-3.037525654207347,330.5,304.3299865722656,0,VIIRS-SNPP,375,2026-08-29T10:25:04.108148+00:00
2026-08-21,project_area,112.63923079630554,-3.037525654207347,330.5,304.3299865722656,0,VIIRS-SNPP,375,2026-08-29T10:25:04.108165+00:00
2026-08-21,project_area,112.642607993342,-3.037525654207347,330.5,304.3299865722656,0,VIIRS-SNPP,375,2026-08-29T10:25:04.108169+00:00
2026-08-22,carbon_project_zone,112.32151237107034,-3.1623063863833916,309.2200012207031,289.3299865722656,1,VIIRS-NOAA20,375,2026-08-29T10:25:45.710920+00:00
2026-08-22,carbon_project_zone,112.32488996645093,-3.1623063863833916,309.2200012207031,289.3299865722656,1,VIIRS-NOAA20,375,2026-08-29T10:25:45.710923+00:00
2026-08-22,carbon_project_zone,112.3282675618315,-3.1623063863833916,309.2200012207031,289.3299865722656,1,VIIRS-NOAA20,375,2026-08-29T10:25:45.710925+00:00
2026-08-22,carbon_project_zone,112.32790247007112,-3.1589339341624174,311.5899963378906,291.2300109863281,1,VIIRS-SNPP,375,2026-08-29T10:25:05.116250+00:00
2026-08-22,carbon_project_zone,112.33128005447378,-3.1589339341624174,308.6000061035156,288.80999755859375,1,VIIRS-NOAA20,375,2026-08-29T10:25:45.710918+00:00
2026-08-22,carbon_project_zone,112.65273958445135,-3.037525654207347,304.1700134277344,289.3299865722656,1,VIIRS-NOAA20,375,2026-08-29T10:25:45.710908+00:00
2026-08-22,carbon_project_zone,112.65611678148781,-3.037525654207347,304.1700134277344,289.3299865722656,1,VIIRS-NOAA20,375,2026-08-29T10:25:45.710911+00:00
2026-08-22,carbon_project_zone,112.65949397852425,-3.037525654207347,304.1700134277344,289.3299865722656,1,VIIRS-NOAA20,375,2026-08-29T10:25:45.710913+00:00
2026-08-22,carbon_project_zone,112.65238792110492,-3.034153201986373,304.1700134277344,289.3299865722656,1,VIIRS-NOAA20,375,2026-08-29T10:25:45.710901+00:00
2026-08-22,carbon_project_zone,112.65576510759891,-3.034153201986373,304.1700134277344,289.3299865722656,1,VIIRS-NOAA20,375,2026-08-29T10:25:45.710904+00:00
2026-08-22,carbon_project_zone,112.6591422940929,-3.034153201986373,304.1700134277344,289.3299865722656,1,VIIRS-NOAA20,375,2026-08-29T10:25:45.710906+00:00
2026-08-22,carbon_project_zone,112.65203665024099,-3.0307807497653987,304.1700134277344,289.3299865722656,1,VIIRS-NOAA20,375,2026-08-29T10:25:45.710893+00:00
2026-08-22,carbon_project_zone,112.65541382620428,-3.0307807497653987,304.1700134277344,289.3299865722656,1,VIIRS-NOAA20,375,2026-08-29T10:25:45.710896+00:00
2026-08-22,carbon_project_zone,112.65879100216759,-3.0307807497653987,304.1700134277344,289.3299865722656,1,VIIRS-NOAA20,375,2026-08-29T10:25:45.710898+00:00
2026-08-22,carbon_project_zone,112.65168577185342,-3.0274082975444245,304.1700134277344,289.3299865722656,1,VIIRS-NOAA20,375,2026-08-29T10:25:45.710870+00:00
2026-08-22,carbon_project_zone,112.6550629372978,-3.0274082975444245,304.1700134277344,289.3299865722656,1,VIIRS-NOAA20,375,2026-08-29T10:25:45.710887+00:00
2026-08-22,carbon_project_zone,112.65844010274219,-3.0274082975444245,304.1700134277344,289.3299865722656,1,VIIRS-NOAA20,375,2026-08-29T10:25:45.710891+00:00
2026-08-23,carbon_project_zone,112.4673865084715,-3.229755430802875,333.0199890136719,293.0799865722656,1,VIIRS-SNPP,375,2026-08-29T10:25:06.547177+00:00
2026-08-23,carbon_project_zone,112.47076432588341,-3.229755430802875,333.0199890136719,293.0799865722656,1,VIIRS-SNPP,375,2026-08-29T10:25:06.547179+00:00
2026-08-23,carbon_project_zone,112.47414214329531,-3.229755430802875,333.0199890136719,293.0799865722656,1,VIIRS-SNPP,375,2026-08-29T10:25:06.547182+00:00
2026-08-23,carbon_project_zone,112.46701314732665,-3.226382978581901,333.0199890136719,293.0799865722656,1,VIIRS-SNPP,375,2026-08-29T10:25:06.547169+00:00
2026-08-23,carbon_project_zone,112.47039095352511,-3.226382978581901,333.0199890136719,293.0799865722656,1,VIIRS-SNPP,375,2026-08-29T10:25:06.547172+00:00
2026-08-23,carbon_project_zone,112.47376875972358,-3.226382978581901,333.0199890136719,293.0799865722656,1,VIIRS-SNPP,375,2026-08-29T10:25:06.547174+00:00
2026-08-23,carbon_project_zone,112.46664017830527,-3.2230105263609268,333.0199890136719,293.0799865722656,1,VIIRS-SNPP,375,2026-08-29T10:25:06.547162+00:00
2026-08-23,carbon_project_zone,112.47001797330206,-3.2230105263609268,333.0199890136719,293.0799865722656,1,VIIRS-SNPP,375,2026-08-29T10:25:06.547164+00:00
2026-08-23,carbon_project_zone,112.47339576829887,-3.2230105263609268,333.0199890136719,293.0799865722656,1,VIIRS-SNPP,375,2026-08-29T10:25:06.547167+00:00
2026-08-23,carbon_project_zone,112.39611642565282,-3.196030908593133,301.3399963378906,290.1199951171875,1,VIIRS-NOAA20,375,2026-08-29T10:25:46.893401+00:00
2026-08-23,carbon_project_zone,112.3994941314603,-3.196030908593133,305.1300048828125,292.0899963378906,1,VIIRS-SNPP,375,2026-08-29T10:25:06.547152+00:00
2026-08-23,carbon_project_zone,112.4028718372678,-3.196030908593133,311.8900146484375,292.260009765625,1,VIIRS-SNPP,375,2026-08-29T10:25:06.547154+00:00
2026-08-23,carbon_project_zone,112.40624954307528,-3.196030908593133,311.8900146484375,292.260009765625,1,VIIRS-SNPP,375,2026-08-29T10:25:06.547157+00:00
2026-08-23,carbon_project_zone,112.40962724888274,-3.196030908593133,311.8900146484375,292.260009765625,1,VIIRS-SNPP,375,2026-08-29T10:25:06.547159+00:00
2026-08-23,carbon_project_zone,112.39574720736519,-3.1926584563721594,331.25,293.79998779296875,1,VIIRS-SNPP,375,2026-08-29T10:25:06.547140+00:00
2026-08-23,carbon_project_zone,112.399124902077,-3.1926584563721594,348.239990234375,293.4700012207031,1,VIIRS-SNPP,375,2026-08-29T10:25:06.547142+00:00
2026-08-23,carbon_project_zone,112.4025025967888,-3.1926584563721594,348.239990234375,293.4700012207031,1,VIIRS-SNPP,375,2026-08-29T10:25:06.547145+00:00
2026-08-23,carbon_project_zone,112.40588029150061,-3.1926584563721594,348.239990234375,293.4700012207031,1,VIIRS-SNPP,375,2026-08-29T10:25:06.547147+00:00
2026-08-23,carbon_project_zone,112.40925798621242,-3.1926584563721594,311.8900146484375,292.260009765625,1,VIIRS-SNPP,375,2026-08-29T10:25:06.547149+00:00
2026-08-23,carbon_project_zone,112.39537838090098,-3.189286004151185,331.25,293.79998779296875,1,VIIRS-SNPP,375,2026-08-29T10:25:06.547130+00:00
2026-08-23,carbon_project_zone,112.39875606452887,-3.189286004151185,348.239990234375,293.4700012207031,1,VIIRS-SNPP,375,2026-08-29T10:25:06.547133+00:00
2026-08-23,carbon_project_zone,112.4021337481568,-3.189286004151185,348.239990234375,293.4700012207031,1,VIIRS-SNPP,375,2026-08-29T10:25:06.547135+00:00
2026-08-23,carbon_project_zone,112.4055114317847,-3.189286004151185,348.239990234375,293.4700012207031,1,VIIRS-SNPP,375,2026-08-29T10:25:06.547138+00:00
2026-08-23,carbon_project_zone,112.39500994625378,-3.1859135519302106,331.25,293.79998779296875,1,VIIRS-SNPP,375,2026-08-29T10:25:06.547105+00:00
2026-08-23,carbon_project_zone,112.39838761880956,-3.1859135519302106,331.25,293.79998779296875,1,VIIRS-SNPP,375,2026-08-29T10:25:06.547124+00:00
2026-08-23,carbon_project_zone,112.40176529136536,-3.1859135519302106,331.25,293.79998779296875,1,VIIRS-SNPP,375,2026-08-29T10:25:06.547127+00:00
2026-08-23,carbon_project_zone,112.40514296392114,-3.1859135519302106,328.2699890136719,290.9100036621094,1,VIIRS-NOAA20,375,2026-08-29T10:25:46.893378+00:00
2026-08-23,carbon_project_zone,112.3946419034172,-3.1825410997092365,314.5899963378906,290.6400146484375,1,VIIRS-NOAA20,375,2026-08-29T10:25:46.893344+00:00
2026-08-23,carbon_project_zone,112.39801956491262,-3.1825410997092365,328.2699890136719,290.9100036621094,1,VIIRS-NOAA20,375,2026-08-29T10:25:46.893361+00:00
2026-08-23,carbon_project_zone,112.40139722640806,-3.1825410997092365,328.2699890136719,290.9100036621094,1,VIIRS-NOAA20,375,2026-08-29T10:25:46.893364+00:00
2026-08-23,carbon_project_zone,112.40477488790349,-3.1825410997092365,328.2699890136719,290.9100036621094,1,VIIRS-NOAA20,375,2026-08-29T10:25:46.893367+00:00
2026-08-24,carbon_project_zone,112.31732347747082,-3.1859135519302106,367.0,291.2799987792969,2,VIIRS-SNPP,375,2026-08-29T10:25:08.640924+00:00
2026-08-24,carbon_project_zone,112.32070115002661,-3.1859135519302106,367.0,291.2799987792969,2,VIIRS-SNPP,375,2026-08-29T10:25:08.640926+00:00
2026-08-24,carbon_project_zone,112.32407882258238,-3.1859135519302106,367.0,291.2799987792969,2,VIIRS-SNPP,375,2026-08-29T10:25:08.640928+00:00
2026-08-24,carbon_project_zone,112.3169556890223,-3.1825410997092365,367.0,291.2799987792969,2,VIIRS-SNPP,375,2026-08-29T10:25:08.640915+00:00
2026-08-24,carbon_project_zone,112.32033335051771,-3.1825410997092365,367.0,291.2799987792969,2,VIIRS-SNPP,375,2026-08-29T10:25:08.640917+00:00
2026-08-24,carbon_project_zone,112.32371101201315,-3.1825410997092365,367.0,291.2799987792969,2,VIIRS-SNPP,375,2026-08-29T10:25:08.640919+00:00
2026-08-24,carbon_project_zone,112.31658829210716,-3.1791686474882628,367.0,291.2799987792969,2,VIIRS-SNPP,375,2026-08-29T10:25:08.640907+00:00
2026-08-24,carbon_project_zone,112.319965942554,-3.1791686474882628,367.0,291.2799987792969,2,VIIRS-SNPP,375,2026-08-29T10:25:08.640909+00:00
2026-08-24,carbon_project_zone,112.32334359300087,-3.1791686474882628,367.0,291.2799987792969,2,VIIRS-SNPP,375,2026-08-29T10:25:08.640911+00:00
2026-08-24,carbon_project_zone,112.31622128671904,-3.175796195267288,367.0,291.2799987792969,2,VIIRS-SNPP,375,2026-08-29T10:25:08.640898+00:00
2026-08-24,carbon_project_zone,112.31959892612909,-3.175796195267288,367.0,291.2799987792969,2,VIIRS-SNPP,375,2026-08-29T10:25:08.640900+00:00
2026-08-24,carbon_project_zone,112.32297656553915,-3.175796195267288,367.0,291.2799987792969,2,VIIRS-SNPP,375,2026-08-29T10:25:08.640902+00:00
2026-08-24,carbon_project_zone,112.58110511331223,-3.2499901441287204,304.2099914550781,292.2900085449219,1,VIIRS-SNPP,375,2026-08-29T10:25:08.641033+00:00
2026-08-24,carbon_project_zone,112.58448299825207,-3.2499901441287204,304.2099914550781,292.2900085449219,1,VIIRS-SNPP,375,2026-08-29T10:25:08.641035+00:00
2026-08-24,carbon_project_zone,112.58072902691463,-3.246617691907746,304.2099914550781,292.2900085449219,1,VIIRS-SNPP,375,2026-08-29T10:25:08.641029+00:00
2026-08-24,carbon_project_zone,112.58410690057035,-3.246617691907746,304.2099914550781,292.2900085449219,1,VIIRS-SNPP,375,2026-08-29T10:25:08.641031+00:00
2026-08-24,carbon_project_zone,112.46063087364773,-3.229755430802875,352.9599914550781,291.4800109863281,1,VIIRS-SNPP,375,2026-08-29T10:25:08.641022+00:00
2026-08-24,carbon_project_zone,112.4640086910596,-3.229755430802875,352.9599914550781,291.4800109863281,1,VIIRS-SNPP,375,2026-08-29T10:25:08.641024+00:00
2026-08-24,carbon_project_zone,112.4673865084715,-3.229755430802875,352.9599914550781,291.4800109863281,1,VIIRS-SNPP,375,2026-08-29T10:25:08.641027+00:00
2026-08-24,carbon_project_zone,112.46025753492974,-3.226382978581901,352.9599914550781,291.4800109863281,1,VIIRS-SNPP,375,2026-08-29T10:25:08.641010+00:00
2026-08-24,carbon_project_zone,112.4636353411282,-3.226382978581901,352.9599914550781,291.4800109863281,1,VIIRS-SNPP,375,2026-08-29T10:25:08.641012+00:00
2026-08-24,carbon_project_zone,112.46701314732665,-3.226382978581901,352.9599914550781,291.4800109863281,1,VIIRS-SNPP,375,2026-08-29T10:25:08.641014+00:00
2026-08-24,carbon_project_zone,112.47039095352511,-3.226382978581901,332.19000244140625,291.2200012207031,1,VIIRS-SNPP,375,2026-08-29T10:25:08.641016+00:00
2026-08-24,carbon_project_zone,112.47376875972358,-3.226382978581901,332.19000244140625,291.2200012207031,1,VIIRS-SNPP,375,2026-08-29T10:25:08.641018+00:00
2026-08-24,carbon_project_zone,112.47714656592204,-3.226382978581901,332.19000244140625,291.2200012207031,1,VIIRS-SNPP,375,2026-08-29T10:25:08.641020+00:00
2026-08-24,carbon_project_zone,112.45988458831167,-3.2230105263609268,352.9599914550781,291.4800109863281,1,VIIRS-SNPP,375,2026-08-29T10:25:08.640997+00:00
2026-08-24,carbon_project_zone,112.46326238330846,-3.2230105263609268,352.9599914550781,291.4800109863281,1,VIIRS-SNPP,375,2026-08-29T10:25:08.640999+00:00
2026-08-24,carbon_project_zone,112.46664017830527,-3.2230105263609268,352.9599914550781,291.4800109863281,1,VIIRS-SNPP,375,2026-08-29T10:25:08.641001+00:00
2026-08-24,carbon_project_zone,112.47001797330206,-3.2230105263609268,332.19000244140625,291.2200012207031,1,VIIRS-SNPP,375,2026-08-29T10:25:08.641004+00:00
2026-08-24,carbon_project_zone,112.47339576829887,-3.2230105263609268,332.19000244140625,291.2200012207031,1,VIIRS-SNPP,375,2026-08-29T10:25:08.641006+00:00
2026-08-24,carbon_project_zone,112.47677356329568,-3.2230105263609268,332.19000244140625,291.2200012207031,1,VIIRS-SNPP,375,2026-08-29T10:25:08.641008+00:00
2026-08-24,carbon_project_zone,112.45951203378704,-3.2196380741399526,352.9599914550781,291.4800109863281,1,VIIRS-SNPP,375,2026-08-29T10:25:08.640985+00:00
2026-08-24,carbon_project_zone,112.46288981759395,-3.2196380741399526,352.9599914550781,291.4800109863281,1,VIIRS-SNPP,375,2026-08-29T10:25:08.640987+00:00
2026-08-24,carbon_project_zone,112.46626760140087,-3.2196380741399526,352.9599914550781,291.4800109863281,1,VIIRS-SNPP,375,2026-08-29T10:25:08.640989+00:00
2026-08-24,carbon_project_zone,112.46964538520778,-3.2196380741399526,332.19000244140625,291.2200012207031,1,VIIRS-SNPP,375,2026-08-29T10:25:08.640991+00:00
2026-08-24,carbon_project_zone,112.47302316901472,-3.2196380741399526,332.19000244140625,291.2200012207031,1,VIIRS-SNPP,375,2026-08-29T10:25:08.640993+00:00
2026-08-24,carbon_project_zone,112.47640095282163,-3.2196380741399526,332.19000244140625,291.2200012207031,1,VIIRS-SNPP,375,2026-08-29T10:25:08.640995+00:00
2026-08-24,carbon_project_zone,112.45913987134935,-3.2162656219189785,335.8299865722656,291.17999267578125,1,VIIRS-SNPP,375,2026-08-29T10:25:08.640972+00:00
2026-08-24,carbon_project_zone,112.46251764397816,-3.2162656219189785,335.8299865722656,291.17999267578125,1,VIIRS-SNPP,375,2026-08-29T10:25:08.640974+00:00
2026-08-24,carbon_project_zone,112.46589541660697,-3.2162656219189785,335.8299865722656,291.17999267578125,1,VIIRS-SNPP,375,2026-08-29T10:25:08.640976+00:00
2026-08-24,carbon_project_zone,112.5807396859867,-3.2162656219189785,328.19000244140625,292.7699890136719,1,VIIRS-SNPP,375,2026-08-29T10:25:08.640978+00:00
2026-08-24,carbon_project_zone,112.58411745861551,-3.2162656219189785,328.19000244140625,292.7699890136719,1,VIIRS-SNPP,375,2026-08-29T10:25:08.640980+00:00
2026-08-24,carbon_project_zone,112.58749523124433,-3.2162656219189785,328.19000244140625,292.7699890136719,1,VIIRS-SNPP,375,2026-08-29T10:25:08.640982+00:00
2026-08-24,carbon_project_zone,112.58036751364168,-3.212893169698004,328.19000244140625,292.7699890136719,1,VIIRS-SNPP,375,2026-08-29T10:25:08.640963+00:00
2026-08-24,carbon_project_zone,112.58374527510416,-3.212893169698004,342.82000732421875,292.0400085449219,1,VIIRS-SNPP,375,2026-08-29T10:25:08.640965+00:00
2026-08-24,carbon_project_zone,112.58712303656664,-3.212893169698004,342.82000732421875,292.0400085449219,1,VIIRS-SNPP,375,2026-08-29T10:25:08.640967+00:00
2026-08-24,carbon_project_zone,112.59050079802913,-3.212893169698004,342.82000732421875,292.0400085449219,1,VIIRS-SNPP,375,2026-08-29T10:25:08.640970+00:00
2026-08-24,carbon_project_zone,112.57999573379462,-3.20952071747703,328.19000244140625,292.7699890136719,1,VIIRS-SNPP,375,2026-08-29T10:25:08.640954+00:00
2026-08-24,carbon_project_zone,112.58337348410255,-3.20952071747703,342.82000732421875,292.0400085449219,1,VIIRS-SNPP,375,2026-08-29T10:25:08.640956+00:00
2026-08-24,carbon_project_zone,112.58675123441047,-3.20952071747703,342.82000732421875,292.0400085449219,1,VIIRS-SNPP,375,2026-08-29T10:25:08.640958+00:00
2026-08-24,carbon_project_zone,112.59012898471839,-3.20952071747703,342.82000732421875,292.0400085449219,1,VIIRS-SNPP,375,2026-08-29T10:25:08.640961+00:00
2026-08-24,carbon_project_zone,112.57962434643903,-3.206148265256056,328.19000244140625,292.7699890136719,1,VIIRS-SNPP,375,2026-08-29T10:25:08.640946+00:00
2026-08-24,carbon_project_zone,112.5830020856042,-3.206148265256056,342.82000732421875,292.0400085449219,1,VIIRS-SNPP,375,2026-08-29T10:25:08.640948+00:00
2026-08-24,carbon_project_zone,112.58637982476935,-3.206148265256056,342.82000732421875,292.0400085449219,1,VIIRS-SNPP,375,2026-08-29T10:25:08.640950+00:00
2026-08-24,carbon_project_zone,112.58975756393451,-3.206148265256056,342.82000732421875,292.0400085449219,1,VIIRS-SNPP,375,2026-08-29T10:25:08.640952+00:00
2026-08-24,carbon_project_zone,112.57925335156851,-3.202775813035082,310.1300048828125,293.17999267578125,1,VIIRS-SNPP,375,2026-08-29T10:25:08.640937+00:00
2026-08-24,carbon_project_zone,112.58263107960268,-3.202775813035082,342.82000732421875,292.0400085449219,1,VIIRS-SNPP,375,2026-08-29T10:25:08.640939+00:00
2026-08-24,carbon_project_zone,112.58600880763683,-3.202775813035082,342.82000732421875,292.0400085449219,1,VIIRS-SNPP,375,2026-08-29T10:25:08.640941+00:00
2026-08-24,carbon_project_zone,112.58938653567097,-3.202775813035082,342.82000732421875,292.0400085449219,1,VIIRS-SNPP,375,2026-08-29T10:25:08.640944+00:00
2026-08-24,carbon_project_zone,112.57888274917657,-3.1994033608141073,310.1300048828125,293.17999267578125,1,VIIRS-SNPP,375,2026-08-29T10:25:08.640931+00:00
2026-08-24,carbon_project_zone,112.58226046609151,-3.1994033608141073,327.2300109863281,293.5,1,VIIRS-SNPP,375,2026-08-29T10:25:08.640933+00:00
2026-08-24,carbon_project_zone,112.58563818300642,-3.1994033608141073,327.2300109863281,293.5,1,VIIRS-SNPP,375,2026-08-29T10:25:08.640935+00:00
2026-08-24,carbon_project_zone,112.58901589992136,-3.1994033608141073,309.8999938964844,292.69000244140625,1,VIIRS-NOAA20,375,2026-08-29T10:25:48.253741+00:00
2026-08-24,carbon_project_zone,112.31394580491504,-3.1859135519302106,353.6700134277344,290.3299865722656,1,VIIRS-SNPP,375,2026-08-29T10:25:08.640922+00:00
2026-08-24,carbon_project_zone,112.31357802752684,-3.1825410997092365,353.6700134277344,290.3299865722656,1,VIIRS-SNPP,375,2026-08-29T10:25:08.640913+00:00
2026-08-24,carbon_project_zone,112.3132106416603,-3.1791686474882628,353.6700134277344,290.3299865722656,1,VIIRS-SNPP,375,2026-08-29T10:25:08.640904+00:00
2026-08-24,carbon_project_zone,112.31284364730898,-3.175796195267288,350.6700134277344,289.44000244140625,1,VIIRS-SNPP,375,2026-08-29T10:25:08.640895+00:00
2026-08-24,carbon_project_zone,112.31247704446652,-3.172423743046314,339.1499938964844,287.82000732421875,1,VIIRS-SNPP,375,2026-08-29T10:25:08.640887+00:00
2026-08-24,carbon_project_zone,112.31585467285154,-3.172423743046314,339.1499938964844,287.82000732421875,1,VIIRS-SNPP,375,2026-08-29T10:25:08.640889+00:00
2026-08-24,carbon_project_zone,112.31923230123658,-3.172423743046314,339.1499938964844,287.82000732421875,1,VIIRS-SNPP,375,2026-08-29T10:25:08.640891+00:00
2026-08-24,carbon_project_zone,112.3226099296216,-3.172423743046314,330.6199951171875,288.0799865722656,1,VIIRS-SNPP,375,2026-08-29T10:25:08.640893+00:00
2026-08-24,carbon_project_zone,112.57227901264787,-3.138699220836572,315.80999755859375,290.4200134277344,1,VIIRS-SNPP,375,2026-08-29T10:25:08.640881+00:00
2026-08-24,carbon_project_zone,112.57565653143014,-3.138699220836572,315.80999755859375,290.4200134277344,1,VIIRS-SNPP,375,2026-08-29T10:25:08.640883+00:00
2026-08-24,carbon_project_zone,112.57903405021243,-3.138699220836572,315.80999755859375,290.4200134277344,1,VIIRS-SNPP,375,2026-08-29T10:25:08.640885+00:00
2026-08-24,carbon_project_zone,112.57191586613264,-3.1353267686155983,315.80999755859375,290.4200134277344,1,VIIRS-SNPP,375,2026-08-29T10:25:08.640874+00:00
2026-08-24,carbon_project_zone,112.5752933740194,-3.1353267686155983,315.80999755859375,290.4200134277344,1,VIIRS-SNPP,375,2026-08-29T10:25:08.640877+00:00
2026-08-24,carbon_project_zone,112.57867088190615,-3.1353267686155983,315.80999755859375,290.4200134277344,1,VIIRS-SNPP,375,2026-08-29T10:25:08.640879+00:00
2026-08-24,carbon_project_zone,112.57155311196841,-3.131954316394624,315.80999755859375,290.4200134277344,1,VIIRS-SNPP,375,2026-08-29T10:25:08.640866+00:00
2026-08-24,carbon_project_zone,112.57493060897141,-3.131954316394624,319.70001220703125,290.3399963378906,1,VIIRS-SNPP,375,2026-08-29T10:25:08.640868+00:00
2026-08-24,carbon_project_zone,112.57830810597441,-3.131954316394624,319.70001220703125,290.3399963378906,1,VIIRS-SNPP,375,2026-08-29T10:25:08.640870+00:00
2026-08-24,carbon_project_zone,112.58168560297742,-3.131954316394624,319.70001220703125,290.3399963378906,1,VIIRS-SNPP,375,2026-08-29T10:25:08.640872+00:00
2026-08-24,carbon_project_zone,112.57456823627993,-3.1285818641736496,319.70001220703125,290.3399963378906,1,VIIRS-SNPP,375,2026-08-29T10:25:08.640856+00:00
2026-08-24,carbon_project_zone,112.57794572241093,-3.1285818641736496,319.70001220703125,290.3399963378906,1,VIIRS-SNPP,375,2026-08-29T10:25:08.640859+00:00
2026-08-24,carbon_project_zone,112.58132320854195,-3.1285818641736496,319.70001220703125,290.3399963378906,1,VIIRS-SNPP,375,2026-08-29T10:25:08.640861+00:00
2026-08-24,carbon_project_zone,112.58470069467297,-3.1285818641736496,306.79998779296875,291.32000732421875,1,VIIRS-SNPP,375,2026-08-29T10:25:08.640863+00:00
2026-08-24,carbon_project_zone,112.57420625593862,-3.1252094119526754,319.70001220703125,290.3399963378906,1,VIIRS-SNPP,375,2026-08-29T10:25:08.640847+00:00
2026-08-24,carbon_project_zone,112.57758373120943,-3.1252094119526754,319.70001220703125,290.3399963378906,1,VIIRS-SNPP,375,2026-08-29T10:25:08.640849+00:00
2026-08-24,carbon_project_zone,112.58096120648023,-3.1252094119526754,319.70001220703125,290.3399963378906,1,VIIRS-SNPP,375,2026-08-29T10:25:08.640852+00:00
2026-08-24,carbon_project_zone,112.58433868175103,-3.1252094119526754,306.79998779296875,291.32000732421875,1,VIIRS-SNPP,375,2026-08-29T10:25:08.640854+00:00
2026-08-24,carbon_project_zone,112.57722213236357,-3.1218369597317017,306.79998779296875,291.32000732421875,1,VIIRS-SNPP,375,2026-08-29T10:25:08.640840+00:00
2026-08-24,carbon_project_zone,112.58059959678593,-3.1218369597317017,306.79998779296875,291.32000732421875,1,VIIRS-SNPP,375,2026-08-29T10:25:08.640842+00:00
2026-08-24,carbon_project_zone,112.5839770612083,-3.1218369597317017,306.79998779296875,291.32000732421875,1,VIIRS-SNPP,375,2026-08-29T10:25:08.640845+00:00
2026-08-24,carbon_project_zone,112.68489903796221,-3.0543879153122178,329.8500061035156,287.7099914550781,1,VIIRS-SNPP,375,2026-08-29T10:25:08.640830+00:00
2026-08-24,carbon_project_zone,112.68827628788743,-3.0543879153122178,329.8500061035156,287.7099914550781,1,VIIRS-SNPP,375,2026-08-29T10:25:08.640833+00:00
2026-08-24,carbon_project_zone,112.69165353781264,-3.0543879153122178,329.8500061035156,287.7099914550781,1,VIIRS-SNPP,375,2026-08-29T10:25:08.640835+00:00
2026-08-24,carbon_project_zone,112.69503078773786,-3.0543879153122178,329.8500061035156,287.7099914550781,1,VIIRS-SNPP,375,2026-08-29T10:25:08.640838+00:00
2026-08-24,carbon_project_zone,112.69840803766311,-3.0543879153122178,330.1300048828125,290.8500061035156,1,VIIRS-NOAA20,375,2026-08-29T10:25:48.253707+00:00
2026-08-24,carbon_project_zone,112.70178528758834,-3.0543879153122178,330.1300048828125,290.8500061035156,1,VIIRS-NOAA20,375,2026-08-29T10:25:48.253709+00:00
2026-08-24,carbon_project_zone,112.68454531669987,-3.0510154630912436,329.8500061035156,287.7099914550781,1,VIIRS-SNPP,375,2026-08-29T10:25:08.640821+00:00
2026-08-24,carbon_project_zone,112.6879225560238,-3.0510154630912436,329.8500061035156,287.7099914550781,1,VIIRS-SNPP,375,2026-08-29T10:25:08.640823+00:00
2026-08-24,carbon_project_zone,112.69129979534775,-3.0510154630912436,329.8500061035156,287.7099914550781,1,VIIRS-SNPP,375,2026-08-29T10:25:08.640826+00:00
2026-08-24,carbon_project_zone,112.69467703467168,-3.0510154630912436,329.8500061035156,287.7099914550781,1,VIIRS-SNPP,375,2026-08-29T10:25:08.640828+00:00
2026-08-24,carbon_project_zone,112.69805427399562,-3.0510154630912436,330.1300048828125,290.8500061035156,1,VIIRS-NOAA20,375,2026-08-29T10:25:48.253694+00:00
2026-08-24,carbon_project_zone,112.70143151331956,-3.0510154630912436,330.1300048828125,290.8500061035156,1,VIIRS-NOAA20,375,2026-08-29T10:25:48.253696+00:00
2026-08-24,carbon_project_zone,112.68419198805655,-3.04764301087027,329.8500061035156,287.7099914550781,1,VIIRS-SNPP,375,2026-08-29T10:25:08.640812+00:00
2026-08-24,carbon_project_zone,112.68756921679098,-3.04764301087027,329.8500061035156,287.7099914550781,1,VIIRS-SNPP,375,2026-08-29T10:25:08.640814+00:00
2026-08-24,carbon_project_zone,112.69094644552538,-3.04764301087027,329.8500061035156,287.7099914550781,1,VIIRS-SNPP,375,2026-08-29T10:25:08.640817+00:00
2026-08-24,carbon_project_zone,112.6943236742598,-3.04764301087027,329.8500061035156,287.7099914550781,1,VIIRS-SNPP,375,2026-08-29T10:25:08.640819+00:00
2026-08-24,carbon_project_zone,112.69770090299421,-3.04764301087027,330.1300048828125,290.8500061035156,1,VIIRS-NOAA20,375,2026-08-29T10:25:48.253681+00:00
2026-08-24,carbon_project_zone,112.70107813172864,-3.04764301087027,330.1300048828125,290.8500061035156,1,VIIRS-NOAA20,375,2026-08-29T10:25:48.253684+00:00
2026-08-24,carbon_project_zone,112.6872162701828,-3.0442705586492953,328.0799865722656,288.17999267578125,1,VIIRS-SNPP,375,2026-08-29T10:25:08.640805+00:00
2026-08-24,carbon_project_zone,112.69059348833947,-3.0442705586492953,328.0799865722656,288.17999267578125,1,VIIRS-SNPP,375,2026-08-29T10:25:08.640807+00:00
2026-08-24,carbon_project_zone,112.69397070649613,-3.0442705586492953,328.0799865722656,288.17999267578125,1,VIIRS-SNPP,375,2026-08-29T10:25:08.640810+00:00
2026-08-24,carbon_project_zone,112.68686371619314,-3.040898106428321,328.0799865722656,288.17999267578125,1,VIIRS-SNPP,375,2026-08-29T10:25:08.640798+00:00
2026-08-24,carbon_project_zone,112.69024092378382,-3.040898106428321,328.0799865722656,288.17999267578125,1,VIIRS-SNPP,375,2026-08-29T10:25:08.640800+00:00
2026-08-24,carbon_project_zone,112.69361813137448,-3.040898106428321,328.0799865722656,288.17999267578125,1,VIIRS-SNPP,375,2026-08-29T10:25:08.640803+00:00
2026-08-24,carbon_project_zone,112.65611678148781,-3.037525654207347,342.25,290.82000732421875,1,VIIRS-SNPP,375,2026-08-29T10:25:08.640786+00:00
2026-08-24,carbon_project_zone,112.65949397852425,-3.037525654207347,342.25,290.82000732421875,1,VIIRS-SNPP,375,2026-08-29T10:25:08.640788+00:00
2026-08-24,carbon_project_zone,112.66287117556072,-3.037525654207347,342.25,290.82000732421875,1,VIIRS-SNPP,375,2026-08-29T10:25:08.640791+00:00
2026-08-24,carbon_project_zone,112.66624837259717,-3.037525654207347,342.25,290.82000732421875,1,VIIRS-SNPP,375,2026-08-29T10:25:08.640793+00:00
2026-08-24,carbon_project_zone,112.66962556963362,-3.037525654207347,332.8399963378906,290.3999938964844,1,VIIRS-SNPP,375,2026-08-29T10:25:08.640795+00:00
2026-08-24,carbon_project_zone,112.65576510759891,-3.034153201986373,342.25,290.82000732421875,1,VIIRS-SNPP,375,2026-08-29T10:25:08.640774+00:00
2026-08-24,carbon_project_zone,112.6591422940929,-3.034153201986373,342.25,290.82000732421875,1,VIIRS-SNPP,375,2026-08-29T10:25:08.640777+00:00
2026-08-24,carbon_project_zone,112.66251948058691,-3.034153201986373,342.25,290.82000732421875,1,VIIRS-SNPP,375,2026-08-29T10:25:08.640779+00:00
2026-08-24,carbon_project_zone,112.66589666708091,-3.034153201986373,342.25,290.82000732421875,1,VIIRS-SNPP,375,2026-08-29T10:25:08.640781+00:00
2026-08-24,carbon_project_zone,112.66927385357492,-3.034153201986373,332.8399963378906,290.3999938964844,1,VIIRS-SNPP,375,2026-08-29T10:25:08.640784+00:00
2026-08-24,carbon_project_zone,112.65541382620428,-3.0307807497653987,342.25,290.82000732421875,1,VIIRS-SNPP,375,2026-08-29T10:25:08.640762+00:00
2026-08-24,carbon_project_zone,112.65879100216759,-3.0307807497653987,342.25,290.82000732421875,1,VIIRS-SNPP,375,2026-08-29T10:25:08.640764+00:00
2026-08-24,carbon_project_zone,112.66216817813091,-3.0307807497653987,342.25,290.82000732421875,1,VIIRS-SNPP,375,2026-08-29T10:25:08.640767+00:00
2026-08-24,carbon_project_zone,112.66554535409422,-3.0307807497653987,342.25,290.82000732421875,1,VIIRS-SNPP,375,2026-08-29T10:25:08.640770+00:00
2026-08-24,carbon_project_zone,112.66892253005753,-3.0307807497653987,332.8399963378906,290.3999938964844,1,VIIRS-SNPP,375,2026-08-29T10:25:08.640772+00:00
2026-08-24,carbon_project_zone,112.66181726818658,-3.0274082975444245,332.8399963378906,290.3999938964844,1,VIIRS-SNPP,375,2026-08-29T10:25:08.640739+00:00
2026-08-24,carbon_project_zone,112.66519443363097,-3.0274082975444245,332.8399963378906,290.3999938964844,1,VIIRS-SNPP,375,2026-08-29T10:25:08.640755+00:00
2026-08-24,carbon_project_zone,112.66857159907536,-3.0274082975444245,332.8399963378906,290.3999938964844,1,VIIRS-SNPP,375,2026-08-29T10:25:08.640759+00:00
2026-08-24,project_area,112.57227901264787,-3.138699220836572,315.80999755859375,290.4200134277344,1,VIIRS-SNPP,375,2026-08-29T10:25:09.127150+00:00
2026-08-24,project_area,112.57565653143014,-3.138699220836572,315.80999755859375,290.4200134277344,1,VIIRS-SNPP,375,2026-08-29T10:25:09.127153+00:00
2026-08-24,project_area,112.57903405021243,-3.138699220836572,315.80999755859375,290.4200134277344,1,VIIRS-SNPP,375,2026-08-29T10:25:09.127155+00:00
2026-08-24,project_area,112.57191586613264,-3.1353267686155983,315.80999755859375,290.4200134277344,1,VIIRS-SNPP,375,2026-08-29T10:25:09.127143+00:00
2026-08-24,project_area,112.5752933740194,-3.1353267686155983,315.80999755859375,290.4200134277344,1,VIIRS-SNPP,375,2026-08-29T10:25:09.127145+00:00
2026-08-24,project_area,112.57867088190615,-3.1353267686155983,315.80999755859375,290.4200134277344,1,VIIRS-SNPP,375,2026-08-29T10:25:09.127148+00:00
2026-08-24,project_area,112.57155311196841,-3.131954316394624,315.80999755859375,290.4200134277344,1,VIIRS-SNPP,375,2026-08-29T10:25:09.127133+00:00
2026-08-24,project_area,112.57493060897141,-3.131954316394624,319.70001220703125,290.3399963378906,1,VIIRS-SNPP,375,2026-08-29T10:25:09.127136+00:00
2026-08-24,project_area,112.57830810597441,-3.131954316394624,319.70001220703125,290.3399963378906,1,VIIRS-SNPP,375,2026-08-29T10:25:09.127138+00:00
2026-08-24,project_area,112.58168560297742,-3.131954316394624,319.70001220703125,290.3399963378906,1,VIIRS-SNPP,375,2026-08-29T10:25:09.127141+00:00
2026-08-24,project_area,112.57456823627993,-3.1285818641736496,319.70001220703125,290.3399963378906,1,VIIRS-SNPP,375,2026-08-29T10:25:09.127123+00:00
2026-08-24,project_area,112.57794572241093,-3.1285818641736496,319.70001220703125,290.3399963378906,1,VIIRS-SNPP,375,2026-08-29T10:25:09.127125+00:00
2026-08-24,project_area,112.58132320854195,-3.1285818641736496,319.70001220703125,290.3399963378906,1,VIIRS-SNPP,375,2026-08-29T10:25:09.127128+00:00
2026-08-24,project_area,112.58470069467297,-3.1285818641736496,306.79998779296875,291.32000732421875,1,VIIRS-SNPP,375,2026-08-29T10:25:09.127130+00:00
2026-08-24,project_area,112.57420625593862,-3.1252094119526754,319.70001220703125,290.3399963378906,1,VIIRS-SNPP,375,2026-08-29T10:25:09.127113+00:00
2026-08-24,project_area,112.57758373120943,-3.1252094119526754,319.70001220703125,290.3399963378906,1,VIIRS-SNPP,375,2026-08-29T10:25:09.127116+00:00
2026-08-24,project_area,112.58096120648023,-3.1252094119526754,319.70001220703125,290.3399963378906,1,VIIRS-SNPP,375,2026-08-29T10:25:09.127118+00:00
2026-08-24,project_area,112.58433868175103,-3.1252094119526754,306.79998779296875,291.32000732421875,1,VIIRS-SNPP,375,2026-08-29T10:25:09.127121+00:00
2026-08-24,project_area,112.57722213236357,-3.1218369597317017,306.79998779296875,291.32000732421875,1,VIIRS-SNPP,375,2026-08-29T10:25:09.127106+00:00
2026-08-24,project_area,112.58059959678593,-3.1218369597317017,306.79998779296875,291.32000732421875,1,VIIRS-SNPP,375,2026-08-29T10:25:09.127109+00:00
2026-08-24,project_area,112.5839770612083,-3.1218369597317017,306.79998779296875,291.32000732421875,1,VIIRS-SNPP,375,2026-08-29T10:25:09.127111+00:00
2026-08-24,project_area,112.68454531669987,-3.0510154630912436,329.8500061035156,287.7099914550781,1,VIIRS-SNPP,375,2026-08-29T10:25:09.127102+00:00
2026-08-24,project_area,112.6879225560238,-3.0510154630912436,329.8500061035156,287.7099914550781,1,VIIRS-SNPP,375,2026-08-29T10:25:09.127104+00:00
2026-08-24,project_area,112.68419198805655,-3.04764301087027,329.8500061035156,287.7099914550781,1,VIIRS-SNPP,375,2026-08-29T10:25:09.127094+00:00
2026-08-24,project_area,112.68756921679098,-3.04764301087027,329.8500061035156,287.7099914550781,1,VIIRS-SNPP,375,2026-08-29T10:25:09.127097+00:00
2026-08-24,project_area,112.69094644552538,-3.04764301087027,329.8500061035156,287.7099914550781,1,VIIRS-SNPP,375,2026-08-29T10:25:09.127099+00:00
2026-08-24,project_area,112.6872162701828,-3.0442705586492953,328.0799865722656,288.17999267578125,1,VIIRS-SNPP,375,2026-08-29T10:25:09.127087+00:00
2026-08-24,project_area,112.69059348833947,-3.0442705586492953,328.0799865722656,288.17999267578125,1,VIIRS-SNPP,375,2026-08-29T10:25:09.127089+00:00
2026-08-24,project_area,112.69397070649613,-3.0442705586492953,328.0799865722656,288.17999267578125,1,VIIRS-SNPP,375,2026-08-29T10:25:09.127092+00:00
2026-08-24,project_area,112.68686371619314,-3.040898106428321,328.0799865722656,288.17999267578125,1,VIIRS-SNPP,375,2026-08-29T10:25:09.127078+00:00
2026-08-24,project_area,112.69024092378382,-3.040898106428321,328.0799865722656,288.17999267578125,1,VIIRS-SNPP,375,2026-08-29T10:25:09.127081+00:00
2026-08-24,project_area,112.69361813137448,-3.040898106428321,328.0799865722656,288.17999267578125,1,VIIRS-SNPP,375,2026-08-29T10:25:09.127084+00:00
2026-08-24,project_area,112.66857159907536,-3.0274082975444245,332.8399963378906,290.3999938964844,1,VIIRS-SNPP,375,2026-08-29T10:25:09.127061+00:00
2026-08-25,carbon_project_zone,112.57134790356046,-3.253362596349694,367.0,291.8399963378906,2,VIIRS-NOAA20,375,2026-08-29T10:25:49.493918+00:00
2026-08-25,carbon_project_zone,112.57472579979617,-3.253362596349694,367.0,291.8399963378906,2,VIIRS-NOAA20,375,2026-08-29T10:25:49.493920+00:00
2026-08-25,carbon_project_zone,112.57810369603189,-3.253362596349694,367.0,291.8399963378906,2,VIIRS-NOAA20,375,2026-08-29T10:25:49.493922+00:00
2026-08-25,carbon_project_zone,112.5675935735529,-3.2499901441287204,367.0,292.8699951171875,2,VIIRS-NOAA20,375,2026-08-29T10:25:49.493904+00:00
2026-08-25,carbon_project_zone,112.57097145849272,-3.2499901441287204,367.0,292.8699951171875,2,VIIRS-NOAA20,375,2026-08-29T10:25:49.493906+00:00
2026-08-25,carbon_project_zone,112.57434934343256,-3.2499901441287204,367.0,292.8699951171875,2,VIIRS-NOAA20,375,2026-08-29T10:25:49.493908+00:00
2026-08-25,carbon_project_zone,112.5777272283724,-3.2499901441287204,367.0,292.8699951171875,2,VIIRS-NOAA20,375,2026-08-29T10:25:49.493910+00:00
2026-08-25,carbon_project_zone,112.56721753229169,-3.246617691907746,367.0,292.8699951171875,2,VIIRS-NOAA20,375,2026-08-29T10:25:49.493895+00:00
2026-08-25,carbon_project_zone,112.57059540594742,-3.246617691907746,367.0,292.8699951171875,2,VIIRS-NOAA20,375,2026-08-29T10:25:49.493897+00:00
2026-08-25,carbon_project_zone,112.57397327960314,-3.246617691907746,367.0,292.8699951171875,2,VIIRS-NOAA20,375,2026-08-29T10:25:49.493899+00:00
2026-08-25,carbon_project_zone,112.57735115325887,-3.246617691907746,367.0,292.8699951171875,2,VIIRS-NOAA20,375,2026-08-29T10:25:49.493902+00:00
2026-08-25,carbon_project_zone,112.56684188353455,-3.2432452396867717,367.0,292.8699951171875,2,VIIRS-NOAA20,375,2026-08-29T10:25:49.493886+00:00
2026-08-25,carbon_project_zone,112.57021974591795,-3.2432452396867717,367.0,292.8699951171875,2,VIIRS-NOAA20,375,2026-08-29T10:25:49.493888+00:00
2026-08-25,carbon_project_zone,112.57359760830137,-3.2432452396867717,367.0,292.8699951171875,2,VIIRS-NOAA20,375,2026-08-29T10:25:49.493891+00:00
2026-08-25,carbon_project_zone,112.57697547068477,-3.2432452396867717,367.0,292.8699951171875,2,VIIRS-NOAA20,375,2026-08-29T10:25:49.493893+00:00
2026-08-25,carbon_project_zone,112.31130483957004,-3.1926584563721594,367.0,294.2900085449219,2,VIIRS-NOAA20,375,2026-08-29T10:25:49.493769+00:00
2026-08-25,carbon_project_zone,112.31468253428184,-3.1926584563721594,367.0,294.2900085449219,2,VIIRS-NOAA20,375,2026-08-29T10:25:49.493771+00:00
2026-08-25,carbon_project_zone,112.31806022899366,-3.1926584563721594,367.0,294.2900085449219,2,VIIRS-NOAA20,375,2026-08-29T10:25:49.493774+00:00
2026-08-25,carbon_project_zone,112.32143792370546,-3.1926584563721594,367.0,294.2900085449219,2,VIIRS-NOAA20,375,2026-08-29T10:25:49.493776+00:00
2026-08-25,carbon_project_zone,112.31093629020333,-3.189286004151185,367.0,294.2900085449219,2,VIIRS-NOAA20,375,2026-08-29T10:25:49.493728+00:00
2026-08-25,carbon_project_zone,112.31431397383122,-3.189286004151185,367.0,294.2900085449219,2,VIIRS-NOAA20,375,2026-08-29T10:25:49.493731+00:00
2026-08-25,carbon_project_zone,112.31769165745914,-3.189286004151185,367.0,294.2900085449219,2,VIIRS-NOAA20,375,2026-08-29T10:25:49.493733+00:00
2026-08-25,carbon_project_zone,112.32106934108705,-3.189286004151185,367.0,294.2900085449219,2,VIIRS-NOAA20,375,2026-08-29T10:25:49.493736+00:00
2026-08-25,carbon_project_zone,112.31056813235926,-3.1859135519302106,367.0,293.510009765625,2,VIIRS-NOAA20,375,2026-08-29T10:25:49.493691+00:00
2026-08-25,carbon_project_zone,112.31394580491504,-3.1859135519302106,367.0,293.510009765625,2,VIIRS-NOAA20,375,2026-08-29T10:25:49.493693+00:00
2026-08-25,carbon_project_zone,112.31732347747082,-3.1859135519302106,367.0,293.510009765625,2,VIIRS-NOAA20,375,2026-08-29T10:25:49.493696+00:00
2026-08-25,carbon_project_zone,112.32070115002661,-3.1859135519302106,367.0,293.510009765625,2,VIIRS-NOAA20,375,2026-08-29T10:25:49.493698+00:00
2026-08-25,carbon_project_zone,112.31020036603141,-3.1825410997092365,367.0,293.510009765625,2,VIIRS-NOAA20,375,2026-08-29T10:25:49.493659+00:00
2026-08-25,carbon_project_zone,112.31357802752684,-3.1825410997092365,367.0,293.510009765625,2,VIIRS-NOAA20,375,2026-08-29T10:25:49.493662+00:00
2026-08-25,carbon_project_zone,112.3169556890223,-3.1825410997092365,367.0,293.510009765625,2,VIIRS-NOAA20,375,2026-08-29T10:25:49.493664+00:00
2026-08-25,carbon_project_zone,112.32033335051771,-3.1825410997092365,367.0,293.510009765625,2,VIIRS-NOAA20,375,2026-08-29T10:25:49.493667+00:00
2026-08-25,carbon_project_zone,112.30983299121344,-3.1791686474882628,367.0,293.510009765625,2,VIIRS-NOAA20,375,2026-08-29T10:25:49.493639+00:00
2026-08-25,carbon_project_zone,112.3132106416603,-3.1791686474882628,367.0,293.510009765625,2,VIIRS-NOAA20,375,2026-08-29T10:25:49.493642+00:00
2026-08-25,carbon_project_zone,112.31658829210716,-3.1791686474882628,367.0,293.510009765625,2,VIIRS-NOAA20,375,2026-08-29T10:25:49.493644+00:00
2026-08-25,carbon_project_zone,112.319965942554,-3.1791686474882628,367.0,293.510009765625,2,VIIRS-NOAA20,375,2026-08-29T10:25:49.493647+00:00
2026-08-25,carbon_project_zone,112.30946600789893,-3.175796195267288,367.0,293.510009765625,2,VIIRS-NOAA20,375,2026-08-29T10:25:49.493613+00:00
2026-08-25,carbon_project_zone,112.31284364730898,-3.175796195267288,367.0,293.510009765625,2,VIIRS-NOAA20,375,2026-08-29T10:25:49.493615+00:00
2026-08-25,carbon_project_zone,112.31622128671904,-3.175796195267288,367.0,293.510009765625,2,VIIRS-NOAA20,375,2026-08-29T10:25:49.493618+00:00
2026-08-25,carbon_project_zone,112.31959892612909,-3.175796195267288,367.0,293.510009765625,2,VIIRS-NOAA20,375,2026-08-29T10:25:49.493620+00:00
2026-08-25,carbon_project_zone,112.34369730167761,-3.148816577499495,367.0,293.92999267578125,2,VIIRS-NOAA20,375,2026-08-29T10:25:49.493606+00:00
2026-08-25,carbon_project_zone,112.34707485321711,-3.148816577499495,367.0,293.92999267578125,2,VIIRS-NOAA20,375,2026-08-29T10:25:49.493608+00:00
2026-08-25,carbon_project_zone,112.57565653143014,-3.138699220836572,367.0,294.32000732421875,2,VIIRS-NOAA20,375,2026-08-29T10:25:49.493589+00:00
2026-08-25,carbon_project_zone,112.57903405021243,-3.138699220836572,367.0,294.32000732421875,2,VIIRS-NOAA20,375,2026-08-29T10:25:49.493591+00:00
2026-08-25,carbon_project_zone,112.5824115689947,-3.138699220836572,367.0,294.32000732421875,2,VIIRS-NOAA20,375,2026-08-29T10:25:49.493594+00:00
2026-08-25,carbon_project_zone,112.58578908777699,-3.138699220836572,367.0,292.760009765625,2,VIIRS-NOAA20,375,2026-08-29T10:25:49.493596+00:00
2026-08-25,carbon_project_zone,112.5752933740194,-3.1353267686155983,367.0,294.32000732421875,2,VIIRS-NOAA20,375,2026-08-29T10:25:49.493577+00:00
2026-08-25,carbon_project_zone,112.57867088190615,-3.1353267686155983,367.0,294.32000732421875,2,VIIRS-NOAA20,375,2026-08-29T10:25:49.493579+00:00
2026-08-25,carbon_project_zone,112.58204838979289,-3.1353267686155983,367.0,294.32000732421875,2,VIIRS-NOAA20,375,2026-08-29T10:25:49.493582+00:00
2026-08-25,carbon_project_zone,112.58542589767966,-3.1353267686155983,367.0,292.760009765625,2,VIIRS-NOAA20,375,2026-08-29T10:25:49.493584+00:00
2026-08-25,carbon_project_zone,112.57493060897141,-3.131954316394624,367.0,294.32000732421875,2,VIIRS-NOAA20,375,2026-08-29T10:25:49.493562+00:00
2026-08-25,carbon_project_zone,112.57830810597441,-3.131954316394624,367.0,294.32000732421875,2,VIIRS-NOAA20,375,2026-08-29T10:25:49.493565+00:00
2026-08-25,carbon_project_zone,112.58168560297742,-3.131954316394624,367.0,294.32000732421875,2,VIIRS-NOAA20,375,2026-08-29T10:25:49.493567+00:00
2026-08-25,carbon_project_zone,112.58506309998042,-3.131954316394624,367.0,292.760009765625,2,VIIRS-NOAA20,375,2026-08-29T10:25:49.493570+00:00
2026-08-25,carbon_project_zone,112.58059959678593,-3.1218369597317017,367.0,302.1300048828125,2,VIIRS-SNPP,375,2026-08-29T10:25:09.643894+00:00
2026-08-25,carbon_project_zone,112.5839770612083,-3.1218369597317017,367.0,302.1300048828125,2,VIIRS-SNPP,375,2026-08-29T10:25:09.643896+00:00
2026-08-25,carbon_project_zone,112.58735452563067,-3.1218369597317017,367.0,302.1300048828125,2,VIIRS-SNPP,375,2026-08-29T10:25:09.643898+00:00
2026-08-25,carbon_project_zone,112.58023837945278,-3.1184645075107276,367.0,302.1300048828125,2,VIIRS-SNPP,375,2026-08-29T10:25:09.643881+00:00
2026-08-25,carbon_project_zone,112.58361583303848,-3.1184645075107276,367.0,302.1300048828125,2,VIIRS-SNPP,375,2026-08-29T10:25:09.643884+00:00
2026-08-25,carbon_project_zone,112.58699328662418,-3.1184645075107276,367.0,302.1300048828125,2,VIIRS-SNPP,375,2026-08-29T10:25:09.643886+00:00
2026-08-25,carbon_project_zone,112.57987755447449,-3.115092055289753,367.0,302.1300048828125,2,VIIRS-SNPP,375,2026-08-29T10:25:09.643869+00:00
2026-08-25,carbon_project_zone,112.5832549972353,-3.115092055289753,367.0,302.1300048828125,2,VIIRS-SNPP,375,2026-08-29T10:25:09.643872+00:00
2026-08-25,carbon_project_zone,112.5866324399961,-3.115092055289753,367.0,302.1300048828125,2,VIIRS-SNPP,375,2026-08-29T10:25:09.643874+00:00
2026-08-25,carbon_project_zone,112.56872405242656,-3.2601075007916425,349.7099914550781,294.9200134277344,1,VIIRS-NOAA20,375,2026-08-29T10:25:49.493939+00:00
2026-08-25,carbon_project_zone,112.57210197128936,-3.2601075007916425,353.7300109863281,294.7200012207031,1,VIIRS-NOAA20,375,2026-08-29T10:25:49.493941+00:00
2026-08-25,carbon_project_zone,112.57547989015218,-3.2601075007916425,353.7300109863281,294.7200012207031,1,VIIRS-NOAA20,375,2026-08-29T10:25:49.493943+00:00
2026-08-25,carbon_project_zone,112.56834683361379,-3.2567350485706683,349.7099914550781,294.9200134277344,1,VIIRS-NOAA20,375,2026-08-29T10:25:49.493928+00:00
2026-08-25,carbon_project_zone,112.57172474115714,-3.2567350485706683,353.7300109863281,294.7200012207031,1,VIIRS-NOAA20,375,2026-08-29T10:25:49.493930+00:00
2026-08-25,carbon_project_zone,112.57510264870052,-3.2567350485706683,353.7300109863281,294.7200012207031,1,VIIRS-NOAA20,375,2026-08-29T10:25:49.493932+00:00
2026-08-25,carbon_project_zone,112.57848055624389,-3.2567350485706683,353.7300109863281,294.7200012207031,1,VIIRS-NOAA20,375,2026-08-29T10:25:49.493934+00:00
2026-08-25,carbon_project_zone,112.58185846378727,-3.2567350485706683,340.94000244140625,291.1000061035156,1,VIIRS-NOAA20,375,2026-08-29T10:25:49.493937+00:00
2026-08-25,carbon_project_zone,112.56797000732475,-3.253362596349694,349.7099914550781,294.9200134277344,1,VIIRS-NOAA20,375,2026-08-29T10:25:49.493916+00:00
2026-08-25,carbon_project_zone,112.58148159226761,-3.253362596349694,340.94000244140625,291.1000061035156,1,VIIRS-NOAA20,375,2026-08-29T10:25:49.493924+00:00
2026-08-25,carbon_project_zone,112.58485948850333,-3.253362596349694,340.94000244140625,291.1000061035156,1,VIIRS-NOAA20,375,2026-08-29T10:25:49.493926+00:00
2026-08-25,carbon_project_zone,112.58110511331223,-3.2499901441287204,340.94000244140625,291.1000061035156,1,VIIRS-NOAA20,375,2026-08-29T10:25:49.493912+00:00
2026-08-25,carbon_project_zone,112.58448299825207,-3.2499901441287204,340.94000244140625,291.1000061035156,1,VIIRS-NOAA20,375,2026-08-29T10:25:49.493914+00:00
2026-08-25,carbon_project_zone,112.40959044195282,-3.226382978581901,336.7200012207031,297.3299865722656,1,VIIRS-SNPP,375,2026-08-29T10:25:09.644215+00:00
2026-08-25,carbon_project_zone,112.41296824815127,-3.226382978581901,336.7200012207031,297.3299865722656,1,VIIRS-SNPP,375,2026-08-29T10:25:09.644218+00:00
2026-08-25,carbon_project_zone,112.41634605434973,-3.226382978581901,336.7200012207031,297.3299865722656,1,VIIRS-SNPP,375,2026-08-29T10:25:09.644220+00:00
2026-08-25,carbon_project_zone,112.40921766335963,-3.2230105263609268,336.7200012207031,297.3299865722656,1,VIIRS-SNPP,375,2026-08-29T10:25:09.644207+00:00
2026-08-25,carbon_project_zone,112.41259545835642,-3.2230105263609268,336.7200012207031,297.3299865722656,1,VIIRS-SNPP,375,2026-08-29T10:25:09.644210+00:00
2026-08-25,carbon_project_zone,112.41597325335323,-3.2230105263609268,336.7200012207031,297.3299865722656,1,VIIRS-SNPP,375,2026-08-29T10:25:09.644213+00:00
2026-08-25,carbon_project_zone,112.40884527668322,-3.2196380741399526,336.7200012207031,297.3299865722656,1,VIIRS-SNPP,375,2026-08-29T10:25:09.644200+00:00
2026-08-25,carbon_project_zone,112.41222306049015,-3.2196380741399526,336.7200012207031,297.3299865722656,1,VIIRS-SNPP,375,2026-08-29T10:25:09.644202+00:00
2026-08-25,carbon_project_zone,112.41560084429706,-3.2196380741399526,336.7200012207031,297.3299865722656,1,VIIRS-SNPP,375,2026-08-29T10:25:09.644205+00:00
2026-08-25,carbon_project_zone,112.3848288735154,-3.2162656219189785,337.3800048828125,300.1499938964844,1,VIIRS-SNPP,375,2026-08-29T10:25:09.644192+00:00
2026-08-25,carbon_project_zone,112.38820664614424,-3.2162656219189785,337.3800048828125,300.1499938964844,1,VIIRS-SNPP,375,2026-08-29T10:25:09.644194+00:00
2026-08-25,carbon_project_zone,112.39158441877305,-3.2162656219189785,337.3800048828125,300.1499938964844,1,VIIRS-SNPP,375,2026-08-29T10:25:09.644197+00:00
2026-08-25,carbon_project_zone,112.58749523124433,-3.2162656219189785,304.2200012207031,294.1499938964844,1,VIIRS-NOAA20,375,2026-08-29T10:25:49.493879+00:00
2026-08-25,carbon_project_zone,112.59087300387314,-3.2162656219189785,304.2200012207031,294.1499938964844,1,VIIRS-NOAA20,375,2026-08-29T10:25:49.493881+00:00
2026-08-25,carbon_project_zone,112.59425077650197,-3.2162656219189785,304.2200012207031,294.1499938964844,1,VIIRS-NOAA20,375,2026-08-29T10:25:49.493884+00:00
2026-08-25,carbon_project_zone,112.38445734881746,-3.212893169698004,337.3800048828125,300.1499938964844,1,VIIRS-SNPP,375,2026-08-29T10:25:09.644184+00:00
2026-08-25,carbon_project_zone,112.38783511027995,-3.212893169698004,337.3800048828125,300.1499938964844,1,VIIRS-SNPP,375,2026-08-29T10:25:09.644187+00:00
2026-08-25,carbon_project_zone,112.39121287174244,-3.212893169698004,337.3800048828125,300.1499938964844,1,VIIRS-SNPP,375,2026-08-29T10:25:09.644189+00:00
2026-08-25,carbon_project_zone,112.58712303656664,-3.212893169698004,304.2200012207031,294.1499938964844,1,VIIRS-NOAA20,375,2026-08-29T10:25:49.493872+00:00
2026-08-25,carbon_project_zone,112.59050079802913,-3.212893169698004,304.2200012207031,294.1499938964844,1,VIIRS-NOAA20,375,2026-08-29T10:25:49.493874+00:00
2026-08-25,carbon_project_zone,112.59387855949161,-3.212893169698004,304.2200012207031,294.1499938964844,1,VIIRS-NOAA20,375,2026-08-29T10:25:49.493877+00:00
2026-08-25,carbon_project_zone,112.38408621593446,-3.20952071747703,337.3800048828125,300.1499938964844,1,VIIRS-SNPP,375,2026-08-29T10:25:09.644170+00:00
2026-08-25,carbon_project_zone,112.3874639662424,-3.20952071747703,337.3800048828125,300.1499938964844,1,VIIRS-SNPP,375,2026-08-29T10:25:09.644172+00:00
2026-08-25,carbon_project_zone,112.39084171655031,-3.20952071747703,337.3800048828125,300.1499938964844,1,VIIRS-SNPP,375,2026-08-29T10:25:09.644175+00:00
2026-08-25,carbon_project_zone,112.39421946685825,-3.20952071747703,305.4599914550781,290.4800109863281,1,VIIRS-NOAA20,375,2026-08-29T10:25:49.493870+00:00
2026-08-25,carbon_project_zone,112.57661798348668,-3.20952071747703,305.1300048828125,292.6499938964844,1,VIIRS-SNPP,375,2026-08-29T10:25:09.644177+00:00
2026-08-25,carbon_project_zone,112.57999573379462,-3.20952071747703,305.1300048828125,292.6499938964844,1,VIIRS-SNPP,375,2026-08-29T10:25:09.644180+00:00
2026-08-25,carbon_project_zone,112.58337348410255,-3.20952071747703,305.1300048828125,292.6499938964844,1,VIIRS-SNPP,375,2026-08-29T10:25:09.644182+00:00
2026-08-25,carbon_project_zone,112.3870932140251,-3.206148265256056,305.4599914550781,290.4800109863281,1,VIIRS-NOAA20,375,2026-08-29T10:25:49.493839+00:00
2026-08-25,carbon_project_zone,112.39047095319026,-3.206148265256056,305.4599914550781,290.4800109863281,1,VIIRS-NOAA20,375,2026-08-29T10:25:49.493841+00:00
2026-08-25,carbon_project_zone,112.39384869235542,-3.206148265256056,305.4599914550781,290.4800109863281,1,VIIRS-NOAA20,375,2026-08-29T10:25:49.493844+00:00
2026-08-25,carbon_project_zone,112.57624660727389,-3.206148265256056,306.5799865722656,292.7200012207031,1,VIIRS-SNPP,375,2026-08-29T10:25:09.644157+00:00
2026-08-25,carbon_project_zone,112.57962434643903,-3.206148265256056,306.5799865722656,292.7200012207031,1,VIIRS-SNPP,375,2026-08-29T10:25:09.644159+00:00
2026-08-25,carbon_project_zone,112.5830020856042,-3.206148265256056,345.6499938964844,297.1199951171875,1,VIIRS-SNPP,375,2026-08-29T10:25:09.644162+00:00
2026-08-25,carbon_project_zone,112.58637982476935,-3.206148265256056,345.6499938964844,297.1199951171875,1,VIIRS-SNPP,375,2026-08-29T10:25:09.644165+00:00
2026-08-25,carbon_project_zone,112.58975756393451,-3.206148265256056,345.6499938964844,297.1199951171875,1,VIIRS-SNPP,375,2026-08-29T10:25:09.644167+00:00
2026-08-25,carbon_project_zone,112.59313530309967,-3.206148265256056,344.54998779296875,293.0299987792969,1,VIIRS-NOAA20,375,2026-08-29T10:25:49.493861+00:00
2026-08-25,carbon_project_zone,112.38672285362162,-3.202775813035082,305.4599914550781,290.4800109863281,1,VIIRS-NOAA20,375,2026-08-29T10:25:49.493814+00:00
2026-08-25,carbon_project_zone,112.39010058165577,-3.202775813035082,305.4599914550781,290.4800109863281,1,VIIRS-NOAA20,375,2026-08-29T10:25:49.493816+00:00
2026-08-25,carbon_project_zone,112.39347830968993,-3.202775813035082,305.4599914550781,290.4800109863281,1,VIIRS-NOAA20,375,2026-08-29T10:25:49.493819+00:00
2026-08-25,carbon_project_zone,112.57249789550019,-3.202775813035082,319.30999755859375,292.7200012207031,1,VIIRS-SNPP,375,2026-08-29T10:25:09.644142+00:00
2026-08-25,carbon_project_zone,112.57587562353436,-3.202775813035082,320.1199951171875,293.05999755859375,1,VIIRS-SNPP,375,2026-08-29T10:25:09.644144+00:00
2026-08-25,carbon_project_zone,112.57925335156851,-3.202775813035082,320.1199951171875,293.05999755859375,1,VIIRS-SNPP,375,2026-08-29T10:25:09.644147+00:00
2026-08-25,carbon_project_zone,112.58263107960268,-3.202775813035082,345.6499938964844,297.1199951171875,1,VIIRS-SNPP,375,2026-08-29T10:25:09.644149+00:00
2026-08-25,carbon_project_zone,112.58600880763683,-3.202775813035082,345.6499938964844,297.1199951171875,1,VIIRS-SNPP,375,2026-08-29T10:25:09.644151+00:00
2026-08-25,carbon_project_zone,112.58938653567097,-3.202775813035082,345.6499938964844,297.1199951171875,1,VIIRS-SNPP,375,2026-08-29T10:25:09.644154+00:00
2026-08-25,carbon_project_zone,112.59276426370513,-3.202775813035082,344.54998779296875,293.0299987792969,1,VIIRS-NOAA20,375,2026-08-29T10:25:49.493836+00:00
2026-08-25,carbon_project_zone,112.57212731534672,-3.1994033608141073,319.30999755859375,292.7200012207031,1,VIIRS-SNPP,375,2026-08-29T10:25:09.644126+00:00
2026-08-25,carbon_project_zone,112.57550503226165,-3.1994033608141073,320.1199951171875,293.05999755859375,1,VIIRS-SNPP,375,2026-08-29T10:25:09.644129+00:00
2026-08-25,carbon_project_zone,112.57888274917657,-3.1994033608141073,320.1199951171875,293.05999755859375,1,VIIRS-SNPP,375,2026-08-29T10:25:09.644131+00:00
2026-08-25,carbon_project_zone,112.58226046609151,-3.1994033608141073,345.6499938964844,297.1199951171875,1,VIIRS-SNPP,375,2026-08-29T10:25:09.644134+00:00
2026-08-25,carbon_project_zone,112.58563818300642,-3.1994033608141073,345.6499938964844,297.1199951171875,1,VIIRS-SNPP,375,2026-08-29T10:25:09.644137+00:00
2026-08-25,carbon_project_zone,112.58901589992136,-3.1994033608141073,345.6499938964844,297.1199951171875,1,VIIRS-SNPP,375,2026-08-29T10:25:09.644139+00:00
2026-08-25,carbon_project_zone,112.5923936168363,-3.1994033608141073,344.54998779296875,293.0299987792969,1,VIIRS-NOAA20,375,2026-08-29T10:25:49.493812+00:00
2026-08-25,carbon_project_zone,112.39611642565282,-3.196030908593133,341.489990234375,299.5799865722656,1,VIIRS-SNPP,375,2026-08-29T10:25:09.644106+00:00
2026-08-25,carbon_project_zone,112.3994941314603,-3.196030908593133,341.489990234375,299.5799865722656,1,VIIRS-SNPP,375,2026-08-29T10:25:09.644109+00:00
2026-08-25,carbon_project_zone,112.4028718372678,-3.196030908593133,341.489990234375,299.5799865722656,1,VIIRS-SNPP,375,2026-08-29T10:25:09.644111+00:00
2026-08-25,carbon_project_zone,112.57175712764182,-3.196030908593133,319.30999755859375,292.7200012207031,1,VIIRS-SNPP,375,2026-08-29T10:25:09.644114+00:00
2026-08-25,carbon_project_zone,112.57513483344931,-3.196030908593133,320.1199951171875,293.05999755859375,1,VIIRS-SNPP,375,2026-08-29T10:25:09.644117+00:00
2026-08-25,carbon_project_zone,112.57851253925679,-3.196030908593133,320.1199951171875,293.05999755859375,1,VIIRS-SNPP,375,2026-08-29T10:25:09.644119+00:00
2026-08-25,carbon_project_zone,112.58189024506427,-3.196030908593133,320.1199951171875,293.05999755859375,1,VIIRS-SNPP,375,2026-08-29T10:25:09.644122+00:00
2026-08-25,carbon_project_zone,112.58526795087174,-3.196030908593133,303.1000061035156,292.1300048828125,1,VIIRS-SNPP,375,2026-08-29T10:25:09.644124+00:00
2026-08-25,carbon_project_zone,112.30792714485824,-3.1926584563721594,351.7099914550781,293.8999938964844,1,VIIRS-NOAA20,375,2026-08-29T10:25:49.493766+00:00
2026-08-25,carbon_project_zone,112.39574720736519,-3.1926584563721594,341.489990234375,299.5799865722656,1,VIIRS-SNPP,375,2026-08-29T10:25:09.644084+00:00
2026-08-25,carbon_project_zone,112.399124902077,-3.1926584563721594,341.489990234375,299.5799865722656,1,VIIRS-SNPP,375,2026-08-29T10:25:09.644086+00:00
2026-08-25,carbon_project_zone,112.4025025967888,-3.1926584563721594,341.489990234375,299.5799865722656,1,VIIRS-SNPP,375,2026-08-29T10:25:09.644089+00:00
2026-08-25,carbon_project_zone,112.56800963766729,-3.1926584563721594,303.8699951171875,292.6600036621094,1,VIIRS-SNPP,375,2026-08-29T10:25:09.644091+00:00
2026-08-25,carbon_project_zone,112.57138733237909,-3.1926584563721594,303.8699951171875,292.6600036621094,1,VIIRS-SNPP,375,2026-08-29T10:25:09.644094+00:00
2026-08-25,carbon_project_zone,112.57476502709092,-3.1926584563721594,303.8699951171875,292.6600036621094,1,VIIRS-SNPP,375,2026-08-29T10:25:09.644096+00:00
2026-08-25,carbon_project_zone,112.57814272180272,-3.1926584563721594,303.1000061035156,292.1300048828125,1,VIIRS-SNPP,375,2026-08-29T10:25:09.644099+00:00
2026-08-25,carbon_project_zone,112.58152041651451,-3.1926584563721594,303.1000061035156,292.1300048828125,1,VIIRS-SNPP,375,2026-08-29T10:25:09.644101+00:00
2026-08-25,carbon_project_zone,112.58489811122632,-3.1926584563721594,303.1000061035156,292.1300048828125,1,VIIRS-SNPP,375,2026-08-29T10:25:09.644104+00:00
2026-08-25,carbon_project_zone,112.30755860657541,-3.189286004151185,351.7099914550781,293.8999938964844,1,VIIRS-NOAA20,375,2026-08-29T10:25:49.493725+00:00
2026-08-25,carbon_project_zone,112.36835691187773,-3.189286004151185,339.0299987792969,300.510009765625,1,VIIRS-SNPP,375,2026-08-29T10:25:09.644051+00:00
2026-08-25,carbon_project_zone,112.37173459550564,-3.189286004151185,340.6400146484375,298.0400085449219,1,VIIRS-SNPP,375,2026-08-29T10:25:09.644054+00:00
2026-08-25,carbon_project_zone,112.37511227913353,-3.189286004151185,340.6400146484375,298.0400085449219,1,VIIRS-SNPP,375,2026-08-29T10:25:09.644056+00:00
2026-08-25,carbon_project_zone,112.37848996276145,-3.189286004151185,340.6400146484375,298.0400085449219,1,VIIRS-SNPP,375,2026-08-29T10:25:09.644059+00:00
2026-08-25,carbon_project_zone,112.39537838090098,-3.189286004151185,341.489990234375,299.5799865722656,1,VIIRS-SNPP,375,2026-08-29T10:25:09.644061+00:00
2026-08-25,carbon_project_zone,112.39875606452887,-3.189286004151185,341.489990234375,299.5799865722656,1,VIIRS-SNPP,375,2026-08-29T10:25:09.644064+00:00
2026-08-25,carbon_project_zone,112.4021337481568,-3.189286004151185,341.489990234375,299.5799865722656,1,VIIRS-SNPP,375,2026-08-29T10:25:09.644066+00:00
2026-08-25,carbon_project_zone,112.5676402459242,-3.189286004151185,303.8699951171875,292.6600036621094,1,VIIRS-SNPP,375,2026-08-29T10:25:09.644068+00:00
2026-08-25,carbon_project_zone,112.57101792955208,-3.189286004151185,316.75,293.0,1,VIIRS-SNPP,375,2026-08-29T10:25:09.644072+00:00
2026-08-25,carbon_project_zone,112.57439561318002,-3.189286004151185,316.75,293.0,1,VIIRS-SNPP,375,2026-08-29T10:25:09.644074+00:00
2026-08-25,carbon_project_zone,112.5777732968079,-3.189286004151185,316.75,293.0,1,VIIRS-SNPP,375,2026-08-29T10:25:09.644077+00:00
2026-08-25,carbon_project_zone,112.58115098043581,-3.189286004151185,308.17999267578125,292.0199890136719,1,VIIRS-SNPP,375,2026-08-29T10:25:09.644079+00:00
2026-08-25,carbon_project_zone,112.58452866406373,-3.189286004151185,303.1000061035156,292.1300048828125,1,VIIRS-SNPP,375,2026-08-29T10:25:09.644081+00:00
2026-08-25,carbon_project_zone,112.30719045980346,-3.1859135519302106,351.7099914550781,293.8999938964844,1,VIIRS-NOAA20,375,2026-08-29T10:25:49.493688+00:00
2026-08-25,carbon_project_zone,112.36798856580754,-3.1859135519302106,339.0299987792969,300.510009765625,1,VIIRS-SNPP,375,2026-08-29T10:25:09.644024+00:00
2026-08-25,carbon_project_zone,112.37136623836332,-3.1859135519302106,340.6400146484375,298.0400085449219,1,VIIRS-SNPP,375,2026-08-29T10:25:09.644026+00:00
2026-08-25,carbon_project_zone,112.37474391091911,-3.1859135519302106,340.6400146484375,298.0400085449219,1,VIIRS-SNPP,375,2026-08-29T10:25:09.644029+00:00
2026-08-25,carbon_project_zone,112.37812158347488,-3.1859135519302106,340.6400146484375,298.0400085449219,1,VIIRS-SNPP,375,2026-08-29T10:25:09.644031+00:00
2026-08-25,carbon_project_zone,112.5706489191544,-3.1859135519302106,316.75,293.0,1,VIIRS-SNPP,375,2026-08-29T10:25:09.644034+00:00
2026-08-25,carbon_project_zone,112.5740265917102,-3.1859135519302106,316.75,293.0,1,VIIRS-SNPP,375,2026-08-29T10:25:09.644036+00:00
2026-08-25,carbon_project_zone,112.57740426426598,-3.1859135519302106,316.75,293.0,1,VIIRS-SNPP,375,2026-08-29T10:25:09.644038+00:00
2026-08-25,carbon_project_zone,112.58078193682175,-3.1859135519302106,308.17999267578125,292.0199890136719,1,VIIRS-SNPP,375,2026-08-29T10:25:09.644041+00:00
2026-08-25,carbon_project_zone,112.30682270453599,-3.1825410997092365,351.7099914550781,293.8999938964844,1,VIIRS-NOAA20,375,2026-08-29T10:25:49.493657+00:00
2026-08-25,carbon_project_zone,112.36762061145375,-3.1825410997092365,339.0299987792969,300.510009765625,1,VIIRS-SNPP,375,2026-08-29T10:25:09.643998+00:00
2026-08-25,carbon_project_zone,112.37099827294918,-3.1825410997092365,340.6400146484375,298.0400085449219,1,VIIRS-SNPP,375,2026-08-29T10:25:09.644000+00:00
2026-08-25,carbon_project_zone,112.3743759344446,-3.1825410997092365,340.6400146484375,298.0400085449219,1,VIIRS-SNPP,375,2026-08-29T10:25:09.644003+00:00
2026-08-25,carbon_project_zone,112.37775359594004,-3.1825410997092365,340.6400146484375,298.0400085449219,1,VIIRS-SNPP,375,2026-08-29T10:25:09.644005+00:00
2026-08-25,carbon_project_zone,112.5702803011796,-3.1825410997092365,316.75,293.0,1,VIIRS-SNPP,375,2026-08-29T10:25:09.644008+00:00
2026-08-25,carbon_project_zone,112.57365796267503,-3.1825410997092365,316.75,293.0,1,VIIRS-SNPP,375,2026-08-29T10:25:09.644010+00:00
2026-08-25,carbon_project_zone,112.57703562417046,-3.1825410997092365,316.75,293.0,1,VIIRS-SNPP,375,2026-08-29T10:25:09.644012+00:00
2026-08-25,carbon_project_zone,112.58041328566588,-3.1825410997092365,308.17999267578125,292.0199890136719,1,VIIRS-SNPP,375,2026-08-29T10:25:09.644015+00:00
2026-08-25,carbon_project_zone,112.30645534076659,-3.1791686474882628,350.6300048828125,297.0400085449219,1,VIIRS-NOAA20,375,2026-08-29T10:25:49.493636+00:00
2026-08-25,carbon_project_zone,112.37063069925684,-3.1791686474882628,337.4599914550781,291.8999938964844,1,VIIRS-NOAA20,375,2026-08-29T10:25:49.493649+00:00
2026-08-25,carbon_project_zone,112.37400834970369,-3.1791686474882628,337.4599914550781,291.8999938964844,1,VIIRS-NOAA20,375,2026-08-29T10:25:49.493652+00:00
2026-08-25,carbon_project_zone,112.37738600015054,-3.1791686474882628,337.4599914550781,291.8999938964844,1,VIIRS-NOAA20,375,2026-08-29T10:25:49.493654+00:00
2026-08-25,carbon_project_zone,112.30608836848887,-3.175796195267288,350.6300048828125,297.0400085449219,1,VIIRS-NOAA20,375,2026-08-29T10:25:49.493611+00:00
2026-08-25,carbon_project_zone,112.4112483324674,-3.148816577499495,353.8500061035156,299.05999755859375,1,VIIRS-SNPP,375,2026-08-29T10:25:09.643970+00:00
2026-08-25,carbon_project_zone,112.4146258840069,-3.148816577499495,353.8500061035156,299.05999755859375,1,VIIRS-SNPP,375,2026-08-29T10:25:09.643972+00:00
2026-08-25,carbon_project_zone,112.41800343554638,-3.148816577499495,353.8500061035156,299.05999755859375,1,VIIRS-SNPP,375,2026-08-29T10:25:09.643975+00:00
2026-08-25,carbon_project_zone,112.41088453354162,-3.145444125278521,353.8500061035156,299.05999755859375,1,VIIRS-SNPP,375,2026-08-29T10:25:09.643958+00:00
2026-08-25,carbon_project_zone,112.41426207415029,-3.145444125278521,353.8500061035156,299.05999755859375,1,VIIRS-SNPP,375,2026-08-29T10:25:09.643961+00:00
2026-08-25,carbon_project_zone,112.41763961475893,-3.145444125278521,353.8500061035156,299.05999755859375,1,VIIRS-SNPP,375,2026-08-29T10:25:09.643963+00:00
2026-08-25,carbon_project_zone,112.57264255152045,-3.1420716730575466,329.80999755859375,294.0299987792969,1,VIIRS-NOAA20,375,2026-08-29T10:25:49.493599+00:00
2026-08-25,carbon_project_zone,112.57602008121002,-3.1420716730575466,329.80999755859375,294.0299987792969,1,VIIRS-NOAA20,375,2026-08-29T10:25:49.493601+00:00
2026-08-25,carbon_project_zone,112.57939761089959,-3.1420716730575466,329.80999755859375,294.0299987792969,1,VIIRS-NOAA20,375,2026-08-29T10:25:49.493604+00:00
2026-08-25,carbon_project_zone,112.57227901264787,-3.138699220836572,344.0,296.8500061035156,1,VIIRS-SNPP,375,2026-08-29T10:25:09.643946+00:00
2026-08-25,carbon_project_zone,112.57191586613264,-3.1353267686155983,344.0,296.8500061035156,1,VIIRS-SNPP,375,2026-08-29T10:25:09.643934+00:00
2026-08-25,carbon_project_zone,112.57155311196841,-3.131954316394624,344.0,296.8500061035156,1,VIIRS-SNPP,375,2026-08-29T10:25:09.643923+00:00
2026-08-25,carbon_project_zone,112.58844059698342,-3.131954316394624,350.6000061035156,294.8399963378906,1,VIIRS-NOAA20,375,2026-08-29T10:25:49.493572+00:00
2026-08-25,carbon_project_zone,112.57456823627993,-3.1285818641736496,336.3500061035156,292.9100036621094,1,VIIRS-NOAA20,375,2026-08-29T10:25:49.493548+00:00
2026-08-25,carbon_project_zone,112.57794572241093,-3.1285818641736496,345.0,298.0899963378906,1,VIIRS-SNPP,375,2026-08-29T10:25:09.643913+00:00
2026-08-25,carbon_project_zone,112.58132320854195,-3.1285818641736496,346.04998779296875,301.4100036621094,1,VIIRS-SNPP,375,2026-08-29T10:25:09.643915+00:00
2026-08-25,carbon_project_zone,112.58470069467297,-3.1285818641736496,346.04998779296875,301.4100036621094,1,VIIRS-SNPP,375,2026-08-29T10:25:09.643918+00:00
2026-08-25,carbon_project_zone,112.58807818080399,-3.1285818641736496,346.04998779296875,301.4100036621094,1,VIIRS-SNPP,375,2026-08-29T10:25:09.643920+00:00
2026-08-25,carbon_project_zone,112.57420625593862,-3.1252094119526754,342.2300109863281,299.94000244140625,1,VIIRS-SNPP,375,2026-08-29T10:25:09.643901+00:00
2026-08-25,carbon_project_zone,112.57758373120943,-3.1252094119526754,345.0,298.0899963378906,1,VIIRS-SNPP,375,2026-08-29T10:25:09.643903+00:00
2026-08-25,carbon_project_zone,112.58096120648023,-3.1252094119526754,346.04998779296875,301.4100036621094,1,VIIRS-SNPP,375,2026-08-29T10:25:09.643905+00:00
2026-08-25,carbon_project_zone,112.58433868175103,-3.1252094119526754,346.04998779296875,301.4100036621094,1,VIIRS-SNPP,375,2026-08-29T10:25:09.643908+00:00
2026-08-25,carbon_project_zone,112.58771615702184,-3.1252094119526754,346.04998779296875,301.4100036621094,1,VIIRS-SNPP,375,2026-08-29T10:25:09.643911+00:00
2026-08-25,carbon_project_zone,112.5738446679412,-3.1218369597317017,342.2300109863281,299.94000244140625,1,VIIRS-SNPP,375,2026-08-29T10:25:09.643889+00:00
2026-08-25,carbon_project_zone,112.57722213236357,-3.1218369597317017,345.0,298.0899963378906,1,VIIRS-SNPP,375,2026-08-29T10:25:09.643891+00:00
2026-08-25,carbon_project_zone,112.5734834722814,-3.1184645075107276,342.2300109863281,299.94000244140625,1,VIIRS-SNPP,375,2026-08-29T10:25:09.643876+00:00
2026-08-25,carbon_project_zone,112.57686092586708,-3.1184645075107276,342.2300109863281,299.94000244140625,1,VIIRS-SNPP,375,2026-08-29T10:25:09.643879+00:00
2026-08-25,carbon_project_zone,112.69467703467168,-3.0510154630912436,331.05999755859375,299.4800109863281,1,VIIRS-SNPP,375,2026-08-29T10:25:09.643861+00:00
2026-08-25,carbon_project_zone,112.69805427399562,-3.0510154630912436,331.05999755859375,299.4800109863281,1,VIIRS-SNPP,375,2026-08-29T10:25:09.643864+00:00
2026-08-25,carbon_project_zone,112.70143151331956,-3.0510154630912436,331.05999755859375,299.4800109863281,1,VIIRS-SNPP,375,2026-08-29T10:25:09.643866+00:00
2026-08-25,carbon_project_zone,112.6943236742598,-3.04764301087027,331.05999755859375,299.4800109863281,1,VIIRS-SNPP,375,2026-08-29T10:25:09.643853+00:00
2026-08-25,carbon_project_zone,112.69770090299421,-3.04764301087027,331.05999755859375,299.4800109863281,1,VIIRS-SNPP,375,2026-08-29T10:25:09.643856+00:00
2026-08-25,carbon_project_zone,112.70107813172864,-3.04764301087027,331.05999755859375,299.4800109863281,1,VIIRS-SNPP,375,2026-08-29T10:25:09.643859+00:00
2026-08-25,carbon_project_zone,112.69397070649613,-3.0442705586492953,331.05999755859375,299.4800109863281,1,VIIRS-SNPP,375,2026-08-29T10:25:09.643828+00:00
2026-08-25,carbon_project_zone,112.6973479246528,-3.0442705586492953,331.05999755859375,299.4800109863281,1,VIIRS-SNPP,375,2026-08-29T10:25:09.643846+00:00
2026-08-25,carbon_project_zone,112.70072514280946,-3.0442705586492953,331.05999755859375,299.4800109863281,1,VIIRS-SNPP,375,2026-08-29T10:25:09.643850+00:00
2026-08-25,carbon_project_zone,112.32444702471494,-3.189286004151185,356.3900146484375,288.4200134277344,0,VIIRS-NOAA20,375,2026-08-29T10:25:49.493739+00:00
2026-08-25,carbon_project_zone,112.32782470834286,-3.189286004151185,356.3900146484375,288.4200134277344,0,VIIRS-NOAA20,375,2026-08-29T10:25:49.493741+00:00
2026-08-25,carbon_project_zone,112.32407882258238,-3.1859135519302106,356.3900146484375,288.4200134277344,0,VIIRS-NOAA20,375,2026-08-29T10:25:49.493701+00:00
2026-08-25,carbon_project_zone,112.32745649513815,-3.1859135519302106,356.3900146484375,288.4200134277344,0,VIIRS-NOAA20,375,2026-08-29T10:25:49.493703+00:00
2026-08-25,carbon_project_zone,112.32371101201315,-3.1825410997092365,356.3900146484375,288.4200134277344,0,VIIRS-NOAA20,375,2026-08-29T10:25:49.493669+00:00
2026-08-25,carbon_project_zone,112.32708867350857,-3.1825410997092365,356.3900146484375,288.4200134277344,0,VIIRS-NOAA20,375,2026-08-29T10:25:49.493672+00:00
2026-08-25,project_area,112.57565653143014,-3.138699220836572,367.0,294.32000732421875,2,VIIRS-NOAA20,375,2026-08-29T10:25:50.138732+00:00
2026-08-25,project_area,112.57903405021243,-3.138699220836572,367.0,294.32000732421875,2,VIIRS-NOAA20,375,2026-08-29T10:25:50.138735+00:00
2026-08-25,project_area,112.5824115689947,-3.138699220836572,367.0,294.32000732421875,2,VIIRS-NOAA20,375,2026-08-29T10:25:50.138737+00:00
2026-08-25,project_area,112.58578908777699,-3.138699220836572,367.0,292.760009765625,2,VIIRS-NOAA20,375,2026-08-29T10:25:50.138740+00:00
2026-08-25,project_area,112.5752933740194,-3.1353267686155983,367.0,294.32000732421875,2,VIIRS-NOAA20,375,2026-08-29T10:25:50.138718+00:00
2026-08-25,project_area,112.57867088190615,-3.1353267686155983,367.0,294.32000732421875,2,VIIRS-NOAA20,375,2026-08-29T10:25:50.138721+00:00
2026-08-25,project_area,112.58204838979289,-3.1353267686155983,367.0,294.32000732421875,2,VIIRS-NOAA20,375,2026-08-29T10:25:50.138725+00:00
2026-08-25,project_area,112.58542589767966,-3.1353267686155983,367.0,292.760009765625,2,VIIRS-NOAA20,375,2026-08-29T10:25:50.138727+00:00
2026-08-25,project_area,112.57493060897141,-3.131954316394624,367.0,294.32000732421875,2,VIIRS-NOAA20,375,2026-08-29T10:25:50.138703+00:00
2026-08-25,project_area,112.57830810597441,-3.131954316394624,367.0,294.32000732421875,2,VIIRS-NOAA20,375,2026-08-29T10:25:50.138705+00:00
2026-08-25,project_area,112.58168560297742,-3.131954316394624,367.0,294.32000732421875,2,VIIRS-NOAA20,375,2026-08-29T10:25:50.138708+00:00
2026-08-25,project_area,112.58506309998042,-3.131954316394624,367.0,292.760009765625,2,VIIRS-NOAA20,375,2026-08-29T10:25:50.138711+00:00
2026-08-25,project_area,112.58059959678593,-3.1218369597317017,367.0,302.1300048828125,2,VIIRS-SNPP,375,2026-08-29T10:25:10.083768+00:00
2026-08-25,project_area,112.5839770612083,-3.1218369597317017,367.0,302.1300048828125,2,VIIRS-SNPP,375,2026-08-29T10:25:10.083770+00:00
2026-08-25,project_area,112.58023837945278,-3.1184645075107276,367.0,302.1300048828125,2,VIIRS-SNPP,375,2026-08-29T10:25:10.083758+00:00
2026-08-25,project_area,112.58361583303848,-3.1184645075107276,367.0,302.1300048828125,2,VIIRS-SNPP,375,2026-08-29T10:25:10.083761+00:00
2026-08-25,project_area,112.57987755447449,-3.115092055289753,367.0,302.1300048828125,2,VIIRS-SNPP,375,2026-08-29T10:25:10.083746+00:00
2026-08-25,project_area,112.5832549972353,-3.115092055289753,367.0,302.1300048828125,2,VIIRS-SNPP,375,2026-08-29T10:25:10.083750+00:00
2026-08-25,project_area,112.4112483324674,-3.148816577499495,353.8500061035156,299.05999755859375,1,VIIRS-SNPP,375,2026-08-29T10:25:10.083841+00:00
2026-08-25,project_area,112.4146258840069,-3.148816577499495,353.8500061035156,299.05999755859375,1,VIIRS-SNPP,375,2026-08-29T10:25:10.083843+00:00
2026-08-25,project_area,112.41800343554638,-3.148816577499495,353.8500061035156,299.05999755859375,1,VIIRS-SNPP,375,2026-08-29T10:25:10.083846+00:00
2026-08-25,project_area,112.41088453354162,-3.145444125278521,353.8500061035156,299.05999755859375,1,VIIRS-SNPP,375,2026-08-29T10:25:10.083834+00:00
2026-08-25,project_area,112.41426207415029,-3.145444125278521,353.8500061035156,299.05999755859375,1,VIIRS-SNPP,375,2026-08-29T10:25:10.083836+00:00
2026-08-25,project_area,112.41763961475893,-3.145444125278521,353.8500061035156,299.05999755859375,1,VIIRS-SNPP,375,2026-08-29T10:25:10.083838+00:00
2026-08-25,project_area,112.57264255152045,-3.1420716730575466,329.80999755859375,294.0299987792969,1,VIIRS-NOAA20,375,2026-08-29T10:25:50.138742+00:00
2026-08-25,project_area,112.57602008121002,-3.1420716730575466,329.80999755859375,294.0299987792969,1,VIIRS-NOAA20,375,2026-08-29T10:25:50.138745+00:00
2026-08-25,project_area,112.57939761089959,-3.1420716730575466,329.80999755859375,294.0299987792969,1,VIIRS-NOAA20,375,2026-08-29T10:25:50.138748+00:00
2026-08-25,project_area,112.57227901264787,-3.138699220836572,344.0,296.8500061035156,1,VIIRS-SNPP,375,2026-08-29T10:25:10.083817+00:00
2026-08-25,project_area,112.57191586613264,-3.1353267686155983,344.0,296.8500061035156,1,VIIRS-SNPP,375,2026-08-29T10:25:10.083805+00:00
2026-08-25,project_area,112.57155311196841,-3.131954316394624,344.0,296.8500061035156,1,VIIRS-SNPP,375,2026-08-29T10:25:10.083793+00:00
2026-08-25,project_area,112.58844059698342,-3.131954316394624,350.6000061035156,294.8399963378906,1,VIIRS-NOAA20,375,2026-08-29T10:25:50.138713+00:00
2026-08-25,project_area,112.57456823627993,-3.1285818641736496,336.3500061035156,292.9100036621094,1,VIIRS-NOAA20,375,2026-08-29T10:25:50.138686+00:00
2026-08-25,project_area,112.57794572241093,-3.1285818641736496,345.0,298.0899963378906,1,VIIRS-SNPP,375,2026-08-29T10:25:10.083783+00:00
2026-08-25,project_area,112.58132320854195,-3.1285818641736496,346.04998779296875,301.4100036621094,1,VIIRS-SNPP,375,2026-08-29T10:25:10.083785+00:00
2026-08-25,project_area,112.58470069467297,-3.1285818641736496,346.04998779296875,301.4100036621094,1,VIIRS-SNPP,375,2026-08-29T10:25:10.083788+00:00
2026-08-25,project_area,112.58807818080399,-3.1285818641736496,346.04998779296875,301.4100036621094,1,VIIRS-SNPP,375,2026-08-29T10:25:10.083790+00:00
2026-08-25,project_area,112.57420625593862,-3.1252094119526754,342.2300109863281,299.94000244140625,1,VIIRS-SNPP,375,2026-08-29T10:25:10.083773+00:00
2026-08-25,project_area,112.57758373120943,-3.1252094119526754,345.0,298.0899963378906,1,VIIRS-SNPP,375,2026-08-29T10:25:10.083775+00:00
2026-08-25,project_area,112.58096120648023,-3.1252094119526754,346.04998779296875,301.4100036621094,1,VIIRS-SNPP,375,2026-08-29T10:25:10.083778+00:00
2026-08-25,project_area,112.58433868175103,-3.1252094119526754,346.04998779296875,301.4100036621094,1,VIIRS-SNPP,375,2026-08-29T10:25:10.083780+00:00
2026-08-25,project_area,112.5738446679412,-3.1218369597317017,342.2300109863281,299.94000244140625,1,VIIRS-SNPP,375,2026-08-29T10:25:10.083763+00:00
2026-08-25,project_area,112.57722213236357,-3.1218369597317017,345.0,298.0899963378906,1,VIIRS-SNPP,375,2026-08-29T10:25:10.083766+00:00
2026-08-25,project_area,112.5734834722814,-3.1184645075107276,342.2300109863281,299.94000244140625,1,VIIRS-SNPP,375,2026-08-29T10:25:10.083753+00:00
2026-08-25,project_area,112.57686092586708,-3.1184645075107276,342.2300109863281,299.94000244140625,1,VIIRS-SNPP,375,2026-08-29T10:25:10.083756+00:00
2026-08-25,project_area,112.69397070649613,-3.0442705586492953,331.05999755859375,299.4800109863281,1,VIIRS-SNPP,375,2026-08-29T10:25:10.083729+00:00
2026-08-26,carbon_project_zone,112.57021974591795,-3.2432452396867717,367.0,298.8800048828125,2,VIIRS-NOAA20,375,2026-08-29T10:25:50.906515+00:00
2026-08-26,carbon_project_zone,112.57359760830137,-3.2432452396867717,367.0,298.8800048828125,2,VIIRS-NOAA20,375,2026-08-29T10:25:50.906517+00:00
2026-08-26,carbon_project_zone,112.57697547068477,-3.2432452396867717,367.0,298.8800048828125,2,VIIRS-NOAA20,375,2026-08-29T10:25:50.906519+00:00
2026-08-26,carbon_project_zone,112.44486398685183,-3.2398727874657975,367.0,301.8999938964844,2,VIIRS-NOAA20,375,2026-08-29T10:25:50.906489+00:00
2026-08-26,carbon_project_zone,112.44824183797469,-3.2398727874657975,367.0,301.8999938964844,2,VIIRS-NOAA20,375,2026-08-29T10:25:50.906491+00:00
2026-08-26,carbon_project_zone,112.56308877615213,-3.2398727874657975,367.0,298.57000732421875,2,VIIRS-NOAA20,375,2026-08-29T10:25:50.906497+00:00
2026-08-26,carbon_project_zone,112.56646662727499,-3.2398727874657975,367.0,298.57000732421875,2,VIIRS-NOAA20,375,2026-08-29T10:25:50.906499+00:00
2026-08-26,carbon_project_zone,112.56984447839785,-3.2398727874657975,367.0,298.8800048828125,2,VIIRS-NOAA20,375,2026-08-29T10:25:50.906501+00:00
2026-08-26,carbon_project_zone,112.57322232952072,-3.2398727874657975,367.0,298.8800048828125,2,VIIRS-NOAA20,375,2026-08-29T10:25:50.906503+00:00
2026-08-26,carbon_project_zone,112.57660018064358,-3.2398727874657975,367.0,298.8800048828125,2,VIIRS-NOAA20,375,2026-08-29T10:25:50.906505+00:00
2026-08-26,carbon_project_zone,112.44448952803893,-3.2365003352448234,367.0,301.8999938964844,2,VIIRS-NOAA20,375,2026-08-29T10:25:50.906470+00:00
2026-08-26,carbon_project_zone,112.44786736791303,-3.2365003352448234,367.0,301.8999938964844,2,VIIRS-NOAA20,375,2026-08-29T10:25:50.906473+00:00
2026-08-26,carbon_project_zone,112.56271392363237,-3.2365003352448234,367.0,298.57000732421875,2,VIIRS-NOAA20,375,2026-08-29T10:25:50.906479+00:00
2026-08-26,carbon_project_zone,112.56609176350648,-3.2365003352448234,367.0,298.57000732421875,2,VIIRS-NOAA20,375,2026-08-29T10:25:50.906481+00:00
2026-08-26,carbon_project_zone,112.56946960338057,-3.2365003352448234,367.0,298.8800048828125,2,VIIRS-NOAA20,375,2026-08-29T10:25:50.906483+00:00
2026-08-26,carbon_project_zone,112.57284744325466,-3.2365003352448234,367.0,298.8800048828125,2,VIIRS-NOAA20,375,2026-08-29T10:25:50.906485+00:00
2026-08-26,carbon_project_zone,112.57622528312876,-3.2365003352448234,367.0,298.8800048828125,2,VIIRS-NOAA20,375,2026-08-29T10:25:50.906487+00:00
2026-08-26,carbon_project_zone,112.44411546128657,-3.2331278830238492,367.0,301.8999938964844,2,VIIRS-NOAA20,375,2026-08-29T10:25:50.906454+00:00
2026-08-26,carbon_project_zone,112.44749328992368,-3.2331278830238492,367.0,301.8999938964844,2,VIIRS-NOAA20,375,2026-08-29T10:25:50.906456+00:00
2026-08-26,carbon_project_zone,112.56233946358537,-3.2331278830238492,367.0,298.57000732421875,2,VIIRS-NOAA20,375,2026-08-29T10:25:50.906462+00:00
2026-08-26,carbon_project_zone,112.56571729222247,-3.2331278830238492,367.0,298.57000732421875,2,VIIRS-NOAA20,375,2026-08-29T10:25:50.906464+00:00
2026-08-26,carbon_project_zone,112.56909512085959,-3.2331278830238492,367.0,298.57000732421875,2,VIIRS-NOAA20,375,2026-08-29T10:25:50.906466+00:00
2026-08-26,carbon_project_zone,112.57324023317874,-3.20952071747703,367.0,307.05999755859375,2,VIIRS-SNPP,375,2026-08-29T10:25:10.662378+00:00
2026-08-26,carbon_project_zone,112.57661798348668,-3.20952071747703,367.0,305.1300048828125,2,VIIRS-SNPP,375,2026-08-29T10:25:10.662380+00:00
2026-08-26,carbon_project_zone,112.57999573379462,-3.20952071747703,367.0,305.1300048828125,2,VIIRS-SNPP,375,2026-08-29T10:25:10.662382+00:00
2026-08-26,carbon_project_zone,112.58337348410255,-3.20952071747703,367.0,305.1300048828125,2,VIIRS-SNPP,375,2026-08-29T10:25:10.662384+00:00
2026-08-26,carbon_project_zone,112.57286886810873,-3.206148265256056,367.0,307.05999755859375,2,VIIRS-SNPP,375,2026-08-29T10:25:10.662368+00:00
2026-08-26,carbon_project_zone,112.57624660727389,-3.206148265256056,367.0,305.1300048828125,2,VIIRS-SNPP,375,2026-08-29T10:25:10.662370+00:00
2026-08-26,carbon_project_zone,112.57962434643903,-3.206148265256056,367.0,305.1300048828125,2,VIIRS-SNPP,375,2026-08-29T10:25:10.662372+00:00
2026-08-26,carbon_project_zone,112.5830020856042,-3.206148265256056,367.0,305.1300048828125,2,VIIRS-SNPP,375,2026-08-29T10:25:10.662374+00:00
2026-08-26,carbon_project_zone,112.58637982476935,-3.206148265256056,367.0,299.75,2,VIIRS-NOAA20,375,2026-08-29T10:25:50.906407+00:00
2026-08-26,carbon_project_zone,112.58975756393451,-3.206148265256056,367.0,299.75,2,VIIRS-NOAA20,375,2026-08-29T10:25:50.906409+00:00
2026-08-26,carbon_project_zone,112.59313530309967,-3.206148265256056,367.0,299.75,2,VIIRS-NOAA20,375,2026-08-29T10:25:50.906411+00:00
2026-08-26,carbon_project_zone,112.57249789550019,-3.202775813035082,367.0,307.05999755859375,2,VIIRS-SNPP,375,2026-08-29T10:25:10.662350+00:00
2026-08-26,carbon_project_zone,112.57587562353436,-3.202775813035082,367.0,305.1300048828125,2,VIIRS-SNPP,375,2026-08-29T10:25:10.662352+00:00
2026-08-26,carbon_project_zone,112.57925335156851,-3.202775813035082,367.0,305.1300048828125,2,VIIRS-SNPP,375,2026-08-29T10:25:10.662354+00:00
2026-08-26,carbon_project_zone,112.58263107960268,-3.202775813035082,367.0,305.1300048828125,2,VIIRS-SNPP,375,2026-08-29T10:25:10.662356+00:00
2026-08-26,carbon_project_zone,112.58600880763683,-3.202775813035082,367.0,299.75,2,VIIRS-NOAA20,375,2026-08-29T10:25:50.906388+00:00
2026-08-26,carbon_project_zone,112.58938653567097,-3.202775813035082,367.0,299.75,2,VIIRS-NOAA20,375,2026-08-29T10:25:50.906390+00:00
2026-08-26,carbon_project_zone,112.59276426370513,-3.202775813035082,367.0,299.75,2,VIIRS-NOAA20,375,2026-08-29T10:25:50.906392+00:00
2026-08-26,carbon_project_zone,112.58226046609151,-3.1994033608141073,367.0,298.8299865722656,2,VIIRS-NOAA20,375,2026-08-29T10:25:50.906367+00:00
2026-08-26,carbon_project_zone,112.58563818300642,-3.1994033608141073,367.0,299.75,2,VIIRS-NOAA20,375,2026-08-29T10:25:50.906369+00:00
2026-08-26,carbon_project_zone,112.58901589992136,-3.1994033608141073,367.0,299.75,2,VIIRS-NOAA20,375,2026-08-29T10:25:50.906371+00:00
2026-08-26,carbon_project_zone,112.5923936168363,-3.1994033608141073,367.0,299.75,2,VIIRS-NOAA20,375,2026-08-29T10:25:50.906373+00:00
2026-08-26,carbon_project_zone,112.3116737804658,-3.196030908593133,367.0,298.510009765625,2,VIIRS-NOAA20,375,2026-08-29T10:25:50.906327+00:00
2026-08-26,carbon_project_zone,112.31505148627329,-3.196030908593133,367.0,298.510009765625,2,VIIRS-NOAA20,375,2026-08-29T10:25:50.906329+00:00
2026-08-26,carbon_project_zone,112.31842919208079,-3.196030908593133,367.0,298.510009765625,2,VIIRS-NOAA20,375,2026-08-29T10:25:50.906331+00:00
2026-08-26,carbon_project_zone,112.58189024506427,-3.196030908593133,367.0,298.8299865722656,2,VIIRS-NOAA20,375,2026-08-29T10:25:50.906350+00:00
2026-08-26,carbon_project_zone,112.58526795087174,-3.196030908593133,367.0,298.8299865722656,2,VIIRS-NOAA20,375,2026-08-29T10:25:50.906352+00:00
2026-08-26,carbon_project_zone,112.31130483957004,-3.1926584563721594,367.0,298.510009765625,2,VIIRS-NOAA20,375,2026-08-29T10:25:50.906297+00:00
2026-08-26,carbon_project_zone,112.31468253428184,-3.1926584563721594,367.0,298.510009765625,2,VIIRS-NOAA20,375,2026-08-29T10:25:50.906299+00:00
2026-08-26,carbon_project_zone,112.31806022899366,-3.1926584563721594,367.0,298.510009765625,2,VIIRS-NOAA20,375,2026-08-29T10:25:50.906301+00:00
2026-08-26,carbon_project_zone,112.58152041651451,-3.1926584563721594,367.0,298.8299865722656,2,VIIRS-NOAA20,375,2026-08-29T10:25:50.906320+00:00
2026-08-26,carbon_project_zone,112.58489811122632,-3.1926584563721594,367.0,298.8299865722656,2,VIIRS-NOAA20,375,2026-08-29T10:25:50.906322+00:00
2026-08-26,carbon_project_zone,112.31093629020333,-3.189286004151185,367.0,298.510009765625,2,VIIRS-NOAA20,375,2026-08-29T10:25:50.906270+00:00
2026-08-26,carbon_project_zone,112.31431397383122,-3.189286004151185,367.0,298.510009765625,2,VIIRS-NOAA20,375,2026-08-29T10:25:50.906273+00:00
2026-08-26,carbon_project_zone,112.31769165745914,-3.189286004151185,367.0,298.510009765625,2,VIIRS-NOAA20,375,2026-08-29T10:25:50.906275+00:00
2026-08-26,carbon_project_zone,112.5777732968079,-3.189286004151185,367.0,298.67999267578125,2,VIIRS-NOAA20,375,2026-08-29T10:25:50.906288+00:00
2026-08-26,carbon_project_zone,112.58115098043581,-3.189286004151185,367.0,298.8299865722656,2,VIIRS-NOAA20,375,2026-08-29T10:25:50.906290+00:00
2026-08-26,carbon_project_zone,112.58452866406373,-3.189286004151185,367.0,298.8299865722656,2,VIIRS-NOAA20,375,2026-08-29T10:25:50.906292+00:00
2026-08-26,carbon_project_zone,112.57740426426598,-3.1859135519302106,367.0,298.67999267578125,2,VIIRS-NOAA20,375,2026-08-29T10:25:50.906257+00:00
2026-08-26,carbon_project_zone,112.58078193682175,-3.1859135519302106,367.0,297.760009765625,2,VIIRS-NOAA20,375,2026-08-29T10:25:50.906259+00:00
2026-08-26,carbon_project_zone,112.58415960937752,-3.1859135519302106,367.0,297.760009765625,2,VIIRS-NOAA20,375,2026-08-29T10:25:50.906261+00:00
2026-08-26,carbon_project_zone,112.44192916435323,-3.1825410997092365,367.0,299.19000244140625,2,VIIRS-NOAA20,375,2026-08-29T10:25:50.906195+00:00
2026-08-26,carbon_project_zone,112.44530682584865,-3.1825410997092365,367.0,299.19000244140625,2,VIIRS-NOAA20,375,2026-08-29T10:25:50.906197+00:00
2026-08-26,carbon_project_zone,112.44868448734408,-3.1825410997092365,367.0,299.19000244140625,2,VIIRS-NOAA20,375,2026-08-29T10:25:50.906200+00:00
2026-08-26,carbon_project_zone,112.57703562417046,-3.1825410997092365,367.0,298.67999267578125,2,VIIRS-NOAA20,375,2026-08-29T10:25:50.906218+00:00
2026-08-26,carbon_project_zone,112.58041328566588,-3.1825410997092365,367.0,298.67999267578125,2,VIIRS-NOAA20,375,2026-08-29T10:25:50.906220+00:00
2026-08-26,carbon_project_zone,112.44156135864078,-3.1791686474882628,367.0,299.19000244140625,2,VIIRS-NOAA20,375,2026-08-29T10:25:50.906159+00:00
2026-08-26,carbon_project_zone,112.44493900908763,-3.1791686474882628,367.0,299.19000244140625,2,VIIRS-NOAA20,375,2026-08-29T10:25:50.906161+00:00
2026-08-26,carbon_project_zone,112.4483166595345,-3.1791686474882628,367.0,299.19000244140625,2,VIIRS-NOAA20,375,2026-08-29T10:25:50.906163+00:00
2026-08-26,carbon_project_zone,112.441193944891,-3.175796195267288,367.0,299.19000244140625,2,VIIRS-NOAA20,375,2026-08-29T10:25:50.906143+00:00
2026-08-26,carbon_project_zone,112.44457158430106,-3.175796195267288,367.0,299.19000244140625,2,VIIRS-NOAA20,375,2026-08-29T10:25:50.906145+00:00
2026-08-26,carbon_project_zone,112.4479492237111,-3.175796195267288,367.0,299.19000244140625,2,VIIRS-NOAA20,375,2026-08-29T10:25:50.906147+00:00
2026-08-26,carbon_project_zone,112.4408269230975,-3.172423743046314,367.0,299.6099853515625,2,VIIRS-NOAA20,375,2026-08-29T10:25:50.906132+00:00
2026-08-26,carbon_project_zone,112.44420455148251,-3.172423743046314,367.0,299.6099853515625,2,VIIRS-NOAA20,375,2026-08-29T10:25:50.906134+00:00
2026-08-26,carbon_project_zone,112.44758217986754,-3.172423743046314,367.0,299.6099853515625,2,VIIRS-NOAA20,375,2026-08-29T10:25:50.906137+00:00
2026-08-26,carbon_project_zone,112.58204838979289,-3.1353267686155983,367.0,298.17999267578125,2,VIIRS-NOAA20,375,2026-08-29T10:25:50.906034+00:00
2026-08-26,carbon_project_zone,112.58542589767966,-3.1353267686155983,367.0,296.79998779296875,2,VIIRS-NOAA20,375,2026-08-29T10:25:50.906036+00:00
2026-08-26,carbon_project_zone,112.58880340556641,-3.1353267686155983,367.0,296.79998779296875,2,VIIRS-NOAA20,375,2026-08-29T10:25:50.906038+00:00
2026-08-26,carbon_project_zone,112.57830810597441,-3.131954316394624,367.0,305.8399963378906,2,VIIRS-SNPP,375,2026-08-29T10:25:10.661998+00:00
2026-08-26,carbon_project_zone,112.58168560297742,-3.131954316394624,367.0,305.8399963378906,2,VIIRS-SNPP,375,2026-08-29T10:25:10.662000+00:00
2026-08-26,carbon_project_zone,112.58506309998042,-3.131954316394624,367.0,305.8399963378906,2,VIIRS-SNPP,375,2026-08-29T10:25:10.662002+00:00
2026-08-26,carbon_project_zone,112.58844059698342,-3.131954316394624,367.0,296.79998779296875,2,VIIRS-NOAA20,375,2026-08-29T10:25:50.906020+00:00
2026-08-26,carbon_project_zone,112.57794572241093,-3.1285818641736496,367.0,305.8399963378906,2,VIIRS-SNPP,375,2026-08-29T10:25:10.661975+00:00
2026-08-26,carbon_project_zone,112.58132320854195,-3.1285818641736496,367.0,305.8399963378906,2,VIIRS-SNPP,375,2026-08-29T10:25:10.661978+00:00
2026-08-26,carbon_project_zone,112.58470069467297,-3.1285818641736496,367.0,305.8399963378906,2,VIIRS-SNPP,375,2026-08-29T10:25:10.661980+00:00
2026-08-26,carbon_project_zone,112.58807818080399,-3.1285818641736496,367.0,296.79998779296875,2,VIIRS-NOAA20,375,2026-08-29T10:25:50.906004+00:00
2026-08-26,carbon_project_zone,112.57758373120943,-3.1252094119526754,367.0,305.8399963378906,2,VIIRS-SNPP,375,2026-08-29T10:25:10.661962+00:00
2026-08-26,carbon_project_zone,112.58096120648023,-3.1252094119526754,367.0,305.8399963378906,2,VIIRS-SNPP,375,2026-08-29T10:25:10.661964+00:00
2026-08-26,carbon_project_zone,112.58433868175103,-3.1252094119526754,367.0,305.8399963378906,2,VIIRS-SNPP,375,2026-08-29T10:25:10.661966+00:00
2026-08-26,carbon_project_zone,112.55177815075233,-3.1049746986268305,367.0,300.95001220703125,2,VIIRS-NOAA20,375,2026-08-29T10:25:50.905974+00:00
2026-08-26,carbon_project_zone,112.55515556110905,-3.1049746986268305,367.0,300.95001220703125,2,VIIRS-NOAA20,375,2026-08-29T10:25:50.905976+00:00
2026-08-26,carbon_project_zone,112.55853297146577,-3.1049746986268305,367.0,300.95001220703125,2,VIIRS-NOAA20,375,2026-08-29T10:25:50.905979+00:00
2026-08-26,carbon_project_zone,112.55141898135336,-3.1016022464058564,367.0,300.95001220703125,2,VIIRS-NOAA20,375,2026-08-29T10:25:50.905964+00:00
2026-08-26,carbon_project_zone,112.55479638093227,-3.1016022464058564,367.0,300.95001220703125,2,VIIRS-NOAA20,375,2026-08-29T10:25:50.905966+00:00
2026-08-26,carbon_project_zone,112.55817378051118,-3.1016022464058564,367.0,300.95001220703125,2,VIIRS-NOAA20,375,2026-08-29T10:25:50.905968+00:00
2026-08-26,carbon_project_zone,112.55106020418384,-3.098229794184882,367.0,300.95001220703125,2,VIIRS-NOAA20,375,2026-08-29T10:25:50.905954+00:00
2026-08-26,carbon_project_zone,112.55443759299669,-3.098229794184882,367.0,300.95001220703125,2,VIIRS-NOAA20,375,2026-08-29T10:25:50.905956+00:00
2026-08-26,carbon_project_zone,112.55781498180956,-3.098229794184882,367.0,300.95001220703125,2,VIIRS-NOAA20,375,2026-08-29T10:25:50.905958+00:00
2026-08-26,carbon_project_zone,112.63374982169708,-3.017290940881502,367.0,300.6600036621094,2,VIIRS-NOAA20,375,2026-08-29T10:25:50.905862+00:00
2026-08-26,carbon_project_zone,112.6371269556553,-3.017290940881502,367.0,300.6600036621094,2,VIIRS-NOAA20,375,2026-08-29T10:25:50.905864+00:00
2026-08-26,carbon_project_zone,112.64050408961351,-3.017290940881502,367.0,300.6600036621094,2,VIIRS-NOAA20,375,2026-08-29T10:25:50.905867+00:00
2026-08-26,carbon_project_zone,112.63002344202714,-3.013918488660528,367.0,303.75,2,VIIRS-NOAA20,375,2026-08-29T10:25:50.905852+00:00
2026-08-26,carbon_project_zone,112.63340056551347,-3.013918488660528,367.0,300.6600036621094,2,VIIRS-NOAA20,375,2026-08-29T10:25:50.905854+00:00
2026-08-26,carbon_project_zone,112.63677768899983,-3.013918488660528,367.0,300.6600036621094,2,VIIRS-NOAA20,375,2026-08-29T10:25:50.905856+00:00
2026-08-26,carbon_project_zone,112.64015481248619,-3.013918488660528,367.0,300.6600036621094,2,VIIRS-NOAA20,375,2026-08-29T10:25:50.905858+00:00
2026-08-26,carbon_project_zone,112.62967458869076,-3.0105460364395533,367.0,303.75,2,VIIRS-NOAA20,375,2026-08-29T10:25:50.905842+00:00
2026-08-26,carbon_project_zone,112.63305170171702,-3.0105460364395533,367.0,300.6600036621094,2,VIIRS-NOAA20,375,2026-08-29T10:25:50.905844+00:00
2026-08-26,carbon_project_zone,112.63642881474327,-3.0105460364395533,367.0,300.6600036621094,2,VIIRS-NOAA20,375,2026-08-29T10:25:50.905847+00:00
2026-08-26,carbon_project_zone,112.63980592776954,-3.0105460364395533,367.0,300.6600036621094,2,VIIRS-NOAA20,375,2026-08-29T10:25:50.905849+00:00
2026-08-26,carbon_project_zone,112.62932612772371,-3.0071735842185796,367.0,303.75,2,VIIRS-NOAA20,375,2026-08-29T10:25:50.905819+00:00
2026-08-26,carbon_project_zone,112.63270323030163,-3.0071735842185796,367.0,303.75,2,VIIRS-NOAA20,375,2026-08-29T10:25:50.905836+00:00
2026-08-26,carbon_project_zone,112.63608033287954,-3.0071735842185796,367.0,303.75,2,VIIRS-NOAA20,375,2026-08-29T10:25:50.905840+00:00
2026-08-26,carbon_project_zone,112.57097145849272,-3.2499901441287204,343.0799865722656,301.20001220703125,1,VIIRS-NOAA20,375,2026-08-29T10:25:50.906537+00:00
2026-08-26,carbon_project_zone,112.57434934343256,-3.2499901441287204,349.1000061035156,300.79998779296875,1,VIIRS-NOAA20,375,2026-08-29T10:25:50.906539+00:00
2026-08-26,carbon_project_zone,112.5777272283724,-3.2499901441287204,349.1000061035156,300.79998779296875,1,VIIRS-NOAA20,375,2026-08-29T10:25:50.906541+00:00
2026-08-26,carbon_project_zone,112.58110511331223,-3.2499901441287204,349.1000061035156,300.79998779296875,1,VIIRS-NOAA20,375,2026-08-29T10:25:50.906543+00:00
2026-08-26,carbon_project_zone,112.45236982799672,-3.246617691907746,331.57000732421875,297.8399963378906,1,VIIRS-NOAA20,375,2026-08-29T10:25:50.906523+00:00
2026-08-26,carbon_project_zone,112.56383965863596,-3.246617691907746,353.3299865722656,299.67999267578125,1,VIIRS-NOAA20,375,2026-08-29T10:25:50.906525+00:00
2026-08-26,carbon_project_zone,112.56721753229169,-3.246617691907746,353.3299865722656,299.67999267578125,1,VIIRS-NOAA20,375,2026-08-29T10:25:50.906527+00:00
2026-08-26,carbon_project_zone,112.57059540594742,-3.246617691907746,340.8599853515625,307.8299865722656,1,VIIRS-SNPP,375,2026-08-29T10:25:10.662495+00:00
2026-08-26,carbon_project_zone,112.57397327960314,-3.246617691907746,340.8599853515625,307.8299865722656,1,VIIRS-SNPP,375,2026-08-29T10:25:10.662497+00:00
2026-08-26,carbon_project_zone,112.57735115325887,-3.246617691907746,340.8599853515625,307.8299865722656,1,VIIRS-SNPP,375,2026-08-29T10:25:10.662499+00:00
2026-08-26,carbon_project_zone,112.58072902691463,-3.246617691907746,349.1000061035156,300.79998779296875,1,VIIRS-NOAA20,375,2026-08-29T10:25:50.906535+00:00
2026-08-26,carbon_project_zone,112.44861670011517,-3.2432452396867717,339.17999267578125,299.75,1,VIIRS-NOAA20,375,2026-08-29T10:25:50.906507+00:00
2026-08-26,carbon_project_zone,112.45199456249857,-3.2432452396867717,331.57000732421875,297.8399963378906,1,VIIRS-NOAA20,375,2026-08-29T10:25:50.906509+00:00
2026-08-26,carbon_project_zone,112.56008615876772,-3.2432452396867717,356.3699951171875,305.55999755859375,1,VIIRS-SNPP,375,2026-08-29T10:25:10.662480+00:00
2026-08-26,carbon_project_zone,112.56346402115113,-3.2432452396867717,356.3699951171875,305.55999755859375,1,VIIRS-SNPP,375,2026-08-29T10:25:10.662482+00:00
2026-08-26,carbon_project_zone,112.56684188353455,-3.2432452396867717,356.3699951171875,305.55999755859375,1,VIIRS-SNPP,375,2026-08-29T10:25:10.662484+00:00
2026-08-26,carbon_project_zone,112.5803533330682,-3.2432452396867717,336.7799987792969,306.2699890136719,1,VIIRS-SNPP,375,2026-08-29T10:25:10.662491+00:00
2026-08-26,carbon_project_zone,112.45161968909754,-3.2398727874657975,344.489990234375,308.3699951171875,1,VIIRS-SNPP,375,2026-08-29T10:25:10.662458+00:00
2026-08-26,carbon_project_zone,112.5563330739064,-3.2398727874657975,332.6199951171875,300.6300048828125,1,VIIRS-SNPP,375,2026-08-29T10:25:10.662460+00:00
2026-08-26,carbon_project_zone,112.55971092502926,-3.2398727874657975,356.3699951171875,305.55999755859375,1,VIIRS-SNPP,375,2026-08-29T10:25:10.662462+00:00
2026-08-26,carbon_project_zone,112.57997803176646,-3.2398727874657975,336.7799987792969,306.2699890136719,1,VIIRS-SNPP,375,2026-08-29T10:25:10.662474+00:00
2026-08-26,carbon_project_zone,112.44111168816482,-3.2365003352448234,340.5899963378906,307.1700134277344,1,VIIRS-SNPP,375,2026-08-29T10:25:10.662429+00:00
2026-08-26,carbon_project_zone,112.45124520778712,-3.2365003352448234,344.489990234375,308.3699951171875,1,VIIRS-SNPP,375,2026-08-29T10:25:10.662435+00:00
2026-08-26,carbon_project_zone,112.55595824388418,-3.2365003352448234,332.6199951171875,300.6300048828125,1,VIIRS-SNPP,375,2026-08-29T10:25:10.662437+00:00
2026-08-26,carbon_project_zone,112.55933608375827,-3.2365003352448234,356.3699951171875,305.55999755859375,1,VIIRS-SNPP,375,2026-08-29T10:25:10.662439+00:00
2026-08-26,carbon_project_zone,112.44073763264947,-3.2331278830238492,340.5899963378906,307.1700134277344,1,VIIRS-SNPP,375,2026-08-29T10:25:10.662406+00:00
2026-08-26,carbon_project_zone,112.45087111856078,-3.2331278830238492,344.489990234375,308.3699951171875,1,VIIRS-SNPP,375,2026-08-29T10:25:10.662412+00:00
2026-08-26,carbon_project_zone,112.55558380631115,-3.2331278830238492,332.6199951171875,300.6300048828125,1,VIIRS-SNPP,375,2026-08-29T10:25:10.662414+00:00
2026-08-26,carbon_project_zone,112.55896163494825,-3.2331278830238492,344.42999267578125,316.6000061035156,1,VIIRS-SNPP,375,2026-08-29T10:25:10.662417+00:00
2026-08-26,carbon_project_zone,112.58786781845001,-3.2196380741399526,332.8699951171875,298.5799865722656,1,VIIRS-NOAA20,375,2026-08-29T10:25:50.906445+00:00
2026-08-26,carbon_project_zone,112.59124560225692,-3.2196380741399526,332.8699951171875,298.5799865722656,1,VIIRS-NOAA20,375,2026-08-29T10:25:50.906447+00:00
2026-08-26,carbon_project_zone,112.59462338606384,-3.2196380741399526,332.8699951171875,298.5799865722656,1,VIIRS-NOAA20,375,2026-08-29T10:25:50.906450+00:00
2026-08-26,carbon_project_zone,112.58749523124433,-3.2162656219189785,344.32000732421875,307.239990234375,1,VIIRS-SNPP,375,2026-08-29T10:25:10.662400+00:00
2026-08-26,carbon_project_zone,112.59087300387314,-3.2162656219189785,344.32000732421875,307.239990234375,1,VIIRS-SNPP,375,2026-08-29T10:25:10.662402+00:00
2026-08-26,carbon_project_zone,112.59425077650197,-3.2162656219189785,344.32000732421875,307.239990234375,1,VIIRS-SNPP,375,2026-08-29T10:25:10.662404+00:00
2026-08-26,carbon_project_zone,112.58374527510416,-3.212893169698004,347.5199890136719,306.4700012207031,1,VIIRS-SNPP,375,2026-08-29T10:25:10.662392+00:00
2026-08-26,carbon_project_zone,112.58712303656664,-3.212893169698004,347.5199890136719,306.4700012207031,1,VIIRS-SNPP,375,2026-08-29T10:25:10.662394+00:00
2026-08-26,carbon_project_zone,112.59050079802913,-3.212893169698004,347.5199890136719,306.4700012207031,1,VIIRS-SNPP,375,2026-08-29T10:25:10.662396+00:00
2026-08-26,carbon_project_zone,112.59387855949161,-3.212893169698004,344.32000732421875,307.239990234375,1,VIIRS-SNPP,375,2026-08-29T10:25:10.662398+00:00
2026-08-26,carbon_project_zone,112.56648473256287,-3.20952071747703,302.7300109863281,291.7900085449219,1,VIIRS-NOAA20,375,2026-08-29T10:25:50.906414+00:00
2026-08-26,carbon_project_zone,112.5698624828708,-3.20952071747703,347.7799987792969,297.80999755859375,1,VIIRS-NOAA20,375,2026-08-29T10:25:50.906416+00:00
2026-08-26,carbon_project_zone,112.58675123441047,-3.20952071747703,347.5199890136719,306.4700012207031,1,VIIRS-SNPP,375,2026-08-29T10:25:10.662386+00:00
2026-08-26,carbon_project_zone,112.59012898471839,-3.20952071747703,347.5199890136719,306.4700012207031,1,VIIRS-SNPP,375,2026-08-29T10:25:10.662388+00:00
2026-08-26,carbon_project_zone,112.59350673502634,-3.20952071747703,341.82000732421875,303.2699890136719,1,VIIRS-SNPP,375,2026-08-29T10:25:10.662390+00:00
2026-08-26,carbon_project_zone,112.56611338977842,-3.206148265256056,333.30999755859375,300.7200012207031,1,VIIRS-SNPP,375,2026-08-29T10:25:10.662364+00:00
2026-08-26,carbon_project_zone,112.56949112894357,-3.206148265256056,333.30999755859375,300.7200012207031,1,VIIRS-SNPP,375,2026-08-29T10:25:10.662366+00:00
2026-08-26,carbon_project_zone,112.56574243943189,-3.202775813035082,342.2900085449219,300.1000061035156,1,VIIRS-SNPP,375,2026-08-29T10:25:10.662346+00:00
2026-08-26,carbon_project_zone,112.56912016746604,-3.202775813035082,342.2900085449219,300.1000061035156,1,VIIRS-SNPP,375,2026-08-29T10:25:10.662348+00:00
2026-08-26,carbon_project_zone,112.56537188151685,-3.1994033608141073,342.2900085449219,300.1000061035156,1,VIIRS-SNPP,375,2026-08-29T10:25:10.662328+00:00
2026-08-26,carbon_project_zone,112.56874959843178,-3.1994033608141073,342.2900085449219,300.1000061035156,1,VIIRS-SNPP,375,2026-08-29T10:25:10.662330+00:00
2026-08-26,carbon_project_zone,112.57212731534672,-3.1994033608141073,355.1199951171875,303.8599853515625,1,VIIRS-SNPP,375,2026-08-29T10:25:10.662332+00:00
2026-08-26,carbon_project_zone,112.57550503226165,-3.1994033608141073,355.1199951171875,303.8599853515625,1,VIIRS-SNPP,375,2026-08-29T10:25:10.662334+00:00
2026-08-26,carbon_project_zone,112.57888274917657,-3.1994033608141073,354.44000244140625,303.6499938964844,1,VIIRS-SNPP,375,2026-08-29T10:25:10.662336+00:00
2026-08-26,carbon_project_zone,112.45015971857251,-3.196030908593133,341.05999755859375,304.010009765625,1,VIIRS-SNPP,375,2026-08-29T10:25:10.662306+00:00
2026-08-26,carbon_project_zone,112.45353742438,-3.196030908593133,341.05999755859375,304.010009765625,1,VIIRS-SNPP,375,2026-08-29T10:25:10.662308+00:00
2026-08-26,carbon_project_zone,112.45691513018748,-3.196030908593133,341.05999755859375,304.010009765625,1,VIIRS-SNPP,375,2026-08-29T10:25:10.662310+00:00
2026-08-26,carbon_project_zone,112.46029283599496,-3.196030908593133,340.5400085449219,298.4700012207031,1,VIIRS-NOAA20,375,2026-08-29T10:25:50.906338+00:00
2026-08-26,carbon_project_zone,112.56500171602686,-3.196030908593133,342.2900085449219,300.1000061035156,1,VIIRS-SNPP,375,2026-08-29T10:25:10.662312+00:00
2026-08-26,carbon_project_zone,112.56837942183435,-3.196030908593133,342.2900085449219,300.1000061035156,1,VIIRS-SNPP,375,2026-08-29T10:25:10.662314+00:00
2026-08-26,carbon_project_zone,112.57175712764182,-3.196030908593133,355.1199951171875,303.8599853515625,1,VIIRS-SNPP,375,2026-08-29T10:25:10.662316+00:00
2026-08-26,carbon_project_zone,112.57513483344931,-3.196030908593133,355.1199951171875,303.8599853515625,1,VIIRS-SNPP,375,2026-08-29T10:25:10.662318+00:00
2026-08-26,carbon_project_zone,112.57851253925679,-3.196030908593133,337.0899963378906,304.1700134277344,1,VIIRS-SNPP,375,2026-08-29T10:25:10.662320+00:00
2026-08-26,carbon_project_zone,112.58864565667922,-3.196030908593133,334.80999755859375,300.8800048828125,1,VIIRS-SNPP,375,2026-08-29T10:25:10.662326+00:00
2026-08-26,carbon_project_zone,112.30792714485824,-3.1926584563721594,345.45001220703125,302.0899963378906,1,VIIRS-SNPP,375,2026-08-29T10:25:10.662269+00:00
2026-08-26,carbon_project_zone,112.44979032275408,-3.1926584563721594,341.05999755859375,304.010009765625,1,VIIRS-SNPP,375,2026-08-29T10:25:10.662277+00:00
2026-08-26,carbon_project_zone,112.4531680174659,-3.1926584563721594,341.05999755859375,304.010009765625,1,VIIRS-SNPP,375,2026-08-29T10:25:10.662279+00:00
2026-08-26,carbon_project_zone,112.4565457121777,-3.1926584563721594,341.05999755859375,304.010009765625,1,VIIRS-SNPP,375,2026-08-29T10:25:10.662281+00:00
2026-08-26,carbon_project_zone,112.4599234068895,-3.1926584563721594,332.3999938964844,301.19000244140625,1,VIIRS-SNPP,375,2026-08-29T10:25:10.662283+00:00
2026-08-26,carbon_project_zone,112.56463194295549,-3.1926584563721594,337.05999755859375,301.8299865722656,1,VIIRS-SNPP,375,2026-08-29T10:25:10.662285+00:00
2026-08-26,carbon_project_zone,112.56800963766729,-3.1926584563721594,337.05999755859375,301.8299865722656,1,VIIRS-SNPP,375,2026-08-29T10:25:10.662287+00:00
2026-08-26,carbon_project_zone,112.57138733237909,-3.1926584563721594,355.1199951171875,303.8599853515625,1,VIIRS-SNPP,375,2026-08-29T10:25:10.662289+00:00
2026-08-26,carbon_project_zone,112.57476502709092,-3.1926584563721594,355.1199951171875,303.8599853515625,1,VIIRS-SNPP,375,2026-08-29T10:25:10.662291+00:00
2026-08-26,carbon_project_zone,112.57814272180272,-3.1926584563721594,338.3399963378906,303.8500061035156,1,VIIRS-SNPP,375,2026-08-29T10:25:10.662293+00:00
2026-08-26,carbon_project_zone,112.58827580593812,-3.1926584563721594,342.2900085449219,305.489990234375,1,VIIRS-SNPP,375,2026-08-29T10:25:10.662299+00:00
2026-08-26,carbon_project_zone,112.59165350064994,-3.1926584563721594,318.05999755859375,288.260009765625,1,VIIRS-SNPP,375,2026-08-29T10:25:10.662302+00:00
2026-08-26,carbon_project_zone,112.59503119536174,-3.1926584563721594,306.3699951171875,287.9100036621094,1,VIIRS-SNPP,375,2026-08-29T10:25:10.662304+00:00
2026-08-26,carbon_project_zone,112.30755860657541,-3.189286004151185,345.45001220703125,302.0899963378906,1,VIIRS-SNPP,375,2026-08-29T10:25:10.662232+00:00
2026-08-26,carbon_project_zone,112.32106934108705,-3.189286004151185,338.55999755859375,306.2099914550781,1,VIIRS-SNPP,375,2026-08-29T10:25:10.662240+00:00
2026-08-26,carbon_project_zone,112.44604363531957,-3.189286004151185,351.0299987792969,302.30999755859375,1,VIIRS-NOAA20,375,2026-08-29T10:25:50.906277+00:00
2026-08-26,carbon_project_zone,112.44942131894746,-3.189286004151185,343.9700012207031,308.6099853515625,1,VIIRS-SNPP,375,2026-08-29T10:25:10.662242+00:00
2026-08-26,carbon_project_zone,112.45279900257539,-3.189286004151185,343.9700012207031,308.6099853515625,1,VIIRS-SNPP,375,2026-08-29T10:25:10.662244+00:00
2026-08-26,carbon_project_zone,112.45617668620329,-3.189286004151185,343.9700012207031,308.6099853515625,1,VIIRS-SNPP,375,2026-08-29T10:25:10.662246+00:00
2026-08-26,carbon_project_zone,112.4595543698312,-3.189286004151185,333.30999755859375,301.9700012207031,1,VIIRS-SNPP,375,2026-08-29T10:25:10.662248+00:00
2026-08-26,carbon_project_zone,112.5676402459242,-3.189286004151185,334.9800109863281,302.5,1,VIIRS-SNPP,375,2026-08-29T10:25:10.662250+00:00
2026-08-26,carbon_project_zone,112.57101792955208,-3.189286004151185,334.9800109863281,302.5,1,VIIRS-SNPP,375,2026-08-29T10:25:10.662252+00:00
2026-08-26,carbon_project_zone,112.57439561318002,-3.189286004151185,338.3399963378906,303.8500061035156,1,VIIRS-SNPP,375,2026-08-29T10:25:10.662255+00:00
2026-08-26,carbon_project_zone,112.58790634769161,-3.189286004151185,342.2900085449219,305.489990234375,1,VIIRS-SNPP,375,2026-08-29T10:25:10.662263+00:00
2026-08-26,carbon_project_zone,112.59128403131955,-3.189286004151185,318.05999755859375,288.260009765625,1,VIIRS-SNPP,375,2026-08-29T10:25:10.662265+00:00
2026-08-26,carbon_project_zone,112.59466171494743,-3.189286004151185,306.3699951171875,287.9100036621094,1,VIIRS-SNPP,375,2026-08-29T10:25:10.662267+00:00
2026-08-26,carbon_project_zone,112.30719045980346,-3.1859135519302106,345.45001220703125,302.0899963378906,1,VIIRS-SNPP,375,2026-08-29T10:25:10.662195+00:00
2026-08-26,carbon_project_zone,112.31056813235926,-3.1859135519302106,351.3299865722656,304.17999267578125,1,VIIRS-SNPP,375,2026-08-29T10:25:10.662197+00:00
2026-08-26,carbon_project_zone,112.31394580491504,-3.1859135519302106,351.3299865722656,304.17999267578125,1,VIIRS-SNPP,375,2026-08-29T10:25:10.662199+00:00
2026-08-26,carbon_project_zone,112.31732347747082,-3.1859135519302106,351.3299865722656,304.17999267578125,1,VIIRS-SNPP,375,2026-08-29T10:25:10.662201+00:00
2026-08-26,carbon_project_zone,112.32070115002661,-3.1859135519302106,338.55999755859375,306.2099914550781,1,VIIRS-SNPP,375,2026-08-29T10:25:10.662203+00:00
2026-08-26,carbon_project_zone,112.43891968947894,-3.1859135519302106,334.8900146484375,298.3500061035156,1,VIIRS-NOAA20,375,2026-08-29T10:25:50.906235+00:00
2026-08-26,carbon_project_zone,112.44229736203474,-3.1859135519302106,334.8900146484375,298.3500061035156,1,VIIRS-NOAA20,375,2026-08-29T10:25:50.906237+00:00
2026-08-26,carbon_project_zone,112.44567503459051,-3.1859135519302106,351.0299987792969,302.30999755859375,1,VIIRS-NOAA20,375,2026-08-29T10:25:50.906240+00:00
2026-08-26,carbon_project_zone,112.44905270714628,-3.1859135519302106,348.3399963378906,306.5799865722656,1,VIIRS-SNPP,375,2026-08-29T10:25:10.662205+00:00
2026-08-26,carbon_project_zone,112.45243037970207,-3.1859135519302106,348.3399963378906,306.5799865722656,1,VIIRS-SNPP,375,2026-08-29T10:25:10.662207+00:00
2026-08-26,carbon_project_zone,112.45580805225785,-3.1859135519302106,343.9700012207031,308.6099853515625,1,VIIRS-SNPP,375,2026-08-29T10:25:10.662209+00:00
2026-08-26,carbon_project_zone,112.45918572481362,-3.1859135519302106,333.30999755859375,301.9700012207031,1,VIIRS-SNPP,375,2026-08-29T10:25:10.662211+00:00
2026-08-26,carbon_project_zone,112.56389357404284,-3.1859135519302106,355.9100036621094,302.8999938964844,1,VIIRS-SNPP,375,2026-08-29T10:25:10.662212+00:00
2026-08-26,carbon_project_zone,112.56727124659862,-3.1859135519302106,355.9100036621094,302.8999938964844,1,VIIRS-SNPP,375,2026-08-29T10:25:10.662214+00:00
2026-08-26,carbon_project_zone,112.5706489191544,-3.1859135519302106,355.9100036621094,302.8999938964844,1,VIIRS-SNPP,375,2026-08-29T10:25:10.662216+00:00
2026-08-26,carbon_project_zone,112.5740265917102,-3.1859135519302106,304.6600036621094,288.04998779296875,1,VIIRS-SNPP,375,2026-08-29T10:25:10.662218+00:00
2026-08-26,carbon_project_zone,112.58753728193331,-3.1859135519302106,342.2900085449219,305.489990234375,1,VIIRS-SNPP,375,2026-08-29T10:25:10.662226+00:00
2026-08-26,carbon_project_zone,112.5909149544891,-3.1859135519302106,318.05999755859375,288.260009765625,1,VIIRS-SNPP,375,2026-08-29T10:25:10.662228+00:00
2026-08-26,carbon_project_zone,112.59429262704488,-3.1859135519302106,306.3699951171875,287.9100036621094,1,VIIRS-SNPP,375,2026-08-29T10:25:10.662230+00:00
2026-08-26,carbon_project_zone,112.30682270453599,-3.1825410997092365,344.69000244140625,301.8699951171875,1,VIIRS-SNPP,375,2026-08-29T10:25:10.662154+00:00
2026-08-26,carbon_project_zone,112.31020036603141,-3.1825410997092365,344.69000244140625,301.8699951171875,1,VIIRS-SNPP,375,2026-08-29T10:25:10.662156+00:00
2026-08-26,carbon_project_zone,112.31357802752684,-3.1825410997092365,344.69000244140625,301.8699951171875,1,VIIRS-SNPP,375,2026-08-29T10:25:10.662158+00:00
2026-08-26,carbon_project_zone,112.43855150285779,-3.1825410997092365,334.8900146484375,298.3500061035156,1,VIIRS-NOAA20,375,2026-08-29T10:25:50.906193+00:00
2026-08-26,carbon_project_zone,112.45206214883953,-3.1825410997092365,348.3399963378906,306.5799865722656,1,VIIRS-SNPP,375,2026-08-29T10:25:10.662168+00:00
2026-08-26,carbon_project_zone,112.45543981033495,-3.1825410997092365,343.9700012207031,308.6099853515625,1,VIIRS-SNPP,375,2026-08-29T10:25:10.662170+00:00
2026-08-26,carbon_project_zone,112.45881747183039,-3.1825410997092365,333.2900085449219,300.95001220703125,1,VIIRS-SNPP,375,2026-08-29T10:25:10.662172+00:00
2026-08-26,carbon_project_zone,112.5601473166933,-3.1825410997092365,331.92999267578125,299.75,1,VIIRS-SNPP,375,2026-08-29T10:25:10.662174+00:00
2026-08-26,carbon_project_zone,112.56352497818872,-3.1825410997092365,355.9100036621094,302.8999938964844,1,VIIRS-SNPP,375,2026-08-29T10:25:10.662176+00:00
2026-08-26,carbon_project_zone,112.56690263968416,-3.1825410997092365,355.9100036621094,302.8999938964844,1,VIIRS-SNPP,375,2026-08-29T10:25:10.662178+00:00
2026-08-26,carbon_project_zone,112.5702803011796,-3.1825410997092365,355.9100036621094,302.8999938964844,1,VIIRS-SNPP,375,2026-08-29T10:25:10.662180+00:00
2026-08-26,carbon_project_zone,112.57365796267503,-3.1825410997092365,349.1300048828125,302.5199890136719,1,VIIRS-SNPP,375,2026-08-29T10:25:10.662182+00:00
2026-08-26,carbon_project_zone,112.58379094716132,-3.1825410997092365,331.8599853515625,299.5400085449219,1,VIIRS-SNPP,375,2026-08-29T10:25:10.662189+00:00
2026-08-26,carbon_project_zone,112.58716860865674,-3.1825410997092365,318.05999755859375,288.260009765625,1,VIIRS-SNPP,375,2026-08-29T10:25:10.662191+00:00
2026-08-26,carbon_project_zone,112.59054627015219,-3.1825410997092365,318.05999755859375,288.260009765625,1,VIIRS-SNPP,375,2026-08-29T10:25:10.662193+00:00
2026-08-26,carbon_project_zone,112.43818370819395,-3.1791686474882628,299.54998779296875,288.20001220703125,1,VIIRS-SNPP,375,2026-08-29T10:25:10.662126+00:00
2026-08-26,carbon_project_zone,112.45169430998136,-3.1791686474882628,348.3399963378906,306.5799865722656,1,VIIRS-SNPP,375,2026-08-29T10:25:10.662134+00:00
2026-08-26,carbon_project_zone,112.55977912428071,-3.1791686474882628,331.92999267578125,299.75,1,VIIRS-SNPP,375,2026-08-29T10:25:10.662136+00:00
2026-08-26,carbon_project_zone,112.56315677472756,-3.1791686474882628,355.9100036621094,302.8999938964844,1,VIIRS-SNPP,375,2026-08-29T10:25:10.662138+00:00
2026-08-26,carbon_project_zone,112.56653442517442,-3.1791686474882628,355.9100036621094,302.8999938964844,1,VIIRS-SNPP,375,2026-08-29T10:25:10.662140+00:00
2026-08-26,carbon_project_zone,112.56991207562126,-3.1791686474882628,355.9100036621094,302.8999938964844,1,VIIRS-SNPP,375,2026-08-29T10:25:10.662142+00:00
2026-08-26,carbon_project_zone,112.57328972606813,-3.1791686474882628,349.1300048828125,302.5199890136719,1,VIIRS-SNPP,375,2026-08-29T10:25:10.662144+00:00
2026-08-26,carbon_project_zone,112.57666737651499,-3.1791686474882628,349.1300048828125,302.5199890136719,1,VIIRS-SNPP,375,2026-08-29T10:25:10.662146+00:00
2026-08-26,carbon_project_zone,112.58004502696184,-3.1791686474882628,338.94000244140625,302.5299987792969,1,VIIRS-SNPP,375,2026-08-29T10:25:10.662147+00:00
2026-08-26,carbon_project_zone,112.58342267740869,-3.1791686474882628,315.8999938964844,289.55999755859375,1,VIIRS-SNPP,375,2026-08-29T10:25:10.662150+00:00
2026-08-26,carbon_project_zone,112.58680032785554,-3.1791686474882628,315.8999938964844,289.55999755859375,1,VIIRS-SNPP,375,2026-08-29T10:25:10.662152+00:00
2026-08-26,carbon_project_zone,112.5901779783024,-3.1791686474882628,314.55999755859375,291.7799987792969,1,VIIRS-NOAA20,375,2026-08-29T10:25:50.906184+00:00
2026-08-26,carbon_project_zone,112.4344386660709,-3.175796195267288,311.2699890136719,289.32000732421875,1,VIIRS-SNPP,375,2026-08-29T10:25:10.662098+00:00
2026-08-26,carbon_project_zone,112.43781630548096,-3.175796195267288,311.2699890136719,289.32000732421875,1,VIIRS-SNPP,375,2026-08-29T10:25:10.662100+00:00
2026-08-26,carbon_project_zone,112.45132686312117,-3.175796195267288,331.67999267578125,297.2200012207031,1,VIIRS-NOAA20,375,2026-08-29T10:25:50.906150+00:00
2026-08-26,carbon_project_zone,112.55941132424286,-3.175796195267288,331.92999267578125,299.75,1,VIIRS-SNPP,375,2026-08-29T10:25:10.662108+00:00
2026-08-26,carbon_project_zone,112.56278896365292,-3.175796195267288,331.92999267578125,299.75,1,VIIRS-SNPP,375,2026-08-29T10:25:10.662111+00:00
2026-08-26,carbon_project_zone,112.56616660306297,-3.175796195267288,348.17999267578125,303.42999267578125,1,VIIRS-SNPP,375,2026-08-29T10:25:10.662113+00:00
2026-08-26,carbon_project_zone,112.56954424247301,-3.175796195267288,348.17999267578125,303.42999267578125,1,VIIRS-SNPP,375,2026-08-29T10:25:10.662115+00:00
2026-08-26,carbon_project_zone,112.57292188188309,-3.175796195267288,348.17999267578125,303.42999267578125,1,VIIRS-SNPP,375,2026-08-29T10:25:10.662117+00:00
2026-08-26,carbon_project_zone,112.57629952129314,-3.175796195267288,330.3900146484375,296.2300109863281,1,VIIRS-NOAA20,375,2026-08-29T10:25:50.906154+00:00
2026-08-26,carbon_project_zone,112.57967716070318,-3.175796195267288,309.4200134277344,288.19000244140625,1,VIIRS-SNPP,375,2026-08-29T10:25:10.662119+00:00
2026-08-26,carbon_project_zone,112.58305480011323,-3.175796195267288,309.4200134277344,288.19000244140625,1,VIIRS-SNPP,375,2026-08-29T10:25:10.662122+00:00
2026-08-26,carbon_project_zone,112.58643243952329,-3.175796195267288,309.4200134277344,288.19000244140625,1,VIIRS-SNPP,375,2026-08-29T10:25:10.662124+00:00
2026-08-26,carbon_project_zone,112.42731640955739,-3.172423743046314,304.17999267578125,288.80999755859375,1,VIIRS-SNPP,375,2026-08-29T10:25:10.662082+00:00
2026-08-26,carbon_project_zone,112.43069403794242,-3.172423743046314,304.17999267578125,288.80999755859375,1,VIIRS-SNPP,375,2026-08-29T10:25:10.662085+00:00
2026-08-26,carbon_project_zone,112.43407166632744,-3.172423743046314,311.2699890136719,289.32000732421875,1,VIIRS-SNPP,375,2026-08-29T10:25:10.662087+00:00
2026-08-26,carbon_project_zone,112.43744929471247,-3.172423743046314,311.2699890136719,289.32000732421875,1,VIIRS-SNPP,375,2026-08-29T10:25:10.662089+00:00
2026-08-26,carbon_project_zone,112.42694982376678,-3.16905129082534,304.17999267578125,288.80999755859375,1,VIIRS-SNPP,375,2026-08-29T10:25:10.662068+00:00
2026-08-26,carbon_project_zone,112.43032744113856,-3.16905129082534,304.17999267578125,288.80999755859375,1,VIIRS-SNPP,375,2026-08-29T10:25:10.662070+00:00
2026-08-26,carbon_project_zone,112.43370505851033,-3.16905129082534,311.2699890136719,289.32000732421875,1,VIIRS-SNPP,375,2026-08-29T10:25:10.662072+00:00
2026-08-26,carbon_project_zone,112.43708267588211,-3.16905129082534,311.2699890136719,289.32000732421875,1,VIIRS-SNPP,375,2026-08-29T10:25:10.662074+00:00
2026-08-26,carbon_project_zone,112.44046029325388,-3.16905129082534,311.2699890136719,289.32000732421875,1,VIIRS-SNPP,375,2026-08-29T10:25:10.662076+00:00
2026-08-26,carbon_project_zone,112.44383791062563,-3.16905129082534,299.54998779296875,288.20001220703125,1,VIIRS-SNPP,375,2026-08-29T10:25:10.662078+00:00
2026-08-26,carbon_project_zone,112.44721552799741,-3.16905129082534,299.54998779296875,288.20001220703125,1,VIIRS-SNPP,375,2026-08-29T10:25:10.662080+00:00
2026-08-26,carbon_project_zone,112.4265836298726,-3.1656788386043657,304.17999267578125,288.80999755859375,1,VIIRS-SNPP,375,2026-08-29T10:25:10.662057+00:00
2026-08-26,carbon_project_zone,112.42996123624289,-3.1656788386043657,304.17999267578125,288.80999755859375,1,VIIRS-SNPP,375,2026-08-29T10:25:10.662059+00:00
2026-08-26,carbon_project_zone,112.4333388426132,-3.1656788386043657,311.2699890136719,289.32000732421875,1,VIIRS-SNPP,375,2026-08-29T10:25:10.662061+00:00
2026-08-26,carbon_project_zone,112.43671644898347,-3.1656788386043657,311.2699890136719,289.32000732421875,1,VIIRS-SNPP,375,2026-08-29T10:25:10.662063+00:00
2026-08-26,carbon_project_zone,112.44009405535377,-3.1656788386043657,311.2699890136719,289.32000732421875,1,VIIRS-SNPP,375,2026-08-29T10:25:10.662065+00:00
2026-08-26,carbon_project_zone,112.42621782786847,-3.1623063863833916,336.010009765625,292.1199951171875,1,VIIRS-NOAA20,375,2026-08-29T10:25:50.906090+00:00
2026-08-26,carbon_project_zone,112.42959542324905,-3.1623063863833916,336.010009765625,292.1199951171875,1,VIIRS-NOAA20,375,2026-08-29T10:25:50.906093+00:00
2026-08-26,carbon_project_zone,112.43297301862964,-3.1623063863833916,336.010009765625,292.1199951171875,1,VIIRS-NOAA20,375,2026-08-29T10:25:50.906095+00:00
2026-08-26,carbon_project_zone,112.43635061401022,-3.1623063863833916,317.44000244140625,293.0199890136719,1,VIIRS-NOAA20,375,2026-08-29T10:25:50.906097+00:00
2026-08-26,carbon_project_zone,112.37820137139403,-3.1555614819414433,338.5799865722656,299.3699951171875,1,VIIRS-NOAA20,375,2026-08-29T10:25:50.906086+00:00
2026-08-26,carbon_project_zone,112.38157894483052,-3.1555614819414433,338.5799865722656,299.3699951171875,1,VIIRS-NOAA20,375,2026-08-29T10:25:50.906088+00:00
2026-08-26,carbon_project_zone,112.37445933590124,-3.152189029720469,330.8800048828125,300.739990234375,1,VIIRS-SNPP,375,2026-08-29T10:25:10.662048+00:00
2026-08-26,carbon_project_zone,112.37783689838334,-3.152189029720469,335.1400146484375,304.0400085449219,1,VIIRS-SNPP,375,2026-08-29T10:25:10.662050+00:00
2026-08-26,carbon_project_zone,112.38121446086545,-3.152189029720469,335.1400146484375,304.0400085449219,1,VIIRS-SNPP,375,2026-08-29T10:25:10.662052+00:00
2026-08-26,carbon_project_zone,112.38459202334755,-3.152189029720469,335.1400146484375,304.0400085449219,1,VIIRS-SNPP,375,2026-08-29T10:25:10.662054+00:00
2026-08-26,carbon_project_zone,112.37409526553301,-3.148816577499495,330.8800048828125,300.739990234375,1,VIIRS-SNPP,375,2026-08-29T10:25:10.662039+00:00
2026-08-26,carbon_project_zone,112.3774728170725,-3.148816577499495,335.1400146484375,304.0400085449219,1,VIIRS-SNPP,375,2026-08-29T10:25:10.662041+00:00
2026-08-26,carbon_project_zone,112.380850368612,-3.148816577499495,335.1400146484375,304.0400085449219,1,VIIRS-SNPP,375,2026-08-29T10:25:10.662044+00:00
2026-08-26,carbon_project_zone,112.38422792015149,-3.148816577499495,335.1400146484375,304.0400085449219,1,VIIRS-SNPP,375,2026-08-29T10:25:10.662046+00:00
2026-08-26,carbon_project_zone,112.37373158684652,-3.145444125278521,337.9700012207031,298.42999267578125,1,VIIRS-NOAA20,375,2026-08-29T10:25:50.906059+00:00
2026-08-26,carbon_project_zone,112.37710912745516,-3.145444125278521,337.9700012207031,298.42999267578125,1,VIIRS-NOAA20,375,2026-08-29T10:25:50.906061+00:00
2026-08-26,carbon_project_zone,112.38048666806381,-3.145444125278521,337.9700012207031,298.42999267578125,1,VIIRS-NOAA20,375,2026-08-29T10:25:50.906064+00:00
2026-08-26,carbon_project_zone,112.41088453354162,-3.145444125278521,344.0899963378906,297.6000061035156,1,VIIRS-NOAA20,375,2026-08-29T10:25:50.906066+00:00
2026-08-26,carbon_project_zone,112.41426207415029,-3.145444125278521,344.0899963378906,297.6000061035156,1,VIIRS-NOAA20,375,2026-08-29T10:25:50.906068+00:00
2026-08-26,carbon_project_zone,112.41763961475893,-3.145444125278521,344.0899963378906,297.6000061035156,1,VIIRS-NOAA20,375,2026-08-29T10:25:50.906070+00:00
2026-08-26,carbon_project_zone,112.40714359673119,-3.1420716730575466,334.69000244140625,304.0400085449219,1,VIIRS-SNPP,375,2026-08-29T10:25:10.662030+00:00
2026-08-26,carbon_project_zone,112.41052112642076,-3.1420716730575466,351.7200012207031,305.0799865722656,1,VIIRS-SNPP,375,2026-08-29T10:25:10.662033+00:00
2026-08-26,carbon_project_zone,112.41389865611033,-3.1420716730575466,351.7200012207031,305.0799865722656,1,VIIRS-SNPP,375,2026-08-29T10:25:10.662035+00:00
2026-08-26,carbon_project_zone,112.41727618579992,-3.1420716730575466,351.7200012207031,305.0799865722656,1,VIIRS-SNPP,375,2026-08-29T10:25:10.662037+00:00
2026-08-26,carbon_project_zone,112.40340307353392,-3.138699220836572,335.2799987792969,296.7699890136719,1,VIIRS-NOAA20,375,2026-08-29T10:25:50.906040+00:00
2026-08-26,carbon_project_zone,112.4067805923162,-3.138699220836572,353.80999755859375,305.4200134277344,1,VIIRS-SNPP,375,2026-08-29T10:25:10.662022+00:00
2026-08-26,carbon_project_zone,112.41015811109847,-3.138699220836572,353.80999755859375,305.4200134277344,1,VIIRS-SNPP,375,2026-08-29T10:25:10.662024+00:00
2026-08-26,carbon_project_zone,112.41353562988077,-3.138699220836572,353.80999755859375,305.4200134277344,1,VIIRS-SNPP,375,2026-08-29T10:25:10.662026+00:00
2026-08-26,carbon_project_zone,112.41691314866304,-3.138699220836572,351.7200012207031,305.0799865722656,1,VIIRS-SNPP,375,2026-08-29T10:25:10.662028+00:00
2026-08-26,carbon_project_zone,112.40304047179498,-3.1353267686155983,335.2799987792969,296.7699890136719,1,VIIRS-NOAA20,375,2026-08-29T10:25:50.906022+00:00
2026-08-26,carbon_project_zone,112.40641797968173,-3.1353267686155983,353.80999755859375,305.4200134277344,1,VIIRS-SNPP,375,2026-08-29T10:25:10.662006+00:00
2026-08-26,carbon_project_zone,112.40979548756849,-3.1353267686155983,353.80999755859375,305.4200134277344,1,VIIRS-SNPP,375,2026-08-29T10:25:10.662008+00:00
2026-08-26,carbon_project_zone,112.41317299545526,-3.1353267686155983,353.80999755859375,305.4200134277344,1,VIIRS-SNPP,375,2026-08-29T10:25:10.662011+00:00
2026-08-26,carbon_project_zone,112.41655050334201,-3.1353267686155983,351.7200012207031,305.0799865722656,1,VIIRS-SNPP,375,2026-08-29T10:25:10.662013+00:00
2026-08-26,carbon_project_zone,112.40267826181848,-3.131954316394624,335.2799987792969,296.7699890136719,1,VIIRS-NOAA20,375,2026-08-29T10:25:50.906006+00:00
2026-08-26,carbon_project_zone,112.40605575882147,-3.131954316394624,353.80999755859375,305.4200134277344,1,VIIRS-SNPP,375,2026-08-29T10:25:10.661984+00:00
2026-08-26,carbon_project_zone,112.40943325582445,-3.131954316394624,353.80999755859375,305.4200134277344,1,VIIRS-SNPP,375,2026-08-29T10:25:10.661987+00:00
2026-08-26,carbon_project_zone,112.41281075282747,-3.131954316394624,353.80999755859375,305.4200134277344,1,VIIRS-SNPP,375,2026-08-29T10:25:10.661989+00:00
2026-08-26,carbon_project_zone,112.41618824983047,-3.131954316394624,334.1000061035156,300.3599853515625,1,VIIRS-SNPP,375,2026-08-29T10:25:10.661991+00:00
2026-08-26,carbon_project_zone,112.58771615702184,-3.1252094119526754,354.2300109863281,305.2799987792969,1,VIIRS-SNPP,375,2026-08-29T10:25:10.661968+00:00
2026-08-26,carbon_project_zone,112.58059959678593,-3.1218369597317017,339.45001220703125,303.3800048828125,1,VIIRS-SNPP,375,2026-08-29T10:25:10.661955+00:00
2026-08-26,carbon_project_zone,112.5839770612083,-3.1218369597317017,339.45001220703125,303.3800048828125,1,VIIRS-SNPP,375,2026-08-29T10:25:10.661957+00:00
2026-08-26,carbon_project_zone,112.58735452563067,-3.1218369597317017,339.45001220703125,303.3800048828125,1,VIIRS-SNPP,375,2026-08-29T10:25:10.661959+00:00
2026-08-26,carbon_project_zone,112.55249766626345,-3.111719603068779,338.2799987792969,299.010009765625,1,VIIRS-NOAA20,375,2026-08-29T10:25:50.905991+00:00
2026-08-26,carbon_project_zone,112.5558750982111,-3.111719603068779,348.9200134277344,299.5299987792969,1,VIIRS-NOAA20,375,2026-08-29T10:25:50.905993+00:00
2026-08-26,carbon_project_zone,112.55925253015877,-3.111719603068779,348.9200134277344,299.5299987792969,1,VIIRS-NOAA20,375,2026-08-29T10:25:50.905995+00:00
2026-08-26,carbon_project_zone,112.56262996210644,-3.111719603068779,348.9200134277344,299.5299987792969,1,VIIRS-NOAA20,375,2026-08-29T10:25:50.905997+00:00
2026-08-26,carbon_project_zone,112.55213771238692,-3.1083471508478047,341.04998779296875,303.260009765625,1,VIIRS-SNPP,375,2026-08-29T10:25:10.661946+00:00
2026-08-26,carbon_project_zone,112.55551513353323,-3.1083471508478047,352.7699890136719,302.1099853515625,1,VIIRS-SNPP,375,2026-08-29T10:25:10.661948+00:00
2026-08-26,carbon_project_zone,112.55889255467955,-3.1083471508478047,352.7699890136719,302.1099853515625,1,VIIRS-SNPP,375,2026-08-29T10:25:10.661951+00:00
2026-08-26,carbon_project_zone,112.56226997582586,-3.1083471508478047,352.7699890136719,302.1099853515625,1,VIIRS-SNPP,375,2026-08-29T10:25:10.661953+00:00
2026-08-26,carbon_project_zone,112.5484007403956,-3.1049746986268305,351.9100036621094,301.1600036621094,1,VIIRS-NOAA20,375,2026-08-29T10:25:50.905972+00:00
2026-08-26,carbon_project_zone,112.56191038182249,-3.1049746986268305,352.7699890136719,302.1099853515625,1,VIIRS-SNPP,375,2026-08-29T10:25:10.661944+00:00
2026-08-26,carbon_project_zone,112.54804158177447,-3.1016022464058564,351.9100036621094,301.1600036621094,1,VIIRS-NOAA20,375,2026-08-29T10:25:50.905962+00:00
2026-08-26,carbon_project_zone,112.56155118009009,-3.1016022464058564,352.7699890136719,302.1099853515625,1,VIIRS-SNPP,375,2026-08-29T10:25:10.661935+00:00
2026-08-26,carbon_project_zone,112.54768281537098,-3.098229794184882,351.9100036621094,301.1600036621094,1,VIIRS-NOAA20,375,2026-08-29T10:25:50.905952+00:00
2026-08-26,carbon_project_zone,112.56119237062242,-3.098229794184882,339.8800048828125,294.9100036621094,1,VIIRS-SNPP,375,2026-08-29T10:25:10.661925+00:00
2026-08-26,carbon_project_zone,112.55070181923747,-3.094857341963908,352.5400085449219,300.6700134277344,1,VIIRS-SNPP,375,2026-08-29T10:25:10.661909+00:00
2026-08-26,carbon_project_zone,112.55407919729606,-3.094857341963908,352.5400085449219,300.6700134277344,1,VIIRS-SNPP,375,2026-08-29T10:25:10.661912+00:00
2026-08-26,carbon_project_zone,112.55745657535465,-3.094857341963908,352.5400085449219,300.6700134277344,1,VIIRS-SNPP,375,2026-08-29T10:25:10.661914+00:00
2026-08-26,carbon_project_zone,112.56083395341322,-3.094857341963908,332.0,299.2200012207031,1,VIIRS-SNPP,375,2026-08-29T10:25:10.661916+00:00
2026-08-26,carbon_project_zone,112.61912747161118,-3.071250176417089,338.44000244140625,301.739990234375,1,VIIRS-SNPP,375,2026-08-29T10:25:10.661901+00:00
2026-08-26,carbon_project_zone,112.62250477471935,-3.071250176417089,338.44000244140625,301.739990234375,1,VIIRS-SNPP,375,2026-08-29T10:25:10.661903+00:00
2026-08-26,carbon_project_zone,112.62588207782753,-3.071250176417089,338.44000244140625,301.739990234375,1,VIIRS-SNPP,375,2026-08-29T10:25:10.661905+00:00
2026-08-26,carbon_project_zone,112.61539470791581,-3.0678777241961144,338.8299865722656,300.5899963378906,1,VIIRS-SNPP,375,2026-08-29T10:25:10.661887+00:00
2026-08-26,carbon_project_zone,112.61877200036386,-3.0678777241961144,349.0,307.6199951171875,1,VIIRS-SNPP,375,2026-08-29T10:25:10.661889+00:00
2026-08-26,carbon_project_zone,112.62214929281191,-3.0678777241961144,349.0,307.6199951171875,1,VIIRS-SNPP,375,2026-08-29T10:25:10.661892+00:00
2026-08-26,carbon_project_zone,112.62552658525998,-3.0678777241961144,349.0,307.6199951171875,1,VIIRS-SNPP,375,2026-08-29T10:25:10.661895+00:00
2026-08-26,carbon_project_zone,112.61503963973134,-3.0645052719751407,338.8299865722656,300.5899963378906,1,VIIRS-SNPP,375,2026-08-29T10:25:10.661877+00:00
2026-08-26,carbon_project_zone,112.61841692153102,-3.0645052719751407,349.0,307.6199951171875,1,VIIRS-SNPP,375,2026-08-29T10:25:10.661879+00:00
2026-08-26,carbon_project_zone,112.62179420333071,-3.0645052719751407,349.0,307.6199951171875,1,VIIRS-SNPP,375,2026-08-29T10:25:10.661881+00:00
2026-08-26,carbon_project_zone,112.62517148513041,-3.0645052719751407,349.0,307.6199951171875,1,VIIRS-SNPP,375,2026-08-29T10:25:10.661883+00:00
2026-08-26,carbon_project_zone,112.61468496394338,-3.0611328197541665,338.8299865722656,300.5899963378906,1,VIIRS-SNPP,375,2026-08-29T10:25:10.661860+00:00
2026-08-26,carbon_project_zone,112.61806223510649,-3.0611328197541665,349.0,307.6199951171875,1,VIIRS-SNPP,375,2026-08-29T10:25:10.661863+00:00
2026-08-26,carbon_project_zone,112.62143950626958,-3.0611328197541665,349.0,307.6199951171875,1,VIIRS-SNPP,375,2026-08-29T10:25:10.661865+00:00
2026-08-26,carbon_project_zone,112.62481677743268,-3.0611328197541665,349.0,307.6199951171875,1,VIIRS-SNPP,375,2026-08-29T10:25:10.661867+00:00
2026-08-26,carbon_project_zone,112.634948590922,-3.0611328197541665,339.80999755859375,307.3800048828125,1,VIIRS-SNPP,375,2026-08-29T10:25:10.661871+00:00
2026-08-26,carbon_project_zone,112.63832586208511,-3.0611328197541665,339.80999755859375,307.3800048828125,1,VIIRS-SNPP,375,2026-08-29T10:25:10.661873+00:00
2026-08-26,carbon_project_zone,112.64170313324821,-3.0611328197541665,339.80999755859375,307.3800048828125,1,VIIRS-SNPP,375,2026-08-29T10:25:10.661875+00:00
2026-08-26,carbon_project_zone,112.6345942437755,-3.057760367533192,339.80999755859375,307.3800048828125,1,VIIRS-SNPP,375,2026-08-29T10:25:10.661854+00:00
2026-08-26,carbon_project_zone,112.63797150431378,-3.057760367533192,339.80999755859375,307.3800048828125,1,VIIRS-SNPP,375,2026-08-29T10:25:10.661856+00:00
2026-08-26,carbon_project_zone,112.64134876485205,-3.057760367533192,339.80999755859375,307.3800048828125,1,VIIRS-SNPP,375,2026-08-29T10:25:10.661858+00:00
2026-08-26,carbon_project_zone,112.63424028908382,-3.0543879153122178,338.57000732421875,305.7300109863281,1,VIIRS-SNPP,375,2026-08-29T10:25:10.661840+00:00
2026-08-26,carbon_project_zone,112.63761753900904,-3.0543879153122178,338.57000732421875,305.7300109863281,1,VIIRS-SNPP,375,2026-08-29T10:25:10.661842+00:00
2026-08-26,carbon_project_zone,112.64099478893426,-3.0543879153122178,338.57000732421875,305.7300109863281,1,VIIRS-SNPP,375,2026-08-29T10:25:10.661844+00:00
2026-08-26,carbon_project_zone,112.69165353781264,-3.0543879153122178,337.3599853515625,305.75,1,VIIRS-SNPP,375,2026-08-29T10:25:10.661846+00:00
2026-08-26,carbon_project_zone,112.69503078773786,-3.0543879153122178,337.3599853515625,305.75,1,VIIRS-SNPP,375,2026-08-29T10:25:10.661848+00:00
2026-08-26,carbon_project_zone,112.69840803766311,-3.0543879153122178,337.3599853515625,305.75,1,VIIRS-SNPP,375,2026-08-29T10:25:10.661850+00:00
2026-08-26,carbon_project_zone,112.63388672684081,-3.0510154630912436,304.1000061035156,292.1400146484375,1,VIIRS-NOAA20,375,2026-08-29T10:25:50.905908+00:00
2026-08-26,carbon_project_zone,112.63726396616475,-3.0510154630912436,304.1000061035156,292.1400146484375,1,VIIRS-NOAA20,375,2026-08-29T10:25:50.905910+00:00
2026-08-26,carbon_project_zone,112.64064120548869,-3.0510154630912436,304.1000061035156,292.1400146484375,1,VIIRS-NOAA20,375,2026-08-29T10:25:50.905912+00:00
2026-08-26,carbon_project_zone,112.69129979534775,-3.0510154630912436,343.4800109863281,304.4599914550781,1,VIIRS-SNPP,375,2026-08-29T10:25:10.661834+00:00
2026-08-26,carbon_project_zone,112.69467703467168,-3.0510154630912436,343.4800109863281,304.4599914550781,1,VIIRS-SNPP,375,2026-08-29T10:25:10.661836+00:00
2026-08-26,carbon_project_zone,112.69805427399562,-3.0510154630912436,343.4800109863281,304.4599914550781,1,VIIRS-SNPP,375,2026-08-29T10:25:10.661838+00:00
2026-08-26,carbon_project_zone,112.69094644552538,-3.04764301087027,343.4800109863281,304.4599914550781,1,VIIRS-SNPP,375,2026-08-29T10:25:10.661822+00:00
2026-08-26,carbon_project_zone,112.6943236742598,-3.04764301087027,343.4800109863281,304.4599914550781,1,VIIRS-SNPP,375,2026-08-29T10:25:10.661824+00:00
2026-08-26,carbon_project_zone,112.69770090299421,-3.04764301087027,343.4800109863281,304.4599914550781,1,VIIRS-SNPP,375,2026-08-29T10:25:10.661826+00:00
2026-08-26,carbon_project_zone,112.69059348833947,-3.0442705586492953,343.4800109863281,304.4599914550781,1,VIIRS-SNPP,375,2026-08-29T10:25:10.661809+00:00
2026-08-26,carbon_project_zone,112.69397070649613,-3.0442705586492953,343.4800109863281,304.4599914550781,1,VIIRS-SNPP,375,2026-08-29T10:25:10.661811+00:00
2026-08-26,carbon_project_zone,112.6973479246528,-3.0442705586492953,343.4800109863281,304.4599914550781,1,VIIRS-SNPP,375,2026-08-29T10:25:10.661813+00:00
2026-08-26,carbon_project_zone,112.63282839474236,-3.040898106428321,333.17999267578125,303.1499938964844,1,VIIRS-SNPP,375,2026-08-29T10:25:10.661799+00:00
2026-08-26,carbon_project_zone,112.63620560233304,-3.040898106428321,333.17999267578125,303.1499938964844,1,VIIRS-SNPP,375,2026-08-29T10:25:10.661801+00:00
2026-08-26,carbon_project_zone,112.66322326305844,-3.040898106428321,350.8999938964844,297.45001220703125,1,VIIRS-NOAA20,375,2026-08-29T10:25:50.905894+00:00
2026-08-26,carbon_project_zone,112.6666004706491,-3.040898106428321,350.8999938964844,297.45001220703125,1,VIIRS-NOAA20,375,2026-08-29T10:25:50.905896+00:00
2026-08-26,carbon_project_zone,112.66997767823977,-3.040898106428321,336.3699951171875,295.94000244140625,1,VIIRS-NOAA20,375,2026-08-29T10:25:50.905898+00:00
2026-08-26,carbon_project_zone,112.63247640223264,-3.037525654207347,333.17999267578125,303.1499938964844,1,VIIRS-SNPP,375,2026-08-29T10:25:10.661789+00:00
2026-08-26,carbon_project_zone,112.63585359926908,-3.037525654207347,333.17999267578125,303.1499938964844,1,VIIRS-SNPP,375,2026-08-29T10:25:10.661791+00:00
2026-08-26,carbon_project_zone,112.66287117556072,-3.037525654207347,338.8699951171875,306.6300048828125,1,VIIRS-SNPP,375,2026-08-29T10:25:10.661793+00:00
2026-08-26,carbon_project_zone,112.66624837259717,-3.037525654207347,338.8699951171875,306.6300048828125,1,VIIRS-SNPP,375,2026-08-29T10:25:10.661795+00:00
2026-08-26,carbon_project_zone,112.66962556963362,-3.037525654207347,338.8699951171875,306.6300048828125,1,VIIRS-SNPP,375,2026-08-29T10:25:10.661797+00:00
2026-08-26,carbon_project_zone,112.63212480214094,-3.034153201986373,333.17999267578125,303.1499938964844,1,VIIRS-SNPP,375,2026-08-29T10:25:10.661778+00:00
2026-08-26,carbon_project_zone,112.63550198863493,-3.034153201986373,333.17999267578125,303.1499938964844,1,VIIRS-SNPP,375,2026-08-29T10:25:10.661780+00:00
2026-08-26,carbon_project_zone,112.66251948058691,-3.034153201986373,338.8699951171875,306.6300048828125,1,VIIRS-SNPP,375,2026-08-29T10:25:10.661782+00:00
2026-08-26,carbon_project_zone,112.66589666708091,-3.034153201986373,338.8699951171875,306.6300048828125,1,VIIRS-SNPP,375,2026-08-29T10:25:10.661784+00:00
2026-08-26,carbon_project_zone,112.66927385357492,-3.034153201986373,338.8699951171875,306.6300048828125,1,VIIRS-SNPP,375,2026-08-29T10:25:10.661786+00:00
2026-08-26,carbon_project_zone,112.66216817813091,-3.0307807497653987,338.8699951171875,306.6300048828125,1,VIIRS-SNPP,375,2026-08-29T10:25:10.661772+00:00
2026-08-26,carbon_project_zone,112.66554535409422,-3.0307807497653987,338.8699951171875,306.6300048828125,1,VIIRS-SNPP,375,2026-08-29T10:25:10.661774+00:00
2026-08-26,carbon_project_zone,112.66892253005753,-3.0307807497653987,338.8699951171875,306.6300048828125,1,VIIRS-SNPP,375,2026-08-29T10:25:10.661776+00:00
2026-08-26,carbon_project_zone,112.66181726818658,-3.0274082975444245,348.1600036621094,298.5199890136719,1,VIIRS-NOAA20,375,2026-08-29T10:25:50.905869+00:00
2026-08-26,carbon_project_zone,112.66519443363097,-3.0274082975444245,349.67999267578125,294.6099853515625,1,VIIRS-NOAA20,375,2026-08-29T10:25:50.905871+00:00
2026-08-26,carbon_project_zone,112.66857159907536,-3.0274082975444245,349.67999267578125,294.6099853515625,1,VIIRS-NOAA20,375,2026-08-29T10:25:50.905873+00:00
2026-08-26,carbon_project_zone,112.63072232583207,-3.0206633931024762,338.7300109863281,306.239990234375,1,VIIRS-SNPP,375,2026-08-29T10:25:10.661765+00:00
2026-08-26,carbon_project_zone,112.63409947027391,-3.0206633931024762,338.7300109863281,306.239990234375,1,VIIRS-SNPP,375,2026-08-29T10:25:10.661767+00:00
2026-08-26,carbon_project_zone,112.63747661471574,-3.0206633931024762,338.7300109863281,306.239990234375,1,VIIRS-SNPP,375,2026-08-29T10:25:10.661770+00:00
2026-08-26,carbon_project_zone,112.63037268773887,-3.017290940881502,347.6400146484375,319.3500061035156,1,VIIRS-SNPP,375,2026-08-29T10:25:10.661757+00:00
2026-08-26,carbon_project_zone,112.4283495258147,-3.2432452396867717,335.9800109863281,308.0299987792969,0,VIIRS-SNPP,375,2026-08-29T10:25:10.662476+00:00
2026-08-26,carbon_project_zone,112.43172738819811,-3.2432452396867717,335.9800109863281,308.0299987792969,0,VIIRS-SNPP,375,2026-08-29T10:25:10.662478+00:00
2026-08-26,carbon_project_zone,112.4279747312375,-3.2398727874657975,335.9800109863281,308.0299987792969,0,VIIRS-SNPP,375,2026-08-29T10:25:10.662449+00:00
2026-08-26,carbon_project_zone,112.43135258236036,-3.2398727874657975,335.9800109863281,308.0299987792969,0,VIIRS-SNPP,375,2026-08-29T10:25:10.662451+00:00
2026-08-26,carbon_project_zone,112.42760032866843,-3.2365003352448234,335.9800109863281,308.0299987792969,0,VIIRS-SNPP,375,2026-08-29T10:25:10.662424+00:00
2026-08-26,carbon_project_zone,112.43097816854254,-3.2365003352448234,335.9800109863281,308.0299987792969,0,VIIRS-SNPP,375,2026-08-29T10:25:10.662426+00:00
2026-08-26,carbon_project_zone,112.57155311196841,-3.131954316394624,332.989990234375,304.6600036621094,0,VIIRS-SNPP,375,2026-08-29T10:25:10.661993+00:00
2026-08-26,carbon_project_zone,112.57493060897141,-3.131954316394624,332.989990234375,304.6600036621094,0,VIIRS-SNPP,375,2026-08-29T10:25:10.661995+00:00
2026-08-26,carbon_project_zone,112.5711907501489,-3.1285818641736496,332.989990234375,304.6600036621094,0,VIIRS-SNPP,375,2026-08-29T10:25:10.661971+00:00
2026-08-26,carbon_project_zone,112.57456823627993,-3.1285818641736496,332.989990234375,304.6600036621094,0,VIIRS-SNPP,375,2026-08-29T10:25:10.661973+00:00
2026-08-26,carbon_project_zone,112.62925938093572,-3.071250176417089,336.8699951171875,307.2300109863281,0,VIIRS-SNPP,375,2026-08-29T10:25:10.661907+00:00
2026-08-26,carbon_project_zone,112.62890387770803,-3.0678777241961144,336.8699951171875,307.2300109863281,0,VIIRS-SNPP,375,2026-08-29T10:25:10.661899+00:00
2026-08-26,carbon_project_zone,112.62854876693011,-3.0645052719751407,336.8699951171875,307.2300109863281,0,VIIRS-SNPP,375,2026-08-29T10:25:10.661885+00:00
2026-08-26,carbon_project_zone,112.6315713197589,-3.0611328197541665,333.010009765625,307.9800109863281,0,VIIRS-SNPP,375,2026-08-29T10:25:10.661869+00:00
2026-08-26,carbon_project_zone,112.63121698323722,-3.057760367533192,333.010009765625,307.9800109863281,0,VIIRS-SNPP,375,2026-08-29T10:25:10.661852+00:00
2026-08-26,carbon_project_zone,112.63353355704032,-3.04764301087027,331.94000244140625,302.3299865722656,0,VIIRS-SNPP,375,2026-08-29T10:25:10.661815+00:00
2026-08-26,carbon_project_zone,112.63691078577473,-3.04764301087027,331.94000244140625,302.3299865722656,0,VIIRS-SNPP,375,2026-08-29T10:25:10.661817+00:00
2026-08-26,carbon_project_zone,112.64028801450914,-3.04764301087027,331.94000244140625,302.3299865722656,0,VIIRS-SNPP,375,2026-08-29T10:25:10.661819+00:00
2026-08-26,carbon_project_zone,112.63318077967622,-3.0442705586492953,331.94000244140625,302.3299865722656,0,VIIRS-SNPP,375,2026-08-29T10:25:10.661803+00:00
2026-08-26,carbon_project_zone,112.63655799783288,-3.0442705586492953,331.94000244140625,302.3299865722656,0,VIIRS-SNPP,375,2026-08-29T10:25:10.661805+00:00
2026-08-26,carbon_project_zone,112.63993521598954,-3.0442705586492953,331.94000244140625,302.3299865722656,0,VIIRS-SNPP,375,2026-08-29T10:25:10.661807+00:00
2026-08-26,project_area,112.58204838979289,-3.1353267686155983,367.0,298.17999267578125,2,VIIRS-NOAA20,375,2026-08-29T10:25:51.690485+00:00
2026-08-26,project_area,112.58542589767966,-3.1353267686155983,367.0,296.79998779296875,2,VIIRS-NOAA20,375,2026-08-29T10:25:51.690487+00:00
2026-08-26,project_area,112.58880340556641,-3.1353267686155983,367.0,296.79998779296875,2,VIIRS-NOAA20,375,2026-08-29T10:25:51.690489+00:00
2026-08-26,project_area,112.57830810597441,-3.131954316394624,367.0,305.8399963378906,2,VIIRS-SNPP,375,2026-08-29T10:25:11.219089+00:00
2026-08-26,project_area,112.58168560297742,-3.131954316394624,367.0,305.8399963378906,2,VIIRS-SNPP,375,2026-08-29T10:25:11.219091+00:00
2026-08-26,project_area,112.58506309998042,-3.131954316394624,367.0,305.8399963378906,2,VIIRS-SNPP,375,2026-08-29T10:25:11.219094+00:00
2026-08-26,project_area,112.58844059698342,-3.131954316394624,367.0,296.79998779296875,2,VIIRS-NOAA20,375,2026-08-29T10:25:51.690471+00:00
2026-08-26,project_area,112.57794572241093,-3.1285818641736496,367.0,305.8399963378906,2,VIIRS-SNPP,375,2026-08-29T10:25:11.219068+00:00
2026-08-26,project_area,112.58132320854195,-3.1285818641736496,367.0,305.8399963378906,2,VIIRS-SNPP,375,2026-08-29T10:25:11.219070+00:00
2026-08-26,project_area,112.58470069467297,-3.1285818641736496,367.0,305.8399963378906,2,VIIRS-SNPP,375,2026-08-29T10:25:11.219072+00:00
2026-08-26,project_area,112.58807818080399,-3.1285818641736496,367.0,296.79998779296875,2,VIIRS-NOAA20,375,2026-08-29T10:25:51.690456+00:00
2026-08-26,project_area,112.57758373120943,-3.1252094119526754,367.0,305.8399963378906,2,VIIRS-SNPP,375,2026-08-29T10:25:11.219056+00:00
2026-08-26,project_area,112.58096120648023,-3.1252094119526754,367.0,305.8399963378906,2,VIIRS-SNPP,375,2026-08-29T10:25:11.219059+00:00
2026-08-26,project_area,112.58433868175103,-3.1252094119526754,367.0,305.8399963378906,2,VIIRS-SNPP,375,2026-08-29T10:25:11.219061+00:00
2026-08-26,project_area,112.55177815075233,-3.1049746986268305,367.0,300.95001220703125,2,VIIRS-NOAA20,375,2026-08-29T10:25:51.690424+00:00
2026-08-26,project_area,112.55515556110905,-3.1049746986268305,367.0,300.95001220703125,2,VIIRS-NOAA20,375,2026-08-29T10:25:51.690426+00:00
2026-08-26,project_area,112.55853297146577,-3.1049746986268305,367.0,300.95001220703125,2,VIIRS-NOAA20,375,2026-08-29T10:25:51.690429+00:00
2026-08-26,project_area,112.55141898135336,-3.1016022464058564,367.0,300.95001220703125,2,VIIRS-NOAA20,375,2026-08-29T10:25:51.690411+00:00
2026-08-26,project_area,112.55479638093227,-3.1016022464058564,367.0,300.95001220703125,2,VIIRS-NOAA20,375,2026-08-29T10:25:51.690414+00:00
2026-08-26,project_area,112.55817378051118,-3.1016022464058564,367.0,300.95001220703125,2,VIIRS-NOAA20,375,2026-08-29T10:25:51.690416+00:00
2026-08-26,project_area,112.55106020418384,-3.098229794184882,367.0,300.95001220703125,2,VIIRS-NOAA20,375,2026-08-29T10:25:51.690400+00:00
2026-08-26,project_area,112.55443759299669,-3.098229794184882,367.0,300.95001220703125,2,VIIRS-NOAA20,375,2026-08-29T10:25:51.690402+00:00
2026-08-26,project_area,112.55781498180956,-3.098229794184882,367.0,300.95001220703125,2,VIIRS-NOAA20,375,2026-08-29T10:25:51.690405+00:00
2026-08-26,project_area,112.55977912428071,-3.1791686474882628,331.92999267578125,299.75,1,VIIRS-SNPP,375,2026-08-29T10:25:11.219160+00:00
2026-08-26,project_area,112.55941132424286,-3.175796195267288,331.92999267578125,299.75,1,VIIRS-SNPP,375,2026-08-29T10:25:11.219155+00:00
2026-08-26,project_area,112.56278896365292,-3.175796195267288,331.92999267578125,299.75,1,VIIRS-SNPP,375,2026-08-29T10:25:11.219158+00:00
2026-08-26,project_area,112.42731640955739,-3.172423743046314,304.17999267578125,288.80999755859375,1,VIIRS-SNPP,375,2026-08-29T10:25:11.219149+00:00
2026-08-26,project_area,112.43069403794242,-3.172423743046314,304.17999267578125,288.80999755859375,1,VIIRS-SNPP,375,2026-08-29T10:25:11.219151+00:00
2026-08-26,project_area,112.43407166632744,-3.172423743046314,311.2699890136719,289.32000732421875,1,VIIRS-SNPP,375,2026-08-29T10:25:11.219153+00:00
2026-08-26,project_area,112.42694982376678,-3.16905129082534,304.17999267578125,288.80999755859375,1,VIIRS-SNPP,375,2026-08-29T10:25:11.219140+00:00
2026-08-26,project_area,112.43032744113856,-3.16905129082534,304.17999267578125,288.80999755859375,1,VIIRS-SNPP,375,2026-08-29T10:25:11.219142+00:00
2026-08-26,project_area,112.43370505851033,-3.16905129082534,311.2699890136719,289.32000732421875,1,VIIRS-SNPP,375,2026-08-29T10:25:11.219144+00:00
2026-08-26,project_area,112.43708267588211,-3.16905129082534,311.2699890136719,289.32000732421875,1,VIIRS-SNPP,375,2026-08-29T10:25:11.219146+00:00
2026-08-26,project_area,112.4265836298726,-3.1656788386043657,304.17999267578125,288.80999755859375,1,VIIRS-SNPP,375,2026-08-29T10:25:11.219131+00:00
2026-08-26,project_area,112.42996123624289,-3.1656788386043657,304.17999267578125,288.80999755859375,1,VIIRS-SNPP,375,2026-08-29T10:25:11.219134+00:00
2026-08-26,project_area,112.4333388426132,-3.1656788386043657,311.2699890136719,289.32000732421875,1,VIIRS-SNPP,375,2026-08-29T10:25:11.219136+00:00
2026-08-26,project_area,112.43671644898347,-3.1656788386043657,311.2699890136719,289.32000732421875,1,VIIRS-SNPP,375,2026-08-29T10:25:11.219138+00:00
2026-08-26,project_area,112.42621782786847,-3.1623063863833916,336.010009765625,292.1199951171875,1,VIIRS-NOAA20,375,2026-08-29T10:25:51.690517+00:00
2026-08-26,project_area,112.42959542324905,-3.1623063863833916,336.010009765625,292.1199951171875,1,VIIRS-NOAA20,375,2026-08-29T10:25:51.690519+00:00
2026-08-26,project_area,112.43297301862964,-3.1623063863833916,336.010009765625,292.1199951171875,1,VIIRS-NOAA20,375,2026-08-29T10:25:51.690522+00:00
2026-08-26,project_area,112.43635061401022,-3.1623063863833916,317.44000244140625,293.0199890136719,1,VIIRS-NOAA20,375,2026-08-29T10:25:51.690524+00:00
2026-08-26,project_area,112.41088453354162,-3.145444125278521,344.0899963378906,297.6000061035156,1,VIIRS-NOAA20,375,2026-08-29T10:25:51.690511+00:00
2026-08-26,project_area,112.41426207415029,-3.145444125278521,344.0899963378906,297.6000061035156,1,VIIRS-NOAA20,375,2026-08-29T10:25:51.690513+00:00
2026-08-26,project_area,112.41763961475893,-3.145444125278521,344.0899963378906,297.6000061035156,1,VIIRS-NOAA20,375,2026-08-29T10:25:51.690515+00:00
2026-08-26,project_area,112.40714359673119,-3.1420716730575466,334.69000244140625,304.0400085449219,1,VIIRS-SNPP,375,2026-08-29T10:25:11.219123+00:00
2026-08-26,project_area,112.41052112642076,-3.1420716730575466,351.7200012207031,305.0799865722656,1,VIIRS-SNPP,375,2026-08-29T10:25:11.219125+00:00
2026-08-26,project_area,112.41389865611033,-3.1420716730575466,351.7200012207031,305.0799865722656,1,VIIRS-SNPP,375,2026-08-29T10:25:11.219127+00:00
2026-08-26,project_area,112.41727618579992,-3.1420716730575466,351.7200012207031,305.0799865722656,1,VIIRS-SNPP,375,2026-08-29T10:25:11.219129+00:00
2026-08-26,project_area,112.40340307353392,-3.138699220836572,335.2799987792969,296.7699890136719,1,VIIRS-NOAA20,375,2026-08-29T10:25:51.690491+00:00
2026-08-26,project_area,112.4067805923162,-3.138699220836572,353.80999755859375,305.4200134277344,1,VIIRS-SNPP,375,2026-08-29T10:25:11.219114+00:00
2026-08-26,project_area,112.41015811109847,-3.138699220836572,353.80999755859375,305.4200134277344,1,VIIRS-SNPP,375,2026-08-29T10:25:11.219116+00:00
2026-08-26,project_area,112.41353562988077,-3.138699220836572,353.80999755859375,305.4200134277344,1,VIIRS-SNPP,375,2026-08-29T10:25:11.219119+00:00
2026-08-26,project_area,112.41691314866304,-3.138699220836572,351.7200012207031,305.0799865722656,1,VIIRS-SNPP,375,2026-08-29T10:25:11.219121+00:00
2026-08-26,project_area,112.40304047179498,-3.1353267686155983,335.2799987792969,296.7699890136719,1,VIIRS-NOAA20,375,2026-08-29T10:25:51.690474+00:00
2026-08-26,project_area,112.40641797968173,-3.1353267686155983,353.80999755859375,305.4200134277344,1,VIIRS-SNPP,375,2026-08-29T10:25:11.219098+00:00
2026-08-26,project_area,112.40979548756849,-3.1353267686155983,353.80999755859375,305.4200134277344,1,VIIRS-SNPP,375,2026-08-29T10:25:11.219100+00:00
2026-08-26,project_area,112.41317299545526,-3.1353267686155983,353.80999755859375,305.4200134277344,1,VIIRS-SNPP,375,2026-08-29T10:25:11.219103+00:00
2026-08-26,project_area,112.41655050334201,-3.1353267686155983,351.7200012207031,305.0799865722656,1,VIIRS-SNPP,375,2026-08-29T10:25:11.219105+00:00
2026-08-26,project_area,112.40267826181848,-3.131954316394624,335.2799987792969,296.7699890136719,1,VIIRS-NOAA20,375,2026-08-29T10:25:51.690458+00:00
2026-08-26,project_area,112.40605575882147,-3.131954316394624,353.80999755859375,305.4200134277344,1,VIIRS-SNPP,375,2026-08-29T10:25:11.219076+00:00
2026-08-26,project_area,112.40943325582445,-3.131954316394624,353.80999755859375,305.4200134277344,1,VIIRS-SNPP,375,2026-08-29T10:25:11.219078+00:00
2026-08-26,project_area,112.41281075282747,-3.131954316394624,353.80999755859375,305.4200134277344,1,VIIRS-SNPP,375,2026-08-29T10:25:11.219081+00:00
2026-08-26,project_area,112.41618824983047,-3.131954316394624,334.1000061035156,300.3599853515625,1,VIIRS-SNPP,375,2026-08-29T10:25:11.219083+00:00
2026-08-26,project_area,112.58059959678593,-3.1218369597317017,339.45001220703125,303.3800048828125,1,VIIRS-SNPP,375,2026-08-29T10:25:11.219052+00:00
2026-08-26,project_area,112.5839770612083,-3.1218369597317017,339.45001220703125,303.3800048828125,1,VIIRS-SNPP,375,2026-08-29T10:25:11.219054+00:00
2026-08-26,project_area,112.55249766626345,-3.111719603068779,338.2799987792969,299.010009765625,1,VIIRS-NOAA20,375,2026-08-29T10:25:51.690442+00:00
2026-08-26,project_area,112.5558750982111,-3.111719603068779,348.9200134277344,299.5299987792969,1,VIIRS-NOAA20,375,2026-08-29T10:25:51.690444+00:00
2026-08-26,project_area,112.55925253015877,-3.111719603068779,348.9200134277344,299.5299987792969,1,VIIRS-NOAA20,375,2026-08-29T10:25:51.690446+00:00
2026-08-26,project_area,112.56262996210644,-3.111719603068779,348.9200134277344,299.5299987792969,1,VIIRS-NOAA20,375,2026-08-29T10:25:51.690449+00:00
2026-08-26,project_area,112.55213771238692,-3.1083471508478047,341.04998779296875,303.260009765625,1,VIIRS-SNPP,375,2026-08-29T10:25:11.219044+00:00
2026-08-26,project_area,112.55551513353323,-3.1083471508478047,352.7699890136719,302.1099853515625,1,VIIRS-SNPP,375,2026-08-29T10:25:11.219046+00:00
2026-08-26,project_area,112.55889255467955,-3.1083471508478047,352.7699890136719,302.1099853515625,1,VIIRS-SNPP,375,2026-08-29T10:25:11.219048+00:00
2026-08-26,project_area,112.56226997582586,-3.1083471508478047,352.7699890136719,302.1099853515625,1,VIIRS-SNPP,375,2026-08-29T10:25:11.219050+00:00
2026-08-26,project_area,112.5484007403956,-3.1049746986268305,351.9100036621094,301.1600036621094,1,VIIRS-NOAA20,375,2026-08-29T10:25:51.690421+00:00
2026-08-26,project_area,112.56191038182249,-3.1049746986268305,352.7699890136719,302.1099853515625,1,VIIRS-SNPP,375,2026-08-29T10:25:11.219042+00:00
2026-08-26,project_area,112.54804158177447,-3.1016022464058564,351.9100036621094,301.1600036621094,1,VIIRS-NOAA20,375,2026-08-29T10:25:51.690409+00:00
2026-08-26,project_area,112.56155118009009,-3.1016022464058564,352.7699890136719,302.1099853515625,1,VIIRS-SNPP,375,2026-08-29T10:25:11.219034+00:00
2026-08-26,project_area,112.54768281537098,-3.098229794184882,351.9100036621094,301.1600036621094,1,VIIRS-NOAA20,375,2026-08-29T10:25:51.690397+00:00
2026-08-26,project_area,112.56119237062242,-3.098229794184882,339.8800048828125,294.9100036621094,1,VIIRS-SNPP,375,2026-08-29T10:25:11.219026+00:00
2026-08-26,project_area,112.55070181923747,-3.094857341963908,352.5400085449219,300.6700134277344,1,VIIRS-SNPP,375,2026-08-29T10:25:11.219010+00:00
2026-08-26,project_area,112.55407919729606,-3.094857341963908,352.5400085449219,300.6700134277344,1,VIIRS-SNPP,375,2026-08-29T10:25:11.219012+00:00
2026-08-26,project_area,112.55745657535465,-3.094857341963908,352.5400085449219,300.6700134277344,1,VIIRS-SNPP,375,2026-08-29T10:25:11.219014+00:00
2026-08-26,project_area,112.56083395341322,-3.094857341963908,332.0,299.2200012207031,1,VIIRS-SNPP,375,2026-08-29T10:25:11.219016+00:00
2026-08-26,project_area,112.61912747161118,-3.071250176417089,338.44000244140625,301.739990234375,1,VIIRS-SNPP,375,2026-08-29T10:25:11.219002+00:00
2026-08-26,project_area,112.62250477471935,-3.071250176417089,338.44000244140625,301.739990234375,1,VIIRS-SNPP,375,2026-08-29T10:25:11.219004+00:00
2026-08-26,project_area,112.62588207782753,-3.071250176417089,338.44000244140625,301.739990234375,1,VIIRS-SNPP,375,2026-08-29T10:25:11.219006+00:00
2026-08-26,project_area,112.61539470791581,-3.0678777241961144,338.8299865722656,300.5899963378906,1,VIIRS-SNPP,375,2026-08-29T10:25:11.218992+00:00
2026-08-26,project_area,112.61877200036386,-3.0678777241961144,349.0,307.6199951171875,1,VIIRS-SNPP,375,2026-08-29T10:25:11.218994+00:00
2026-08-26,project_area,112.62214929281191,-3.0678777241961144,349.0,307.6199951171875,1,VIIRS-SNPP,375,2026-08-29T10:25:11.218996+00:00
2026-08-26,project_area,112.62552658525998,-3.0678777241961144,349.0,307.6199951171875,1,VIIRS-SNPP,375,2026-08-29T10:25:11.218998+00:00
2026-08-26,project_area,112.61503963973134,-3.0645052719751407,338.8299865722656,300.5899963378906,1,VIIRS-SNPP,375,2026-08-29T10:25:11.218981+00:00
2026-08-26,project_area,112.61841692153102,-3.0645052719751407,349.0,307.6199951171875,1,VIIRS-SNPP,375,2026-08-29T10:25:11.218983+00:00
2026-08-26,project_area,112.62179420333071,-3.0645052719751407,349.0,307.6199951171875,1,VIIRS-SNPP,375,2026-08-29T10:25:11.218985+00:00
2026-08-26,project_area,112.62517148513041,-3.0645052719751407,349.0,307.6199951171875,1,VIIRS-SNPP,375,2026-08-29T10:25:11.218988+00:00
2026-08-26,project_area,112.61468496394338,-3.0611328197541665,338.8299865722656,300.5899963378906,1,VIIRS-SNPP,375,2026-08-29T10:25:11.218965+00:00
2026-08-26,project_area,112.61806223510649,-3.0611328197541665,349.0,307.6199951171875,1,VIIRS-SNPP,375,2026-08-29T10:25:11.218967+00:00
2026-08-26,project_area,112.62143950626958,-3.0611328197541665,349.0,307.6199951171875,1,VIIRS-SNPP,375,2026-08-29T10:25:11.218969+00:00
2026-08-26,project_area,112.62481677743268,-3.0611328197541665,349.0,307.6199951171875,1,VIIRS-SNPP,375,2026-08-29T10:25:11.218971+00:00
2026-08-26,project_area,112.634948590922,-3.0611328197541665,339.80999755859375,307.3800048828125,1,VIIRS-SNPP,375,2026-08-29T10:25:11.218975+00:00
2026-08-26,project_area,112.63832586208511,-3.0611328197541665,339.80999755859375,307.3800048828125,1,VIIRS-SNPP,375,2026-08-29T10:25:11.218977+00:00
2026-08-26,project_area,112.64170313324821,-3.0611328197541665,339.80999755859375,307.3800048828125,1,VIIRS-SNPP,375,2026-08-29T10:25:11.218979+00:00
2026-08-26,project_area,112.6345942437755,-3.057760367533192,339.80999755859375,307.3800048828125,1,VIIRS-SNPP,375,2026-08-29T10:25:11.218958+00:00
2026-08-26,project_area,112.63797150431378,-3.057760367533192,339.80999755859375,307.3800048828125,1,VIIRS-SNPP,375,2026-08-29T10:25:11.218960+00:00
2026-08-26,project_area,112.64134876485205,-3.057760367533192,339.80999755859375,307.3800048828125,1,VIIRS-SNPP,375,2026-08-29T10:25:11.218963+00:00
2026-08-26,project_area,112.63424028908382,-3.0543879153122178,338.57000732421875,305.7300109863281,1,VIIRS-SNPP,375,2026-08-29T10:25:11.218950+00:00
2026-08-26,project_area,112.63761753900904,-3.0543879153122178,338.57000732421875,305.7300109863281,1,VIIRS-SNPP,375,2026-08-29T10:25:11.218952+00:00
2026-08-26,project_area,112.64099478893426,-3.0543879153122178,338.57000732421875,305.7300109863281,1,VIIRS-SNPP,375,2026-08-29T10:25:11.218954+00:00
2026-08-26,project_area,112.63388672684081,-3.0510154630912436,304.1000061035156,292.1400146484375,1,VIIRS-NOAA20,375,2026-08-29T10:25:51.690350+00:00
2026-08-26,project_area,112.63726396616475,-3.0510154630912436,304.1000061035156,292.1400146484375,1,VIIRS-NOAA20,375,2026-08-29T10:25:51.690353+00:00
2026-08-26,project_area,112.64064120548869,-3.0510154630912436,304.1000061035156,292.1400146484375,1,VIIRS-NOAA20,375,2026-08-29T10:25:51.690355+00:00
2026-08-26,project_area,112.69094644552538,-3.04764301087027,343.4800109863281,304.4599914550781,1,VIIRS-SNPP,375,2026-08-29T10:25:11.218941+00:00
2026-08-26,project_area,112.69059348833947,-3.0442705586492953,343.4800109863281,304.4599914550781,1,VIIRS-SNPP,375,2026-08-29T10:25:11.218929+00:00
2026-08-26,project_area,112.69397070649613,-3.0442705586492953,343.4800109863281,304.4599914550781,1,VIIRS-SNPP,375,2026-08-29T10:25:11.218932+00:00
2026-08-26,project_area,112.63282839474236,-3.040898106428321,333.17999267578125,303.1499938964844,1,VIIRS-SNPP,375,2026-08-29T10:25:11.218919+00:00
2026-08-26,project_area,112.63620560233304,-3.040898106428321,333.17999267578125,303.1499938964844,1,VIIRS-SNPP,375,2026-08-29T10:25:11.218921+00:00
2026-08-26,project_area,112.63247640223264,-3.037525654207347,333.17999267578125,303.1499938964844,1,VIIRS-SNPP,375,2026-08-29T10:25:11.218914+00:00
2026-08-26,project_area,112.63585359926908,-3.037525654207347,333.17999267578125,303.1499938964844,1,VIIRS-SNPP,375,2026-08-29T10:25:11.218916+00:00
2026-08-26,project_area,112.63212480214094,-3.034153201986373,333.17999267578125,303.1499938964844,1,VIIRS-SNPP,375,2026-08-29T10:25:11.218909+00:00
2026-08-26,project_area,112.63550198863493,-3.034153201986373,333.17999267578125,303.1499938964844,1,VIIRS-SNPP,375,2026-08-29T10:25:11.218911+00:00
2026-08-26,project_area,112.66857159907536,-3.0274082975444245,349.67999267578125,294.6099853515625,1,VIIRS-NOAA20,375,2026-08-29T10:25:51.690330+00:00
2026-08-26,project_area,112.63072232583207,-3.0206633931024762,338.7300109863281,306.239990234375,1,VIIRS-SNPP,375,2026-08-29T10:25:11.218885+00:00
2026-08-26,project_area,112.63409947027391,-3.0206633931024762,338.7300109863281,306.239990234375,1,VIIRS-SNPP,375,2026-08-29T10:25:11.218902+00:00
2026-08-26,project_area,112.63747661471574,-3.0206633931024762,338.7300109863281,306.239990234375,1,VIIRS-SNPP,375,2026-08-29T10:25:11.218906+00:00
2026-08-26,project_area,112.57155311196841,-3.131954316394624,332.989990234375,304.6600036621094,0,VIIRS-SNPP,375,2026-08-29T10:25:11.219085+00:00
2026-08-26,project_area,112.57493060897141,-3.131954316394624,332.989990234375,304.6600036621094,0,VIIRS-SNPP,375,2026-08-29T10:25:11.219087+00:00
2026-08-26,project_area,112.5711907501489,-3.1285818641736496,332.989990234375,304.6600036621094,0,VIIRS-SNPP,375,2026-08-29T10:25:11.219063+00:00
2026-08-26,project_area,112.57456823627993,-3.1285818641736496,332.989990234375,304.6600036621094,0,VIIRS-SNPP,375,2026-08-29T10:25:11.219065+00:00
2026-08-26,project_area,112.62925938093572,-3.071250176417089,336.8699951171875,307.2300109863281,0,VIIRS-SNPP,375,2026-08-29T10:25:11.219008+00:00
2026-08-26,project_area,112.62890387770803,-3.0678777241961144,336.8699951171875,307.2300109863281,0,VIIRS-SNPP,375,2026-08-29T10:25:11.219000+00:00
2026-08-26,project_area,112.62854876693011,-3.0645052719751407,336.8699951171875,307.2300109863281,0,VIIRS-SNPP,375,2026-08-29T10:25:11.218990+00:00
2026-08-26,project_area,112.6315713197589,-3.0611328197541665,333.010009765625,307.9800109863281,0,VIIRS-SNPP,375,2026-08-29T10:25:11.218973+00:00
2026-08-26,project_area,112.63121698323722,-3.057760367533192,333.010009765625,307.9800109863281,0,VIIRS-SNPP,375,2026-08-29T10:25:11.218956+00:00
2026-08-26,project_area,112.63353355704032,-3.04764301087027,331.94000244140625,302.3299865722656,0,VIIRS-SNPP,375,2026-08-29T10:25:11.218934+00:00
2026-08-26,project_area,112.63691078577473,-3.04764301087027,331.94000244140625,302.3299865722656,0,VIIRS-SNPP,375,2026-08-29T10:25:11.218936+00:00
2026-08-26,project_area,112.64028801450914,-3.04764301087027,331.94000244140625,302.3299865722656,0,VIIRS-SNPP,375,2026-08-29T10:25:11.218939+00:00
2026-08-26,project_area,112.63318077967622,-3.0442705586492953,331.94000244140625,302.3299865722656,0,VIIRS-SNPP,375,2026-08-29T10:25:11.218923+00:00
2026-08-26,project_area,112.63655799783288,-3.0442705586492953,331.94000244140625,302.3299865722656,0,VIIRS-SNPP,375,2026-08-29T10:25:11.218925+00:00
2026-08-26,project_area,112.63993521598954,-3.0442705586492953,331.94000244140625,302.3299865722656,0,VIIRS-SNPP,375,2026-08-29T10:25:11.218927+00:00
2026-08-27,carbon_project_zone,112.60793042161717,-3.0611328197541665,367.0,301.8399963378906,2,VIIRS-SNPP,375,2026-08-29T10:25:12.074023+00:00
2026-08-27,carbon_project_zone,112.61130769278027,-3.0611328197541665,367.0,301.8399963378906,2,VIIRS-SNPP,375,2026-08-29T10:25:12.074025+00:00
2026-08-27,carbon_project_zone,112.61468496394338,-3.0611328197541665,367.0,301.8399963378906,2,VIIRS-SNPP,375,2026-08-29T10:25:12.074027+00:00
2026-08-27,carbon_project_zone,112.60757615946925,-3.057760367533192,367.0,301.8399963378906,2,VIIRS-SNPP,375,2026-08-29T10:25:12.074006+00:00
2026-08-27,carbon_project_zone,112.61095342000755,-3.057760367533192,367.0,301.8399963378906,2,VIIRS-SNPP,375,2026-08-29T10:25:12.074008+00:00
2026-08-27,carbon_project_zone,112.61433068054582,-3.057760367533192,367.0,301.8399963378906,2,VIIRS-SNPP,375,2026-08-29T10:25:12.074010+00:00
2026-08-27,carbon_project_zone,112.60722228968201,-3.0543879153122178,367.0,301.8399963378906,2,VIIRS-SNPP,375,2026-08-29T10:25:12.073981+00:00
2026-08-27,carbon_project_zone,112.61059953960724,-3.0543879153122178,367.0,301.8399963378906,2,VIIRS-SNPP,375,2026-08-29T10:25:12.073984+00:00
2026-08-27,carbon_project_zone,112.61397678953247,-3.0543879153122178,367.0,301.8399963378906,2,VIIRS-SNPP,375,2026-08-29T10:25:12.073986+00:00
2026-08-27,carbon_project_zone,112.4283495258147,-3.2432452396867717,333.3399963378906,304.8999938964844,1,VIIRS-NOAA20,375,2026-08-29T10:25:52.263379+00:00
2026-08-27,carbon_project_zone,112.43172738819811,-3.2432452396867717,333.3399963378906,304.8999938964844,1,VIIRS-NOAA20,375,2026-08-29T10:25:52.263381+00:00
2026-08-27,carbon_project_zone,112.57697547068477,-3.2432452396867717,349.6300048828125,303.0400085449219,1,VIIRS-SNPP,375,2026-08-29T10:25:12.074297+00:00
2026-08-27,carbon_project_zone,112.5803533330682,-3.2432452396867717,349.6300048828125,303.0400085449219,1,VIIRS-SNPP,375,2026-08-29T10:25:12.074299+00:00
2026-08-27,carbon_project_zone,112.4279747312375,-3.2398727874657975,333.3399963378906,304.8999938964844,1,VIIRS-NOAA20,375,2026-08-29T10:25:52.263375+00:00
2026-08-27,carbon_project_zone,112.43135258236036,-3.2398727874657975,333.3399963378906,304.8999938964844,1,VIIRS-NOAA20,375,2026-08-29T10:25:52.263377+00:00
2026-08-27,carbon_project_zone,112.57660018064358,-3.2398727874657975,349.6300048828125,303.0400085449219,1,VIIRS-SNPP,375,2026-08-29T10:25:12.074293+00:00
2026-08-27,carbon_project_zone,112.57997803176646,-3.2398727874657975,349.6300048828125,303.0400085449219,1,VIIRS-SNPP,375,2026-08-29T10:25:12.074295+00:00
2026-08-27,carbon_project_zone,112.42760032866843,-3.2365003352448234,333.3399963378906,304.8999938964844,1,VIIRS-NOAA20,375,2026-08-29T10:25:52.263368+00:00
2026-08-27,carbon_project_zone,112.43097816854254,-3.2365003352448234,333.3399963378906,304.8999938964844,1,VIIRS-NOAA20,375,2026-08-29T10:25:52.263370+00:00
2026-08-27,carbon_project_zone,112.43435600841663,-3.2365003352448234,333.3399963378906,304.8999938964844,1,VIIRS-NOAA20,375,2026-08-29T10:25:52.263373+00:00
2026-08-27,carbon_project_zone,112.57622528312876,-3.2365003352448234,349.6300048828125,303.0400085449219,1,VIIRS-SNPP,375,2026-08-29T10:25:12.074288+00:00
2026-08-27,carbon_project_zone,112.57960312300287,-3.2365003352448234,349.6300048828125,303.0400085449219,1,VIIRS-SNPP,375,2026-08-29T10:25:12.074291+00:00
2026-08-27,carbon_project_zone,112.5758507781338,-3.2331278830238492,335.7300109863281,298.7799987792969,1,VIIRS-SNPP,375,2026-08-29T10:25:12.074285+00:00
2026-08-27,carbon_project_zone,112.57922860677091,-3.2331278830238492,335.7300109863281,298.7799987792969,1,VIIRS-SNPP,375,2026-08-29T10:25:12.074287+00:00
2026-08-27,carbon_project_zone,112.58786781845001,-3.2196380741399526,338.8699951171875,305.8299865722656,1,VIIRS-NOAA20,375,2026-08-29T10:25:52.263364+00:00
2026-08-27,carbon_project_zone,112.59124560225692,-3.2196380741399526,338.8699951171875,305.8299865722656,1,VIIRS-NOAA20,375,2026-08-29T10:25:52.263366+00:00
2026-08-27,carbon_project_zone,112.58749523124433,-3.2162656219189785,338.8699951171875,305.8299865722656,1,VIIRS-NOAA20,375,2026-08-29T10:25:52.263360+00:00
2026-08-27,carbon_project_zone,112.59087300387314,-3.2162656219189785,338.8699951171875,305.8299865722656,1,VIIRS-NOAA20,375,2026-08-29T10:25:52.263362+00:00
2026-08-27,carbon_project_zone,112.58712303656664,-3.212893169698004,334.95001220703125,301.29998779296875,1,VIIRS-SNPP,375,2026-08-29T10:25:12.074278+00:00
2026-08-27,carbon_project_zone,112.59050079802913,-3.212893169698004,334.95001220703125,301.29998779296875,1,VIIRS-SNPP,375,2026-08-29T10:25:12.074281+00:00
2026-08-27,carbon_project_zone,112.59387855949161,-3.212893169698004,334.95001220703125,301.29998779296875,1,VIIRS-SNPP,375,2026-08-29T10:25:12.074283+00:00
2026-08-27,carbon_project_zone,112.5972563209541,-3.212893169698004,333.2900085449219,299.3900146484375,1,VIIRS-NOAA20,375,2026-08-29T10:25:52.263357+00:00
2026-08-27,carbon_project_zone,112.38408621593446,-3.20952071747703,333.5,302.75,1,VIIRS-SNPP,375,2026-08-29T10:25:12.074266+00:00
2026-08-27,carbon_project_zone,112.3874639662424,-3.20952071747703,333.5,302.75,1,VIIRS-SNPP,375,2026-08-29T10:25:12.074268+00:00
2026-08-27,carbon_project_zone,112.39084171655031,-3.20952071747703,333.5,302.75,1,VIIRS-SNPP,375,2026-08-29T10:25:12.074270+00:00
2026-08-27,carbon_project_zone,112.56310698225494,-3.20952071747703,332.04998779296875,299.04998779296875,1,VIIRS-NOAA20,375,2026-08-29T10:25:52.263336+00:00
2026-08-27,carbon_project_zone,112.56648473256287,-3.20952071747703,346.0899963378906,301.489990234375,1,VIIRS-NOAA20,375,2026-08-29T10:25:52.263338+00:00
2026-08-27,carbon_project_zone,112.5698624828708,-3.20952071747703,346.0899963378906,301.489990234375,1,VIIRS-NOAA20,375,2026-08-29T10:25:52.263340+00:00
2026-08-27,carbon_project_zone,112.57324023317874,-3.20952071747703,346.0899963378906,301.489990234375,1,VIIRS-NOAA20,375,2026-08-29T10:25:52.263342+00:00
2026-08-27,carbon_project_zone,112.58675123441047,-3.20952071747703,334.95001220703125,301.29998779296875,1,VIIRS-SNPP,375,2026-08-29T10:25:12.074272+00:00
2026-08-27,carbon_project_zone,112.59012898471839,-3.20952071747703,334.95001220703125,301.29998779296875,1,VIIRS-SNPP,375,2026-08-29T10:25:12.074274+00:00
2026-08-27,carbon_project_zone,112.59350673502634,-3.20952071747703,334.95001220703125,301.29998779296875,1,VIIRS-SNPP,375,2026-08-29T10:25:12.074276+00:00
2026-08-27,carbon_project_zone,112.59688448533427,-3.20952071747703,333.2900085449219,299.3900146484375,1,VIIRS-NOAA20,375,2026-08-29T10:25:52.263348+00:00
2026-08-27,carbon_project_zone,112.38371547485993,-3.206148265256056,333.5,302.75,1,VIIRS-SNPP,375,2026-08-29T10:25:12.074254+00:00
2026-08-27,carbon_project_zone,112.3870932140251,-3.206148265256056,333.5,302.75,1,VIIRS-SNPP,375,2026-08-29T10:25:12.074256+00:00
2026-08-27,carbon_project_zone,112.39047095319026,-3.206148265256056,333.5,302.75,1,VIIRS-SNPP,375,2026-08-29T10:25:12.074258+00:00
2026-08-27,carbon_project_zone,112.56273565061326,-3.206148265256056,332.04998779296875,299.04998779296875,1,VIIRS-NOAA20,375,2026-08-29T10:25:52.263326+00:00
2026-08-27,carbon_project_zone,112.56611338977842,-3.206148265256056,346.0899963378906,301.489990234375,1,VIIRS-NOAA20,375,2026-08-29T10:25:52.263329+00:00
2026-08-27,carbon_project_zone,112.56949112894357,-3.206148265256056,346.0899963378906,301.489990234375,1,VIIRS-NOAA20,375,2026-08-29T10:25:52.263331+00:00
2026-08-27,carbon_project_zone,112.57286886810873,-3.206148265256056,346.0899963378906,301.489990234375,1,VIIRS-NOAA20,375,2026-08-29T10:25:52.263333+00:00
2026-08-27,carbon_project_zone,112.58637982476935,-3.206148265256056,334.95001220703125,301.29998779296875,1,VIIRS-SNPP,375,2026-08-29T10:25:12.074260+00:00
2026-08-27,carbon_project_zone,112.58975756393451,-3.206148265256056,334.95001220703125,301.29998779296875,1,VIIRS-SNPP,375,2026-08-29T10:25:12.074262+00:00
2026-08-27,carbon_project_zone,112.59313530309967,-3.206148265256056,334.95001220703125,301.29998779296875,1,VIIRS-SNPP,375,2026-08-29T10:25:12.074264+00:00
2026-08-27,carbon_project_zone,112.38334512558745,-3.202775813035082,333.5,302.75,1,VIIRS-SNPP,375,2026-08-29T10:25:12.074248+00:00
2026-08-27,carbon_project_zone,112.38672285362162,-3.202775813035082,333.5,302.75,1,VIIRS-SNPP,375,2026-08-29T10:25:12.074250+00:00
2026-08-27,carbon_project_zone,112.39010058165577,-3.202775813035082,333.5,302.75,1,VIIRS-SNPP,375,2026-08-29T10:25:12.074252+00:00
2026-08-27,carbon_project_zone,112.58901589992136,-3.1994033608141073,344.1300048828125,299.07000732421875,1,VIIRS-NOAA20,375,2026-08-29T10:25:52.263320+00:00
2026-08-27,carbon_project_zone,112.5923936168363,-3.1994033608141073,344.1300048828125,299.07000732421875,1,VIIRS-NOAA20,375,2026-08-29T10:25:52.263322+00:00
2026-08-27,carbon_project_zone,112.59577133375123,-3.1994033608141073,344.1300048828125,299.07000732421875,1,VIIRS-NOAA20,375,2026-08-29T10:25:52.263324+00:00
2026-08-27,carbon_project_zone,112.58864565667922,-3.196030908593133,332.1099853515625,300.1499938964844,1,VIIRS-SNPP,375,2026-08-29T10:25:12.074242+00:00
2026-08-27,carbon_project_zone,112.59202336248671,-3.196030908593133,332.1099853515625,300.1499938964844,1,VIIRS-SNPP,375,2026-08-29T10:25:12.074244+00:00
2026-08-27,carbon_project_zone,112.5954010682942,-3.196030908593133,332.1099853515625,300.1499938964844,1,VIIRS-SNPP,375,2026-08-29T10:25:12.074246+00:00
2026-08-27,carbon_project_zone,112.31468253428184,-3.1926584563721594,332.1700134277344,301.5,1,VIIRS-NOAA20,375,2026-08-29T10:25:52.263300+00:00
2026-08-27,carbon_project_zone,112.31806022899366,-3.1926584563721594,332.1700134277344,301.5,1,VIIRS-NOAA20,375,2026-08-29T10:25:52.263302+00:00
2026-08-27,carbon_project_zone,112.32143792370546,-3.1926584563721594,332.1700134277344,301.5,1,VIIRS-NOAA20,375,2026-08-29T10:25:52.263305+00:00
2026-08-27,carbon_project_zone,112.4565457121777,-3.1926584563721594,309.2900085449219,289.489990234375,1,VIIRS-SNPP,375,2026-08-29T10:25:12.074230+00:00
2026-08-27,carbon_project_zone,112.4599234068895,-3.1926584563721594,309.2900085449219,289.489990234375,1,VIIRS-SNPP,375,2026-08-29T10:25:12.074232+00:00
2026-08-27,carbon_project_zone,112.4633011016013,-3.1926584563721594,309.2900085449219,289.489990234375,1,VIIRS-SNPP,375,2026-08-29T10:25:12.074234+00:00
2026-08-27,carbon_project_zone,112.58827580593812,-3.1926584563721594,346.7300109863281,300.7099914550781,1,VIIRS-SNPP,375,2026-08-29T10:25:12.074236+00:00
2026-08-27,carbon_project_zone,112.59165350064994,-3.1926584563721594,346.7300109863281,300.7099914550781,1,VIIRS-SNPP,375,2026-08-29T10:25:12.074238+00:00
2026-08-27,carbon_project_zone,112.59503119536174,-3.1926584563721594,346.7300109863281,300.7099914550781,1,VIIRS-SNPP,375,2026-08-29T10:25:12.074240+00:00
2026-08-27,carbon_project_zone,112.31431397383122,-3.189286004151185,332.1700134277344,301.5,1,VIIRS-NOAA20,375,2026-08-29T10:25:52.263272+00:00
2026-08-27,carbon_project_zone,112.31769165745914,-3.189286004151185,332.1700134277344,301.5,1,VIIRS-NOAA20,375,2026-08-29T10:25:52.263274+00:00
2026-08-27,carbon_project_zone,112.32106934108705,-3.189286004151185,332.1700134277344,301.5,1,VIIRS-NOAA20,375,2026-08-29T10:25:52.263276+00:00
2026-08-27,carbon_project_zone,112.45279900257539,-3.189286004151185,343.2799987792969,301.6400146484375,1,VIIRS-NOAA20,375,2026-08-29T10:25:52.263278+00:00
2026-08-27,carbon_project_zone,112.45617668620329,-3.189286004151185,309.2900085449219,289.489990234375,1,VIIRS-SNPP,375,2026-08-29T10:25:12.074217+00:00
2026-08-27,carbon_project_zone,112.4595543698312,-3.189286004151185,309.2900085449219,289.489990234375,1,VIIRS-SNPP,375,2026-08-29T10:25:12.074219+00:00
2026-08-27,carbon_project_zone,112.4629320534591,-3.189286004151185,309.2900085449219,289.489990234375,1,VIIRS-SNPP,375,2026-08-29T10:25:12.074221+00:00
2026-08-27,carbon_project_zone,112.55750719504047,-3.189286004151185,337.7099914550781,299.6099853515625,1,VIIRS-NOAA20,375,2026-08-29T10:25:52.263287+00:00
2026-08-27,carbon_project_zone,112.56088487866838,-3.189286004151185,337.7099914550781,299.6099853515625,1,VIIRS-NOAA20,375,2026-08-29T10:25:52.263289+00:00
2026-08-27,carbon_project_zone,112.56426256229628,-3.189286004151185,337.7099914550781,299.6099853515625,1,VIIRS-NOAA20,375,2026-08-29T10:25:52.263292+00:00
2026-08-27,carbon_project_zone,112.58790634769161,-3.189286004151185,346.7300109863281,300.7099914550781,1,VIIRS-SNPP,375,2026-08-29T10:25:12.074223+00:00
2026-08-27,carbon_project_zone,112.59128403131955,-3.189286004151185,346.7300109863281,300.7099914550781,1,VIIRS-SNPP,375,2026-08-29T10:25:12.074225+00:00
2026-08-27,carbon_project_zone,112.59466171494743,-3.189286004151185,346.7300109863281,300.7099914550781,1,VIIRS-SNPP,375,2026-08-29T10:25:12.074227+00:00
2026-08-27,carbon_project_zone,112.31394580491504,-3.1859135519302106,332.1700134277344,301.5,1,VIIRS-NOAA20,375,2026-08-29T10:25:52.263244+00:00
2026-08-27,carbon_project_zone,112.31732347747082,-3.1859135519302106,332.1700134277344,301.5,1,VIIRS-NOAA20,375,2026-08-29T10:25:52.263247+00:00
2026-08-27,carbon_project_zone,112.32070115002661,-3.1859135519302106,332.1700134277344,301.5,1,VIIRS-NOAA20,375,2026-08-29T10:25:52.263249+00:00
2026-08-27,carbon_project_zone,112.44905270714628,-3.1859135519302106,335.1000061035156,302.1700134277344,1,VIIRS-SNPP,375,2026-08-29T10:25:12.074201+00:00
2026-08-27,carbon_project_zone,112.45243037970207,-3.1859135519302106,335.1000061035156,302.1700134277344,1,VIIRS-SNPP,375,2026-08-29T10:25:12.074203+00:00
2026-08-27,carbon_project_zone,112.45580805225785,-3.1859135519302106,335.1000061035156,302.1700134277344,1,VIIRS-SNPP,375,2026-08-29T10:25:12.074205+00:00
2026-08-27,carbon_project_zone,112.45918572481362,-3.1859135519302106,323.67999267578125,292.3900146484375,1,VIIRS-SNPP,375,2026-08-29T10:25:12.074207+00:00
2026-08-27,carbon_project_zone,112.46256339736941,-3.1859135519302106,313.5299987792969,291.04998779296875,1,VIIRS-SNPP,375,2026-08-29T10:25:12.074209+00:00
2026-08-27,carbon_project_zone,112.5571382289313,-3.1859135519302106,337.7099914550781,299.6099853515625,1,VIIRS-NOAA20,375,2026-08-29T10:25:52.263262+00:00
2026-08-27,carbon_project_zone,112.56051590148707,-3.1859135519302106,337.7099914550781,299.6099853515625,1,VIIRS-NOAA20,375,2026-08-29T10:25:52.263264+00:00
2026-08-27,carbon_project_zone,112.56389357404284,-3.1859135519302106,337.7099914550781,299.6099853515625,1,VIIRS-NOAA20,375,2026-08-29T10:25:52.263266+00:00
2026-08-27,carbon_project_zone,112.58753728193331,-3.1859135519302106,338.4100036621094,299.6000061035156,1,VIIRS-SNPP,375,2026-08-29T10:25:12.074211+00:00
2026-08-27,carbon_project_zone,112.5909149544891,-3.1859135519302106,338.4100036621094,299.6000061035156,1,VIIRS-SNPP,375,2026-08-29T10:25:12.074213+00:00
2026-08-27,carbon_project_zone,112.59429262704488,-3.1859135519302106,338.4100036621094,299.6000061035156,1,VIIRS-SNPP,375,2026-08-29T10:25:12.074215+00:00
2026-08-27,carbon_project_zone,112.44868448734408,-3.1825410997092365,345.2699890136719,300.8299865722656,1,VIIRS-SNPP,375,2026-08-29T10:25:12.074191+00:00
2026-08-27,carbon_project_zone,112.45206214883953,-3.1825410997092365,345.2699890136719,300.8299865722656,1,VIIRS-SNPP,375,2026-08-29T10:25:12.074193+00:00
2026-08-27,carbon_project_zone,112.45543981033495,-3.1825410997092365,345.2699890136719,300.8299865722656,1,VIIRS-SNPP,375,2026-08-29T10:25:12.074195+00:00
2026-08-27,carbon_project_zone,112.45881747183039,-3.1825410997092365,323.67999267578125,292.3900146484375,1,VIIRS-SNPP,375,2026-08-29T10:25:12.074197+00:00
2026-08-27,carbon_project_zone,112.4621951333258,-3.1825410997092365,313.5299987792969,291.04998779296875,1,VIIRS-SNPP,375,2026-08-29T10:25:12.074199+00:00
2026-08-27,carbon_project_zone,112.55676965519787,-3.1825410997092365,337.7099914550781,299.6099853515625,1,VIIRS-NOAA20,375,2026-08-29T10:25:52.263238+00:00
2026-08-27,carbon_project_zone,112.5601473166933,-3.1825410997092365,337.7099914550781,299.6099853515625,1,VIIRS-NOAA20,375,2026-08-29T10:25:52.263240+00:00
2026-08-27,carbon_project_zone,112.56352497818872,-3.1825410997092365,337.7099914550781,299.6099853515625,1,VIIRS-NOAA20,375,2026-08-29T10:25:52.263242+00:00
2026-08-27,carbon_project_zone,112.43818370819395,-3.1791686474882628,303.5,289.7900085449219,1,VIIRS-SNPP,375,2026-08-29T10:25:12.074175+00:00
2026-08-27,carbon_project_zone,112.44156135864078,-3.1791686474882628,303.5,289.7900085449219,1,VIIRS-SNPP,375,2026-08-29T10:25:12.074177+00:00
2026-08-27,carbon_project_zone,112.44493900908763,-3.1791686474882628,303.5,289.7900085449219,1,VIIRS-SNPP,375,2026-08-29T10:25:12.074179+00:00
2026-08-27,carbon_project_zone,112.4483166595345,-3.1791686474882628,345.2699890136719,300.8299865722656,1,VIIRS-SNPP,375,2026-08-29T10:25:12.074181+00:00
2026-08-27,carbon_project_zone,112.45169430998136,-3.1791686474882628,345.2699890136719,300.8299865722656,1,VIIRS-SNPP,375,2026-08-29T10:25:12.074183+00:00
2026-08-27,carbon_project_zone,112.45507196042821,-3.1791686474882628,345.2699890136719,300.8299865722656,1,VIIRS-SNPP,375,2026-08-29T10:25:12.074185+00:00
2026-08-27,carbon_project_zone,112.45844961087505,-3.1791686474882628,323.67999267578125,292.3900146484375,1,VIIRS-SNPP,375,2026-08-29T10:25:12.074187+00:00
2026-08-27,carbon_project_zone,112.46182726132191,-3.1791686474882628,313.5299987792969,291.04998779296875,1,VIIRS-SNPP,375,2026-08-29T10:25:12.074189+00:00
2026-08-27,carbon_project_zone,112.43781630548096,-3.175796195267288,303.5,289.7900085449219,1,VIIRS-SNPP,375,2026-08-29T10:25:12.074163+00:00
2026-08-27,carbon_project_zone,112.441193944891,-3.175796195267288,303.5,289.7900085449219,1,VIIRS-SNPP,375,2026-08-29T10:25:12.074165+00:00
2026-08-27,carbon_project_zone,112.44457158430106,-3.175796195267288,303.5,289.7900085449219,1,VIIRS-SNPP,375,2026-08-29T10:25:12.074167+00:00
2026-08-27,carbon_project_zone,112.4479492237111,-3.175796195267288,345.2699890136719,300.8299865722656,1,VIIRS-SNPP,375,2026-08-29T10:25:12.074169+00:00
2026-08-27,carbon_project_zone,112.45132686312117,-3.175796195267288,345.2699890136719,300.8299865722656,1,VIIRS-SNPP,375,2026-08-29T10:25:12.074171+00:00
2026-08-27,carbon_project_zone,112.45470450253121,-3.175796195267288,345.2699890136719,300.8299865722656,1,VIIRS-SNPP,375,2026-08-29T10:25:12.074173+00:00
2026-08-27,carbon_project_zone,112.45808214194128,-3.175796195267288,323.1600036621094,292.42999267578125,1,VIIRS-NOAA20,375,2026-08-29T10:25:52.263217+00:00
2026-08-27,carbon_project_zone,112.42731640955739,-3.172423743046314,351.8399963378906,303.5400085449219,1,VIIRS-NOAA20,375,2026-08-29T10:25:52.263192+00:00
2026-08-27,carbon_project_zone,112.43069403794242,-3.172423743046314,308.8599853515625,292.3699951171875,1,VIIRS-SNPP,375,2026-08-29T10:25:12.074153+00:00
2026-08-27,carbon_project_zone,112.43407166632744,-3.172423743046314,337.19000244140625,300.55999755859375,1,VIIRS-SNPP,375,2026-08-29T10:25:12.074155+00:00
2026-08-27,carbon_project_zone,112.43744929471247,-3.172423743046314,337.19000244140625,300.55999755859375,1,VIIRS-SNPP,375,2026-08-29T10:25:12.074157+00:00
2026-08-27,carbon_project_zone,112.4408269230975,-3.172423743046314,337.19000244140625,300.55999755859375,1,VIIRS-SNPP,375,2026-08-29T10:25:12.074159+00:00
2026-08-27,carbon_project_zone,112.44420455148251,-3.172423743046314,308.4800109863281,291.4100036621094,1,VIIRS-SNPP,375,2026-08-29T10:25:12.074161+00:00
2026-08-27,carbon_project_zone,112.44758217986754,-3.172423743046314,303.989990234375,290.2200012207031,1,VIIRS-NOAA20,375,2026-08-29T10:25:52.263204+00:00
2026-08-27,carbon_project_zone,112.45095980825258,-3.172423743046314,303.989990234375,290.2200012207031,1,VIIRS-NOAA20,375,2026-08-29T10:25:52.263206+00:00
2026-08-27,carbon_project_zone,112.4543374366376,-3.172423743046314,303.989990234375,290.2200012207031,1,VIIRS-NOAA20,375,2026-08-29T10:25:52.263208+00:00
2026-08-27,carbon_project_zone,112.42357220639502,-3.16905129082534,335.010009765625,302.8999938964844,1,VIIRS-NOAA20,375,2026-08-29T10:25:52.263176+00:00
2026-08-27,carbon_project_zone,112.42694982376678,-3.16905129082534,311.2300109863281,291.6199951171875,1,VIIRS-SNPP,375,2026-08-29T10:25:12.074141+00:00
2026-08-27,carbon_project_zone,112.43032744113856,-3.16905129082534,311.2300109863281,291.6199951171875,1,VIIRS-SNPP,375,2026-08-29T10:25:12.074142+00:00
2026-08-27,carbon_project_zone,112.43370505851033,-3.16905129082534,350.8999938964844,300.2099914550781,1,VIIRS-SNPP,375,2026-08-29T10:25:12.074144+00:00
2026-08-27,carbon_project_zone,112.43708267588211,-3.16905129082534,350.8999938964844,300.2099914550781,1,VIIRS-SNPP,375,2026-08-29T10:25:12.074147+00:00
2026-08-27,carbon_project_zone,112.44046029325388,-3.16905129082534,350.8999938964844,300.2099914550781,1,VIIRS-SNPP,375,2026-08-29T10:25:12.074149+00:00
2026-08-27,carbon_project_zone,112.44383791062563,-3.16905129082534,308.4800109863281,291.4100036621094,1,VIIRS-SNPP,375,2026-08-29T10:25:12.074151+00:00
2026-08-27,carbon_project_zone,112.42320602350232,-3.1656788386043657,335.010009765625,302.8999938964844,1,VIIRS-NOAA20,375,2026-08-29T10:25:52.263161+00:00
2026-08-27,carbon_project_zone,112.4265836298726,-3.1656788386043657,315.0899963378906,292.739990234375,1,VIIRS-SNPP,375,2026-08-29T10:25:12.074128+00:00
2026-08-27,carbon_project_zone,112.42996123624289,-3.1656788386043657,315.0899963378906,292.739990234375,1,VIIRS-SNPP,375,2026-08-29T10:25:12.074130+00:00
2026-08-27,carbon_project_zone,112.4333388426132,-3.1656788386043657,350.8999938964844,300.2099914550781,1,VIIRS-SNPP,375,2026-08-29T10:25:12.074132+00:00
2026-08-27,carbon_project_zone,112.43671644898347,-3.1656788386043657,350.8999938964844,300.2099914550781,1,VIIRS-SNPP,375,2026-08-29T10:25:12.074134+00:00
2026-08-27,carbon_project_zone,112.44009405535377,-3.1656788386043657,350.8999938964844,300.2099914550781,1,VIIRS-SNPP,375,2026-08-29T10:25:12.074137+00:00
2026-08-27,carbon_project_zone,112.44347166172406,-3.1656788386043657,308.4800109863281,291.4100036621094,1,VIIRS-SNPP,375,2026-08-29T10:25:12.074138+00:00
2026-08-27,carbon_project_zone,112.42284023248789,-3.1623063863833916,335.010009765625,302.8999938964844,1,VIIRS-NOAA20,375,2026-08-29T10:25:52.263153+00:00
2026-08-27,carbon_project_zone,112.42621782786847,-3.1623063863833916,315.0899963378906,292.739990234375,1,VIIRS-SNPP,375,2026-08-29T10:25:12.074123+00:00
2026-08-27,carbon_project_zone,112.42959542324905,-3.1623063863833916,315.0899963378906,292.739990234375,1,VIIRS-SNPP,375,2026-08-29T10:25:12.074125+00:00
2026-08-27,carbon_project_zone,112.43297301862964,-3.1623063863833916,315.0899963378906,292.739990234375,1,VIIRS-SNPP,375,2026-08-29T10:25:12.074127+00:00
2026-08-27,carbon_project_zone,112.42247483334536,-3.1589339341624174,332.6300048828125,298.9100036621094,1,VIIRS-NOAA20,375,2026-08-29T10:25:52.263144+00:00
2026-08-27,carbon_project_zone,112.425852417748,-3.1589339341624174,315.0899963378906,292.739990234375,1,VIIRS-SNPP,375,2026-08-29T10:25:12.074117+00:00
2026-08-27,carbon_project_zone,112.42923000215066,-3.1589339341624174,315.0899963378906,292.739990234375,1,VIIRS-SNPP,375,2026-08-29T10:25:12.074119+00:00
2026-08-27,carbon_project_zone,112.43260758655332,-3.1589339341624174,315.0899963378906,292.739990234375,1,VIIRS-SNPP,375,2026-08-29T10:25:12.074121+00:00
2026-08-27,carbon_project_zone,112.4183676481686,-3.152189029720469,301.1300048828125,291.1099853515625,1,VIIRS-NOAA20,375,2026-08-29T10:25:52.263137+00:00
2026-08-27,carbon_project_zone,112.42174521065068,-3.152189029720469,307.45001220703125,290.8399963378906,1,VIIRS-SNPP,375,2026-08-29T10:25:12.074113+00:00
2026-08-27,carbon_project_zone,112.4251227731328,-3.152189029720469,307.45001220703125,290.8399963378906,1,VIIRS-SNPP,375,2026-08-29T10:25:12.074115+00:00
2026-08-27,carbon_project_zone,112.41800343554638,-3.148816577499495,301.1300048828125,291.1099853515625,1,VIIRS-NOAA20,375,2026-08-29T10:25:52.263131+00:00
2026-08-27,carbon_project_zone,112.42138098708585,-3.148816577499495,307.45001220703125,290.8399963378906,1,VIIRS-SNPP,375,2026-08-29T10:25:12.074109+00:00
2026-08-27,carbon_project_zone,112.42475853862534,-3.148816577499495,307.45001220703125,290.8399963378906,1,VIIRS-SNPP,375,2026-08-29T10:25:12.074110+00:00
2026-08-27,carbon_project_zone,112.41088453354162,-3.145444125278521,332.92999267578125,296.2799987792969,1,VIIRS-NOAA20,375,2026-08-29T10:25:52.263120+00:00
2026-08-27,carbon_project_zone,112.41426207415029,-3.145444125278521,332.92999267578125,296.2799987792969,1,VIIRS-NOAA20,375,2026-08-29T10:25:52.263122+00:00
2026-08-27,carbon_project_zone,112.41763961475893,-3.145444125278521,332.92999267578125,296.2799987792969,1,VIIRS-NOAA20,375,2026-08-29T10:25:52.263125+00:00
2026-08-27,carbon_project_zone,112.42101715536757,-3.145444125278521,307.45001220703125,290.8399963378906,1,VIIRS-SNPP,375,2026-08-29T10:25:12.074104+00:00
2026-08-27,carbon_project_zone,112.42439469597622,-3.145444125278521,307.45001220703125,290.8399963378906,1,VIIRS-SNPP,375,2026-08-29T10:25:12.074107+00:00
2026-08-27,carbon_project_zone,112.41052112642076,-3.1420716730575466,332.92999267578125,296.2799987792969,1,VIIRS-NOAA20,375,2026-08-29T10:25:52.263114+00:00
2026-08-27,carbon_project_zone,112.41389865611033,-3.1420716730575466,332.92999267578125,296.2799987792969,1,VIIRS-NOAA20,375,2026-08-29T10:25:52.263116+00:00
2026-08-27,carbon_project_zone,112.41727618579992,-3.1420716730575466,332.92999267578125,296.2799987792969,1,VIIRS-NOAA20,375,2026-08-29T10:25:52.263118+00:00
2026-08-27,carbon_project_zone,112.41015811109847,-3.138699220836572,332.92999267578125,296.2799987792969,1,VIIRS-NOAA20,375,2026-08-29T10:25:52.263107+00:00
2026-08-27,carbon_project_zone,112.41353562988077,-3.138699220836572,332.92999267578125,296.2799987792969,1,VIIRS-NOAA20,375,2026-08-29T10:25:52.263109+00:00
2026-08-27,carbon_project_zone,112.41691314866304,-3.138699220836572,332.92999267578125,296.2799987792969,1,VIIRS-NOAA20,375,2026-08-29T10:25:52.263112+00:00
2026-08-27,carbon_project_zone,112.40979548756849,-3.1353267686155983,330.8599853515625,298.3999938964844,1,VIIRS-NOAA20,375,2026-08-29T10:25:52.263101+00:00
2026-08-27,carbon_project_zone,112.41317299545526,-3.1353267686155983,330.8599853515625,298.3999938964844,1,VIIRS-NOAA20,375,2026-08-29T10:25:52.263103+00:00
2026-08-27,carbon_project_zone,112.41655050334201,-3.1353267686155983,330.8599853515625,298.3999938964844,1,VIIRS-NOAA20,375,2026-08-29T10:25:52.263105+00:00
2026-08-27,carbon_project_zone,112.58132320854195,-3.1285818641736496,340.8999938964844,303.3500061035156,1,VIIRS-NOAA20,375,2026-08-29T10:25:52.263092+00:00
2026-08-27,carbon_project_zone,112.58470069467297,-3.1285818641736496,347.04998779296875,303.6000061035156,1,VIIRS-NOAA20,375,2026-08-29T10:25:52.263095+00:00
2026-08-27,carbon_project_zone,112.58807818080399,-3.1285818641736496,347.04998779296875,303.6000061035156,1,VIIRS-NOAA20,375,2026-08-29T10:25:52.263097+00:00
2026-08-27,carbon_project_zone,112.591455666935,-3.1285818641736496,347.04998779296875,303.6000061035156,1,VIIRS-NOAA20,375,2026-08-29T10:25:52.263099+00:00
2026-08-27,carbon_project_zone,112.58096120648023,-3.1252094119526754,334.3599853515625,301.7200012207031,1,VIIRS-SNPP,375,2026-08-29T10:25:12.074098+00:00
2026-08-27,carbon_project_zone,112.58433868175103,-3.1252094119526754,334.3599853515625,301.7200012207031,1,VIIRS-SNPP,375,2026-08-29T10:25:12.074100+00:00
2026-08-27,carbon_project_zone,112.58771615702184,-3.1252094119526754,334.3599853515625,301.7200012207031,1,VIIRS-SNPP,375,2026-08-29T10:25:12.074102+00:00
2026-08-27,carbon_project_zone,112.59109363229264,-3.1252094119526754,347.04998779296875,303.6000061035156,1,VIIRS-NOAA20,375,2026-08-29T10:25:52.263090+00:00
2026-08-27,carbon_project_zone,112.58059959678593,-3.1218369597317017,334.3599853515625,301.7200012207031,1,VIIRS-SNPP,375,2026-08-29T10:25:12.074092+00:00
2026-08-27,carbon_project_zone,112.5839770612083,-3.1218369597317017,334.3599853515625,301.7200012207031,1,VIIRS-SNPP,375,2026-08-29T10:25:12.074094+00:00
2026-08-27,carbon_project_zone,112.58735452563067,-3.1218369597317017,334.3599853515625,301.7200012207031,1,VIIRS-SNPP,375,2026-08-29T10:25:12.074096+00:00
2026-08-27,carbon_project_zone,112.57987755447449,-3.115092055289753,335.8599853515625,305.44000244140625,1,VIIRS-SNPP,375,2026-08-29T10:25:12.074084+00:00
2026-08-27,carbon_project_zone,112.5832549972353,-3.115092055289753,336.1099853515625,304.8699951171875,1,VIIRS-SNPP,375,2026-08-29T10:25:12.074087+00:00
2026-08-27,carbon_project_zone,112.5866324399961,-3.115092055289753,336.1099853515625,304.8699951171875,1,VIIRS-SNPP,375,2026-08-29T10:25:12.074089+00:00
2026-08-27,carbon_project_zone,112.59000988275689,-3.115092055289753,336.1099853515625,304.8699951171875,1,VIIRS-SNPP,375,2026-08-29T10:25:12.074090+00:00
2026-08-27,carbon_project_zone,112.57951712184479,-3.111719603068779,335.8599853515625,305.44000244140625,1,VIIRS-SNPP,375,2026-08-29T10:25:12.074076+00:00
2026-08-27,carbon_project_zone,112.58289455379249,-3.111719603068779,337.6400146484375,303.5899963378906,1,VIIRS-SNPP,375,2026-08-29T10:25:12.074078+00:00
2026-08-27,carbon_project_zone,112.58627198574014,-3.111719603068779,337.6400146484375,303.5899963378906,1,VIIRS-SNPP,375,2026-08-29T10:25:12.074080+00:00
2026-08-27,carbon_project_zone,112.58964941768781,-3.111719603068779,337.6400146484375,303.5899963378906,1,VIIRS-SNPP,375,2026-08-29T10:25:12.074082+00:00
2026-08-27,carbon_project_zone,112.57577966041111,-3.1083471508478047,341.94000244140625,299.3800048828125,1,VIIRS-NOAA20,375,2026-08-29T10:25:52.263055+00:00
2026-08-27,carbon_project_zone,112.57915708155741,-3.1083471508478047,346.9200134277344,304.6700134277344,1,VIIRS-NOAA20,375,2026-08-29T10:25:52.263057+00:00
2026-08-27,carbon_project_zone,112.58253450270374,-3.1083471508478047,337.6400146484375,303.5899963378906,1,VIIRS-SNPP,375,2026-08-29T10:25:12.074069+00:00
2026-08-27,carbon_project_zone,112.58591192385005,-3.1083471508478047,337.6400146484375,303.5899963378906,1,VIIRS-SNPP,375,2026-08-29T10:25:12.074071+00:00
2026-08-27,carbon_project_zone,112.58928934499636,-3.1083471508478047,337.6400146484375,303.5899963378906,1,VIIRS-SNPP,375,2026-08-29T10:25:12.074074+00:00
2026-08-27,carbon_project_zone,112.5754200232494,-3.1049746986268305,354.92999267578125,309.1099853515625,1,VIIRS-SNPP,375,2026-08-29T10:25:12.074056+00:00
2026-08-27,carbon_project_zone,112.57879743360613,-3.1049746986268305,354.92999267578125,309.1099853515625,1,VIIRS-SNPP,375,2026-08-29T10:25:12.074058+00:00
2026-08-27,carbon_project_zone,112.58217484396286,-3.1049746986268305,354.92999267578125,309.1099853515625,1,VIIRS-SNPP,375,2026-08-29T10:25:12.074061+00:00
2026-08-27,carbon_project_zone,112.58555225431958,-3.1049746986268305,337.6400146484375,303.5899963378906,1,VIIRS-SNPP,375,2026-08-29T10:25:12.074063+00:00
2026-08-27,carbon_project_zone,112.58892966467631,-3.1049746986268305,337.6400146484375,303.5899963378906,1,VIIRS-SNPP,375,2026-08-29T10:25:12.074065+00:00
2026-08-27,carbon_project_zone,112.57506077840574,-3.1016022464058564,354.92999267578125,309.1099853515625,1,VIIRS-SNPP,375,2026-08-29T10:25:12.074050+00:00
2026-08-27,carbon_project_zone,112.57843817798464,-3.1016022464058564,354.92999267578125,309.1099853515625,1,VIIRS-SNPP,375,2026-08-29T10:25:12.074052+00:00
2026-08-27,carbon_project_zone,112.58181557756356,-3.1016022464058564,354.92999267578125,309.1099853515625,1,VIIRS-SNPP,375,2026-08-29T10:25:12.074054+00:00
2026-08-27,carbon_project_zone,112.57470192587387,-3.098229794184882,338.2200012207031,297.1499938964844,1,VIIRS-NOAA20,375,2026-08-29T10:25:52.263032+00:00
2026-08-27,carbon_project_zone,112.57807931468673,-3.098229794184882,338.2200012207031,297.1499938964844,1,VIIRS-NOAA20,375,2026-08-29T10:25:52.263035+00:00
2026-08-27,carbon_project_zone,112.5814567034996,-3.098229794184882,338.2200012207031,297.1499938964844,1,VIIRS-NOAA20,375,2026-08-29T10:25:52.263037+00:00
2026-08-27,carbon_project_zone,112.61539470791581,-3.0678777241961144,335.0400085449219,299.1199951171875,1,VIIRS-NOAA20,375,2026-08-29T10:25:52.263025+00:00
2026-08-27,carbon_project_zone,112.61877200036386,-3.0678777241961144,335.0400085449219,299.1199951171875,1,VIIRS-NOAA20,375,2026-08-29T10:25:52.263028+00:00
2026-08-27,carbon_project_zone,112.62214929281191,-3.0678777241961144,335.0400085449219,299.1199951171875,1,VIIRS-NOAA20,375,2026-08-29T10:25:52.263030+00:00
2026-08-27,carbon_project_zone,112.60828507613193,-3.0645052719751407,331.3900146484375,299.1300048828125,1,VIIRS-SNPP,375,2026-08-29T10:25:12.074041+00:00
2026-08-27,carbon_project_zone,112.61166235793164,-3.0645052719751407,332.6199951171875,301.5199890136719,1,VIIRS-SNPP,375,2026-08-29T10:25:12.074043+00:00
2026-08-27,carbon_project_zone,112.61503963973134,-3.0645052719751407,332.6199951171875,301.5199890136719,1,VIIRS-SNPP,375,2026-08-29T10:25:12.074045+00:00
2026-08-27,carbon_project_zone,112.61841692153102,-3.0645052719751407,332.6199951171875,301.5199890136719,1,VIIRS-SNPP,375,2026-08-29T10:25:12.074048+00:00
2026-08-27,carbon_project_zone,112.62179420333071,-3.0645052719751407,335.0400085449219,299.1199951171875,1,VIIRS-NOAA20,375,2026-08-29T10:25:52.263023+00:00
2026-08-27,carbon_project_zone,112.61806223510649,-3.0611328197541665,332.6199951171875,301.5199890136719,1,VIIRS-SNPP,375,2026-08-29T10:25:12.074029+00:00
2026-08-27,carbon_project_zone,112.62143950626958,-3.0611328197541665,335.0400085449219,299.1199951171875,1,VIIRS-NOAA20,375,2026-08-29T10:25:52.263004+00:00
2026-08-27,carbon_project_zone,112.6315713197589,-3.0611328197541665,346.3800048828125,306.0299987792969,1,VIIRS-SNPP,375,2026-08-29T10:25:12.074032+00:00
2026-08-27,carbon_project_zone,112.634948590922,-3.0611328197541665,346.3800048828125,306.0299987792969,1,VIIRS-SNPP,375,2026-08-29T10:25:12.074034+00:00
2026-08-27,carbon_project_zone,112.63832586208511,-3.0611328197541665,346.3800048828125,306.0299987792969,1,VIIRS-SNPP,375,2026-08-29T10:25:12.074036+00:00
2026-08-27,carbon_project_zone,112.64170313324821,-3.0611328197541665,334.9200134277344,304.3599853515625,1,VIIRS-SNPP,375,2026-08-29T10:25:12.074038+00:00
2026-08-27,carbon_project_zone,112.61770794108409,-3.057760367533192,332.6199951171875,301.5199890136719,1,VIIRS-SNPP,375,2026-08-29T10:25:12.074012+00:00
2026-08-27,carbon_project_zone,112.63121698323722,-3.057760367533192,346.3800048828125,306.0299987792969,1,VIIRS-SNPP,375,2026-08-29T10:25:12.074014+00:00
2026-08-27,carbon_project_zone,112.6345942437755,-3.057760367533192,346.3800048828125,306.0299987792969,1,VIIRS-SNPP,375,2026-08-29T10:25:12.074016+00:00
2026-08-27,carbon_project_zone,112.63797150431378,-3.057760367533192,346.3800048828125,306.0299987792969,1,VIIRS-SNPP,375,2026-08-29T10:25:12.074019+00:00
2026-08-27,carbon_project_zone,112.64134876485205,-3.057760367533192,341.55999755859375,304.17999267578125,1,VIIRS-SNPP,375,2026-08-29T10:25:12.074021+00:00
2026-08-27,carbon_project_zone,112.6173540394577,-3.0543879153122178,334.239990234375,298.7900085449219,1,VIIRS-NOAA20,375,2026-08-29T10:25:52.262963+00:00
2026-08-27,carbon_project_zone,112.62410853930814,-3.0543879153122178,332.760009765625,300.1700134277344,1,VIIRS-SNPP,375,2026-08-29T10:25:12.073988+00:00
2026-08-27,carbon_project_zone,112.62748578923338,-3.0543879153122178,334.92999267578125,300.9700012207031,1,VIIRS-SNPP,375,2026-08-29T10:25:12.073990+00:00
2026-08-27,carbon_project_zone,112.6308630391586,-3.0543879153122178,346.3800048828125,306.0299987792969,1,VIIRS-SNPP,375,2026-08-29T10:25:12.073992+00:00
2026-08-27,carbon_project_zone,112.63424028908382,-3.0543879153122178,346.3800048828125,306.0299987792969,1,VIIRS-SNPP,375,2026-08-29T10:25:12.073994+00:00
2026-08-27,carbon_project_zone,112.63761753900904,-3.0543879153122178,346.3800048828125,306.0299987792969,1,VIIRS-SNPP,375,2026-08-29T10:25:12.073996+00:00
2026-08-27,carbon_project_zone,112.64099478893426,-3.0543879153122178,341.55999755859375,304.17999267578125,1,VIIRS-SNPP,375,2026-08-29T10:25:12.073999+00:00
2026-08-27,carbon_project_zone,112.6443720388595,-3.0543879153122178,339.3299865722656,301.7099914550781,1,VIIRS-SNPP,375,2026-08-29T10:25:12.074001+00:00
2026-08-27,carbon_project_zone,112.64774928878472,-3.0543879153122178,338.2900085449219,301.2699890136719,1,VIIRS-SNPP,375,2026-08-29T10:25:12.074004+00:00
2026-08-27,carbon_project_zone,112.69165353781264,-3.0543879153122178,334.04998779296875,303.7900085449219,1,VIIRS-NOAA20,375,2026-08-29T10:25:52.262974+00:00
2026-08-27,carbon_project_zone,112.69503078773786,-3.0543879153122178,334.04998779296875,303.7900085449219,1,VIIRS-NOAA20,375,2026-08-29T10:25:52.262976+00:00
2026-08-27,carbon_project_zone,112.69840803766311,-3.0543879153122178,334.04998779296875,303.7900085449219,1,VIIRS-NOAA20,375,2026-08-29T10:25:52.262979+00:00
2026-08-27,carbon_project_zone,112.623755008869,-3.0510154630912436,332.760009765625,300.1700134277344,1,VIIRS-SNPP,375,2026-08-29T10:25:12.073958+00:00
2026-08-27,carbon_project_zone,112.62713224819294,-3.0510154630912436,334.92999267578125,300.9700012207031,1,VIIRS-SNPP,375,2026-08-29T10:25:12.073960+00:00
2026-08-27,carbon_project_zone,112.63050948751687,-3.0510154630912436,335.95001220703125,303.3900146484375,1,VIIRS-SNPP,375,2026-08-29T10:25:12.073962+00:00
2026-08-27,carbon_project_zone,112.63388672684081,-3.0510154630912436,341.55999755859375,304.17999267578125,1,VIIRS-SNPP,375,2026-08-29T10:25:12.073964+00:00
2026-08-27,carbon_project_zone,112.63726396616475,-3.0510154630912436,341.55999755859375,304.17999267578125,1,VIIRS-SNPP,375,2026-08-29T10:25:12.073966+00:00
2026-08-27,carbon_project_zone,112.64064120548869,-3.0510154630912436,341.55999755859375,304.17999267578125,1,VIIRS-SNPP,375,2026-08-29T10:25:12.073968+00:00
2026-08-27,carbon_project_zone,112.64401844481263,-3.0510154630912436,339.3299865722656,301.7099914550781,1,VIIRS-SNPP,375,2026-08-29T10:25:12.073970+00:00
2026-08-27,carbon_project_zone,112.64739568413657,-3.0510154630912436,338.2900085449219,301.2699890136719,1,VIIRS-SNPP,375,2026-08-29T10:25:12.073972+00:00
2026-08-27,carbon_project_zone,112.69129979534775,-3.0510154630912436,338.2699890136719,303.4800109863281,1,VIIRS-NOAA20,375,2026-08-29T10:25:52.262952+00:00
2026-08-27,carbon_project_zone,112.69467703467168,-3.0510154630912436,343.4700012207031,305.1199951171875,1,VIIRS-SNPP,375,2026-08-29T10:25:12.073975+00:00
2026-08-27,carbon_project_zone,112.69805427399562,-3.0510154630912436,343.4700012207031,305.1199951171875,1,VIIRS-SNPP,375,2026-08-29T10:25:12.073977+00:00
2026-08-27,carbon_project_zone,112.70143151331956,-3.0510154630912436,343.4700012207031,305.1199951171875,1,VIIRS-SNPP,375,2026-08-29T10:25:12.073979+00:00
2026-08-27,carbon_project_zone,112.6267790995715,-3.04764301087027,334.92999267578125,300.9700012207031,1,VIIRS-SNPP,375,2026-08-29T10:25:12.073934+00:00
2026-08-27,carbon_project_zone,112.63015632830592,-3.04764301087027,334.92999267578125,300.9700012207031,1,VIIRS-SNPP,375,2026-08-29T10:25:12.073937+00:00
2026-08-27,carbon_project_zone,112.63353355704032,-3.04764301087027,334.92999267578125,300.9700012207031,1,VIIRS-SNPP,375,2026-08-29T10:25:12.073939+00:00
2026-08-27,carbon_project_zone,112.63691078577473,-3.04764301087027,334.1600036621094,302.19000244140625,1,VIIRS-SNPP,375,2026-08-29T10:25:12.073941+00:00
2026-08-27,carbon_project_zone,112.64028801450914,-3.04764301087027,339.3299865722656,301.7099914550781,1,VIIRS-SNPP,375,2026-08-29T10:25:12.073943+00:00
2026-08-27,carbon_project_zone,112.64366524324357,-3.04764301087027,339.3299865722656,301.7099914550781,1,VIIRS-SNPP,375,2026-08-29T10:25:12.073945+00:00
2026-08-27,carbon_project_zone,112.64704247197798,-3.04764301087027,338.2900085449219,301.2699890136719,1,VIIRS-SNPP,375,2026-08-29T10:25:12.073947+00:00
2026-08-27,carbon_project_zone,112.69094644552538,-3.04764301087027,336.9100036621094,304.3599853515625,1,VIIRS-SNPP,375,2026-08-29T10:25:12.073949+00:00
2026-08-27,carbon_project_zone,112.6943236742598,-3.04764301087027,343.4700012207031,305.1199951171875,1,VIIRS-SNPP,375,2026-08-29T10:25:12.073951+00:00
2026-08-27,carbon_project_zone,112.69770090299421,-3.04764301087027,343.4700012207031,305.1199951171875,1,VIIRS-SNPP,375,2026-08-29T10:25:12.073953+00:00
2026-08-27,carbon_project_zone,112.70107813172864,-3.04764301087027,343.4700012207031,305.1199951171875,1,VIIRS-SNPP,375,2026-08-29T10:25:12.073955+00:00
2026-08-27,carbon_project_zone,112.62980356151957,-3.0442705586492953,334.1600036621094,302.19000244140625,1,VIIRS-SNPP,375,2026-08-29T10:25:12.073918+00:00
2026-08-27,carbon_project_zone,112.63318077967622,-3.0442705586492953,334.1600036621094,302.19000244140625,1,VIIRS-SNPP,375,2026-08-29T10:25:12.073920+00:00
2026-08-27,carbon_project_zone,112.63655799783288,-3.0442705586492953,334.1600036621094,302.19000244140625,1,VIIRS-SNPP,375,2026-08-29T10:25:12.073922+00:00
2026-08-27,carbon_project_zone,112.69059348833947,-3.0442705586492953,339.79998779296875,302.9100036621094,1,VIIRS-SNPP,375,2026-08-29T10:25:12.073926+00:00
2026-08-27,carbon_project_zone,112.69397070649613,-3.0442705586492953,340.6000061035156,305.54998779296875,1,VIIRS-SNPP,375,2026-08-29T10:25:12.073928+00:00
2026-08-27,carbon_project_zone,112.6973479246528,-3.0442705586492953,340.6000061035156,305.54998779296875,1,VIIRS-SNPP,375,2026-08-29T10:25:12.073930+00:00
2026-08-27,carbon_project_zone,112.70072514280946,-3.0442705586492953,340.6000061035156,305.54998779296875,1,VIIRS-SNPP,375,2026-08-29T10:25:12.073932+00:00
2026-08-27,carbon_project_zone,112.6294511871517,-3.040898106428321,334.1600036621094,302.19000244140625,1,VIIRS-SNPP,375,2026-08-29T10:25:12.073903+00:00
2026-08-27,carbon_project_zone,112.63282839474236,-3.040898106428321,334.1600036621094,302.19000244140625,1,VIIRS-SNPP,375,2026-08-29T10:25:12.073905+00:00
2026-08-27,carbon_project_zone,112.63620560233304,-3.040898106428321,334.1600036621094,302.19000244140625,1,VIIRS-SNPP,375,2026-08-29T10:25:12.073907+00:00
2026-08-27,carbon_project_zone,112.69024092378382,-3.040898106428321,339.79998779296875,302.9100036621094,1,VIIRS-SNPP,375,2026-08-29T10:25:12.073909+00:00
2026-08-27,carbon_project_zone,112.69361813137448,-3.040898106428321,339.79998779296875,302.9100036621094,1,VIIRS-SNPP,375,2026-08-29T10:25:12.073912+00:00
2026-08-27,carbon_project_zone,112.69699533896517,-3.040898106428321,339.79998779296875,302.9100036621094,1,VIIRS-SNPP,375,2026-08-29T10:25:12.073914+00:00
2026-08-27,carbon_project_zone,112.70037254655584,-3.040898106428321,332.6300048828125,301.5799865722656,1,VIIRS-SNPP,375,2026-08-29T10:25:12.073916+00:00
2026-08-27,carbon_project_zone,112.6290992051962,-3.037525654207347,332.30999755859375,301.739990234375,1,VIIRS-NOAA20,375,2026-08-29T10:25:52.262919+00:00
2026-08-27,carbon_project_zone,112.63247640223264,-3.037525654207347,332.30999755859375,301.739990234375,1,VIIRS-NOAA20,375,2026-08-29T10:25:52.262921+00:00
2026-08-27,carbon_project_zone,112.63585359926908,-3.037525654207347,332.30999755859375,301.739990234375,1,VIIRS-NOAA20,375,2026-08-29T10:25:52.262924+00:00
2026-08-27,carbon_project_zone,112.62874761564694,-3.034153201986373,332.30999755859375,301.739990234375,1,VIIRS-NOAA20,375,2026-08-29T10:25:52.262913+00:00
2026-08-27,carbon_project_zone,112.63212480214094,-3.034153201986373,332.30999755859375,301.739990234375,1,VIIRS-NOAA20,375,2026-08-29T10:25:52.262915+00:00
2026-08-27,carbon_project_zone,112.63550198863493,-3.034153201986373,332.30999755859375,301.739990234375,1,VIIRS-NOAA20,375,2026-08-29T10:25:52.262917+00:00
2026-08-27,carbon_project_zone,112.6550629372978,-3.0274082975444245,333.0199890136719,301.760009765625,1,VIIRS-NOAA20,375,2026-08-29T10:25:52.262906+00:00
2026-08-27,carbon_project_zone,112.65844010274219,-3.0274082975444245,333.0199890136719,301.760009765625,1,VIIRS-NOAA20,375,2026-08-29T10:25:52.262909+00:00
2026-08-27,carbon_project_zone,112.66181726818658,-3.0274082975444245,338.4599914550781,302.010009765625,1,VIIRS-SNPP,375,2026-08-29T10:25:12.073899+00:00
2026-08-27,carbon_project_zone,112.66519443363097,-3.0274082975444245,338.4599914550781,302.010009765625,1,VIIRS-SNPP,375,2026-08-29T10:25:12.073901+00:00
2026-08-27,carbon_project_zone,112.65471244087338,-3.0240358453234504,333.0199890136719,301.760009765625,1,VIIRS-NOAA20,375,2026-08-29T10:25:52.262896+00:00
2026-08-27,carbon_project_zone,112.65808959581061,-3.0240358453234504,333.0199890136719,301.760009765625,1,VIIRS-NOAA20,375,2026-08-29T10:25:52.262898+00:00
2026-08-27,carbon_project_zone,112.66146675074786,-3.0240358453234504,338.4599914550781,302.010009765625,1,VIIRS-SNPP,375,2026-08-29T10:25:12.073895+00:00
2026-08-27,carbon_project_zone,112.66484390568509,-3.0240358453234504,338.4599914550781,302.010009765625,1,VIIRS-SNPP,375,2026-08-29T10:25:12.073897+00:00
2026-08-27,carbon_project_zone,112.66822106062232,-3.0240358453234504,348.3999938964844,300.9700012207031,1,VIIRS-NOAA20,375,2026-08-29T10:25:52.262904+00:00
2026-08-27,carbon_project_zone,112.63072232583207,-3.0206633931024762,330.760009765625,300.1199951171875,1,VIIRS-SNPP,375,2026-08-29T10:25:12.073883+00:00
2026-08-27,carbon_project_zone,112.63409947027391,-3.0206633931024762,330.760009765625,300.1199951171875,1,VIIRS-SNPP,375,2026-08-29T10:25:12.073885+00:00
2026-08-27,carbon_project_zone,112.63747661471574,-3.0206633931024762,330.760009765625,300.1199951171875,1,VIIRS-SNPP,375,2026-08-29T10:25:12.073887+00:00
2026-08-27,carbon_project_zone,112.6509851924831,-3.0206633931024762,340.55999755859375,301.29998779296875,1,VIIRS-SNPP,375,2026-08-29T10:25:12.073889+00:00
2026-08-27,carbon_project_zone,112.65436233692493,-3.0206633931024762,340.55999755859375,301.29998779296875,1,VIIRS-SNPP,375,2026-08-29T10:25:12.073891+00:00
2026-08-27,carbon_project_zone,112.65773948136678,-3.0206633931024762,340.55999755859375,301.29998779296875,1,VIIRS-SNPP,375,2026-08-29T10:25:12.073893+00:00
2026-08-27,carbon_project_zone,112.66111662580862,-3.0206633931024762,348.3999938964844,300.9700012207031,1,VIIRS-NOAA20,375,2026-08-29T10:25:52.262889+00:00
2026-08-27,carbon_project_zone,112.66449377025046,-3.0206633931024762,348.3999938964844,300.9700012207031,1,VIIRS-NOAA20,375,2026-08-29T10:25:52.262891+00:00
2026-08-27,carbon_project_zone,112.6678709146923,-3.0206633931024762,348.3999938964844,300.9700012207031,1,VIIRS-NOAA20,375,2026-08-29T10:25:52.262894+00:00
2026-08-27,carbon_project_zone,112.63037268773887,-3.017290940881502,351.8299865722656,309.55999755859375,1,VIIRS-SNPP,375,2026-08-29T10:25:12.073871+00:00
2026-08-27,carbon_project_zone,112.63374982169708,-3.017290940881502,351.8299865722656,309.55999755859375,1,VIIRS-SNPP,375,2026-08-29T10:25:12.073873+00:00
2026-08-27,carbon_project_zone,112.6371269556553,-3.017290940881502,351.8299865722656,309.55999755859375,1,VIIRS-SNPP,375,2026-08-29T10:25:12.073875+00:00
2026-08-27,carbon_project_zone,112.65063549148815,-3.017290940881502,352.5899963378906,303.6000061035156,1,VIIRS-SNPP,375,2026-08-29T10:25:12.073877+00:00
2026-08-27,carbon_project_zone,112.65401262544636,-3.017290940881502,352.5899963378906,303.6000061035156,1,VIIRS-SNPP,375,2026-08-29T10:25:12.073879+00:00
2026-08-27,carbon_project_zone,112.65738975940458,-3.017290940881502,352.5899963378906,303.6000061035156,1,VIIRS-SNPP,375,2026-08-29T10:25:12.073881+00:00
2026-08-27,carbon_project_zone,112.66076689336279,-3.017290940881502,345.3399963378906,301.3399963378906,1,VIIRS-NOAA20,375,2026-08-29T10:25:52.262872+00:00
2026-08-27,carbon_project_zone,112.664144027321,-3.017290940881502,345.3399963378906,301.3399963378906,1,VIIRS-NOAA20,375,2026-08-29T10:25:52.262874+00:00
2026-08-27,carbon_project_zone,112.66752116127923,-3.017290940881502,345.3399963378906,301.3399963378906,1,VIIRS-NOAA20,375,2026-08-29T10:25:52.262876+00:00
2026-08-27,carbon_project_zone,112.62664631854078,-3.013918488660528,350.0400085449219,302.8800048828125,1,VIIRS-NOAA20,375,2026-08-29T10:25:52.262853+00:00
2026-08-27,carbon_project_zone,112.63002344202714,-3.013918488660528,351.8299865722656,309.55999755859375,1,VIIRS-SNPP,375,2026-08-29T10:25:12.073858+00:00
2026-08-27,carbon_project_zone,112.63340056551347,-3.013918488660528,351.8299865722656,309.55999755859375,1,VIIRS-SNPP,375,2026-08-29T10:25:12.073860+00:00
2026-08-27,carbon_project_zone,112.63677768899983,-3.013918488660528,351.8299865722656,309.55999755859375,1,VIIRS-SNPP,375,2026-08-29T10:25:12.073862+00:00
2026-08-27,carbon_project_zone,112.65028618294524,-3.013918488660528,352.5899963378906,303.6000061035156,1,VIIRS-SNPP,375,2026-08-29T10:25:12.073865+00:00
2026-08-27,carbon_project_zone,112.6536633064316,-3.013918488660528,352.5899963378906,303.6000061035156,1,VIIRS-SNPP,375,2026-08-29T10:25:12.073867+00:00
2026-08-27,carbon_project_zone,112.65704042991794,-3.013918488660528,352.5899963378906,303.6000061035156,1,VIIRS-SNPP,375,2026-08-29T10:25:12.073869+00:00
2026-08-27,carbon_project_zone,112.62292036263825,-3.0105460364395533,316.9100036621094,290.7799987792969,1,VIIRS-SNPP,375,2026-08-29T10:25:12.073848+00:00
2026-08-27,carbon_project_zone,112.62629747566451,-3.0105460364395533,345.760009765625,303.489990234375,1,VIIRS-SNPP,375,2026-08-29T10:25:12.073850+00:00
2026-08-27,carbon_project_zone,112.62967458869076,-3.0105460364395533,347.6700134277344,306.5,1,VIIRS-SNPP,375,2026-08-29T10:25:12.073852+00:00
2026-08-27,carbon_project_zone,112.63305170171702,-3.0105460364395533,347.6700134277344,306.5,1,VIIRS-SNPP,375,2026-08-29T10:25:12.073854+00:00
2026-08-27,carbon_project_zone,112.63642881474327,-3.0105460364395533,347.6700134277344,306.5,1,VIIRS-SNPP,375,2026-08-29T10:25:12.073856+00:00
2026-08-27,carbon_project_zone,112.61919481998991,-3.0071735842185796,330.82000732421875,292.3399963378906,1,VIIRS-SNPP,375,2026-08-29T10:25:12.073835+00:00
2026-08-27,carbon_project_zone,112.62257192256786,-3.0071735842185796,342.17999267578125,293.3900146484375,1,VIIRS-SNPP,375,2026-08-29T10:25:12.073837+00:00
2026-08-27,carbon_project_zone,112.62594902514577,-3.0071735842185796,345.760009765625,303.489990234375,1,VIIRS-SNPP,375,2026-08-29T10:25:12.073839+00:00
2026-08-27,carbon_project_zone,112.62932612772371,-3.0071735842185796,345.760009765625,303.489990234375,1,VIIRS-SNPP,375,2026-08-29T10:25:12.073841+00:00
2026-08-27,carbon_project_zone,112.63270323030163,-3.0071735842185796,345.760009765625,303.489990234375,1,VIIRS-SNPP,375,2026-08-29T10:25:12.073843+00:00
2026-08-27,carbon_project_zone,112.63608033287954,-3.0071735842185796,335.8299865722656,303.7900085449219,1,VIIRS-SNPP,375,2026-08-29T10:25:12.073846+00:00
2026-08-27,carbon_project_zone,112.61884678269581,-3.0038011319976055,330.82000732421875,292.3399963378906,1,VIIRS-SNPP,375,2026-08-29T10:25:12.073824+00:00
2026-08-27,carbon_project_zone,112.62222387483719,-3.0038011319976055,342.17999267578125,293.3900146484375,1,VIIRS-SNPP,375,2026-08-29T10:25:12.073827+00:00
2026-08-27,carbon_project_zone,112.62560096697854,-3.0038011319976055,342.17999267578125,293.3900146484375,1,VIIRS-SNPP,375,2026-08-29T10:25:12.073829+00:00
2026-08-27,carbon_project_zone,112.6289780591199,-3.0038011319976055,342.17999267578125,293.3900146484375,1,VIIRS-SNPP,375,2026-08-29T10:25:12.073831+00:00
2026-08-27,carbon_project_zone,112.63235515126125,-3.0038011319976055,306.1099853515625,290.8999938964844,1,VIIRS-SNPP,375,2026-08-29T10:25:12.073833+00:00
2026-08-27,carbon_project_zone,112.63573224340261,-3.0038011319976055,332.42999267578125,297.6600036621094,1,VIIRS-NOAA20,375,2026-08-29T10:25:52.262826+00:00
2026-08-27,carbon_project_zone,112.61849913772363,-3.0004286797766313,330.82000732421875,292.3399963378906,1,VIIRS-SNPP,375,2026-08-29T10:25:12.073813+00:00
2026-08-27,carbon_project_zone,112.62187621944018,-3.0004286797766313,342.17999267578125,293.3900146484375,1,VIIRS-SNPP,375,2026-08-29T10:25:12.073815+00:00
2026-08-27,carbon_project_zone,112.62525330115675,-3.0004286797766313,342.17999267578125,293.3900146484375,1,VIIRS-SNPP,375,2026-08-29T10:25:12.073818+00:00
2026-08-27,carbon_project_zone,112.62863038287331,-3.0004286797766313,342.17999267578125,293.3900146484375,1,VIIRS-SNPP,375,2026-08-29T10:25:12.073820+00:00
2026-08-27,carbon_project_zone,112.63200746458986,-3.0004286797766313,306.1099853515625,290.8999938964844,1,VIIRS-SNPP,375,2026-08-29T10:25:12.073822+00:00
2026-08-27,carbon_project_zone,112.6181518850673,-2.9970562275556567,330.82000732421875,292.3399963378906,1,VIIRS-SNPP,375,2026-08-29T10:25:12.073787+00:00
2026-08-27,carbon_project_zone,112.62152895637084,-2.9970562275556567,330.82000732421875,292.3399963378906,1,VIIRS-SNPP,375,2026-08-29T10:25:12.073804+00:00
2026-08-27,carbon_project_zone,112.62490602767436,-2.9970562275556567,330.82000732421875,292.3399963378906,1,VIIRS-SNPP,375,2026-08-29T10:25:12.073808+00:00
2026-08-27,carbon_project_zone,112.62828309897787,-2.9970562275556567,311.8800048828125,290.8800048828125,1,VIIRS-SNPP,375,2026-08-29T10:25:12.073811+00:00
2026-08-27,carbon_project_zone,112.62118208562309,-2.9936837753346826,320.9800109863281,291.3800048828125,1,VIIRS-NOAA20,375,2026-08-29T10:25:52.262778+00:00
2026-08-27,carbon_project_zone,112.62455914652531,-2.9936837753346826,320.9800109863281,291.3800048828125,1,VIIRS-NOAA20,375,2026-08-29T10:25:52.262795+00:00
2026-08-27,carbon_project_zone,112.64508040441132,-3.0611328197541665,330.8900146484375,301.8800048828125,0,VIIRS-NOAA20,375,2026-08-29T10:25:52.263014+00:00
2026-08-27,carbon_project_zone,112.64472602539036,-3.057760367533192,330.8900146484375,301.8800048828125,0,VIIRS-NOAA20,375,2026-08-29T10:25:52.262995+00:00
2026-08-27,carbon_project_zone,112.63993521598954,-3.0442705586492953,330.5,302.30999755859375,0,VIIRS-SNPP,375,2026-08-29T10:25:12.073924+00:00
2026-08-27,project_area,112.60793042161717,-3.0611328197541665,367.0,301.8399963378906,2,VIIRS-SNPP,375,2026-08-29T10:25:12.652065+00:00
2026-08-27,project_area,112.61130769278027,-3.0611328197541665,367.0,301.8399963378906,2,VIIRS-SNPP,375,2026-08-29T10:25:12.652067+00:00
2026-08-27,project_area,112.61468496394338,-3.0611328197541665,367.0,301.8399963378906,2,VIIRS-SNPP,375,2026-08-29T10:25:12.652069+00:00
2026-08-27,project_area,112.60757615946925,-3.057760367533192,367.0,301.8399963378906,2,VIIRS-SNPP,375,2026-08-29T10:25:12.652048+00:00
2026-08-27,project_area,112.61095342000755,-3.057760367533192,367.0,301.8399963378906,2,VIIRS-SNPP,375,2026-08-29T10:25:12.652050+00:00
2026-08-27,project_area,112.61433068054582,-3.057760367533192,367.0,301.8399963378906,2,VIIRS-SNPP,375,2026-08-29T10:25:12.652052+00:00
2026-08-27,project_area,112.60722228968201,-3.0543879153122178,367.0,301.8399963378906,2,VIIRS-SNPP,375,2026-08-29T10:25:12.652027+00:00
2026-08-27,project_area,112.61059953960724,-3.0543879153122178,367.0,301.8399963378906,2,VIIRS-SNPP,375,2026-08-29T10:25:12.652029+00:00
2026-08-27,project_area,112.55676965519787,-3.1825410997092365,337.7099914550781,299.6099853515625,1,VIIRS-NOAA20,375,2026-08-29T10:25:52.869344+00:00
2026-08-27,project_area,112.42731640955739,-3.172423743046314,351.8399963378906,303.5400085449219,1,VIIRS-NOAA20,375,2026-08-29T10:25:52.869338+00:00
2026-08-27,project_area,112.43069403794242,-3.172423743046314,308.8599853515625,292.3699951171875,1,VIIRS-SNPP,375,2026-08-29T10:25:12.652150+00:00
2026-08-27,project_area,112.43407166632744,-3.172423743046314,337.19000244140625,300.55999755859375,1,VIIRS-SNPP,375,2026-08-29T10:25:12.652152+00:00
2026-08-27,project_area,112.42357220639502,-3.16905129082534,335.010009765625,302.8999938964844,1,VIIRS-NOAA20,375,2026-08-29T10:25:52.869328+00:00
2026-08-27,project_area,112.42694982376678,-3.16905129082534,311.2300109863281,291.6199951171875,1,VIIRS-SNPP,375,2026-08-29T10:25:12.652140+00:00
2026-08-27,project_area,112.43032744113856,-3.16905129082534,311.2300109863281,291.6199951171875,1,VIIRS-SNPP,375,2026-08-29T10:25:12.652143+00:00
2026-08-27,project_area,112.43370505851033,-3.16905129082534,350.8999938964844,300.2099914550781,1,VIIRS-SNPP,375,2026-08-29T10:25:12.652145+00:00
2026-08-27,project_area,112.43708267588211,-3.16905129082534,350.8999938964844,300.2099914550781,1,VIIRS-SNPP,375,2026-08-29T10:25:12.652147+00:00
2026-08-27,project_area,112.42320602350232,-3.1656788386043657,335.010009765625,302.8999938964844,1,VIIRS-NOAA20,375,2026-08-29T10:25:52.869317+00:00
2026-08-27,project_area,112.4265836298726,-3.1656788386043657,315.0899963378906,292.739990234375,1,VIIRS-SNPP,375,2026-08-29T10:25:12.652130+00:00
2026-08-27,project_area,112.42996123624289,-3.1656788386043657,315.0899963378906,292.739990234375,1,VIIRS-SNPP,375,2026-08-29T10:25:12.652132+00:00
2026-08-27,project_area,112.4333388426132,-3.1656788386043657,350.8999938964844,300.2099914550781,1,VIIRS-SNPP,375,2026-08-29T10:25:12.652135+00:00
2026-08-27,project_area,112.43671644898347,-3.1656788386043657,350.8999938964844,300.2099914550781,1,VIIRS-SNPP,375,2026-08-29T10:25:12.652138+00:00
2026-08-27,project_area,112.42284023248789,-3.1623063863833916,335.010009765625,302.8999938964844,1,VIIRS-NOAA20,375,2026-08-29T10:25:52.869308+00:00
2026-08-27,project_area,112.42621782786847,-3.1623063863833916,315.0899963378906,292.739990234375,1,VIIRS-SNPP,375,2026-08-29T10:25:12.652123+00:00
2026-08-27,project_area,112.42959542324905,-3.1623063863833916,315.0899963378906,292.739990234375,1,VIIRS-SNPP,375,2026-08-29T10:25:12.652126+00:00
2026-08-27,project_area,112.43297301862964,-3.1623063863833916,315.0899963378906,292.739990234375,1,VIIRS-SNPP,375,2026-08-29T10:25:12.652128+00:00
2026-08-27,project_area,112.42247483334536,-3.1589339341624174,332.6300048828125,298.9100036621094,1,VIIRS-NOAA20,375,2026-08-29T10:25:52.869299+00:00
2026-08-27,project_area,112.425852417748,-3.1589339341624174,315.0899963378906,292.739990234375,1,VIIRS-SNPP,375,2026-08-29T10:25:12.652117+00:00
2026-08-27,project_area,112.42923000215066,-3.1589339341624174,315.0899963378906,292.739990234375,1,VIIRS-SNPP,375,2026-08-29T10:25:12.652119+00:00
2026-08-27,project_area,112.43260758655332,-3.1589339341624174,315.0899963378906,292.739990234375,1,VIIRS-SNPP,375,2026-08-29T10:25:12.652121+00:00
2026-08-27,project_area,112.4183676481686,-3.152189029720469,301.1300048828125,291.1099853515625,1,VIIRS-NOAA20,375,2026-08-29T10:25:52.869293+00:00
2026-08-27,project_area,112.42174521065068,-3.152189029720469,307.45001220703125,290.8399963378906,1,VIIRS-SNPP,375,2026-08-29T10:25:12.652112+00:00
2026-08-27,project_area,112.4251227731328,-3.152189029720469,307.45001220703125,290.8399963378906,1,VIIRS-SNPP,375,2026-08-29T10:25:12.652114+00:00
2026-08-27,project_area,112.41800343554638,-3.148816577499495,301.1300048828125,291.1099853515625,1,VIIRS-NOAA20,375,2026-08-29T10:25:52.869286+00:00
2026-08-27,project_area,112.42138098708585,-3.148816577499495,307.45001220703125,290.8399963378906,1,VIIRS-SNPP,375,2026-08-29T10:25:12.652108+00:00
2026-08-27,project_area,112.42475853862534,-3.148816577499495,307.45001220703125,290.8399963378906,1,VIIRS-SNPP,375,2026-08-29T10:25:12.652110+00:00
2026-08-27,project_area,112.41088453354162,-3.145444125278521,332.92999267578125,296.2799987792969,1,VIIRS-NOAA20,375,2026-08-29T10:25:52.869276+00:00
2026-08-27,project_area,112.41426207415029,-3.145444125278521,332.92999267578125,296.2799987792969,1,VIIRS-NOAA20,375,2026-08-29T10:25:52.869278+00:00
2026-08-27,project_area,112.41763961475893,-3.145444125278521,332.92999267578125,296.2799987792969,1,VIIRS-NOAA20,375,2026-08-29T10:25:52.869280+00:00
2026-08-27,project_area,112.42101715536757,-3.145444125278521,307.45001220703125,290.8399963378906,1,VIIRS-SNPP,375,2026-08-29T10:25:12.652104+00:00
2026-08-27,project_area,112.42439469597622,-3.145444125278521,307.45001220703125,290.8399963378906,1,VIIRS-SNPP,375,2026-08-29T10:25:12.652106+00:00
2026-08-27,project_area,112.41052112642076,-3.1420716730575466,332.92999267578125,296.2799987792969,1,VIIRS-NOAA20,375,2026-08-29T10:25:52.869270+00:00
2026-08-27,project_area,112.41389865611033,-3.1420716730575466,332.92999267578125,296.2799987792969,1,VIIRS-NOAA20,375,2026-08-29T10:25:52.869272+00:00
2026-08-27,project_area,112.41727618579992,-3.1420716730575466,332.92999267578125,296.2799987792969,1,VIIRS-NOAA20,375,2026-08-29T10:25:52.869274+00:00
2026-08-27,project_area,112.41015811109847,-3.138699220836572,332.92999267578125,296.2799987792969,1,VIIRS-NOAA20,375,2026-08-29T10:25:52.869263+00:00
2026-08-27,project_area,112.41353562988077,-3.138699220836572,332.92999267578125,296.2799987792969,1,VIIRS-NOAA20,375,2026-08-29T10:25:52.869265+00:00
2026-08-27,project_area,112.41691314866304,-3.138699220836572,332.92999267578125,296.2799987792969,1,VIIRS-NOAA20,375,2026-08-29T10:25:52.869267+00:00
2026-08-27,project_area,112.40979548756849,-3.1353267686155983,330.8599853515625,298.3999938964844,1,VIIRS-NOAA20,375,2026-08-29T10:25:52.869257+00:00
2026-08-27,project_area,112.41317299545526,-3.1353267686155983,330.8599853515625,298.3999938964844,1,VIIRS-NOAA20,375,2026-08-29T10:25:52.869259+00:00
2026-08-27,project_area,112.41655050334201,-3.1353267686155983,330.8599853515625,298.3999938964844,1,VIIRS-NOAA20,375,2026-08-29T10:25:52.869261+00:00
2026-08-27,project_area,112.58132320854195,-3.1285818641736496,340.8999938964844,303.3500061035156,1,VIIRS-NOAA20,375,2026-08-29T10:25:52.869251+00:00
2026-08-27,project_area,112.58470069467297,-3.1285818641736496,347.04998779296875,303.6000061035156,1,VIIRS-NOAA20,375,2026-08-29T10:25:52.869253+00:00
2026-08-27,project_area,112.58807818080399,-3.1285818641736496,347.04998779296875,303.6000061035156,1,VIIRS-NOAA20,375,2026-08-29T10:25:52.869255+00:00
2026-08-27,project_area,112.58096120648023,-3.1252094119526754,334.3599853515625,301.7200012207031,1,VIIRS-SNPP,375,2026-08-29T10:25:12.652100+00:00
2026-08-27,project_area,112.58433868175103,-3.1252094119526754,334.3599853515625,301.7200012207031,1,VIIRS-SNPP,375,2026-08-29T10:25:12.652102+00:00
2026-08-27,project_area,112.58059959678593,-3.1218369597317017,334.3599853515625,301.7200012207031,1,VIIRS-SNPP,375,2026-08-29T10:25:12.652095+00:00
2026-08-27,project_area,112.5839770612083,-3.1218369597317017,334.3599853515625,301.7200012207031,1,VIIRS-SNPP,375,2026-08-29T10:25:12.652097+00:00
2026-08-27,project_area,112.57987755447449,-3.115092055289753,335.8599853515625,305.44000244140625,1,VIIRS-SNPP,375,2026-08-29T10:25:12.652091+00:00
2026-08-27,project_area,112.5832549972353,-3.115092055289753,336.1099853515625,304.8699951171875,1,VIIRS-SNPP,375,2026-08-29T10:25:12.652093+00:00
2026-08-27,project_area,112.57951712184479,-3.111719603068779,335.8599853515625,305.44000244140625,1,VIIRS-SNPP,375,2026-08-29T10:25:12.652089+00:00
2026-08-27,project_area,112.57577966041111,-3.1083471508478047,341.94000244140625,299.3800048828125,1,VIIRS-NOAA20,375,2026-08-29T10:25:52.869234+00:00
2026-08-27,project_area,112.61539470791581,-3.0678777241961144,335.0400085449219,299.1199951171875,1,VIIRS-NOAA20,375,2026-08-29T10:25:52.869228+00:00
2026-08-27,project_area,112.61877200036386,-3.0678777241961144,335.0400085449219,299.1199951171875,1,VIIRS-NOAA20,375,2026-08-29T10:25:52.869230+00:00
2026-08-27,project_area,112.62214929281191,-3.0678777241961144,335.0400085449219,299.1199951171875,1,VIIRS-NOAA20,375,2026-08-29T10:25:52.869232+00:00
2026-08-27,project_area,112.60828507613193,-3.0645052719751407,331.3900146484375,299.1300048828125,1,VIIRS-SNPP,375,2026-08-29T10:25:12.652081+00:00
2026-08-27,project_area,112.61166235793164,-3.0645052719751407,332.6199951171875,301.5199890136719,1,VIIRS-SNPP,375,2026-08-29T10:25:12.652083+00:00
2026-08-27,project_area,112.61503963973134,-3.0645052719751407,332.6199951171875,301.5199890136719,1,VIIRS-SNPP,375,2026-08-29T10:25:12.652085+00:00
2026-08-27,project_area,112.61841692153102,-3.0645052719751407,332.6199951171875,301.5199890136719,1,VIIRS-SNPP,375,2026-08-29T10:25:12.652087+00:00
2026-08-27,project_area,112.62179420333071,-3.0645052719751407,335.0400085449219,299.1199951171875,1,VIIRS-NOAA20,375,2026-08-29T10:25:52.869226+00:00
2026-08-27,project_area,112.61806223510649,-3.0611328197541665,332.6199951171875,301.5199890136719,1,VIIRS-SNPP,375,2026-08-29T10:25:12.652071+00:00
2026-08-27,project_area,112.62143950626958,-3.0611328197541665,335.0400085449219,299.1199951171875,1,VIIRS-NOAA20,375,2026-08-29T10:25:52.869209+00:00
2026-08-27,project_area,112.6315713197589,-3.0611328197541665,346.3800048828125,306.0299987792969,1,VIIRS-SNPP,375,2026-08-29T10:25:12.652073+00:00
2026-08-27,project_area,112.634948590922,-3.0611328197541665,346.3800048828125,306.0299987792969,1,VIIRS-SNPP,375,2026-08-29T10:25:12.652075+00:00
2026-08-27,project_area,112.63832586208511,-3.0611328197541665,346.3800048828125,306.0299987792969,1,VIIRS-SNPP,375,2026-08-29T10:25:12.652077+00:00
2026-08-27,project_area,112.64170313324821,-3.0611328197541665,334.9200134277344,304.3599853515625,1,VIIRS-SNPP,375,2026-08-29T10:25:12.652079+00:00
2026-08-27,project_area,112.61770794108409,-3.057760367533192,332.6199951171875,301.5199890136719,1,VIIRS-SNPP,375,2026-08-29T10:25:12.652054+00:00
2026-08-27,project_area,112.63121698323722,-3.057760367533192,346.3800048828125,306.0299987792969,1,VIIRS-SNPP,375,2026-08-29T10:25:12.652056+00:00
2026-08-27,project_area,112.6345942437755,-3.057760367533192,346.3800048828125,306.0299987792969,1,VIIRS-SNPP,375,2026-08-29T10:25:12.652058+00:00
2026-08-27,project_area,112.63797150431378,-3.057760367533192,346.3800048828125,306.0299987792969,1,VIIRS-SNPP,375,2026-08-29T10:25:12.652060+00:00
2026-08-27,project_area,112.64134876485205,-3.057760367533192,341.55999755859375,304.17999267578125,1,VIIRS-SNPP,375,2026-08-29T10:25:12.652062+00:00
2026-08-27,project_area,112.6173540394577,-3.0543879153122178,334.239990234375,298.7900085449219,1,VIIRS-NOAA20,375,2026-08-29T10:25:52.869177+00:00
2026-08-27,project_area,112.62410853930814,-3.0543879153122178,332.760009765625,300.1700134277344,1,VIIRS-SNPP,375,2026-08-29T10:25:12.652031+00:00
2026-08-27,project_area,112.62748578923338,-3.0543879153122178,334.92999267578125,300.9700012207031,1,VIIRS-SNPP,375,2026-08-29T10:25:12.652033+00:00
2026-08-27,project_area,112.6308630391586,-3.0543879153122178,346.3800048828125,306.0299987792969,1,VIIRS-SNPP,375,2026-08-29T10:25:12.652035+00:00
2026-08-27,project_area,112.63424028908382,-3.0543879153122178,346.3800048828125,306.0299987792969,1,VIIRS-SNPP,375,2026-08-29T10:25:12.652037+00:00
2026-08-27,project_area,112.63761753900904,-3.0543879153122178,346.3800048828125,306.0299987792969,1,VIIRS-SNPP,375,2026-08-29T10:25:12.652039+00:00
2026-08-27,project_area,112.64099478893426,-3.0543879153122178,341.55999755859375,304.17999267578125,1,VIIRS-SNPP,375,2026-08-29T10:25:12.652041+00:00
2026-08-27,project_area,112.6443720388595,-3.0543879153122178,339.3299865722656,301.7099914550781,1,VIIRS-SNPP,375,2026-08-29T10:25:12.652044+00:00
2026-08-27,project_area,112.64774928878472,-3.0543879153122178,338.2900085449219,301.2699890136719,1,VIIRS-SNPP,375,2026-08-29T10:25:12.652046+00:00
2026-08-27,project_area,112.623755008869,-3.0510154630912436,332.760009765625,300.1700134277344,1,VIIRS-SNPP,375,2026-08-29T10:25:12.652009+00:00
2026-08-27,project_area,112.62713224819294,-3.0510154630912436,334.92999267578125,300.9700012207031,1,VIIRS-SNPP,375,2026-08-29T10:25:12.652011+00:00
2026-08-27,project_area,112.63050948751687,-3.0510154630912436,335.95001220703125,303.3900146484375,1,VIIRS-SNPP,375,2026-08-29T10:25:12.652013+00:00
2026-08-27,project_area,112.63388672684081,-3.0510154630912436,341.55999755859375,304.17999267578125,1,VIIRS-SNPP,375,2026-08-29T10:25:12.652015+00:00
2026-08-27,project_area,112.63726396616475,-3.0510154630912436,341.55999755859375,304.17999267578125,1,VIIRS-SNPP,375,2026-08-29T10:25:12.652018+00:00
2026-08-27,project_area,112.64064120548869,-3.0510154630912436,341.55999755859375,304.17999267578125,1,VIIRS-SNPP,375,2026-08-29T10:25:12.652020+00:00
2026-08-27,project_area,112.64401844481263,-3.0510154630912436,339.3299865722656,301.7099914550781,1,VIIRS-SNPP,375,2026-08-29T10:25:12.652022+00:00
2026-08-27,project_area,112.64739568413657,-3.0510154630912436,338.2900085449219,301.2699890136719,1,VIIRS-SNPP,375,2026-08-29T10:25:12.652024+00:00
2026-08-27,project_area,112.6267790995715,-3.04764301087027,334.92999267578125,300.9700012207031,1,VIIRS-SNPP,375,2026-08-29T10:25:12.651991+00:00
2026-08-27,project_area,112.63015632830592,-3.04764301087027,334.92999267578125,300.9700012207031,1,VIIRS-SNPP,375,2026-08-29T10:25:12.651993+00:00
2026-08-27,project_area,112.63353355704032,-3.04764301087027,334.92999267578125,300.9700012207031,1,VIIRS-SNPP,375,2026-08-29T10:25:12.651995+00:00
2026-08-27,project_area,112.63691078577473,-3.04764301087027,334.1600036621094,302.19000244140625,1,VIIRS-SNPP,375,2026-08-29T10:25:12.651998+00:00
2026-08-27,project_area,112.64028801450914,-3.04764301087027,339.3299865722656,301.7099914550781,1,VIIRS-SNPP,375,2026-08-29T10:25:12.652000+00:00
2026-08-27,project_area,112.64366524324357,-3.04764301087027,339.3299865722656,301.7099914550781,1,VIIRS-SNPP,375,2026-08-29T10:25:12.652002+00:00
2026-08-27,project_area,112.64704247197798,-3.04764301087027,338.2900085449219,301.2699890136719,1,VIIRS-SNPP,375,2026-08-29T10:25:12.652005+00:00
2026-08-27,project_area,112.69094644552538,-3.04764301087027,336.9100036621094,304.3599853515625,1,VIIRS-SNPP,375,2026-08-29T10:25:12.652007+00:00
2026-08-27,project_area,112.62980356151957,-3.0442705586492953,334.1600036621094,302.19000244140625,1,VIIRS-SNPP,375,2026-08-29T10:25:12.651976+00:00
2026-08-27,project_area,112.63318077967622,-3.0442705586492953,334.1600036621094,302.19000244140625,1,VIIRS-SNPP,375,2026-08-29T10:25:12.651979+00:00
2026-08-27,project_area,112.63655799783288,-3.0442705586492953,334.1600036621094,302.19000244140625,1,VIIRS-SNPP,375,2026-08-29T10:25:12.651981+00:00
2026-08-27,project_area,112.69059348833947,-3.0442705586492953,339.79998779296875,302.9100036621094,1,VIIRS-SNPP,375,2026-08-29T10:25:12.651986+00:00
2026-08-27,project_area,112.69397070649613,-3.0442705586492953,340.6000061035156,305.54998779296875,1,VIIRS-SNPP,375,2026-08-29T10:25:12.651989+00:00
2026-08-27,project_area,112.6294511871517,-3.040898106428321,334.1600036621094,302.19000244140625,1,VIIRS-SNPP,375,2026-08-29T10:25:12.651964+00:00
2026-08-27,project_area,112.63282839474236,-3.040898106428321,334.1600036621094,302.19000244140625,1,VIIRS-SNPP,375,2026-08-29T10:25:12.651967+00:00
2026-08-27,project_area,112.63620560233304,-3.040898106428321,334.1600036621094,302.19000244140625,1,VIIRS-SNPP,375,2026-08-29T10:25:12.651969+00:00
2026-08-27,project_area,112.69024092378382,-3.040898106428321,339.79998779296875,302.9100036621094,1,VIIRS-SNPP,375,2026-08-29T10:25:12.651971+00:00
2026-08-27,project_area,112.69361813137448,-3.040898106428321,339.79998779296875,302.9100036621094,1,VIIRS-SNPP,375,2026-08-29T10:25:12.651974+00:00
2026-08-27,project_area,112.6290992051962,-3.037525654207347,332.30999755859375,301.739990234375,1,VIIRS-NOAA20,375,2026-08-29T10:25:52.869151+00:00
2026-08-27,project_area,112.63247640223264,-3.037525654207347,332.30999755859375,301.739990234375,1,VIIRS-NOAA20,375,2026-08-29T10:25:52.869153+00:00
2026-08-27,project_area,112.63585359926908,-3.037525654207347,332.30999755859375,301.739990234375,1,VIIRS-NOAA20,375,2026-08-29T10:25:52.869155+00:00
2026-08-27,project_area,112.62874761564694,-3.034153201986373,332.30999755859375,301.739990234375,1,VIIRS-NOAA20,375,2026-08-29T10:25:52.869144+00:00
2026-08-27,project_area,112.63212480214094,-3.034153201986373,332.30999755859375,301.739990234375,1,VIIRS-NOAA20,375,2026-08-29T10:25:52.869146+00:00
2026-08-27,project_area,112.63550198863493,-3.034153201986373,332.30999755859375,301.739990234375,1,VIIRS-NOAA20,375,2026-08-29T10:25:52.869149+00:00
2026-08-27,project_area,112.66822106062232,-3.0240358453234504,348.3999938964844,300.9700012207031,1,VIIRS-NOAA20,375,2026-08-29T10:25:52.869142+00:00
2026-08-27,project_area,112.63072232583207,-3.0206633931024762,330.760009765625,300.1199951171875,1,VIIRS-SNPP,375,2026-08-29T10:25:12.651942+00:00
2026-08-27,project_area,112.63409947027391,-3.0206633931024762,330.760009765625,300.1199951171875,1,VIIRS-SNPP,375,2026-08-29T10:25:12.651958+00:00
2026-08-27,project_area,112.63747661471574,-3.0206633931024762,330.760009765625,300.1199951171875,1,VIIRS-SNPP,375,2026-08-29T10:25:12.651961+00:00
2026-08-27,project_area,112.6678709146923,-3.0206633931024762,348.3999938964844,300.9700012207031,1,VIIRS-NOAA20,375,2026-08-29T10:25:52.869140+00:00
2026-08-27,project_area,112.664144027321,-3.017290940881502,345.3399963378906,301.3399963378906,1,VIIRS-NOAA20,375,2026-08-29T10:25:52.869113+00:00
2026-08-27,project_area,112.66752116127923,-3.017290940881502,345.3399963378906,301.3399963378906,1,VIIRS-NOAA20,375,2026-08-29T10:25:52.869128+00:00
2026-08-27,project_area,112.64508040441132,-3.0611328197541665,330.8900146484375,301.8800048828125,0,VIIRS-NOAA20,375,2026-08-29T10:25:52.869218+00:00
2026-08-27,project_area,112.64472602539036,-3.057760367533192,330.8900146484375,301.8800048828125,0,VIIRS-NOAA20,375,2026-08-29T10:25:52.869201+00:00
2026-08-27,project_area,112.63993521598954,-3.0442705586492953,330.5,302.30999755859375,0,VIIRS-SNPP,375,2026-08-29T10:25:12.651984+00:00
2026-08-28,carbon_project_zone,112.66216817813091,-3.0307807497653987,367.0,304.5899963378906,2,VIIRS-NOAA20,375,2026-08-29T10:25:53.413585+00:00
2026-08-28,carbon_project_zone,112.66554535409422,-3.0307807497653987,367.0,304.5899963378906,2,VIIRS-NOAA20,375,2026-08-29T10:25:53.413587+00:00
2026-08-28,carbon_project_zone,112.66892253005753,-3.0307807497653987,367.0,304.5899963378906,2,VIIRS-NOAA20,375,2026-08-29T10:25:53.413589+00:00
2026-08-28,carbon_project_zone,112.66181726818658,-3.0274082975444245,367.0,304.5899963378906,2,VIIRS-NOAA20,375,2026-08-29T10:25:53.413577+00:00
2026-08-28,carbon_project_zone,112.66519443363097,-3.0274082975444245,367.0,304.5899963378906,2,VIIRS-NOAA20,375,2026-08-29T10:25:53.413579+00:00
2026-08-28,carbon_project_zone,112.66857159907536,-3.0274082975444245,367.0,304.5899963378906,2,VIIRS-NOAA20,375,2026-08-29T10:25:53.413581+00:00
2026-08-28,carbon_project_zone,112.62629747566451,-3.0105460364395533,367.0,303.1700134277344,2,VIIRS-SNPP,375,2026-08-29T10:25:13.545267+00:00
2026-08-28,carbon_project_zone,112.62967458869076,-3.0105460364395533,367.0,303.1700134277344,2,VIIRS-SNPP,375,2026-08-29T10:25:13.545269+00:00
2026-08-28,carbon_project_zone,112.63305170171702,-3.0105460364395533,367.0,303.1700134277344,2,VIIRS-SNPP,375,2026-08-29T10:25:13.545272+00:00
2026-08-28,carbon_project_zone,112.62594902514577,-3.0071735842185796,367.0,303.1700134277344,2,VIIRS-SNPP,375,2026-08-29T10:25:13.545253+00:00
2026-08-28,carbon_project_zone,112.62932612772371,-3.0071735842185796,367.0,303.1700134277344,2,VIIRS-SNPP,375,2026-08-29T10:25:13.545255+00:00
2026-08-28,carbon_project_zone,112.63270323030163,-3.0071735842185796,367.0,303.1700134277344,2,VIIRS-SNPP,375,2026-08-29T10:25:13.545258+00:00
2026-08-28,carbon_project_zone,112.62560096697854,-3.0038011319976055,367.0,329.7200012207031,2,VIIRS-NOAA20,375,2026-08-29T10:25:53.413489+00:00
2026-08-28,carbon_project_zone,112.6289780591199,-3.0038011319976055,367.0,329.7200012207031,2,VIIRS-NOAA20,375,2026-08-29T10:25:53.413491+00:00
2026-08-28,carbon_project_zone,112.57697547068477,-3.2432452396867717,330.260009765625,298.42999267578125,1,VIIRS-SNPP,375,2026-08-29T10:25:13.545802+00:00
2026-08-28,carbon_project_zone,112.5803533330682,-3.2432452396867717,330.260009765625,298.42999267578125,1,VIIRS-SNPP,375,2026-08-29T10:25:13.545804+00:00
2026-08-28,carbon_project_zone,112.5837311954516,-3.2432452396867717,330.260009765625,298.42999267578125,1,VIIRS-SNPP,375,2026-08-29T10:25:13.545806+00:00
2026-08-28,carbon_project_zone,112.57660018064358,-3.2398727874657975,330.260009765625,298.42999267578125,1,VIIRS-SNPP,375,2026-08-29T10:25:13.545793+00:00
2026-08-28,carbon_project_zone,112.57997803176646,-3.2398727874657975,330.260009765625,298.42999267578125,1,VIIRS-SNPP,375,2026-08-29T10:25:13.545795+00:00
2026-08-28,carbon_project_zone,112.58335588288932,-3.2398727874657975,330.260009765625,298.42999267578125,1,VIIRS-SNPP,375,2026-08-29T10:25:13.545798+00:00
2026-08-28,carbon_project_zone,112.57622528312876,-3.2365003352448234,330.260009765625,298.42999267578125,1,VIIRS-SNPP,375,2026-08-29T10:25:13.545785+00:00
2026-08-28,carbon_project_zone,112.57960312300287,-3.2365003352448234,330.260009765625,298.42999267578125,1,VIIRS-SNPP,375,2026-08-29T10:25:13.545787+00:00
2026-08-28,carbon_project_zone,112.58298096287697,-3.2365003352448234,330.260009765625,298.42999267578125,1,VIIRS-SNPP,375,2026-08-29T10:25:13.545789+00:00
2026-08-28,carbon_project_zone,112.3653063284012,-3.2230105263609268,339.1199951171875,308.4100036621094,1,VIIRS-NOAA20,375,2026-08-29T10:25:53.414095+00:00
2026-08-28,carbon_project_zone,112.368684123398,-3.2230105263609268,339.1199951171875,308.4100036621094,1,VIIRS-NOAA20,375,2026-08-29T10:25:53.414097+00:00
2026-08-28,carbon_project_zone,112.58786781845001,-3.2196380741399526,342.8599853515625,305.7099914550781,1,VIIRS-NOAA20,375,2026-08-29T10:25:53.414091+00:00
2026-08-28,carbon_project_zone,112.59124560225692,-3.2196380741399526,342.8599853515625,305.7099914550781,1,VIIRS-NOAA20,375,2026-08-29T10:25:53.414093+00:00
2026-08-28,carbon_project_zone,112.58749523124433,-3.2162656219189785,342.8599853515625,305.7099914550781,1,VIIRS-NOAA20,375,2026-08-29T10:25:53.414087+00:00
2026-08-28,carbon_project_zone,112.59087300387314,-3.2162656219189785,342.8599853515625,305.7099914550781,1,VIIRS-NOAA20,375,2026-08-29T10:25:53.414089+00:00
2026-08-28,carbon_project_zone,112.58712303656664,-3.212893169698004,342.8599853515625,305.7099914550781,1,VIIRS-NOAA20,375,2026-08-29T10:25:53.414083+00:00
2026-08-28,carbon_project_zone,112.59050079802913,-3.212893169698004,342.8599853515625,305.7099914550781,1,VIIRS-NOAA20,375,2026-08-29T10:25:53.414085+00:00
2026-08-28,carbon_project_zone,112.58901589992136,-3.1994033608141073,332.3599853515625,300.7099914550781,1,VIIRS-NOAA20,375,2026-08-29T10:25:53.414077+00:00
2026-08-28,carbon_project_zone,112.5923936168363,-3.1994033608141073,332.3599853515625,300.7099914550781,1,VIIRS-NOAA20,375,2026-08-29T10:25:53.414079+00:00
2026-08-28,carbon_project_zone,112.59577133375123,-3.1994033608141073,332.3599853515625,300.7099914550781,1,VIIRS-NOAA20,375,2026-08-29T10:25:53.414081+00:00
2026-08-28,carbon_project_zone,112.3116737804658,-3.196030908593133,343.3699951171875,297.70001220703125,1,VIIRS-SNPP,375,2026-08-29T10:25:13.545777+00:00
2026-08-28,carbon_project_zone,112.31505148627329,-3.196030908593133,343.3699951171875,297.70001220703125,1,VIIRS-SNPP,375,2026-08-29T10:25:13.545779+00:00
2026-08-28,carbon_project_zone,112.31842919208079,-3.196030908593133,343.3699951171875,297.70001220703125,1,VIIRS-SNPP,375,2026-08-29T10:25:13.545781+00:00
2026-08-28,carbon_project_zone,112.58864565667922,-3.196030908593133,333.6099853515625,302.4599914550781,1,VIIRS-NOAA20,375,2026-08-29T10:25:53.414071+00:00
2026-08-28,carbon_project_zone,112.59202336248671,-3.196030908593133,333.6099853515625,302.4599914550781,1,VIIRS-NOAA20,375,2026-08-29T10:25:53.414073+00:00
2026-08-28,carbon_project_zone,112.5954010682942,-3.196030908593133,333.6099853515625,302.4599914550781,1,VIIRS-NOAA20,375,2026-08-29T10:25:53.414075+00:00
2026-08-28,carbon_project_zone,112.31130483957004,-3.1926584563721594,343.3699951171875,297.70001220703125,1,VIIRS-SNPP,375,2026-08-29T10:25:13.545771+00:00
2026-08-28,carbon_project_zone,112.31468253428184,-3.1926584563721594,343.3699951171875,297.70001220703125,1,VIIRS-SNPP,375,2026-08-29T10:25:13.545773+00:00
2026-08-28,carbon_project_zone,112.31806022899366,-3.1926584563721594,343.3699951171875,297.70001220703125,1,VIIRS-SNPP,375,2026-08-29T10:25:13.545775+00:00
2026-08-28,carbon_project_zone,112.4565457121777,-3.1926584563721594,337.8900146484375,303.6700134277344,1,VIIRS-NOAA20,375,2026-08-29T10:25:53.414056+00:00
2026-08-28,carbon_project_zone,112.4599234068895,-3.1926584563721594,337.8900146484375,303.6700134277344,1,VIIRS-NOAA20,375,2026-08-29T10:25:53.414058+00:00
2026-08-28,carbon_project_zone,112.4633011016013,-3.1926584563721594,337.8900146484375,303.6700134277344,1,VIIRS-NOAA20,375,2026-08-29T10:25:53.414060+00:00
2026-08-28,carbon_project_zone,112.58827580593812,-3.1926584563721594,333.6099853515625,302.4599914550781,1,VIIRS-NOAA20,375,2026-08-29T10:25:53.414063+00:00
2026-08-28,carbon_project_zone,112.59165350064994,-3.1926584563721594,333.6099853515625,302.4599914550781,1,VIIRS-NOAA20,375,2026-08-29T10:25:53.414065+00:00
2026-08-28,carbon_project_zone,112.59503119536174,-3.1926584563721594,333.6099853515625,302.4599914550781,1,VIIRS-NOAA20,375,2026-08-29T10:25:53.414067+00:00
2026-08-28,carbon_project_zone,112.59840889007354,-3.1926584563721594,332.80999755859375,301.7300109863281,1,VIIRS-NOAA20,375,2026-08-29T10:25:53.414069+00:00
2026-08-28,carbon_project_zone,112.31093629020333,-3.189286004151185,343.3699951171875,297.70001220703125,1,VIIRS-SNPP,375,2026-08-29T10:25:13.545757+00:00
2026-08-28,carbon_project_zone,112.31431397383122,-3.189286004151185,343.3699951171875,297.70001220703125,1,VIIRS-SNPP,375,2026-08-29T10:25:13.545758+00:00
2026-08-28,carbon_project_zone,112.31769165745914,-3.189286004151185,343.3699951171875,297.70001220703125,1,VIIRS-SNPP,375,2026-08-29T10:25:13.545761+00:00
2026-08-28,carbon_project_zone,112.32106934108705,-3.189286004151185,334.8800048828125,303.4800109863281,1,VIIRS-NOAA20,375,2026-08-29T10:25:53.414029+00:00
2026-08-28,carbon_project_zone,112.32444702471494,-3.189286004151185,334.8800048828125,303.4800109863281,1,VIIRS-NOAA20,375,2026-08-29T10:25:53.414031+00:00
2026-08-28,carbon_project_zone,112.45617668620329,-3.189286004151185,337.8900146484375,303.6700134277344,1,VIIRS-NOAA20,375,2026-08-29T10:25:53.414033+00:00
2026-08-28,carbon_project_zone,112.4595543698312,-3.189286004151185,343.54998779296875,300.42999267578125,1,VIIRS-SNPP,375,2026-08-29T10:25:13.545765+00:00
2026-08-28,carbon_project_zone,112.4629320534591,-3.189286004151185,343.54998779296875,300.42999267578125,1,VIIRS-SNPP,375,2026-08-29T10:25:13.545767+00:00
2026-08-28,carbon_project_zone,112.466309737087,-3.189286004151185,343.54998779296875,300.42999267578125,1,VIIRS-SNPP,375,2026-08-29T10:25:13.545769+00:00
2026-08-28,carbon_project_zone,112.58790634769161,-3.189286004151185,333.6099853515625,302.4599914550781,1,VIIRS-NOAA20,375,2026-08-29T10:25:53.414041+00:00
2026-08-28,carbon_project_zone,112.59128403131955,-3.189286004151185,333.6099853515625,302.4599914550781,1,VIIRS-NOAA20,375,2026-08-29T10:25:53.414044+00:00
2026-08-28,carbon_project_zone,112.59466171494743,-3.189286004151185,333.6099853515625,302.4599914550781,1,VIIRS-NOAA20,375,2026-08-29T10:25:53.414046+00:00
2026-08-28,carbon_project_zone,112.59803939857534,-3.189286004151185,332.80999755859375,301.7300109863281,1,VIIRS-NOAA20,375,2026-08-29T10:25:53.414048+00:00
2026-08-28,carbon_project_zone,112.31056813235926,-3.1859135519302106,341.2200012207031,295.29998779296875,1,VIIRS-SNPP,375,2026-08-29T10:25:13.545732+00:00
2026-08-28,carbon_project_zone,112.31394580491504,-3.1859135519302106,341.2200012207031,295.29998779296875,1,VIIRS-SNPP,375,2026-08-29T10:25:13.545734+00:00
2026-08-28,carbon_project_zone,112.31732347747082,-3.1859135519302106,341.2200012207031,295.29998779296875,1,VIIRS-SNPP,375,2026-08-29T10:25:13.545736+00:00
2026-08-28,carbon_project_zone,112.32070115002661,-3.1859135519302106,334.8800048828125,303.4800109863281,1,VIIRS-NOAA20,375,2026-08-29T10:25:53.413999+00:00
2026-08-28,carbon_project_zone,112.32407882258238,-3.1859135519302106,334.8800048828125,303.4800109863281,1,VIIRS-NOAA20,375,2026-08-29T10:25:53.414001+00:00
2026-08-28,carbon_project_zone,112.43891968947894,-3.1859135519302106,340.30999755859375,299.4599914550781,1,VIIRS-SNPP,375,2026-08-29T10:25:13.545738+00:00
2026-08-28,carbon_project_zone,112.44229736203474,-3.1859135519302106,342.1400146484375,299.9100036621094,1,VIIRS-SNPP,375,2026-08-29T10:25:13.545740+00:00
2026-08-28,carbon_project_zone,112.44567503459051,-3.1859135519302106,342.1400146484375,299.9100036621094,1,VIIRS-SNPP,375,2026-08-29T10:25:13.545742+00:00
2026-08-28,carbon_project_zone,112.44905270714628,-3.1859135519302106,342.1400146484375,299.9100036621094,1,VIIRS-SNPP,375,2026-08-29T10:25:13.545744+00:00
2026-08-28,carbon_project_zone,112.45243037970207,-3.1859135519302106,342.1400146484375,299.9100036621094,1,VIIRS-SNPP,375,2026-08-29T10:25:13.545746+00:00
2026-08-28,carbon_project_zone,112.45580805225785,-3.1859135519302106,352.3500061035156,311.7099914550781,1,VIIRS-NOAA20,375,2026-08-29T10:25:53.414009+00:00
2026-08-28,carbon_project_zone,112.45918572481362,-3.1859135519302106,343.54998779296875,300.42999267578125,1,VIIRS-SNPP,375,2026-08-29T10:25:13.545750+00:00
2026-08-28,carbon_project_zone,112.46256339736941,-3.1859135519302106,343.54998779296875,300.42999267578125,1,VIIRS-SNPP,375,2026-08-29T10:25:13.545752+00:00
2026-08-28,carbon_project_zone,112.4659410699252,-3.1859135519302106,343.54998779296875,300.42999267578125,1,VIIRS-SNPP,375,2026-08-29T10:25:13.545754+00:00
2026-08-28,carbon_project_zone,112.5909149544891,-3.1859135519302106,332.80999755859375,301.7300109863281,1,VIIRS-NOAA20,375,2026-08-29T10:25:53.414017+00:00
2026-08-28,carbon_project_zone,112.59429262704488,-3.1859135519302106,332.80999755859375,301.7300109863281,1,VIIRS-NOAA20,375,2026-08-29T10:25:53.414019+00:00
2026-08-28,carbon_project_zone,112.59767029960067,-3.1859135519302106,332.80999755859375,301.7300109863281,1,VIIRS-NOAA20,375,2026-08-29T10:25:53.414021+00:00
2026-08-28,carbon_project_zone,112.32033335051771,-3.1825410997092365,334.8800048828125,303.4800109863281,1,VIIRS-NOAA20,375,2026-08-29T10:25:53.413976+00:00
2026-08-28,carbon_project_zone,112.32371101201315,-3.1825410997092365,334.8800048828125,303.4800109863281,1,VIIRS-NOAA20,375,2026-08-29T10:25:53.413978+00:00
2026-08-28,carbon_project_zone,112.43855150285779,-3.1825410997092365,340.30999755859375,299.4599914550781,1,VIIRS-SNPP,375,2026-08-29T10:25:13.545714+00:00
2026-08-28,carbon_project_zone,112.44192916435323,-3.1825410997092365,342.1400146484375,299.9100036621094,1,VIIRS-SNPP,375,2026-08-29T10:25:13.545716+00:00
2026-08-28,carbon_project_zone,112.44530682584865,-3.1825410997092365,342.1400146484375,299.9100036621094,1,VIIRS-SNPP,375,2026-08-29T10:25:13.545718+00:00
2026-08-28,carbon_project_zone,112.44868448734408,-3.1825410997092365,342.1400146484375,299.9100036621094,1,VIIRS-SNPP,375,2026-08-29T10:25:13.545720+00:00
2026-08-28,carbon_project_zone,112.45206214883953,-3.1825410997092365,342.1400146484375,299.9100036621094,1,VIIRS-SNPP,375,2026-08-29T10:25:13.545723+00:00
2026-08-28,carbon_project_zone,112.45543981033495,-3.1825410997092365,343.7900085449219,300.2300109863281,1,VIIRS-SNPP,375,2026-08-29T10:25:13.545725+00:00
2026-08-28,carbon_project_zone,112.45881747183039,-3.1825410997092365,343.7900085449219,300.2300109863281,1,VIIRS-SNPP,375,2026-08-29T10:25:13.545726+00:00
2026-08-28,carbon_project_zone,112.4621951333258,-3.1825410997092365,343.7900085449219,300.2300109863281,1,VIIRS-SNPP,375,2026-08-29T10:25:13.545728+00:00
2026-08-28,carbon_project_zone,112.46557279482124,-3.1825410997092365,343.54998779296875,300.42999267578125,1,VIIRS-SNPP,375,2026-08-29T10:25:13.545730+00:00
2026-08-28,carbon_project_zone,112.43818370819395,-3.1791686474882628,340.30999755859375,299.4599914550781,1,VIIRS-SNPP,375,2026-08-29T10:25:13.545696+00:00
2026-08-28,carbon_project_zone,112.44156135864078,-3.1791686474882628,342.1400146484375,299.9100036621094,1,VIIRS-SNPP,375,2026-08-29T10:25:13.545698+00:00
2026-08-28,carbon_project_zone,112.44493900908763,-3.1791686474882628,342.1400146484375,299.9100036621094,1,VIIRS-SNPP,375,2026-08-29T10:25:13.545700+00:00
2026-08-28,carbon_project_zone,112.4483166595345,-3.1791686474882628,342.1400146484375,299.9100036621094,1,VIIRS-SNPP,375,2026-08-29T10:25:13.545702+00:00
2026-08-28,carbon_project_zone,112.45169430998136,-3.1791686474882628,342.1400146484375,299.9100036621094,1,VIIRS-SNPP,375,2026-08-29T10:25:13.545703+00:00
2026-08-28,carbon_project_zone,112.45507196042821,-3.1791686474882628,343.7900085449219,300.2300109863281,1,VIIRS-SNPP,375,2026-08-29T10:25:13.545705+00:00
2026-08-28,carbon_project_zone,112.45844961087505,-3.1791686474882628,343.7900085449219,300.2300109863281,1,VIIRS-SNPP,375,2026-08-29T10:25:13.545707+00:00
2026-08-28,carbon_project_zone,112.46182726132191,-3.1791686474882628,343.7900085449219,300.2300109863281,1,VIIRS-SNPP,375,2026-08-29T10:25:13.545709+00:00
2026-08-28,carbon_project_zone,112.46520491176877,-3.1791686474882628,330.4200134277344,297.04998779296875,1,VIIRS-SNPP,375,2026-08-29T10:25:13.545711+00:00
2026-08-28,carbon_project_zone,112.43781630548096,-3.175796195267288,329.75,298.739990234375,1,VIIRS-SNPP,375,2026-08-29T10:25:13.545679+00:00
2026-08-28,carbon_project_zone,112.441193944891,-3.175796195267288,331.2699890136719,299.5,1,VIIRS-SNPP,375,2026-08-29T10:25:13.545681+00:00
2026-08-28,carbon_project_zone,112.44457158430106,-3.175796195267288,331.2699890136719,299.5,1,VIIRS-SNPP,375,2026-08-29T10:25:13.545683+00:00
2026-08-28,carbon_project_zone,112.4479492237111,-3.175796195267288,331.2699890136719,299.5,1,VIIRS-SNPP,375,2026-08-29T10:25:13.545685+00:00
2026-08-28,carbon_project_zone,112.45470450253121,-3.175796195267288,343.7900085449219,300.2300109863281,1,VIIRS-SNPP,375,2026-08-29T10:25:13.545687+00:00
2026-08-28,carbon_project_zone,112.45808214194128,-3.175796195267288,343.7900085449219,300.2300109863281,1,VIIRS-SNPP,375,2026-08-29T10:25:13.545689+00:00
2026-08-28,carbon_project_zone,112.46145978135132,-3.175796195267288,343.7900085449219,300.2300109863281,1,VIIRS-SNPP,375,2026-08-29T10:25:13.545691+00:00
2026-08-28,carbon_project_zone,112.46483742076137,-3.175796195267288,330.4200134277344,297.04998779296875,1,VIIRS-SNPP,375,2026-08-29T10:25:13.545693+00:00
2026-08-28,carbon_project_zone,112.43744929471247,-3.172423743046314,329.75,298.739990234375,1,VIIRS-SNPP,375,2026-08-29T10:25:13.545671+00:00
2026-08-28,carbon_project_zone,112.4408269230975,-3.172423743046314,339.82000732421875,297.0299987792969,1,VIIRS-SNPP,375,2026-08-29T10:25:13.545673+00:00
2026-08-28,carbon_project_zone,112.44420455148251,-3.172423743046314,339.82000732421875,297.0299987792969,1,VIIRS-SNPP,375,2026-08-29T10:25:13.545675+00:00
2026-08-28,carbon_project_zone,112.44758217986754,-3.172423743046314,339.82000732421875,297.0299987792969,1,VIIRS-SNPP,375,2026-08-29T10:25:13.545677+00:00
2026-08-28,carbon_project_zone,112.43708267588211,-3.16905129082534,329.75,298.739990234375,1,VIIRS-SNPP,375,2026-08-29T10:25:13.545663+00:00
2026-08-28,carbon_project_zone,112.44046029325388,-3.16905129082534,339.82000732421875,297.0299987792969,1,VIIRS-SNPP,375,2026-08-29T10:25:13.545665+00:00
2026-08-28,carbon_project_zone,112.44383791062563,-3.16905129082534,339.82000732421875,297.0299987792969,1,VIIRS-SNPP,375,2026-08-29T10:25:13.545667+00:00
2026-08-28,carbon_project_zone,112.44721552799741,-3.16905129082534,339.82000732421875,297.0299987792969,1,VIIRS-SNPP,375,2026-08-29T10:25:13.545669+00:00
2026-08-28,carbon_project_zone,112.44009405535377,-3.1656788386043657,339.82000732421875,297.0299987792969,1,VIIRS-SNPP,375,2026-08-29T10:25:13.545657+00:00
2026-08-28,carbon_project_zone,112.44347166172406,-3.1656788386043657,339.82000732421875,297.0299987792969,1,VIIRS-SNPP,375,2026-08-29T10:25:13.545659+00:00
2026-08-28,carbon_project_zone,112.44684926809434,-3.1656788386043657,339.82000732421875,297.0299987792969,1,VIIRS-SNPP,375,2026-08-29T10:25:13.545661+00:00
2026-08-28,carbon_project_zone,112.41234208013739,-3.1589339341624174,333.6600036621094,303.239990234375,1,VIIRS-NOAA20,375,2026-08-29T10:25:53.413932+00:00
2026-08-28,carbon_project_zone,112.41571966454006,-3.1589339341624174,333.6600036621094,303.239990234375,1,VIIRS-NOAA20,375,2026-08-29T10:25:53.413934+00:00
2026-08-28,carbon_project_zone,112.4190972489427,-3.1589339341624174,338.9800109863281,301.7099914550781,1,VIIRS-NOAA20,375,2026-08-29T10:25:53.413936+00:00
2026-08-28,carbon_project_zone,112.42247483334536,-3.1589339341624174,338.9800109863281,301.7099914550781,1,VIIRS-NOAA20,375,2026-08-29T10:25:53.413938+00:00
2026-08-28,carbon_project_zone,112.425852417748,-3.1589339341624174,338.9800109863281,301.7099914550781,1,VIIRS-NOAA20,375,2026-08-29T10:25:53.413940+00:00
2026-08-28,carbon_project_zone,112.41197710575894,-3.1555614819414433,348.45001220703125,295.510009765625,1,VIIRS-SNPP,375,2026-08-29T10:25:13.545651+00:00
2026-08-28,carbon_project_zone,112.41535467919543,-3.1555614819414433,348.45001220703125,295.510009765625,1,VIIRS-SNPP,375,2026-08-29T10:25:13.545653+00:00
2026-08-28,carbon_project_zone,112.41873225263193,-3.1555614819414433,348.45001220703125,295.510009765625,1,VIIRS-SNPP,375,2026-08-29T10:25:13.545655+00:00
2026-08-28,carbon_project_zone,112.42210982606842,-3.1555614819414433,350.1499938964844,302.42999267578125,1,VIIRS-NOAA20,375,2026-08-29T10:25:53.413923+00:00
2026-08-28,carbon_project_zone,112.4254873995049,-3.1555614819414433,338.9800109863281,301.7099914550781,1,VIIRS-NOAA20,375,2026-08-29T10:25:53.413926+00:00
2026-08-28,carbon_project_zone,112.42886497294138,-3.1555614819414433,336.2300109863281,298.95001220703125,1,VIIRS-NOAA20,375,2026-08-29T10:25:53.413928+00:00
2026-08-28,carbon_project_zone,112.43224254637789,-3.1555614819414433,336.2300109863281,298.95001220703125,1,VIIRS-NOAA20,375,2026-08-29T10:25:53.413930+00:00
2026-08-28,carbon_project_zone,112.41161252320438,-3.152189029720469,348.45001220703125,295.510009765625,1,VIIRS-SNPP,375,2026-08-29T10:25:13.545645+00:00
2026-08-28,carbon_project_zone,112.41499008568648,-3.152189029720469,348.45001220703125,295.510009765625,1,VIIRS-SNPP,375,2026-08-29T10:25:13.545647+00:00
2026-08-28,carbon_project_zone,112.4183676481686,-3.152189029720469,348.45001220703125,295.510009765625,1,VIIRS-SNPP,375,2026-08-29T10:25:13.545649+00:00
2026-08-28,carbon_project_zone,112.42174521065068,-3.152189029720469,350.1499938964844,302.42999267578125,1,VIIRS-NOAA20,375,2026-08-29T10:25:53.413909+00:00
2026-08-28,carbon_project_zone,112.4251227731328,-3.152189029720469,336.2300109863281,298.95001220703125,1,VIIRS-NOAA20,375,2026-08-29T10:25:53.413911+00:00
2026-08-28,carbon_project_zone,112.4285003356149,-3.152189029720469,336.2300109863281,298.95001220703125,1,VIIRS-NOAA20,375,2026-08-29T10:25:53.413913+00:00
2026-08-28,carbon_project_zone,112.43187789809701,-3.152189029720469,336.2300109863281,298.95001220703125,1,VIIRS-NOAA20,375,2026-08-29T10:25:53.413915+00:00
2026-08-28,carbon_project_zone,112.4112483324674,-3.148816577499495,348.45001220703125,295.510009765625,1,VIIRS-SNPP,375,2026-08-29T10:25:13.545639+00:00
2026-08-28,carbon_project_zone,112.4146258840069,-3.148816577499495,348.45001220703125,295.510009765625,1,VIIRS-SNPP,375,2026-08-29T10:25:13.545641+00:00
2026-08-28,carbon_project_zone,112.41800343554638,-3.148816577499495,348.45001220703125,295.510009765625,1,VIIRS-SNPP,375,2026-08-29T10:25:13.545643+00:00
2026-08-28,carbon_project_zone,112.42138098708585,-3.148816577499495,336.55999755859375,301.70001220703125,1,VIIRS-NOAA20,375,2026-08-29T10:25:53.413894+00:00
2026-08-28,carbon_project_zone,112.42475853862534,-3.148816577499495,336.55999755859375,301.70001220703125,1,VIIRS-NOAA20,375,2026-08-29T10:25:53.413896+00:00
2026-08-28,carbon_project_zone,112.42813609016483,-3.148816577499495,336.55999755859375,301.70001220703125,1,VIIRS-NOAA20,375,2026-08-29T10:25:53.413898+00:00
2026-08-28,carbon_project_zone,112.43151364170433,-3.148816577499495,336.2300109863281,298.95001220703125,1,VIIRS-NOAA20,375,2026-08-29T10:25:53.413900+00:00
2026-08-28,carbon_project_zone,112.42101715536757,-3.145444125278521,342.25,296.55999755859375,1,VIIRS-SNPP,375,2026-08-29T10:25:13.545618+00:00
2026-08-28,carbon_project_zone,112.42439469597622,-3.145444125278521,342.25,296.55999755859375,1,VIIRS-SNPP,375,2026-08-29T10:25:13.545620+00:00
2026-08-28,carbon_project_zone,112.42777223658486,-3.145444125278521,342.25,296.55999755859375,1,VIIRS-SNPP,375,2026-08-29T10:25:13.545636+00:00
2026-08-28,carbon_project_zone,112.41389865611033,-3.1420716730575466,337.3599853515625,296.7699890136719,1,VIIRS-SNPP,375,2026-08-29T10:25:13.545602+00:00
2026-08-28,carbon_project_zone,112.41727618579992,-3.1420716730575466,337.3599853515625,296.7699890136719,1,VIIRS-SNPP,375,2026-08-29T10:25:13.545604+00:00
2026-08-28,carbon_project_zone,112.4206537154895,-3.1420716730575466,342.25,296.55999755859375,1,VIIRS-SNPP,375,2026-08-29T10:25:13.545606+00:00
2026-08-28,carbon_project_zone,112.42403124517907,-3.1420716730575466,342.25,296.55999755859375,1,VIIRS-SNPP,375,2026-08-29T10:25:13.545608+00:00
2026-08-28,carbon_project_zone,112.42740877486864,-3.1420716730575466,342.25,296.55999755859375,1,VIIRS-SNPP,375,2026-08-29T10:25:13.545610+00:00
2026-08-28,carbon_project_zone,112.57264255152045,-3.1420716730575466,328.8599853515625,297.42999267578125,1,VIIRS-SNPP,375,2026-08-29T10:25:13.545612+00:00
2026-08-28,carbon_project_zone,112.57602008121002,-3.1420716730575466,328.8599853515625,297.42999267578125,1,VIIRS-SNPP,375,2026-08-29T10:25:13.545614+00:00
2026-08-28,carbon_project_zone,112.57939761089959,-3.1420716730575466,328.8599853515625,297.42999267578125,1,VIIRS-SNPP,375,2026-08-29T10:25:13.545616+00:00
2026-08-28,carbon_project_zone,112.41353562988077,-3.138699220836572,348.8599853515625,296.010009765625,1,VIIRS-SNPP,375,2026-08-29T10:25:13.545586+00:00
2026-08-28,carbon_project_zone,112.41691314866304,-3.138699220836572,348.8599853515625,296.010009765625,1,VIIRS-SNPP,375,2026-08-29T10:25:13.545588+00:00
2026-08-28,carbon_project_zone,112.42029066744533,-3.138699220836572,348.8599853515625,296.010009765625,1,VIIRS-SNPP,375,2026-08-29T10:25:13.545590+00:00
2026-08-28,carbon_project_zone,112.4236681862276,-3.138699220836572,342.25,296.55999755859375,1,VIIRS-SNPP,375,2026-08-29T10:25:13.545592+00:00
2026-08-28,carbon_project_zone,112.42704570500986,-3.138699220836572,342.25,296.55999755859375,1,VIIRS-SNPP,375,2026-08-29T10:25:13.545594+00:00
2026-08-28,carbon_project_zone,112.57227901264787,-3.138699220836572,328.8599853515625,297.42999267578125,1,VIIRS-SNPP,375,2026-08-29T10:25:13.545596+00:00
2026-08-28,carbon_project_zone,112.57565653143014,-3.138699220836572,328.8599853515625,297.42999267578125,1,VIIRS-SNPP,375,2026-08-29T10:25:13.545598+00:00
2026-08-28,carbon_project_zone,112.57903405021243,-3.138699220836572,328.8599853515625,297.42999267578125,1,VIIRS-SNPP,375,2026-08-29T10:25:13.545600+00:00
2026-08-28,carbon_project_zone,112.41317299545526,-3.1353267686155983,348.8599853515625,296.010009765625,1,VIIRS-SNPP,375,2026-08-29T10:25:13.545573+00:00
2026-08-28,carbon_project_zone,112.41655050334201,-3.1353267686155983,348.8599853515625,296.010009765625,1,VIIRS-SNPP,375,2026-08-29T10:25:13.545575+00:00
2026-08-28,carbon_project_zone,112.41992801122876,-3.1353267686155983,348.8599853515625,296.010009765625,1,VIIRS-SNPP,375,2026-08-29T10:25:13.545577+00:00
2026-08-28,carbon_project_zone,112.57191586613264,-3.1353267686155983,328.8599853515625,297.42999267578125,1,VIIRS-SNPP,375,2026-08-29T10:25:13.545580+00:00
2026-08-28,carbon_project_zone,112.5752933740194,-3.1353267686155983,328.8599853515625,297.42999267578125,1,VIIRS-SNPP,375,2026-08-29T10:25:13.545582+00:00
2026-08-28,carbon_project_zone,112.57867088190615,-3.1353267686155983,328.8599853515625,297.42999267578125,1,VIIRS-SNPP,375,2026-08-29T10:25:13.545584+00:00
2026-08-28,carbon_project_zone,112.41281075282747,-3.131954316394624,348.8599853515625,296.010009765625,1,VIIRS-SNPP,375,2026-08-29T10:25:13.545567+00:00
2026-08-28,carbon_project_zone,112.41618824983047,-3.131954316394624,348.8599853515625,296.010009765625,1,VIIRS-SNPP,375,2026-08-29T10:25:13.545569+00:00
2026-08-28,carbon_project_zone,112.41956574683347,-3.131954316394624,348.8599853515625,296.010009765625,1,VIIRS-SNPP,375,2026-08-29T10:25:13.545571+00:00
2026-08-28,carbon_project_zone,112.56371227467409,-3.1218369597317017,335.70001220703125,305.7900085449219,1,VIIRS-NOAA20,375,2026-08-29T10:25:53.413852+00:00
2026-08-28,carbon_project_zone,112.56708973909647,-3.1218369597317017,335.70001220703125,305.7900085449219,1,VIIRS-NOAA20,375,2026-08-29T10:25:53.413855+00:00
2026-08-28,carbon_project_zone,112.57046720351885,-3.1218369597317017,335.70001220703125,305.7900085449219,1,VIIRS-NOAA20,375,2026-08-29T10:25:53.413857+00:00
2026-08-28,carbon_project_zone,112.5738446679412,-3.1218369597317017,334.25,302.4599914550781,1,VIIRS-NOAA20,375,2026-08-29T10:25:53.413859+00:00
2026-08-28,carbon_project_zone,112.5633511115243,-3.1184645075107276,335.70001220703125,305.7900085449219,1,VIIRS-NOAA20,375,2026-08-29T10:25:53.413844+00:00
2026-08-28,carbon_project_zone,112.56672856511,-3.1184645075107276,335.70001220703125,305.7900085449219,1,VIIRS-NOAA20,375,2026-08-29T10:25:53.413846+00:00
2026-08-28,carbon_project_zone,112.5701060186957,-3.1184645075107276,335.70001220703125,305.7900085449219,1,VIIRS-NOAA20,375,2026-08-29T10:25:53.413848+00:00
2026-08-28,carbon_project_zone,112.5734834722814,-3.1184645075107276,334.25,302.4599914550781,1,VIIRS-NOAA20,375,2026-08-29T10:25:53.413850+00:00
2026-08-28,carbon_project_zone,112.55623545514891,-3.115092055289753,334.489990234375,297.6099853515625,1,VIIRS-SNPP,375,2026-08-29T10:25:13.545561+00:00
2026-08-28,carbon_project_zone,112.5596128979097,-3.115092055289753,334.489990234375,297.6099853515625,1,VIIRS-SNPP,375,2026-08-29T10:25:13.545563+00:00
2026-08-28,carbon_project_zone,112.5629903406705,-3.115092055289753,334.489990234375,297.6099853515625,1,VIIRS-SNPP,375,2026-08-29T10:25:13.545565+00:00
2026-08-28,carbon_project_zone,112.5663677834313,-3.115092055289753,352.92999267578125,302.6499938964844,1,VIIRS-NOAA20,375,2026-08-29T10:25:53.413837+00:00
2026-08-28,carbon_project_zone,112.56974522619211,-3.115092055289753,335.70001220703125,305.7900085449219,1,VIIRS-NOAA20,375,2026-08-29T10:25:53.413839+00:00
2026-08-28,carbon_project_zone,112.57312266895289,-3.115092055289753,334.25,302.4599914550781,1,VIIRS-NOAA20,375,2026-08-29T10:25:53.413841+00:00
2026-08-28,carbon_project_zone,112.5558750982111,-3.111719603068779,334.489990234375,297.6099853515625,1,VIIRS-SNPP,375,2026-08-29T10:25:13.545555+00:00
2026-08-28,carbon_project_zone,112.55925253015877,-3.111719603068779,334.489990234375,297.6099853515625,1,VIIRS-SNPP,375,2026-08-29T10:25:13.545557+00:00
2026-08-28,carbon_project_zone,112.56262996210644,-3.111719603068779,334.489990234375,297.6099853515625,1,VIIRS-SNPP,375,2026-08-29T10:25:13.545559+00:00
2026-08-28,carbon_project_zone,112.56600739405413,-3.111719603068779,352.92999267578125,302.6499938964844,1,VIIRS-NOAA20,375,2026-08-29T10:25:53.413828+00:00
2026-08-28,carbon_project_zone,112.5693848260018,-3.111719603068779,346.3299865722656,302.3699951171875,1,VIIRS-NOAA20,375,2026-08-29T10:25:53.413830+00:00
2026-08-28,carbon_project_zone,112.55551513353323,-3.1083471508478047,334.489990234375,297.6099853515625,1,VIIRS-SNPP,375,2026-08-29T10:25:13.545548+00:00
2026-08-28,carbon_project_zone,112.55889255467955,-3.1083471508478047,334.489990234375,297.6099853515625,1,VIIRS-SNPP,375,2026-08-29T10:25:13.545550+00:00
2026-08-28,carbon_project_zone,112.56226997582586,-3.1083471508478047,334.489990234375,297.6099853515625,1,VIIRS-SNPP,375,2026-08-29T10:25:13.545552+00:00
2026-08-28,carbon_project_zone,112.56564739697218,-3.1083471508478047,352.92999267578125,302.6499938964844,1,VIIRS-NOAA20,375,2026-08-29T10:25:53.413819+00:00
2026-08-28,carbon_project_zone,112.56902481811849,-3.1083471508478047,346.3299865722656,302.3699951171875,1,VIIRS-NOAA20,375,2026-08-29T10:25:53.413821+00:00
2026-08-28,carbon_project_zone,112.56191038182249,-3.1049746986268305,337.6499938964844,298.42999267578125,1,VIIRS-SNPP,375,2026-08-29T10:25:13.545542+00:00
2026-08-28,carbon_project_zone,112.56528779217922,-3.1049746986268305,337.6499938964844,298.42999267578125,1,VIIRS-SNPP,375,2026-08-29T10:25:13.545544+00:00
2026-08-28,carbon_project_zone,112.56866520253595,-3.1049746986268305,337.6499938964844,298.42999267578125,1,VIIRS-SNPP,375,2026-08-29T10:25:13.545546+00:00
2026-08-28,carbon_project_zone,112.56155118009009,-3.1016022464058564,337.6499938964844,298.42999267578125,1,VIIRS-SNPP,375,2026-08-29T10:25:13.545535+00:00
2026-08-28,carbon_project_zone,112.564928579669,-3.1016022464058564,337.6499938964844,298.42999267578125,1,VIIRS-SNPP,375,2026-08-29T10:25:13.545537+00:00
2026-08-28,carbon_project_zone,112.56830597924791,-3.1016022464058564,337.6499938964844,298.42999267578125,1,VIIRS-SNPP,375,2026-08-29T10:25:13.545540+00:00
2026-08-28,carbon_project_zone,112.56119237062242,-3.098229794184882,337.6499938964844,298.42999267578125,1,VIIRS-SNPP,375,2026-08-29T10:25:13.545529+00:00
2026-08-28,carbon_project_zone,112.56456975943529,-3.098229794184882,337.6499938964844,298.42999267578125,1,VIIRS-SNPP,375,2026-08-29T10:25:13.545531+00:00
2026-08-28,carbon_project_zone,112.56794714824814,-3.098229794184882,337.6499938964844,298.42999267578125,1,VIIRS-SNPP,375,2026-08-29T10:25:13.545533+00:00
2026-08-28,carbon_project_zone,112.62552658525998,-3.0678777241961144,330.3399963378906,298.95001220703125,1,VIIRS-SNPP,375,2026-08-29T10:25:13.545521+00:00
2026-08-28,carbon_project_zone,112.62890387770803,-3.0678777241961144,330.3399963378906,298.95001220703125,1,VIIRS-SNPP,375,2026-08-29T10:25:13.545523+00:00
2026-08-28,carbon_project_zone,112.63228117015608,-3.0678777241961144,330.3399963378906,298.95001220703125,1,VIIRS-SNPP,375,2026-08-29T10:25:13.545525+00:00
2026-08-28,carbon_project_zone,112.63565846260413,-3.0678777241961144,330.3399963378906,298.95001220703125,1,VIIRS-SNPP,375,2026-08-29T10:25:13.545527+00:00
2026-08-28,carbon_project_zone,112.62517148513041,-3.0645052719751407,330.3399963378906,298.95001220703125,1,VIIRS-SNPP,375,2026-08-29T10:25:13.545511+00:00
2026-08-28,carbon_project_zone,112.62854876693011,-3.0645052719751407,330.3399963378906,298.95001220703125,1,VIIRS-SNPP,375,2026-08-29T10:25:13.545513+00:00
2026-08-28,carbon_project_zone,112.6319260487298,-3.0645052719751407,330.3399963378906,298.95001220703125,1,VIIRS-SNPP,375,2026-08-29T10:25:13.545515+00:00
2026-08-28,carbon_project_zone,112.6353033305295,-3.0645052719751407,330.3399963378906,298.95001220703125,1,VIIRS-SNPP,375,2026-08-29T10:25:13.545517+00:00
2026-08-28,carbon_project_zone,112.6386806123292,-3.0645052719751407,329.0,297.8999938964844,1,VIIRS-SNPP,375,2026-08-29T10:25:13.545519+00:00
2026-08-28,carbon_project_zone,112.62481677743268,-3.0611328197541665,330.3399963378906,298.95001220703125,1,VIIRS-SNPP,375,2026-08-29T10:25:13.545489+00:00
2026-08-28,carbon_project_zone,112.6281940485958,-3.0611328197541665,330.3399963378906,298.95001220703125,1,VIIRS-SNPP,375,2026-08-29T10:25:13.545491+00:00
2026-08-28,carbon_project_zone,112.6315713197589,-3.0611328197541665,330.3399963378906,298.95001220703125,1,VIIRS-SNPP,375,2026-08-29T10:25:13.545493+00:00
2026-08-28,carbon_project_zone,112.634948590922,-3.0611328197541665,330.3399963378906,298.95001220703125,1,VIIRS-SNPP,375,2026-08-29T10:25:13.545495+00:00
2026-08-28,carbon_project_zone,112.63832586208511,-3.0611328197541665,329.2099914550781,298.010009765625,1,VIIRS-SNPP,375,2026-08-29T10:25:13.545497+00:00
2026-08-28,carbon_project_zone,112.64170313324821,-3.0611328197541665,329.2099914550781,298.010009765625,1,VIIRS-SNPP,375,2026-08-29T10:25:13.545499+00:00
2026-08-28,carbon_project_zone,112.69573947185788,-3.0611328197541665,340.2300109863281,298.1400146484375,1,VIIRS-SNPP,375,2026-08-29T10:25:13.545501+00:00
2026-08-28,carbon_project_zone,112.69911674302098,-3.0611328197541665,340.2300109863281,298.1400146484375,1,VIIRS-SNPP,375,2026-08-29T10:25:13.545503+00:00
2026-08-28,carbon_project_zone,112.7024940141841,-3.0611328197541665,346.6300048828125,299.6099853515625,1,VIIRS-SNPP,375,2026-08-29T10:25:13.545505+00:00
2026-08-28,carbon_project_zone,112.7058712853472,-3.0611328197541665,346.6300048828125,299.6099853515625,1,VIIRS-SNPP,375,2026-08-29T10:25:13.545507+00:00
2026-08-28,carbon_project_zone,112.70924855651029,-3.0611328197541665,346.6300048828125,299.6099853515625,1,VIIRS-SNPP,375,2026-08-29T10:25:13.545509+00:00
2026-08-28,carbon_project_zone,112.63121698323722,-3.057760367533192,331.6400146484375,297.9200134277344,1,VIIRS-SNPP,375,2026-08-29T10:25:13.545470+00:00
2026-08-28,carbon_project_zone,112.6345942437755,-3.057760367533192,331.6400146484375,297.9200134277344,1,VIIRS-SNPP,375,2026-08-29T10:25:13.545472+00:00
2026-08-28,carbon_project_zone,112.63797150431378,-3.057760367533192,331.6400146484375,297.9200134277344,1,VIIRS-SNPP,375,2026-08-29T10:25:13.545474+00:00
2026-08-28,carbon_project_zone,112.64134876485205,-3.057760367533192,329.2099914550781,298.010009765625,1,VIIRS-SNPP,375,2026-08-29T10:25:13.545476+00:00
2026-08-28,carbon_project_zone,112.69538493346457,-3.057760367533192,342.04998779296875,299.25,1,VIIRS-SNPP,375,2026-08-29T10:25:13.545478+00:00
2026-08-28,carbon_project_zone,112.69876219400285,-3.057760367533192,342.04998779296875,299.25,1,VIIRS-SNPP,375,2026-08-29T10:25:13.545480+00:00
2026-08-28,carbon_project_zone,112.70213945454113,-3.057760367533192,346.6300048828125,299.6099853515625,1,VIIRS-SNPP,375,2026-08-29T10:25:13.545482+00:00
2026-08-28,carbon_project_zone,112.70551671507941,-3.057760367533192,346.6300048828125,299.6099853515625,1,VIIRS-SNPP,375,2026-08-29T10:25:13.545484+00:00
2026-08-28,carbon_project_zone,112.70889397561768,-3.057760367533192,346.6300048828125,299.6099853515625,1,VIIRS-SNPP,375,2026-08-29T10:25:13.545486+00:00
2026-08-28,carbon_project_zone,112.6308630391586,-3.0543879153122178,331.6400146484375,297.9200134277344,1,VIIRS-SNPP,375,2026-08-29T10:25:13.545452+00:00
2026-08-28,carbon_project_zone,112.63424028908382,-3.0543879153122178,332.0400085449219,298.80999755859375,1,VIIRS-SNPP,375,2026-08-29T10:25:13.545454+00:00
2026-08-28,carbon_project_zone,112.63761753900904,-3.0543879153122178,332.0400085449219,298.80999755859375,1,VIIRS-SNPP,375,2026-08-29T10:25:13.545456+00:00
2026-08-28,carbon_project_zone,112.64099478893426,-3.0543879153122178,332.0400085449219,298.80999755859375,1,VIIRS-SNPP,375,2026-08-29T10:25:13.545458+00:00
2026-08-28,carbon_project_zone,112.69503078773786,-3.0543879153122178,342.04998779296875,299.25,1,VIIRS-SNPP,375,2026-08-29T10:25:13.545460+00:00
2026-08-28,carbon_project_zone,112.69840803766311,-3.0543879153122178,342.04998779296875,299.25,1,VIIRS-SNPP,375,2026-08-29T10:25:13.545462+00:00
2026-08-28,carbon_project_zone,112.70178528758834,-3.0543879153122178,346.6300048828125,299.6099853515625,1,VIIRS-SNPP,375,2026-08-29T10:25:13.545464+00:00
2026-08-28,carbon_project_zone,112.70516253751356,-3.0543879153122178,346.6300048828125,299.6099853515625,1,VIIRS-SNPP,375,2026-08-29T10:25:13.545466+00:00
2026-08-28,carbon_project_zone,112.70853978743878,-3.0543879153122178,346.6300048828125,299.6099853515625,1,VIIRS-SNPP,375,2026-08-29T10:25:13.545468+00:00
2026-08-28,carbon_project_zone,112.63050948751687,-3.0510154630912436,331.6400146484375,297.9200134277344,1,VIIRS-SNPP,375,2026-08-29T10:25:13.545437+00:00
2026-08-28,carbon_project_zone,112.63388672684081,-3.0510154630912436,332.0400085449219,298.80999755859375,1,VIIRS-SNPP,375,2026-08-29T10:25:13.545439+00:00
2026-08-28,carbon_project_zone,112.63726396616475,-3.0510154630912436,332.0400085449219,298.80999755859375,1,VIIRS-SNPP,375,2026-08-29T10:25:13.545442+00:00
2026-08-28,carbon_project_zone,112.64064120548869,-3.0510154630912436,332.0400085449219,298.80999755859375,1,VIIRS-SNPP,375,2026-08-29T10:25:13.545444+00:00
2026-08-28,carbon_project_zone,112.69467703467168,-3.0510154630912436,342.04998779296875,299.25,1,VIIRS-SNPP,375,2026-08-29T10:25:13.545446+00:00
2026-08-28,carbon_project_zone,112.69805427399562,-3.0510154630912436,342.04998779296875,299.25,1,VIIRS-SNPP,375,2026-08-29T10:25:13.545448+00:00
2026-08-28,carbon_project_zone,112.70143151331956,-3.0510154630912436,342.04998779296875,299.25,1,VIIRS-SNPP,375,2026-08-29T10:25:13.545450+00:00
2026-08-28,carbon_project_zone,112.7048087526435,-3.0510154630912436,335.80999755859375,304.69000244140625,1,VIIRS-NOAA20,375,2026-08-29T10:25:53.413679+00:00
2026-08-28,carbon_project_zone,112.63015632830592,-3.04764301087027,335.1300048828125,303.739990234375,1,VIIRS-NOAA20,375,2026-08-29T10:25:53.413652+00:00
2026-08-28,carbon_project_zone,112.63353355704032,-3.04764301087027,332.0400085449219,298.80999755859375,1,VIIRS-SNPP,375,2026-08-29T10:25:13.545431+00:00
2026-08-28,carbon_project_zone,112.63691078577473,-3.04764301087027,332.0400085449219,298.80999755859375,1,VIIRS-SNPP,375,2026-08-29T10:25:13.545433+00:00
2026-08-28,carbon_project_zone,112.64028801450914,-3.04764301087027,332.0400085449219,298.80999755859375,1,VIIRS-SNPP,375,2026-08-29T10:25:13.545435+00:00
2026-08-28,carbon_project_zone,112.62980356151957,-3.0442705586492953,347.6600036621094,303.760009765625,1,VIIRS-NOAA20,375,2026-08-29T10:25:53.413643+00:00
2026-08-28,carbon_project_zone,112.63318077967622,-3.0442705586492953,347.6600036621094,303.760009765625,1,VIIRS-NOAA20,375,2026-08-29T10:25:53.413646+00:00
2026-08-28,carbon_project_zone,112.63655799783288,-3.0442705586492953,347.6600036621094,303.760009765625,1,VIIRS-NOAA20,375,2026-08-29T10:25:53.413648+00:00
2026-08-28,carbon_project_zone,112.6294511871517,-3.040898106428321,330.8900146484375,297.3599853515625,1,VIIRS-SNPP,375,2026-08-29T10:25:13.545419+00:00
2026-08-28,carbon_project_zone,112.63282839474236,-3.040898106428321,339.30999755859375,298.0899963378906,1,VIIRS-SNPP,375,2026-08-29T10:25:13.545421+00:00
2026-08-28,carbon_project_zone,112.63620560233304,-3.040898106428321,339.30999755859375,298.0899963378906,1,VIIRS-SNPP,375,2026-08-29T10:25:13.545423+00:00
2026-08-28,carbon_project_zone,112.6395828099237,-3.040898106428321,353.7200012207031,299.2099914550781,1,VIIRS-SNPP,375,2026-08-29T10:25:13.545425+00:00
2026-08-28,carbon_project_zone,112.64296001751438,-3.040898106428321,353.7200012207031,299.2099914550781,1,VIIRS-SNPP,375,2026-08-29T10:25:13.545427+00:00
2026-08-28,carbon_project_zone,112.64633722510507,-3.040898106428321,353.7200012207031,299.2099914550781,1,VIIRS-SNPP,375,2026-08-29T10:25:13.545429+00:00
2026-08-28,carbon_project_zone,112.62234481112328,-3.037525654207347,339.489990234375,298.1700134277344,1,VIIRS-SNPP,375,2026-08-29T10:25:13.545400+00:00
2026-08-28,carbon_project_zone,112.62572200815974,-3.037525654207347,349.739990234375,299.739990234375,1,VIIRS-SNPP,375,2026-08-29T10:25:13.545403+00:00
2026-08-28,carbon_project_zone,112.6290992051962,-3.037525654207347,349.739990234375,299.739990234375,1,VIIRS-SNPP,375,2026-08-29T10:25:13.545405+00:00
2026-08-28,carbon_project_zone,112.63247640223264,-3.037525654207347,349.739990234375,299.739990234375,1,VIIRS-SNPP,375,2026-08-29T10:25:13.545407+00:00
2026-08-28,carbon_project_zone,112.63585359926908,-3.037525654207347,339.30999755859375,298.0899963378906,1,VIIRS-SNPP,375,2026-08-29T10:25:13.545409+00:00
2026-08-28,carbon_project_zone,112.63923079630554,-3.037525654207347,353.7200012207031,299.2099914550781,1,VIIRS-SNPP,375,2026-08-29T10:25:13.545412+00:00
2026-08-28,carbon_project_zone,112.642607993342,-3.037525654207347,353.7200012207031,299.2099914550781,1,VIIRS-SNPP,375,2026-08-29T10:25:13.545414+00:00
2026-08-28,carbon_project_zone,112.64598519037845,-3.037525654207347,353.7200012207031,299.2099914550781,1,VIIRS-SNPP,375,2026-08-29T10:25:13.545416+00:00
2026-08-28,carbon_project_zone,112.62199324265893,-3.034153201986373,339.489990234375,298.1700134277344,1,VIIRS-SNPP,375,2026-08-29T10:25:13.545382+00:00
2026-08-28,carbon_project_zone,112.62537042915294,-3.034153201986373,349.739990234375,299.739990234375,1,VIIRS-SNPP,375,2026-08-29T10:25:13.545384+00:00
2026-08-28,carbon_project_zone,112.62874761564694,-3.034153201986373,349.739990234375,299.739990234375,1,VIIRS-SNPP,375,2026-08-29T10:25:13.545386+00:00
2026-08-28,carbon_project_zone,112.63212480214094,-3.034153201986373,349.739990234375,299.739990234375,1,VIIRS-SNPP,375,2026-08-29T10:25:13.545389+00:00
2026-08-28,carbon_project_zone,112.63550198863493,-3.034153201986373,339.30999755859375,298.0899963378906,1,VIIRS-SNPP,375,2026-08-29T10:25:13.545391+00:00
2026-08-28,carbon_project_zone,112.63887917512892,-3.034153201986373,353.7200012207031,299.2099914550781,1,VIIRS-SNPP,375,2026-08-29T10:25:13.545393+00:00
2026-08-28,carbon_project_zone,112.64225636162293,-3.034153201986373,353.7200012207031,299.2099914550781,1,VIIRS-SNPP,375,2026-08-29T10:25:13.545395+00:00
2026-08-28,carbon_project_zone,112.64563354811692,-3.034153201986373,353.7200012207031,299.2099914550781,1,VIIRS-SNPP,375,2026-08-29T10:25:13.545398+00:00
2026-08-28,carbon_project_zone,112.6216420665712,-3.0307807497653987,339.489990234375,298.1700134277344,1,VIIRS-SNPP,375,2026-08-29T10:25:13.545362+00:00
2026-08-28,carbon_project_zone,112.6250192425345,-3.0307807497653987,349.739990234375,299.739990234375,1,VIIRS-SNPP,375,2026-08-29T10:25:13.545364+00:00
2026-08-28,carbon_project_zone,112.62839641849781,-3.0307807497653987,349.739990234375,299.739990234375,1,VIIRS-SNPP,375,2026-08-29T10:25:13.545366+00:00
2026-08-28,carbon_project_zone,112.63177359446112,-3.0307807497653987,349.739990234375,299.739990234375,1,VIIRS-SNPP,375,2026-08-29T10:25:13.545368+00:00
2026-08-28,carbon_project_zone,112.63515077042443,-3.0307807497653987,338.30999755859375,297.2799987792969,1,VIIRS-SNPP,375,2026-08-29T10:25:13.545370+00:00
2026-08-28,carbon_project_zone,112.67229970602084,-3.0307807497653987,341.1600036621094,297.69000244140625,1,VIIRS-SNPP,375,2026-08-29T10:25:13.545380+00:00
2026-08-28,carbon_project_zone,112.67194876451974,-3.0274082975444245,341.6400146484375,297.3599853515625,1,VIIRS-SNPP,375,2026-08-29T10:25:13.545360+00:00
2026-08-28,carbon_project_zone,112.66146675074786,-3.0240358453234504,340.8299865722656,299.2200012207031,1,VIIRS-SNPP,375,2026-08-29T10:25:13.545345+00:00
2026-08-28,carbon_project_zone,112.66484390568509,-3.0240358453234504,341.6400146484375,297.3599853515625,1,VIIRS-SNPP,375,2026-08-29T10:25:13.545347+00:00
2026-08-28,carbon_project_zone,112.66822106062232,-3.0240358453234504,341.6400146484375,297.3599853515625,1,VIIRS-SNPP,375,2026-08-29T10:25:13.545349+00:00
2026-08-28,carbon_project_zone,112.67159821555953,-3.0240358453234504,341.6400146484375,297.3599853515625,1,VIIRS-SNPP,375,2026-08-29T10:25:13.545352+00:00
2026-08-28,carbon_project_zone,112.62734518139023,-3.0206633931024762,338.0299987792969,299.2099914550781,1,VIIRS-SNPP,375,2026-08-29T10:25:13.545331+00:00
2026-08-28,carbon_project_zone,112.63072232583207,-3.0206633931024762,338.0299987792969,299.2099914550781,1,VIIRS-SNPP,375,2026-08-29T10:25:13.545333+00:00
2026-08-28,carbon_project_zone,112.63409947027391,-3.0206633931024762,338.0299987792969,299.2099914550781,1,VIIRS-SNPP,375,2026-08-29T10:25:13.545335+00:00
2026-08-28,carbon_project_zone,112.66111662580862,-3.0206633931024762,340.8299865722656,299.2200012207031,1,VIIRS-SNPP,375,2026-08-29T10:25:13.545337+00:00
2026-08-28,carbon_project_zone,112.66449377025046,-3.0206633931024762,341.6400146484375,297.3599853515625,1,VIIRS-SNPP,375,2026-08-29T10:25:13.545339+00:00
2026-08-28,carbon_project_zone,112.6678709146923,-3.0206633931024762,341.6400146484375,297.3599853515625,1,VIIRS-SNPP,375,2026-08-29T10:25:13.545341+00:00
2026-08-28,carbon_project_zone,112.67124805913413,-3.0206633931024762,341.6400146484375,297.3599853515625,1,VIIRS-SNPP,375,2026-08-29T10:25:13.545343+00:00
2026-08-28,carbon_project_zone,112.62361841982245,-3.017290940881502,338.19000244140625,297.5199890136719,1,VIIRS-SNPP,375,2026-08-29T10:25:13.545311+00:00
2026-08-28,carbon_project_zone,112.62699555378067,-3.017290940881502,340.4800109863281,300.79998779296875,1,VIIRS-SNPP,375,2026-08-29T10:25:13.545313+00:00
2026-08-28,carbon_project_zone,112.63037268773887,-3.017290940881502,340.4800109863281,300.79998779296875,1,VIIRS-SNPP,375,2026-08-29T10:25:13.545315+00:00
2026-08-28,carbon_project_zone,112.63374982169708,-3.017290940881502,340.4800109863281,300.79998779296875,1,VIIRS-SNPP,375,2026-08-29T10:25:13.545317+00:00
2026-08-28,carbon_project_zone,112.65738975940458,-3.017290940881502,340.8999938964844,298.07000732421875,1,VIIRS-SNPP,375,2026-08-29T10:25:13.545321+00:00
2026-08-28,carbon_project_zone,112.66076689336279,-3.017290940881502,355.95001220703125,300.8699951171875,1,VIIRS-SNPP,375,2026-08-29T10:25:13.545323+00:00
2026-08-28,carbon_project_zone,112.664144027321,-3.017290940881502,355.95001220703125,300.8699951171875,1,VIIRS-SNPP,375,2026-08-29T10:25:13.545325+00:00
2026-08-28,carbon_project_zone,112.66752116127923,-3.017290940881502,355.95001220703125,300.8699951171875,1,VIIRS-SNPP,375,2026-08-29T10:25:13.545327+00:00
2026-08-28,carbon_project_zone,112.67089829523742,-3.017290940881502,339.92999267578125,298.79998779296875,1,VIIRS-SNPP,375,2026-08-29T10:25:13.545329+00:00
2026-08-28,carbon_project_zone,112.62326919505443,-3.013918488660528,338.19000244140625,297.5199890136719,1,VIIRS-SNPP,375,2026-08-29T10:25:13.545289+00:00
2026-08-28,carbon_project_zone,112.62664631854078,-3.013918488660528,340.4800109863281,300.79998779296875,1,VIIRS-SNPP,375,2026-08-29T10:25:13.545291+00:00
2026-08-28,carbon_project_zone,112.63002344202714,-3.013918488660528,349.5199890136719,304.6199951171875,1,VIIRS-SNPP,375,2026-08-29T10:25:13.545294+00:00
2026-08-28,carbon_project_zone,112.63340056551347,-3.013918488660528,349.5199890136719,304.6199951171875,1,VIIRS-SNPP,375,2026-08-29T10:25:13.545296+00:00
2026-08-28,carbon_project_zone,112.63677768899983,-3.013918488660528,349.5199890136719,304.6199951171875,1,VIIRS-SNPP,375,2026-08-29T10:25:13.545298+00:00
2026-08-28,carbon_project_zone,112.65704042991794,-3.013918488660528,340.8999938964844,298.07000732421875,1,VIIRS-SNPP,375,2026-08-29T10:25:13.545300+00:00
2026-08-28,carbon_project_zone,112.66041755340432,-3.013918488660528,355.95001220703125,300.8699951171875,1,VIIRS-SNPP,375,2026-08-29T10:25:13.545302+00:00
2026-08-28,carbon_project_zone,112.66379467689065,-3.013918488660528,355.95001220703125,300.8699951171875,1,VIIRS-SNPP,375,2026-08-29T10:25:13.545304+00:00
2026-08-28,carbon_project_zone,112.667171800377,-3.013918488660528,355.95001220703125,300.8699951171875,1,VIIRS-SNPP,375,2026-08-29T10:25:13.545307+00:00
2026-08-28,carbon_project_zone,112.67054892386335,-3.013918488660528,339.92999267578125,298.79998779296875,1,VIIRS-SNPP,375,2026-08-29T10:25:13.545309+00:00
2026-08-28,carbon_project_zone,112.62292036263825,-3.0105460364395533,338.19000244140625,297.5199890136719,1,VIIRS-SNPP,375,2026-08-29T10:25:13.545265+00:00
2026-08-28,carbon_project_zone,112.63642881474327,-3.0105460364395533,349.5199890136719,304.6199951171875,1,VIIRS-SNPP,375,2026-08-29T10:25:13.545274+00:00
2026-08-28,carbon_project_zone,112.63980592776954,-3.0105460364395533,343.80999755859375,302.7099914550781,1,VIIRS-SNPP,375,2026-08-29T10:25:13.545276+00:00
2026-08-28,carbon_project_zone,112.6566914929008,-3.0105460364395533,340.8999938964844,298.07000732421875,1,VIIRS-SNPP,375,2026-08-29T10:25:13.545278+00:00
2026-08-28,carbon_project_zone,112.66006860592708,-3.0105460364395533,355.95001220703125,300.8699951171875,1,VIIRS-SNPP,375,2026-08-29T10:25:13.545281+00:00
2026-08-28,carbon_project_zone,112.66344571895334,-3.0105460364395533,355.95001220703125,300.8699951171875,1,VIIRS-SNPP,375,2026-08-29T10:25:13.545283+00:00
2026-08-28,carbon_project_zone,112.66682283197959,-3.0105460364395533,355.95001220703125,300.8699951171875,1,VIIRS-SNPP,375,2026-08-29T10:25:13.545285+00:00
2026-08-28,carbon_project_zone,112.67019994500585,-3.0105460364395533,339.239990234375,296.45001220703125,1,VIIRS-SNPP,375,2026-08-29T10:25:13.545287+00:00
2026-08-28,carbon_project_zone,112.61919481998991,-3.0071735842185796,331.2099914550781,302.8299865722656,1,VIIRS-SNPP,375,2026-08-29T10:25:13.545249+00:00
2026-08-28,carbon_project_zone,112.62257192256786,-3.0071735842185796,335.20001220703125,299.7900085449219,1,VIIRS-SNPP,375,2026-08-29T10:25:13.545251+00:00
2026-08-28,carbon_project_zone,112.63608033287954,-3.0071735842185796,349.5199890136719,304.6199951171875,1,VIIRS-SNPP,375,2026-08-29T10:25:13.545260+00:00
2026-08-28,carbon_project_zone,112.63945743545749,-3.0071735842185796,343.80999755859375,302.7099914550781,1,VIIRS-SNPP,375,2026-08-29T10:25:13.545263+00:00
2026-08-28,carbon_project_zone,112.61884678269581,-3.0038011319976055,347.9599914550781,307.69000244140625,1,VIIRS-SNPP,375,2026-08-29T10:25:13.545233+00:00
2026-08-28,carbon_project_zone,112.62222387483719,-3.0038011319976055,347.9599914550781,307.69000244140625,1,VIIRS-SNPP,375,2026-08-29T10:25:13.545235+00:00
2026-08-28,carbon_project_zone,112.63235515126125,-3.0038011319976055,353.1600036621094,301.55999755859375,1,VIIRS-SNPP,375,2026-08-29T10:25:13.545242+00:00
2026-08-28,carbon_project_zone,112.63573224340261,-3.0038011319976055,343.80999755859375,302.7099914550781,1,VIIRS-SNPP,375,2026-08-29T10:25:13.545244+00:00
2026-08-28,carbon_project_zone,112.63910933554399,-3.0038011319976055,343.80999755859375,302.7099914550781,1,VIIRS-SNPP,375,2026-08-29T10:25:13.545246+00:00
2026-08-28,carbon_project_zone,112.61849913772363,-3.0004286797766313,347.9599914550781,307.69000244140625,1,VIIRS-SNPP,375,2026-08-29T10:25:13.545222+00:00
2026-08-28,carbon_project_zone,112.62187621944018,-3.0004286797766313,347.9599914550781,307.69000244140625,1,VIIRS-SNPP,375,2026-08-29T10:25:13.545224+00:00
2026-08-28,carbon_project_zone,112.62525330115675,-3.0004286797766313,353.1600036621094,301.55999755859375,1,VIIRS-SNPP,375,2026-08-29T10:25:13.545226+00:00
2026-08-28,carbon_project_zone,112.62863038287331,-3.0004286797766313,353.1600036621094,301.55999755859375,1,VIIRS-SNPP,375,2026-08-29T10:25:13.545228+00:00
2026-08-28,carbon_project_zone,112.63200746458986,-3.0004286797766313,353.1600036621094,301.55999755859375,1,VIIRS-SNPP,375,2026-08-29T10:25:13.545231+00:00
2026-08-28,carbon_project_zone,112.6181518850673,-2.9970562275556567,347.9599914550781,307.69000244140625,1,VIIRS-SNPP,375,2026-08-29T10:25:13.545194+00:00
2026-08-28,carbon_project_zone,112.62152895637084,-2.9970562275556567,347.9599914550781,307.69000244140625,1,VIIRS-SNPP,375,2026-08-29T10:25:13.545210+00:00
2026-08-28,carbon_project_zone,112.62490602767436,-2.9970562275556567,347.9599914550781,307.69000244140625,1,VIIRS-SNPP,375,2026-08-29T10:25:13.545214+00:00
2026-08-28,carbon_project_zone,112.62828309897787,-2.9970562275556567,334.9700012207031,298.70001220703125,1,VIIRS-SNPP,375,2026-08-29T10:25:13.545216+00:00
2026-08-28,carbon_project_zone,112.63166017028139,-2.9970562275556567,334.9700012207031,298.70001220703125,1,VIIRS-SNPP,375,2026-08-29T10:25:13.545219+00:00
2026-08-28,carbon_project_zone,112.57848055624389,-3.2567350485706683,337.760009765625,309.45001220703125,0,VIIRS-NOAA20,375,2026-08-29T10:25:53.414099+00:00
2026-08-28,carbon_project_zone,112.58185846378727,-3.2567350485706683,337.760009765625,309.45001220703125,0,VIIRS-NOAA20,375,2026-08-29T10:25:53.414101+00:00
2026-08-28,carbon_project_zone,112.57359760830137,-3.2432452396867717,329.2799987792969,299.3599853515625,0,VIIRS-SNPP,375,2026-08-29T10:25:13.545800+00:00
2026-08-28,carbon_project_zone,112.57322232952072,-3.2398727874657975,329.2799987792969,299.3599853515625,0,VIIRS-SNPP,375,2026-08-29T10:25:13.545791+00:00
2026-08-28,carbon_project_zone,112.57284744325466,-3.2365003352448234,329.2799987792969,299.3599853515625,0,VIIRS-SNPP,375,2026-08-29T10:25:13.545783+00:00
2026-08-28,carbon_project_zone,112.31357802752684,-3.1825410997092365,335.7099914550781,306.8599853515625,0,VIIRS-NOAA20,375,2026-08-29T10:25:53.413972+00:00
2026-08-28,carbon_project_zone,112.3169556890223,-3.1825410997092365,335.7099914550781,306.8599853515625,0,VIIRS-NOAA20,375,2026-08-29T10:25:53.413974+00:00
2026-08-28,carbon_project_zone,112.34369730167761,-3.148816577499495,335.489990234375,306.29998779296875,0,VIIRS-NOAA20,375,2026-08-29T10:25:53.413886+00:00
2026-08-28,carbon_project_zone,112.47072030219088,-3.1049746986268305,331.30999755859375,303.760009765625,0,VIIRS-NOAA20,375,2026-08-29T10:25:53.413795+00:00
2026-08-28,carbon_project_zone,112.4740977125476,-3.1049746986268305,331.30999755859375,303.760009765625,0,VIIRS-NOAA20,375,2026-08-29T10:25:53.413797+00:00
2026-08-28,carbon_project_zone,112.47747512290434,-3.1049746986268305,331.30999755859375,303.760009765625,0,VIIRS-NOAA20,375,2026-08-29T10:25:53.413799+00:00
2026-08-28,carbon_project_zone,112.5754200232494,-3.1049746986268305,331.42999267578125,305.4100036621094,0,VIIRS-NOAA20,375,2026-08-29T10:25:53.413808+00:00
2026-08-28,carbon_project_zone,112.57879743360613,-3.1049746986268305,331.42999267578125,305.4100036621094,0,VIIRS-NOAA20,375,2026-08-29T10:25:53.413810+00:00
2026-08-28,carbon_project_zone,112.58217484396286,-3.1049746986268305,331.42999267578125,305.4100036621094,0,VIIRS-NOAA20,375,2026-08-29T10:25:53.413812+00:00
2026-08-28,carbon_project_zone,112.47036139145953,-3.1016022464058564,331.30999755859375,303.760009765625,0,VIIRS-NOAA20,375,2026-08-29T10:25:53.413778+00:00
2026-08-28,carbon_project_zone,112.47373879103844,-3.1016022464058564,331.30999755859375,303.760009765625,0,VIIRS-NOAA20,375,2026-08-29T10:25:53.413780+00:00
2026-08-28,carbon_project_zone,112.47711619061734,-3.1016022464058564,331.30999755859375,303.760009765625,0,VIIRS-NOAA20,375,2026-08-29T10:25:53.413782+00:00
2026-08-28,carbon_project_zone,112.57506077840574,-3.1016022464058564,331.42999267578125,305.4100036621094,0,VIIRS-NOAA20,375,2026-08-29T10:25:53.413788+00:00
2026-08-28,carbon_project_zone,112.57843817798464,-3.1016022464058564,331.42999267578125,305.4100036621094,0,VIIRS-NOAA20,375,2026-08-29T10:25:53.413790+00:00
2026-08-28,carbon_project_zone,112.58181557756356,-3.1016022464058564,331.42999267578125,305.4100036621094,0,VIIRS-NOAA20,375,2026-08-29T10:25:53.413792+00:00
2026-08-28,carbon_project_zone,112.47000287267512,-3.098229794184882,331.30999755859375,303.760009765625,0,VIIRS-NOAA20,375,2026-08-29T10:25:53.413767+00:00
2026-08-28,carbon_project_zone,112.47338026148799,-3.098229794184882,331.30999755859375,303.760009765625,0,VIIRS-NOAA20,375,2026-08-29T10:25:53.413769+00:00
2026-08-28,carbon_project_zone,112.47675765030084,-3.098229794184882,331.30999755859375,303.760009765625,0,VIIRS-NOAA20,375,2026-08-29T10:25:53.413771+00:00
2026-08-28,carbon_project_zone,112.62446246216065,-3.057760367533192,334.9700012207031,305.8599853515625,0,VIIRS-NOAA20,375,2026-08-29T10:25:53.413701+00:00
2026-08-28,carbon_project_zone,112.62783972269895,-3.057760367533192,334.9700012207031,305.8599853515625,0,VIIRS-NOAA20,375,2026-08-29T10:25:53.413703+00:00
2026-08-28,carbon_project_zone,112.62748578923338,-3.0543879153122178,332.5799865722656,302.70001220703125,0,VIIRS-NOAA20,375,2026-08-29T10:25:53.413681+00:00
2026-08-28,carbon_project_zone,112.62713224819294,-3.0510154630912436,332.5799865722656,302.70001220703125,0,VIIRS-NOAA20,375,2026-08-29T10:25:53.413661+00:00
2026-08-28,carbon_project_zone,112.63993521598954,-3.0442705586492953,332.3399963378906,302.92999267578125,0,VIIRS-NOAA20,375,2026-08-29T10:25:53.413650+00:00
2026-08-28,carbon_project_zone,112.6371269556553,-3.017290940881502,332.5199890136719,302.7300109863281,0,VIIRS-SNPP,375,2026-08-29T10:25:13.545319+00:00
2026-08-28,project_area,112.66857159907536,-3.0274082975444245,367.0,304.5899963378906,2,VIIRS-NOAA20,375,2026-08-29T10:25:54.116770+00:00
2026-08-28,project_area,112.43708267588211,-3.16905129082534,329.75,298.739990234375,1,VIIRS-SNPP,375,2026-08-29T10:25:14.065985+00:00
2026-08-28,project_area,112.41234208013739,-3.1589339341624174,333.6600036621094,303.239990234375,1,VIIRS-NOAA20,375,2026-08-29T10:25:54.117030+00:00
2026-08-28,project_area,112.41571966454006,-3.1589339341624174,333.6600036621094,303.239990234375,1,VIIRS-NOAA20,375,2026-08-29T10:25:54.117032+00:00
2026-08-28,project_area,112.4190972489427,-3.1589339341624174,338.9800109863281,301.7099914550781,1,VIIRS-NOAA20,375,2026-08-29T10:25:54.117035+00:00
2026-08-28,project_area,112.42247483334536,-3.1589339341624174,338.9800109863281,301.7099914550781,1,VIIRS-NOAA20,375,2026-08-29T10:25:54.117037+00:00
2026-08-28,project_area,112.425852417748,-3.1589339341624174,338.9800109863281,301.7099914550781,1,VIIRS-NOAA20,375,2026-08-29T10:25:54.117039+00:00
2026-08-28,project_area,112.41197710575894,-3.1555614819414433,348.45001220703125,295.510009765625,1,VIIRS-SNPP,375,2026-08-29T10:25:14.065978+00:00
2026-08-28,project_area,112.41535467919543,-3.1555614819414433,348.45001220703125,295.510009765625,1,VIIRS-SNPP,375,2026-08-29T10:25:14.065980+00:00
2026-08-28,project_area,112.41873225263193,-3.1555614819414433,348.45001220703125,295.510009765625,1,VIIRS-SNPP,375,2026-08-29T10:25:14.065983+00:00
2026-08-28,project_area,112.42210982606842,-3.1555614819414433,350.1499938964844,302.42999267578125,1,VIIRS-NOAA20,375,2026-08-29T10:25:54.117020+00:00
2026-08-28,project_area,112.4254873995049,-3.1555614819414433,338.9800109863281,301.7099914550781,1,VIIRS-NOAA20,375,2026-08-29T10:25:54.117023+00:00
2026-08-28,project_area,112.42886497294138,-3.1555614819414433,336.2300109863281,298.95001220703125,1,VIIRS-NOAA20,375,2026-08-29T10:25:54.117026+00:00
2026-08-28,project_area,112.43224254637789,-3.1555614819414433,336.2300109863281,298.95001220703125,1,VIIRS-NOAA20,375,2026-08-29T10:25:54.117028+00:00
2026-08-28,project_area,112.41161252320438,-3.152189029720469,348.45001220703125,295.510009765625,1,VIIRS-SNPP,375,2026-08-29T10:25:14.065971+00:00
2026-08-28,project_area,112.41499008568648,-3.152189029720469,348.45001220703125,295.510009765625,1,VIIRS-SNPP,375,2026-08-29T10:25:14.065973+00:00
2026-08-28,project_area,112.4183676481686,-3.152189029720469,348.45001220703125,295.510009765625,1,VIIRS-SNPP,375,2026-08-29T10:25:14.065976+00:00
2026-08-28,project_area,112.42174521065068,-3.152189029720469,350.1499938964844,302.42999267578125,1,VIIRS-NOAA20,375,2026-08-29T10:25:54.117003+00:00
2026-08-28,project_area,112.4251227731328,-3.152189029720469,336.2300109863281,298.95001220703125,1,VIIRS-NOAA20,375,2026-08-29T10:25:54.117005+00:00
2026-08-28,project_area,112.4285003356149,-3.152189029720469,336.2300109863281,298.95001220703125,1,VIIRS-NOAA20,375,2026-08-29T10:25:54.117008+00:00
2026-08-28,project_area,112.43187789809701,-3.152189029720469,336.2300109863281,298.95001220703125,1,VIIRS-NOAA20,375,2026-08-29T10:25:54.117010+00:00
2026-08-28,project_area,112.4112483324674,-3.148816577499495,348.45001220703125,295.510009765625,1,VIIRS-SNPP,375,2026-08-29T10:25:14.065963+00:00
2026-08-28,project_area,112.4146258840069,-3.148816577499495,348.45001220703125,295.510009765625,1,VIIRS-SNPP,375,2026-08-29T10:25:14.065966+00:00
2026-08-28,project_area,112.41800343554638,-3.148816577499495,348.45001220703125,295.510009765625,1,VIIRS-SNPP,375,2026-08-29T10:25:14.065969+00:00
2026-08-28,project_area,112.42138098708585,-3.148816577499495,336.55999755859375,301.70001220703125,1,VIIRS-NOAA20,375,2026-08-29T10:25:54.116983+00:00
2026-08-28,project_area,112.42475853862534,-3.148816577499495,336.55999755859375,301.70001220703125,1,VIIRS-NOAA20,375,2026-08-29T10:25:54.116986+00:00
2026-08-28,project_area,112.42813609016483,-3.148816577499495,336.55999755859375,301.70001220703125,1,VIIRS-NOAA20,375,2026-08-29T10:25:54.116988+00:00
2026-08-28,project_area,112.43151364170433,-3.148816577499495,336.2300109863281,298.95001220703125,1,VIIRS-NOAA20,375,2026-08-29T10:25:54.116990+00:00
2026-08-28,project_area,112.42101715536757,-3.145444125278521,342.25,296.55999755859375,1,VIIRS-SNPP,375,2026-08-29T10:25:14.065957+00:00
2026-08-28,project_area,112.42439469597622,-3.145444125278521,342.25,296.55999755859375,1,VIIRS-SNPP,375,2026-08-29T10:25:14.065959+00:00
2026-08-28,project_area,112.42777223658486,-3.145444125278521,342.25,296.55999755859375,1,VIIRS-SNPP,375,2026-08-29T10:25:14.065961+00:00
2026-08-28,project_area,112.41389865611033,-3.1420716730575466,337.3599853515625,296.7699890136719,1,VIIRS-SNPP,375,2026-08-29T10:25:14.065939+00:00
2026-08-28,project_area,112.41727618579992,-3.1420716730575466,337.3599853515625,296.7699890136719,1,VIIRS-SNPP,375,2026-08-29T10:25:14.065941+00:00
2026-08-28,project_area,112.4206537154895,-3.1420716730575466,342.25,296.55999755859375,1,VIIRS-SNPP,375,2026-08-29T10:25:14.065944+00:00
2026-08-28,project_area,112.42403124517907,-3.1420716730575466,342.25,296.55999755859375,1,VIIRS-SNPP,375,2026-08-29T10:25:14.065946+00:00
2026-08-28,project_area,112.42740877486864,-3.1420716730575466,342.25,296.55999755859375,1,VIIRS-SNPP,375,2026-08-29T10:25:14.065948+00:00
2026-08-28,project_area,112.57264255152045,-3.1420716730575466,328.8599853515625,297.42999267578125,1,VIIRS-SNPP,375,2026-08-29T10:25:14.065950+00:00
2026-08-28,project_area,112.57602008121002,-3.1420716730575466,328.8599853515625,297.42999267578125,1,VIIRS-SNPP,375,2026-08-29T10:25:14.065953+00:00
2026-08-28,project_area,112.57939761089959,-3.1420716730575466,328.8599853515625,297.42999267578125,1,VIIRS-SNPP,375,2026-08-29T10:25:14.065955+00:00
2026-08-28,project_area,112.41353562988077,-3.138699220836572,348.8599853515625,296.010009765625,1,VIIRS-SNPP,375,2026-08-29T10:25:14.065921+00:00
2026-08-28,project_area,112.41691314866304,-3.138699220836572,348.8599853515625,296.010009765625,1,VIIRS-SNPP,375,2026-08-29T10:25:14.065924+00:00
2026-08-28,project_area,112.42029066744533,-3.138699220836572,348.8599853515625,296.010009765625,1,VIIRS-SNPP,375,2026-08-29T10:25:14.065926+00:00
2026-08-28,project_area,112.4236681862276,-3.138699220836572,342.25,296.55999755859375,1,VIIRS-SNPP,375,2026-08-29T10:25:14.065928+00:00
2026-08-28,project_area,112.42704570500986,-3.138699220836572,342.25,296.55999755859375,1,VIIRS-SNPP,375,2026-08-29T10:25:14.065930+00:00
2026-08-28,project_area,112.57227901264787,-3.138699220836572,328.8599853515625,297.42999267578125,1,VIIRS-SNPP,375,2026-08-29T10:25:14.065932+00:00
2026-08-28,project_area,112.57565653143014,-3.138699220836572,328.8599853515625,297.42999267578125,1,VIIRS-SNPP,375,2026-08-29T10:25:14.065935+00:00
2026-08-28,project_area,112.57903405021243,-3.138699220836572,328.8599853515625,297.42999267578125,1,VIIRS-SNPP,375,2026-08-29T10:25:14.065937+00:00
2026-08-28,project_area,112.41317299545526,-3.1353267686155983,348.8599853515625,296.010009765625,1,VIIRS-SNPP,375,2026-08-29T10:25:14.065908+00:00
2026-08-28,project_area,112.41655050334201,-3.1353267686155983,348.8599853515625,296.010009765625,1,VIIRS-SNPP,375,2026-08-29T10:25:14.065910+00:00
2026-08-28,project_area,112.41992801122876,-3.1353267686155983,348.8599853515625,296.010009765625,1,VIIRS-SNPP,375,2026-08-29T10:25:14.065912+00:00
2026-08-28,project_area,112.57191586613264,-3.1353267686155983,328.8599853515625,297.42999267578125,1,VIIRS-SNPP,375,2026-08-29T10:25:14.065914+00:00
2026-08-28,project_area,112.5752933740194,-3.1353267686155983,328.8599853515625,297.42999267578125,1,VIIRS-SNPP,375,2026-08-29T10:25:14.065916+00:00
2026-08-28,project_area,112.57867088190615,-3.1353267686155983,328.8599853515625,297.42999267578125,1,VIIRS-SNPP,375,2026-08-29T10:25:14.065919+00:00
2026-08-28,project_area,112.41281075282747,-3.131954316394624,348.8599853515625,296.010009765625,1,VIIRS-SNPP,375,2026-08-29T10:25:14.065901+00:00
2026-08-28,project_area,112.41618824983047,-3.131954316394624,348.8599853515625,296.010009765625,1,VIIRS-SNPP,375,2026-08-29T10:25:14.065903+00:00
2026-08-28,project_area,112.41956574683347,-3.131954316394624,348.8599853515625,296.010009765625,1,VIIRS-SNPP,375,2026-08-29T10:25:14.065905+00:00
2026-08-28,project_area,112.56371227467409,-3.1218369597317017,335.70001220703125,305.7900085449219,1,VIIRS-NOAA20,375,2026-08-29T10:25:54.116941+00:00
2026-08-28,project_area,112.56708973909647,-3.1218369597317017,335.70001220703125,305.7900085449219,1,VIIRS-NOAA20,375,2026-08-29T10:25:54.116943+00:00
2026-08-28,project_area,112.57046720351885,-3.1218369597317017,335.70001220703125,305.7900085449219,1,VIIRS-NOAA20,375,2026-08-29T10:25:54.116945+00:00
2026-08-28,project_area,112.5738446679412,-3.1218369597317017,334.25,302.4599914550781,1,VIIRS-NOAA20,375,2026-08-29T10:25:54.116947+00:00
2026-08-28,project_area,112.5633511115243,-3.1184645075107276,335.70001220703125,305.7900085449219,1,VIIRS-NOAA20,375,2026-08-29T10:25:54.116933+00:00
2026-08-28,project_area,112.56672856511,-3.1184645075107276,335.70001220703125,305.7900085449219,1,VIIRS-NOAA20,375,2026-08-29T10:25:54.116935+00:00
2026-08-28,project_area,112.5701060186957,-3.1184645075107276,335.70001220703125,305.7900085449219,1,VIIRS-NOAA20,375,2026-08-29T10:25:54.116937+00:00
2026-08-28,project_area,112.5734834722814,-3.1184645075107276,334.25,302.4599914550781,1,VIIRS-NOAA20,375,2026-08-29T10:25:54.116939+00:00
2026-08-28,project_area,112.55623545514891,-3.115092055289753,334.489990234375,297.6099853515625,1,VIIRS-SNPP,375,2026-08-29T10:25:14.065894+00:00
2026-08-28,project_area,112.5596128979097,-3.115092055289753,334.489990234375,297.6099853515625,1,VIIRS-SNPP,375,2026-08-29T10:25:14.065897+00:00
2026-08-28,project_area,112.5629903406705,-3.115092055289753,334.489990234375,297.6099853515625,1,VIIRS-SNPP,375,2026-08-29T10:25:14.065899+00:00
2026-08-28,project_area,112.5663677834313,-3.115092055289753,352.92999267578125,302.6499938964844,1,VIIRS-NOAA20,375,2026-08-29T10:25:54.116926+00:00
2026-08-28,project_area,112.56974522619211,-3.115092055289753,335.70001220703125,305.7900085449219,1,VIIRS-NOAA20,375,2026-08-29T10:25:54.116928+00:00
2026-08-28,project_area,112.57312266895289,-3.115092055289753,334.25,302.4599914550781,1,VIIRS-NOAA20,375,2026-08-29T10:25:54.116930+00:00
2026-08-28,project_area,112.5558750982111,-3.111719603068779,334.489990234375,297.6099853515625,1,VIIRS-SNPP,375,2026-08-29T10:25:14.065888+00:00
2026-08-28,project_area,112.55925253015877,-3.111719603068779,334.489990234375,297.6099853515625,1,VIIRS-SNPP,375,2026-08-29T10:25:14.065890+00:00
2026-08-28,project_area,112.56262996210644,-3.111719603068779,334.489990234375,297.6099853515625,1,VIIRS-SNPP,375,2026-08-29T10:25:14.065892+00:00
2026-08-28,project_area,112.56600739405413,-3.111719603068779,352.92999267578125,302.6499938964844,1,VIIRS-NOAA20,375,2026-08-29T10:25:54.116917+00:00
2026-08-28,project_area,112.5693848260018,-3.111719603068779,346.3299865722656,302.3699951171875,1,VIIRS-NOAA20,375,2026-08-29T10:25:54.116920+00:00
2026-08-28,project_area,112.55551513353323,-3.1083471508478047,334.489990234375,297.6099853515625,1,VIIRS-SNPP,375,2026-08-29T10:25:14.065881+00:00
2026-08-28,project_area,112.55889255467955,-3.1083471508478047,334.489990234375,297.6099853515625,1,VIIRS-SNPP,375,2026-08-29T10:25:14.065883+00:00
2026-08-28,project_area,112.56226997582586,-3.1083471508478047,334.489990234375,297.6099853515625,1,VIIRS-SNPP,375,2026-08-29T10:25:14.065885+00:00
2026-08-28,project_area,112.56564739697218,-3.1083471508478047,352.92999267578125,302.6499938964844,1,VIIRS-NOAA20,375,2026-08-29T10:25:54.116909+00:00
2026-08-28,project_area,112.56902481811849,-3.1083471508478047,346.3299865722656,302.3699951171875,1,VIIRS-NOAA20,375,2026-08-29T10:25:54.116911+00:00
2026-08-28,project_area,112.56191038182249,-3.1049746986268305,337.6499938964844,298.42999267578125,1,VIIRS-SNPP,375,2026-08-29T10:25:14.065874+00:00
2026-08-28,project_area,112.56528779217922,-3.1049746986268305,337.6499938964844,298.42999267578125,1,VIIRS-SNPP,375,2026-08-29T10:25:14.065876+00:00
2026-08-28,project_area,112.56866520253595,-3.1049746986268305,337.6499938964844,298.42999267578125,1,VIIRS-SNPP,375,2026-08-29T10:25:14.065879+00:00
2026-08-28,project_area,112.56155118009009,-3.1016022464058564,337.6499938964844,298.42999267578125,1,VIIRS-SNPP,375,2026-08-29T10:25:14.065868+00:00
2026-08-28,project_area,112.564928579669,-3.1016022464058564,337.6499938964844,298.42999267578125,1,VIIRS-SNPP,375,2026-08-29T10:25:14.065870+00:00
2026-08-28,project_area,112.56830597924791,-3.1016022464058564,337.6499938964844,298.42999267578125,1,VIIRS-SNPP,375,2026-08-29T10:25:14.065872+00:00
2026-08-28,project_area,112.56119237062242,-3.098229794184882,337.6499938964844,298.42999267578125,1,VIIRS-SNPP,375,2026-08-29T10:25:14.065863+00:00
2026-08-28,project_area,112.56456975943529,-3.098229794184882,337.6499938964844,298.42999267578125,1,VIIRS-SNPP,375,2026-08-29T10:25:14.065866+00:00
2026-08-28,project_area,112.62552658525998,-3.0678777241961144,330.3399963378906,298.95001220703125,1,VIIRS-SNPP,375,2026-08-29T10:25:14.065854+00:00
2026-08-28,project_area,112.62890387770803,-3.0678777241961144,330.3399963378906,298.95001220703125,1,VIIRS-SNPP,375,2026-08-29T10:25:14.065856+00:00
2026-08-28,project_area,112.63228117015608,-3.0678777241961144,330.3399963378906,298.95001220703125,1,VIIRS-SNPP,375,2026-08-29T10:25:14.065859+00:00
2026-08-28,project_area,112.63565846260413,-3.0678777241961144,330.3399963378906,298.95001220703125,1,VIIRS-SNPP,375,2026-08-29T10:25:14.065861+00:00
2026-08-28,project_area,112.62517148513041,-3.0645052719751407,330.3399963378906,298.95001220703125,1,VIIRS-SNPP,375,2026-08-29T10:25:14.065844+00:00
2026-08-28,project_area,112.62854876693011,-3.0645052719751407,330.3399963378906,298.95001220703125,1,VIIRS-SNPP,375,2026-08-29T10:25:14.065846+00:00
2026-08-28,project_area,112.6319260487298,-3.0645052719751407,330.3399963378906,298.95001220703125,1,VIIRS-SNPP,375,2026-08-29T10:25:14.065848+00:00
2026-08-28,project_area,112.6353033305295,-3.0645052719751407,330.3399963378906,298.95001220703125,1,VIIRS-SNPP,375,2026-08-29T10:25:14.065850+00:00
2026-08-28,project_area,112.6386806123292,-3.0645052719751407,329.0,297.8999938964844,1,VIIRS-SNPP,375,2026-08-29T10:25:14.065852+00:00
2026-08-28,project_area,112.62481677743268,-3.0611328197541665,330.3399963378906,298.95001220703125,1,VIIRS-SNPP,375,2026-08-29T10:25:14.065831+00:00
2026-08-28,project_area,112.6281940485958,-3.0611328197541665,330.3399963378906,298.95001220703125,1,VIIRS-SNPP,375,2026-08-29T10:25:14.065833+00:00
2026-08-28,project_area,112.6315713197589,-3.0611328197541665,330.3399963378906,298.95001220703125,1,VIIRS-SNPP,375,2026-08-29T10:25:14.065835+00:00
2026-08-28,project_area,112.634948590922,-3.0611328197541665,330.3399963378906,298.95001220703125,1,VIIRS-SNPP,375,2026-08-29T10:25:14.065837+00:00
2026-08-28,project_area,112.63832586208511,-3.0611328197541665,329.2099914550781,298.010009765625,1,VIIRS-SNPP,375,2026-08-29T10:25:14.065840+00:00
2026-08-28,project_area,112.64170313324821,-3.0611328197541665,329.2099914550781,298.010009765625,1,VIIRS-SNPP,375,2026-08-29T10:25:14.065842+00:00
2026-08-28,project_area,112.63121698323722,-3.057760367533192,331.6400146484375,297.9200134277344,1,VIIRS-SNPP,375,2026-08-29T10:25:14.065823+00:00
2026-08-28,project_area,112.6345942437755,-3.057760367533192,331.6400146484375,297.9200134277344,1,VIIRS-SNPP,375,2026-08-29T10:25:14.065825+00:00
2026-08-28,project_area,112.63797150431378,-3.057760367533192,331.6400146484375,297.9200134277344,1,VIIRS-SNPP,375,2026-08-29T10:25:14.065827+00:00
2026-08-28,project_area,112.64134876485205,-3.057760367533192,329.2099914550781,298.010009765625,1,VIIRS-SNPP,375,2026-08-29T10:25:14.065829+00:00
2026-08-28,project_area,112.6308630391586,-3.0543879153122178,331.6400146484375,297.9200134277344,1,VIIRS-SNPP,375,2026-08-29T10:25:14.065815+00:00
2026-08-28,project_area,112.63424028908382,-3.0543879153122178,332.0400085449219,298.80999755859375,1,VIIRS-SNPP,375,2026-08-29T10:25:14.065817+00:00
2026-08-28,project_area,112.63761753900904,-3.0543879153122178,332.0400085449219,298.80999755859375,1,VIIRS-SNPP,375,2026-08-29T10:25:14.065819+00:00
2026-08-28,project_area,112.64099478893426,-3.0543879153122178,332.0400085449219,298.80999755859375,1,VIIRS-SNPP,375,2026-08-29T10:25:14.065821+00:00
2026-08-28,project_area,112.63050948751687,-3.0510154630912436,331.6400146484375,297.9200134277344,1,VIIRS-SNPP,375,2026-08-29T10:25:14.065807+00:00
2026-08-28,project_area,112.63388672684081,-3.0510154630912436,332.0400085449219,298.80999755859375,1,VIIRS-SNPP,375,2026-08-29T10:25:14.065809+00:00
2026-08-28,project_area,112.63726396616475,-3.0510154630912436,332.0400085449219,298.80999755859375,1,VIIRS-SNPP,375,2026-08-29T10:25:14.065811+00:00
2026-08-28,project_area,112.64064120548869,-3.0510154630912436,332.0400085449219,298.80999755859375,1,VIIRS-SNPP,375,2026-08-29T10:25:14.065813+00:00
2026-08-28,project_area,112.63015632830592,-3.04764301087027,335.1300048828125,303.739990234375,1,VIIRS-NOAA20,375,2026-08-29T10:25:54.116817+00:00
2026-08-28,project_area,112.63353355704032,-3.04764301087027,332.0400085449219,298.80999755859375,1,VIIRS-SNPP,375,2026-08-29T10:25:14.065800+00:00
2026-08-28,project_area,112.63691078577473,-3.04764301087027,332.0400085449219,298.80999755859375,1,VIIRS-SNPP,375,2026-08-29T10:25:14.065803+00:00
2026-08-28,project_area,112.64028801450914,-3.04764301087027,332.0400085449219,298.80999755859375,1,VIIRS-SNPP,375,2026-08-29T10:25:14.065805+00:00
2026-08-28,project_area,112.62980356151957,-3.0442705586492953,347.6600036621094,303.760009765625,1,VIIRS-NOAA20,375,2026-08-29T10:25:54.116808+00:00
2026-08-28,project_area,112.63318077967622,-3.0442705586492953,347.6600036621094,303.760009765625,1,VIIRS-NOAA20,375,2026-08-29T10:25:54.116811+00:00
2026-08-28,project_area,112.63655799783288,-3.0442705586492953,347.6600036621094,303.760009765625,1,VIIRS-NOAA20,375,2026-08-29T10:25:54.116813+00:00
2026-08-28,project_area,112.6294511871517,-3.040898106428321,330.8900146484375,297.3599853515625,1,VIIRS-SNPP,375,2026-08-29T10:25:14.065788+00:00
2026-08-28,project_area,112.63282839474236,-3.040898106428321,339.30999755859375,298.0899963378906,1,VIIRS-SNPP,375,2026-08-29T10:25:14.065790+00:00
2026-08-28,project_area,112.63620560233304,-3.040898106428321,339.30999755859375,298.0899963378906,1,VIIRS-SNPP,375,2026-08-29T10:25:14.065792+00:00
2026-08-28,project_area,112.6395828099237,-3.040898106428321,353.7200012207031,299.2099914550781,1,VIIRS-SNPP,375,2026-08-29T10:25:14.065794+00:00
2026-08-28,project_area,112.64296001751438,-3.040898106428321,353.7200012207031,299.2099914550781,1,VIIRS-SNPP,375,2026-08-29T10:25:14.065796+00:00
2026-08-28,project_area,112.64633722510507,-3.040898106428321,353.7200012207031,299.2099914550781,1,VIIRS-SNPP,375,2026-08-29T10:25:14.065798+00:00
2026-08-28,project_area,112.62234481112328,-3.037525654207347,339.489990234375,298.1700134277344,1,VIIRS-SNPP,375,2026-08-29T10:25:14.065771+00:00
2026-08-28,project_area,112.62572200815974,-3.037525654207347,349.739990234375,299.739990234375,1,VIIRS-SNPP,375,2026-08-29T10:25:14.065773+00:00
2026-08-28,project_area,112.6290992051962,-3.037525654207347,349.739990234375,299.739990234375,1,VIIRS-SNPP,375,2026-08-29T10:25:14.065775+00:00
2026-08-28,project_area,112.63247640223264,-3.037525654207347,349.739990234375,299.739990234375,1,VIIRS-SNPP,375,2026-08-29T10:25:14.065777+00:00
2026-08-28,project_area,112.63585359926908,-3.037525654207347,339.30999755859375,298.0899963378906,1,VIIRS-SNPP,375,2026-08-29T10:25:14.065779+00:00
2026-08-28,project_area,112.63923079630554,-3.037525654207347,353.7200012207031,299.2099914550781,1,VIIRS-SNPP,375,2026-08-29T10:25:14.065782+00:00
2026-08-28,project_area,112.642607993342,-3.037525654207347,353.7200012207031,299.2099914550781,1,VIIRS-SNPP,375,2026-08-29T10:25:14.065784+00:00
2026-08-28,project_area,112.64598519037845,-3.037525654207347,353.7200012207031,299.2099914550781,1,VIIRS-SNPP,375,2026-08-29T10:25:14.065786+00:00
2026-08-28,project_area,112.62199324265893,-3.034153201986373,339.489990234375,298.1700134277344,1,VIIRS-SNPP,375,2026-08-29T10:25:14.065757+00:00
2026-08-28,project_area,112.62537042915294,-3.034153201986373,349.739990234375,299.739990234375,1,VIIRS-SNPP,375,2026-08-29T10:25:14.065759+00:00
2026-08-28,project_area,112.62874761564694,-3.034153201986373,349.739990234375,299.739990234375,1,VIIRS-SNPP,375,2026-08-29T10:25:14.065762+00:00
2026-08-28,project_area,112.63212480214094,-3.034153201986373,349.739990234375,299.739990234375,1,VIIRS-SNPP,375,2026-08-29T10:25:14.065764+00:00
2026-08-28,project_area,112.63550198863493,-3.034153201986373,339.30999755859375,298.0899963378906,1,VIIRS-SNPP,375,2026-08-29T10:25:14.065766+00:00
2026-08-28,project_area,112.63887917512892,-3.034153201986373,353.7200012207031,299.2099914550781,1,VIIRS-SNPP,375,2026-08-29T10:25:14.065768+00:00
2026-08-28,project_area,112.6216420665712,-3.0307807497653987,339.489990234375,298.1700134277344,1,VIIRS-SNPP,375,2026-08-29T10:25:14.065743+00:00
2026-08-28,project_area,112.6250192425345,-3.0307807497653987,349.739990234375,299.739990234375,1,VIIRS-SNPP,375,2026-08-29T10:25:14.065745+00:00
2026-08-28,project_area,112.62839641849781,-3.0307807497653987,349.739990234375,299.739990234375,1,VIIRS-SNPP,375,2026-08-29T10:25:14.065748+00:00
2026-08-28,project_area,112.63177359446112,-3.0307807497653987,349.739990234375,299.739990234375,1,VIIRS-SNPP,375,2026-08-29T10:25:14.065750+00:00
2026-08-28,project_area,112.63515077042443,-3.0307807497653987,338.30999755859375,297.2799987792969,1,VIIRS-SNPP,375,2026-08-29T10:25:14.065753+00:00
2026-08-28,project_area,112.67229970602084,-3.0307807497653987,341.1600036621094,297.69000244140625,1,VIIRS-SNPP,375,2026-08-29T10:25:14.065755+00:00
2026-08-28,project_area,112.67194876451974,-3.0274082975444245,341.6400146484375,297.3599853515625,1,VIIRS-SNPP,375,2026-08-29T10:25:14.065741+00:00
2026-08-28,project_area,112.66822106062232,-3.0240358453234504,341.6400146484375,297.3599853515625,1,VIIRS-SNPP,375,2026-08-29T10:25:14.065734+00:00
2026-08-28,project_area,112.67159821555953,-3.0240358453234504,341.6400146484375,297.3599853515625,1,VIIRS-SNPP,375,2026-08-29T10:25:14.065736+00:00
2026-08-28,project_area,112.62734518139023,-3.0206633931024762,338.0299987792969,299.2099914550781,1,VIIRS-SNPP,375,2026-08-29T10:25:14.065723+00:00
2026-08-28,project_area,112.63072232583207,-3.0206633931024762,338.0299987792969,299.2099914550781,1,VIIRS-SNPP,375,2026-08-29T10:25:14.065725+00:00
2026-08-28,project_area,112.63409947027391,-3.0206633931024762,338.0299987792969,299.2099914550781,1,VIIRS-SNPP,375,2026-08-29T10:25:14.065727+00:00
2026-08-28,project_area,112.6678709146923,-3.0206633931024762,341.6400146484375,297.3599853515625,1,VIIRS-SNPP,375,2026-08-29T10:25:14.065730+00:00
2026-08-28,project_area,112.67124805913413,-3.0206633931024762,341.6400146484375,297.3599853515625,1,VIIRS-SNPP,375,2026-08-29T10:25:14.065732+00:00
2026-08-28,project_area,112.62361841982245,-3.017290940881502,338.19000244140625,297.5199890136719,1,VIIRS-SNPP,375,2026-08-29T10:25:14.065711+00:00
2026-08-28,project_area,112.62699555378067,-3.017290940881502,340.4800109863281,300.79998779296875,1,VIIRS-SNPP,375,2026-08-29T10:25:14.065713+00:00
2026-08-28,project_area,112.664144027321,-3.017290940881502,355.95001220703125,300.8699951171875,1,VIIRS-SNPP,375,2026-08-29T10:25:14.065716+00:00
2026-08-28,project_area,112.66752116127923,-3.017290940881502,355.95001220703125,300.8699951171875,1,VIIRS-SNPP,375,2026-08-29T10:25:14.065718+00:00
2026-08-28,project_area,112.67089829523742,-3.017290940881502,339.92999267578125,298.79998779296875,1,VIIRS-SNPP,375,2026-08-29T10:25:14.065720+00:00
2026-08-28,project_area,112.66379467689065,-3.013918488660528,355.95001220703125,300.8699951171875,1,VIIRS-SNPP,375,2026-08-29T10:25:14.065704+00:00
2026-08-28,project_area,112.667171800377,-3.013918488660528,355.95001220703125,300.8699951171875,1,VIIRS-SNPP,375,2026-08-29T10:25:14.065706+00:00
2026-08-28,project_area,112.67054892386335,-3.013918488660528,339.92999267578125,298.79998779296875,1,VIIRS-SNPP,375,2026-08-29T10:25:14.065709+00:00
2026-08-28,project_area,112.66344571895334,-3.0105460364395533,355.95001220703125,300.8699951171875,1,VIIRS-SNPP,375,2026-08-29T10:25:14.065681+00:00
2026-08-28,project_area,112.66682283197959,-3.0105460364395533,355.95001220703125,300.8699951171875,1,VIIRS-SNPP,375,2026-08-29T10:25:14.065697+00:00
2026-08-28,project_area,112.67019994500585,-3.0105460364395533,339.239990234375,296.45001220703125,1,VIIRS-SNPP,375,2026-08-29T10:25:14.065701+00:00
2026-08-28,project_area,112.62446246216065,-3.057760367533192,334.9700012207031,305.8599853515625,0,VIIRS-NOAA20,375,2026-08-29T10:25:54.116845+00:00
2026-08-28,project_area,112.62783972269895,-3.057760367533192,334.9700012207031,305.8599853515625,0,VIIRS-NOAA20,375,2026-08-29T10:25:54.116847+00:00
2026-08-28,project_area,112.62748578923338,-3.0543879153122178,332.5799865722656,302.70001220703125,0,VIIRS-NOAA20,375,2026-08-29T10:25:54.116835+00:00
2026-08-28,project_area,112.62713224819294,-3.0510154630912436,332.5799865722656,302.70001220703125,0,VIIRS-NOAA20,375,2026-08-29T10:25:54.116825+00:00
2026-08-28,project_area,112.63993521598954,-3.0442705586492953,332.3399963378906,302.92999267578125,0,VIIRS-NOAA20,375,2026-08-29T10:25:54.116815+00:00
